# Avion alternativo con la imagen original del previo
mtllib avion.mtl
o Avion_Goku_Modelo2
v -2.98823900 -0.80685400 -1.77717200
v -2.59946200 -1.19563100 -3.04056300
v -2.43842500 -0.80685400 -3.04056300
v -2.98823900 -0.80685400 -4.14019200
v -2.43842500 -0.80685400 -4.14019200
v -2.59946200 -1.19563200 -4.14019200
v -2.98823900 -0.80685400 -1.77717200
v -2.43842500 -0.80685400 -3.04056300
v -2.59946200 -0.41807600 -3.04056300
v -2.98823900 -0.80685400 -4.14019200
v -2.59946200 -0.41807700 -4.14019200
v -2.43842500 -0.80685400 -4.14019200
v -2.98823900 -0.80685400 -1.77717200
v -2.59946200 -0.41807600 -3.04056300
v -2.98823900 -0.25704000 -3.04056300
v -2.98823900 -0.80685400 -4.14019200
v -2.98823900 -0.25704000 -4.14019200
v -2.59946200 -0.41807700 -4.14019200
v -2.98823900 -0.80685400 -1.77717200
v -2.98823900 -0.25704000 -3.04056300
v -3.37701700 -0.41807600 -3.04056300
v -2.98823900 -0.80685400 -4.14019200
v -3.37701700 -0.41807700 -4.14019200
v -2.98823900 -0.25704000 -4.14019200
v -2.98823900 -0.80685400 -1.77717200
v -3.37701700 -0.41807600 -3.04056300
v -3.53805400 -0.80685400 -3.04056300
v -2.98823900 -0.80685400 -4.14019200
v -3.53805400 -0.80685400 -4.14019200
v -3.37701700 -0.41807700 -4.14019200
v -2.98823900 -0.80685400 -1.77717200
v -3.53805400 -0.80685400 -3.04056300
v -3.37701700 -1.19563100 -3.04056300
v -2.98823900 -0.80685400 -4.14019200
v -3.37701600 -1.19563200 -4.14019200
v -3.53805400 -0.80685400 -4.14019200
v -2.98823900 -0.80685400 -1.77717200
v -3.37701700 -1.19563100 -3.04056300
v -2.98824000 -1.35666800 -3.04056300
v -2.98823900 -0.80685400 -4.14019200
v -2.98823900 -1.35666800 -4.14019200
v -3.37701600 -1.19563200 -4.14019200
v -2.98824000 -1.35666800 -3.04056300
v -2.59946200 -1.19563100 -3.04056300
v -2.98823900 -0.80685400 -1.77717200
v -2.98823900 -0.80685400 -4.14019200
v -2.59946200 -1.19563200 -4.14019200
v -2.98823900 -1.35666800 -4.14019200
v -2.59946200 -1.19563200 -4.14019200
v -2.43842500 -0.80685400 -3.04056300
v -2.59946200 -1.19563100 -3.04056300
v -2.43842500 -0.80685400 -4.14019200
v -2.59946200 -0.41807600 -3.04056300
v -2.43842500 -0.80685400 -3.04056300
v -2.59946200 -0.41807700 -4.14019200
v -2.98823900 -0.25704000 -3.04056300
v -2.59946200 -0.41807600 -3.04056300
v -2.98823900 -0.25704000 -4.14019200
v -3.37701700 -0.41807600 -3.04056300
v -2.98823900 -0.25704000 -3.04056300
v -3.37701700 -0.41807600 -3.04056300
v -3.53805400 -0.80685400 -4.14019200
v -3.53805400 -0.80685400 -3.04056300
v -3.53805400 -0.80685400 -4.14019200
v -3.37701700 -1.19563100 -3.04056300
v -3.53805400 -0.80685400 -3.04056300
v -3.37701600 -1.19563200 -4.14019200
v -2.98824000 -1.35666800 -3.04056300
v -3.37701700 -1.19563100 -3.04056300
v -2.59946200 -1.19563100 -3.04056300
v -2.98823900 -1.35666800 -4.14019200
v -2.59946200 -1.19563200 -4.14019200
v -2.43842500 -0.80685400 -3.04056300
v -2.56800900 -1.22708400 -2.93117200
v -2.59946200 -1.19563100 -3.04056300
v -2.59946200 -0.41807600 -3.04056300
v -2.39394400 -0.80685400 -2.93117200
v -2.43842500 -0.80685400 -3.04056300
v -2.98823900 -0.25704000 -3.04056300
v -2.56800900 -0.38662300 -2.93117200
v -2.59946200 -0.41807600 -3.04056300
v -3.37701700 -0.41807600 -3.04056300
v -2.98823900 -0.21255800 -2.93117200
v -2.98823900 -0.25704000 -3.04056300
v -3.53805400 -0.80685400 -3.04056300
v -3.40847000 -0.38662400 -2.93117200
v -3.37701700 -0.41807600 -3.04056300
v -3.53805400 -0.80685400 -3.04056300
v -3.40847000 -1.22708400 -2.93117200
v -3.58253500 -0.80685400 -2.93117200
v -2.98824000 -1.35666800 -3.04056300
v -3.40847000 -1.22708400 -2.93117200
v -3.37701700 -1.19563100 -3.04056300
v -2.98824000 -1.35666800 -3.04056300
v -2.56800900 -1.22708400 -2.93117200
v -2.98824000 -1.40114900 -2.93117200
v -2.39394400 -0.80685400 -2.93117200
v -2.56800900 -1.22708400 -4.21579600
v -2.56800900 -1.22708400 -2.93117200
v -2.56800900 -0.38662300 -2.93117200
v -2.39394400 -0.80685400 -4.21579600
v -2.39394400 -0.80685400 -2.93117200
v -3.58253500 -0.80685400 -2.93117200
v -3.40847000 -0.38662400 -4.21579600
v -3.40847000 -0.38662400 -2.93117200
v -3.58253500 -0.80685400 -2.93117200
v -3.40847000 -1.22708400 -4.21579600
v -3.58253500 -0.80685400 -4.21579600
v -3.40847000 -1.22708400 -2.93117200
v -2.98824000 -1.40114900 -4.21579600
v -3.40847000 -1.22708400 -4.21579600
v -2.56800900 -1.22708400 -2.93117200
v -2.98824000 -1.40114900 -4.21579600
v -2.98824000 -1.40114900 -2.93117200
v -2.56800900 -1.22708400 -4.21579600
v -2.98824000 -1.40114900 -4.21579600
v -3.40847000 -1.22708400 -4.21579600
v -2.39394400 -0.80685400 -4.21579600
v -2.56800900 -1.22708400 -4.21579600
v -3.40847000 -1.22708400 -4.21579600
v -2.39394400 -0.80685400 -4.21579600
v -3.40847000 -1.22708400 -4.21579600
v -3.58253500 -0.80685400 -4.21579600
v -2.39394400 -0.80685400 -4.21579600
v -3.58253500 -0.80685400 -4.21579600
v -3.40847000 -0.38662400 -4.21579600
v -2.56800900 -0.38662300 -4.21579600
v -2.39394400 -0.80685400 -4.21579600
v -3.40847000 -0.38662400 -4.21579600
v -2.59946200 -1.19563200 -4.14019200
v -2.25663300 -0.80685400 -4.66076800
v -2.43842500 -0.80685400 -4.14019200
v -2.59946200 -0.41807700 -4.14019200
v -2.25663300 -0.80685400 -4.66076800
v -2.47091500 -0.28953000 -4.66076800
v -2.59946200 -0.41807700 -4.14019200
v -2.98823900 -0.07524700 -4.66076800
v -2.98823900 -0.25704000 -4.14019200
v -2.98823900 -0.25704000 -4.14019200
v -3.50556300 -0.28953000 -4.66076800
v -3.37701700 -0.41807700 -4.14019200
v -3.37701700 -0.41807700 -4.14019200
v -3.71984600 -0.80685400 -4.66076800
v -3.53805400 -0.80685400 -4.14019200
v -3.53805400 -0.80685400 -4.14019200
v -3.50556300 -1.32417800 -4.66076800
v -3.37701600 -1.19563200 -4.14019200
v -3.37701600 -1.19563200 -4.14019200
v -2.98823800 -1.53846000 -4.66076800
v -2.98823900 -1.35666800 -4.14019200
v -2.59946200 -1.19563200 -4.14019200
v -2.98823800 -1.53846000 -4.66076800
v -2.47091600 -1.32417800 -4.66076800
v -2.43842500 -0.80685400 -4.14019200
v -2.81543100 -0.97966200 -4.70673600
v -2.59946200 -1.19563200 -4.14019200
v -2.59946200 -0.41807700 -4.14019200
v -2.74385200 -0.80685400 -4.70673600
v -2.43842500 -0.80685400 -4.14019200
v -2.59946200 -0.41807700 -4.14019200
v -2.98823900 -0.56246600 -4.70673600
v -2.81543100 -0.63404600 -4.70673600
v -3.37701700 -0.41807700 -4.14019200
v -2.98823900 -0.56246600 -4.70673600
v -2.98823900 -0.25704000 -4.14019200
v -3.53805400 -0.80685400 -4.14019200
v -3.16104700 -0.63404600 -4.70673600
v -3.37701700 -0.41807700 -4.14019200
v -3.53805400 -0.80685400 -4.14019200
v -3.16104700 -0.97966200 -4.70673600
v -3.23262700 -0.80685400 -4.70673600
v -2.98823900 -1.35666800 -4.14019200
v -3.16104700 -0.97966200 -4.70673600
v -3.37701600 -1.19563200 -4.14019200
v -2.98823900 -1.35666800 -4.14019200
v -2.81543100 -0.97966200 -4.70673600
v -2.98823900 -1.05124100 -4.70673600
v -3.40847000 -0.38662400 -4.21579600
v -2.56800900 -0.04585200 -4.43261700
v -2.56800900 -0.38662300 -4.21579600
v -3.40847000 -0.38662400 -4.21579600
v -3.40847000 -0.04585200 -3.14799300
v -3.40847000 -0.38662400 -2.93117200
v -2.56800900 -0.38662300 -4.21579600
v -2.56800900 -0.04585200 -3.14799300
v -2.56800900 -0.04585200 -4.43261700
v -2.98823900 -0.21255800 -2.93117200
v -3.40847000 -0.04585200 -3.14799300
v -2.98823900 0.05556600 -3.14799300
v -2.98823900 -0.21255800 -2.93117200
v -2.56800900 -0.04585200 -3.14799300
v -2.56800900 -0.38662300 -2.93117200
v -2.56800900 -0.04585200 -3.14799300
v -2.98823900 0.05556600 -4.43261700
v -2.56800900 -0.04585200 -4.43261700
v -2.98823900 0.05556600 -3.14799300
v -3.40847000 -0.04585200 -4.43261700
v -2.98823900 0.05556600 -4.43261700
v -2.56800900 -0.04585200 -4.43261700
v -3.40847000 -0.04585200 -4.43261700
v -2.98823900 0.05556600 -4.43261700
v 2.99263000 -0.80685400 -1.77717200
v 3.38140700 -1.19563100 -3.04056300
v 3.54244400 -0.80685400 -3.04056300
v 2.99263000 -0.80685400 -4.14019200
v 3.54244400 -0.80685400 -4.14019200
v 3.38140700 -1.19563200 -4.14019200
v 2.99263000 -0.80685400 -1.77717200
v 3.54244400 -0.80685400 -3.04056300
v 3.38140700 -0.41807600 -3.04056300
v 2.99263000 -0.80685400 -4.14019200
v 3.38140700 -0.41807700 -4.14019200
v 3.54244400 -0.80685400 -4.14019200
v 2.99263000 -0.80685400 -1.77717200
v 3.38140700 -0.41807600 -3.04056300
v 2.99263000 -0.25704000 -3.04056300
v 2.99263000 -0.80685400 -4.14019200
v 2.99263000 -0.25704000 -4.14019200
v 3.38140700 -0.41807700 -4.14019200
v 2.99263000 -0.80685400 -1.77717200
v 2.99263000 -0.25704000 -3.04056300
v 2.60385200 -0.41807600 -3.04056300
v 2.99263000 -0.80685400 -4.14019200
v 2.60385200 -0.41807700 -4.14019200
v 2.99263000 -0.25704000 -4.14019200
v 2.99263000 -0.80685400 -1.77717200
v 2.60385200 -0.41807600 -3.04056300
v 2.44281500 -0.80685400 -3.04056300
v 2.99263000 -0.80685400 -4.14019200
v 2.44281500 -0.80685400 -4.14019200
v 2.60385200 -0.41807700 -4.14019200
v 2.99263000 -0.80685400 -1.77717200
v 2.44281500 -0.80685400 -3.04056300
v 2.60385200 -1.19563100 -3.04056300
v 2.99263000 -0.80685400 -4.14019200
v 2.60385300 -1.19563200 -4.14019200
v 2.44281500 -0.80685400 -4.14019200
v 2.99263000 -0.80685400 -1.77717200
v 2.60385200 -1.19563100 -3.04056300
v 2.99262900 -1.35666800 -3.04056300
v 2.99263000 -0.80685400 -4.14019200
v 2.99263000 -1.35666800 -4.14019200
v 2.60385300 -1.19563200 -4.14019200
v 2.99262900 -1.35666800 -3.04056300
v 3.38140700 -1.19563100 -3.04056300
v 2.99263000 -0.80685400 -1.77717200
v 2.99263000 -0.80685400 -4.14019200
v 3.38140700 -1.19563200 -4.14019200
v 2.99263000 -1.35666800 -4.14019200
v 3.38140700 -1.19563200 -4.14019200
v 3.54244400 -0.80685400 -3.04056300
v 3.38140700 -1.19563100 -3.04056300
v 3.54244400 -0.80685400 -3.04056300
v 3.38140700 -0.41807700 -4.14019200
v 3.38140700 -0.41807600 -3.04056300
v 3.38140700 -0.41807700 -4.14019200
v 2.99263000 -0.25704000 -3.04056300
v 3.38140700 -0.41807600 -3.04056300
v 2.99263000 -0.25704000 -4.14019200
v 2.60385200 -0.41807600 -3.04056300
v 2.99263000 -0.25704000 -3.04056300
v 2.60385200 -0.41807700 -4.14019200
v 2.44281500 -0.80685400 -3.04056300
v 2.60385200 -0.41807600 -3.04056300
v 2.44281500 -0.80685400 -4.14019200
v 2.60385200 -1.19563100 -3.04056300
v 2.44281500 -0.80685400 -3.04056300
v 2.60385300 -1.19563200 -4.14019200
v 2.99262900 -1.35666800 -3.04056300
v 2.60385200 -1.19563100 -3.04056300
v 3.38140700 -1.19563100 -3.04056300
v 2.99263000 -1.35666800 -4.14019200
v 3.38140700 -1.19563200 -4.14019200
v 3.38140700 -1.19563100 -3.04056300
v 3.58692500 -0.80685400 -2.93117200
v 3.41286000 -1.22708400 -2.93117200
v 3.38140700 -0.41807600 -3.04056300
v 3.58692500 -0.80685400 -2.93117200
v 3.54244400 -0.80685400 -3.04056300
v 2.99263000 -0.25704000 -3.04056300
v 3.41286000 -0.38662300 -2.93117200
v 3.38140700 -0.41807600 -3.04056300
v 2.99263000 -0.25704000 -3.04056300
v 2.57239900 -0.38662400 -2.93117200
v 2.99263000 -0.21255800 -2.93117200
v 2.44281500 -0.80685400 -3.04056300
v 2.57239900 -0.38662400 -2.93117200
v 2.60385200 -0.41807600 -3.04056300
v 2.60385200 -1.19563100 -3.04056300
v 2.39833400 -0.80685400 -2.93117200
v 2.44281500 -0.80685400 -3.04056300
v 2.99262900 -1.35666800 -3.04056300
v 2.57239900 -1.22708400 -2.93117200
v 2.60385200 -1.19563100 -3.04056300
v 2.99262900 -1.35666800 -3.04056300
v 3.41286000 -1.22708400 -2.93117200
v 2.99262900 -1.40114900 -2.93117200
v 3.58692500 -0.80685400 -2.93117200
v 3.41286000 -1.22708400 -4.21579600
v 3.41286000 -1.22708400 -2.93117200
v 3.41286000 -0.38662300 -2.93117200
v 3.58692500 -0.80685400 -4.21579600
v 3.58692500 -0.80685400 -2.93117200
v 2.39833400 -0.80685400 -2.93117200
v 2.57239900 -0.38662400 -4.21579600
v 2.57239900 -0.38662400 -2.93117200
v 2.57239900 -1.22708400 -2.93117200
v 2.39833400 -0.80685400 -4.21579600
v 2.39833400 -0.80685400 -2.93117200
v 2.57239900 -1.22708400 -2.93117200
v 2.99262900 -1.40114900 -4.21579600
v 2.57239900 -1.22708400 -4.21579600
v 3.41286000 -1.22708400 -2.93117200
v 2.99262900 -1.40114900 -4.21579600
v 2.99262900 -1.40114900 -2.93117200
v 3.41286000 -1.22708400 -4.21579600
v 2.99262900 -1.40114900 -4.21579600
v 2.57239900 -1.22708400 -4.21579600
v 3.58692500 -0.80685400 -4.21579600
v 3.41286000 -1.22708400 -4.21579600
v 2.57239900 -1.22708400 -4.21579600
v 3.58692500 -0.80685400 -4.21579600
v 2.57239900 -1.22708400 -4.21579600
v 2.39833400 -0.80685400 -4.21579600
v 3.58692500 -0.80685400 -4.21579600
v 2.39833400 -0.80685400 -4.21579600
v 2.57239900 -0.38662400 -4.21579600
v 3.41286000 -0.38662300 -4.21579600
v 3.58692500 -0.80685400 -4.21579600
v 2.57239900 -0.38662400 -4.21579600
v 3.38140700 -1.19563200 -4.14019200
v 3.72423600 -0.80685400 -4.66076800
v 3.54244400 -0.80685400 -4.14019200
v 3.38140700 -0.41807700 -4.14019200
v 3.72423600 -0.80685400 -4.66076800
v 3.50995400 -0.28953000 -4.66076800
v 3.38140700 -0.41807700 -4.14019200
v 2.99263000 -0.07524700 -4.66076800
v 2.99263000 -0.25704000 -4.14019200
v 2.99263000 -0.25704000 -4.14019200
v 2.47530500 -0.28953000 -4.66076800
v 2.60385200 -0.41807700 -4.14019200
v 2.60385200 -0.41807700 -4.14019200
v 2.26102300 -0.80685400 -4.66076800
v 2.44281500 -0.80685400 -4.14019200
v 2.60385300 -1.19563200 -4.14019200
v 2.26102300 -0.80685400 -4.66076800
v 2.47530600 -1.32417800 -4.66076800
v 2.60385300 -1.19563200 -4.14019200
v 2.99263000 -1.53846000 -4.66076800
v 2.99263000 -1.35666800 -4.14019200
v 3.38140700 -1.19563200 -4.14019200
v 2.99263000 -1.53846000 -4.66076800
v 3.50995300 -1.32417800 -4.66076800
v 3.54244400 -0.80685400 -4.14019200
v 3.16543800 -0.97966200 -4.70673600
v 3.38140700 -1.19563200 -4.14019200
v 3.54244400 -0.80685400 -4.14019200
v 3.16543800 -0.63404600 -4.70673600
v 3.23701700 -0.80685400 -4.70673600
v 3.38140700 -0.41807700 -4.14019200
v 2.99263000 -0.56246600 -4.70673600
v 3.16543800 -0.63404600 -4.70673600
v 2.99263000 -0.25704000 -4.14019200
v 2.81982100 -0.63404600 -4.70673600
v 2.99263000 -0.56246600 -4.70673600
v 2.44281500 -0.80685400 -4.14019200
v 2.81982100 -0.63404600 -4.70673600
v 2.60385200 -0.41807700 -4.14019200
v 2.44281500 -0.80685400 -4.14019200
v 2.81982200 -0.97966200 -4.70673600
v 2.74824200 -0.80685400 -4.70673600
v 2.99263000 -1.35666800 -4.14019200
v 2.81982200 -0.97966200 -4.70673600
v 2.60385300 -1.19563200 -4.14019200
v 3.38140700 -1.19563200 -4.14019200
v 2.99263000 -1.05124100 -4.70673600
v 2.99263000 -1.35666800 -4.14019200
v 2.57239900 -0.38662400 -4.21579600
v 3.41286000 -0.04585200 -4.43261700
v 3.41286000 -0.38662300 -4.21579600
v 2.57239900 -0.38662400 -4.21579600
v 2.57239900 -0.04585200 -3.14799300
v 2.57239900 -0.38662400 -2.93117200
v 3.41286000 -0.38662300 -4.21579600
v 3.41286000 -0.04585200 -3.14799300
v 3.41286000 -0.04585200 -4.43261700
v 2.99263000 -0.21255800 -2.93117200
v 2.57239900 -0.04585200 -3.14799300
v 2.99263000 0.05556600 -3.14799300
v 2.99263000 -0.21255800 -2.93117200
v 3.41286000 -0.04585200 -3.14799300
v 3.41286000 -0.38662300 -2.93117200
v 2.99263000 0.05556600 -3.14799300
v 3.41286000 -0.04585200 -4.43261700
v 3.41286000 -0.04585200 -3.14799300
v 2.57239900 -0.04585200 -3.14799300
v 2.99263000 0.05556600 -4.43261700
v 2.99263000 0.05556600 -3.14799300
v 3.41286000 -0.04585200 -4.43261700
v 2.57239900 -0.04585200 -4.43261700
v 2.99263000 0.05556600 -4.43261700
v 5.30009400 -0.11981500 -5.27276300
v 4.87396800 0.00000000 -4.89956200
v 5.42873700 0.00000000 -5.58946400
v 4.87396800 0.00000000 -4.89956200
v 5.30009300 0.11981500 -5.27276300
v 5.42873700 0.00000000 -5.58946400
v 5.42873700 0.00000000 -5.58946400
v 5.46518100 0.08875200 -5.11521100
v 5.72621900 0.00000000 -5.64596500
v 5.42873700 0.00000000 -5.58946400
v 5.46518300 -0.08875200 -5.11521100
v 5.30009400 -0.11981500 -5.27276300
v -5.42873700 0.00000000 -5.58946500
v -5.56512500 -0.08875200 -5.11521200
v -5.78243800 0.00000000 -5.64596500
v -5.42873700 0.00000000 -5.58946500
v -5.56512500 0.08875200 -5.11521200
v -5.35631100 0.11981500 -5.27276400
v -5.35631100 0.11981500 -5.27276400
v -4.93018200 0.00000000 -4.89956200
v -5.42873700 0.00000000 -5.58946500
v -4.93018200 0.00000000 -4.89956200
v -5.35631000 -0.11981500 -5.27276400
v -5.42873700 0.00000000 -5.58946500
v 4.91416400 -0.15975300 -4.32266100
v 4.00764900 -0.11981500 -4.41846500
v 4.65848700 -0.11981500 -4.58286100
v 4.91416400 -0.15975300 -4.32266100
v 4.93489300 -0.08875200 -4.93767000
v 5.30009400 -0.11981500 -5.27276300
v 4.91416400 -0.15975300 -4.32266100
v 5.46518300 -0.08875200 -5.11521100
v 5.16983900 -0.11981500 -4.06246100
v 5.16983900 -0.11981500 -4.06246100
v 4.07156800 -0.15975300 -3.41434800
v 4.91416400 -0.15975300 -4.32266100
v 4.91416300 0.15975300 -4.32266100
v 4.93489300 0.08875200 -4.93767000
v 4.65848900 0.11981500 -4.58286100
v 4.02365972 0.12981900 -4.16694511
v 4.07156700 0.15975300 -3.41434700
v 4.32999977 0.15975300 -3.69293615
v 4.02365972 0.12981900 -4.16694511
v 4.32999977 0.15975300 -3.69293615
v 4.30700738 0.15564217 -3.77859698
v 4.02365972 0.12981900 -4.16694511
v 4.30700738 0.15564217 -3.77859698
v 4.13012491 0.13757586 -4.07330910
v 4.91416300 0.15975300 -4.32266100
v 4.40000000 0.13710068 -4.37699979
v 4.40000000 0.15975300 -3.76839602
v 4.18236802 0.12751254 -4.40000000
v 4.00764900 0.11981500 -4.41846500
v 4.00882441 0.12054943 -4.40000000
v 4.40000000 0.13710068 -4.37699979
v 4.18236802 0.12751254 -4.40000000
v 4.00882441 0.12054943 -4.40000000
v 4.40000000 0.13710068 -4.37699979
v 4.00882441 0.12054943 -4.40000000
v 4.01931121 0.12710192 -4.23525789
v 4.40000000 0.13710068 -4.37699979
v 4.01931121 0.12710192 -4.23525789
v 4.40000000 0.14794946 -4.08552391
v 4.01931121 0.12710192 -4.23525789
v 4.02365972 0.12981900 -4.16694511
v 4.40000000 0.15723847 -3.83595427
v 4.01931121 0.12710192 -4.23525789
v 4.40000000 0.15723847 -3.83595427
v 4.40000000 0.14794946 -4.08552391
v 4.34725549 0.15975300 -3.71153773
v 4.40000000 0.15975300 -3.76839602
v 4.40000000 0.15723847 -3.83595427
v 4.34725549 0.15975300 -3.71153773
v 4.40000000 0.15723847 -3.83595427
v 4.13012491 0.13757586 -4.07330910
v 4.32999977 0.15975300 -3.69293615
v 4.34725549 0.15975300 -3.71153773
v 4.30700738 0.15564217 -3.77859698
v 4.07156700 0.15975300 -3.41434700
v 4.35921426 0.14929286 -3.58409416
v 4.32999977 0.15975300 -3.69293615
v 4.40000000 0.14780971 -3.60816275
v 5.16983700 0.11981500 -4.06246100
v 4.91416300 0.15975300 -4.32266100
v 4.40000000 0.14780971 -3.60816275
v 4.91416300 0.15975300 -4.32266100
v 4.40000000 0.15975300 -3.76839602
v 4.40000000 0.14896465 -3.62365765
v 4.40000000 0.15975300 -3.76839602
v 4.34725549 0.15975300 -3.71153773
v 4.35921426 0.14929286 -3.58409416
v 4.40000000 0.14780971 -3.60816275
v 4.40000000 0.14896465 -3.62365765
v 4.35921426 0.14929286 -3.58409416
v 4.40000000 0.14896465 -3.62365765
v 4.34725549 0.15975300 -3.71153773
v 4.35921426 0.14929286 -3.58409416
v 4.34725549 0.15975300 -3.71153773
v 4.32999977 0.15975300 -3.69293615
v 4.91416300 0.15975300 -4.32266100
v 5.46518100 0.08875200 -5.11521100
v 5.30009300 0.11981500 -5.27276300
v 5.25506300 0.00000000 -3.97572800
v 5.46518100 0.08875200 -5.11521100
v 5.16983700 0.11981500 -4.06246100
v 5.25506300 0.00000000 -3.97572800
v 4.40000000 0.09150705 -2.78009976
v 4.40000000 0.00000000 -2.49631841
v 4.40000000 0.09150705 -2.78009976
v 4.27635667 0.10473910 -2.60721021
v 4.15235398 0.02495054 -2.14522371
v 4.40000000 0.09150705 -2.78009976
v 4.15235398 0.02495054 -2.14522371
v 4.15679100 0.00000000 -2.07552400
v 4.40000000 0.09150705 -2.78009976
v 4.15679100 0.00000000 -2.07552400
v 4.40000000 0.00000000 -2.49631841
v 4.27635667 0.10473910 -2.60721021
v 4.13548400 0.11981500 -2.41022900
v 4.15235398 0.02495054 -2.14522371
v 5.25506300 0.00000000 -3.97572800
v 4.13548700 -0.11981500 -2.41023000
v 5.16983900 -0.11981500 -4.06246100
v 5.25506300 0.00000000 -3.97572800
v 5.46518300 -0.08875200 -5.11521100
v 5.72621900 0.00000000 -5.64596500
v 4.87396800 0.00000000 -4.89956200
v 4.65848700 -0.11981500 -4.58286100
v 4.57326300 0.00000000 -4.66959500
v 4.57326300 0.00000000 -4.66959500
v 4.00764900 -0.11981500 -4.41846500
v 3.98634400 0.00000000 -4.75317100
v 4.57326300 0.00000000 -4.66959500
v 4.40000000 0.03670260 -4.59266703
v 4.40000000 0.11981500 -4.51756913
v 4.57326300 0.00000000 -4.66959500
v 4.40000000 0.11981500 -4.51756913
v 4.65848900 0.11981500 -4.58286100
v 4.40000000 0.03670260 -4.59266703
v 4.00764900 0.11981500 -4.41846500
v 4.40000000 0.11981500 -4.51756913
v 4.65848900 0.11981500 -4.58286100
v 4.87396800 0.00000000 -4.89956200
v 4.57326300 0.00000000 -4.66959500
v -4.41115200 -0.15975300 -3.41434800
v -5.39470700 -0.11981500 -4.06246200
v -5.13903000 -0.15975300 -4.32266200
v -5.13903000 -0.15975300 -4.32266200
v -5.56512500 -0.08875200 -5.11521200
v -5.35631000 -0.11981500 -5.27276400
v -5.13903000 -0.15975300 -4.32266200
v -5.03483200 -0.08875200 -4.93767000
v -4.88335300 -0.11981500 -4.58286200
v -5.13903000 -0.15975300 -4.32266200
v -4.34723200 -0.11981500 -4.41846600
v -4.41115200 -0.15975300 -3.41434800
v -5.13903100 0.15975300 -4.32266100
v -4.74945619 0.14010299 -4.36979780
v -4.79976504 0.11981500 -4.55722931
v -5.13903100 0.15975300 -4.32266100
v -4.79976504 0.11981500 -4.55722931
v -4.88335400 0.11981500 -4.58286100
v -4.74945619 0.14010299 -4.36979780
v -4.40000000 0.12247655 -4.41208043
v -4.40000000 0.11981500 -4.43464546
v -4.74945619 0.14010299 -4.36979780
v -4.40000000 0.11981500 -4.43464546
v -4.79976504 0.11981500 -4.55722931
v -4.40000000 0.12247655 -4.41208043
v -4.34723300 0.11981500 -4.41846500
v -4.40000000 0.11981500 -4.43464546
v -5.13903100 0.15975300 -4.32266100
v -5.03483200 0.08875200 -4.93767000
v -5.35631100 0.11981500 -5.27276400
v -5.49915840 0.10077623 -4.70770130
v -5.39470900 0.11981500 -4.06246200
v -5.21913473 0.14724045 -4.24114084
v -5.13903100 0.15975300 -4.32266100
v -5.56512500 0.08875200 -5.11521200
v -5.49915840 0.10077623 -4.70770130
v -5.13903100 0.15975300 -4.32266100
v -5.49915840 0.10077623 -4.70770130
v -5.21913473 0.14724045 -4.24114084
v -5.39470900 0.11981500 -4.06246200
v -4.92686388 0.13881221 -3.75417478
v -5.21913473 0.14724045 -4.24114084
v -4.92686388 0.13881221 -3.75417478
v -4.51058890 0.15571537 -3.47986977
v -4.53422413 0.15975300 -3.56792559
v -4.92686388 0.13881221 -3.75417478
v -4.53422413 0.15975300 -3.56792559
v -5.13903100 0.15975300 -4.32266100
v -4.92686388 0.13881221 -3.75417478
v -5.13903100 0.15975300 -4.32266100
v -5.21913473 0.14724045 -4.24114084
v -4.51058890 0.15571537 -3.47986977
v -4.41115400 0.15975300 -3.41434700
v -4.53422413 0.15975300 -3.56792559
v -4.50407484 0.11635707 -2.45541121
v -4.47507400 0.11981500 -2.41023000
v -4.49914202 0.11981500 -2.45347101
v -4.94652113 0.06360176 -3.14471044
v -4.50407484 0.11635707 -2.45541121
v -4.49914202 0.11981500 -2.45347101
v -4.94652113 0.06360176 -3.14471044
v -4.49914202 0.11981500 -2.45347101
v -4.82382207 0.11981500 -3.03679675
v -5.47993400 0.00000000 -3.97572900
v -4.94652113 0.06360176 -3.14471044
v -4.82382207 0.11981500 -3.03679675
v -5.47993400 0.00000000 -3.97572900
v -4.82382207 0.11981500 -3.03679675
v -5.39470900 0.11981500 -4.06246200
v -5.47993400 0.00000000 -3.97572900
v -5.53970964 0.06227427 -4.77526561
v -5.66149078 0.00000000 -4.97817084
v -5.53970964 0.06227427 -4.77526561
v -5.56512500 0.08875200 -5.11521200
v -5.78243800 0.00000000 -5.64596500
v -5.53970964 0.06227427 -4.77526561
v -5.78243800 0.00000000 -5.64596500
v -5.66149078 0.00000000 -4.97817084
v -5.47993400 0.00000000 -3.97572900
v -5.56512500 -0.08875200 -5.11521200
v -5.39470700 -0.11981500 -4.06246200
v -5.47993400 0.00000000 -3.97572900
v -4.47507300 -0.11981500 -2.41023000
v -4.49638000 0.00000000 -2.07552400
v -4.79812700 0.00000000 -4.66959500
v -4.34723200 -0.11981500 -4.41846600
v -4.88335300 -0.11981500 -4.58286200
v -4.88335300 -0.11981500 -4.58286200
v -4.93018200 0.00000000 -4.89956200
v -4.79812700 0.00000000 -4.66959500
v -4.93018200 0.00000000 -4.89956200
v -4.88335400 0.11981500 -4.58286100
v -4.82310295 0.03511204 -4.64417742
v -4.93018200 0.00000000 -4.89956200
v -4.82310295 0.03511204 -4.64417742
v -4.85783384 0.00000000 -4.77357140
v -4.82310295 0.03511204 -4.64417742
v -4.79812700 0.00000000 -4.66959500
v -4.85783384 0.00000000 -4.77357140
v -4.79812700 0.00000000 -4.66959500
v -4.40000000 0.10579335 -4.44785412
v -4.40000000 0.00000000 -4.74006061
v -4.40000000 0.10579335 -4.44785412
v -4.34723300 0.11981500 -4.41846500
v -4.32592700 0.00000000 -4.75317100
v -4.40000000 0.10579335 -4.44785412
v -4.32592700 0.00000000 -4.75317100
v -4.40000000 0.00000000 -4.74006061
v 2.57292900 -0.15975300 -3.22301100
v 4.13548700 -0.11981500 -2.41023000
v 2.57292800 -0.11981500 -1.88734500
v 2.57292900 -0.15975300 -3.22301100
v 1.01408100 -0.11981500 -1.91868600
v 1.01408200 -0.15975300 -3.34837500
v 1.01408200 -0.15975300 -3.34837500
v 2.57292900 -0.11981500 -4.55867700
v 2.57292900 -0.15975300 -3.22301100
v 2.57292900 -0.15975300 -3.22301100
v 4.00764900 -0.11981500 -4.41846500
v 4.07156800 -0.15975300 -3.41434800
v 2.57292800 0.15975300 -3.22301100
v 3.86202152 0.12386880 -4.29712367
v 3.60046522 0.12155699 -4.40000000
v 2.57292800 0.15975300 -3.22301100
v 3.60046522 0.12155699 -4.40000000
v 3.29953478 0.12243636 -4.40000000
v 2.57292800 0.15975300 -3.22301100
v 3.29953478 0.12243636 -4.40000000
v 3.01333293 0.12663867 -4.28742999
v 2.57292800 0.15975300 -3.22301100
v 3.01333293 0.12663867 -4.28742999
v 2.76987509 0.13375257 -4.07330910
v 2.57292800 0.15975300 -3.22301100
v 2.76987509 0.13375257 -4.07330910
v 2.59299262 0.14308169 -3.77859698
v 2.57292800 0.15975300 -3.22301100
v 2.59299262 0.14308169 -3.77859698
v 2.57292872 0.14537545 -3.70384658
v 2.79651058 0.11981500 -4.53682695
v 2.57293000 0.11981500 -4.55867700
v 2.57292872 0.14537545 -3.70384658
v 3.03413477 0.11981500 -4.51360445
v 2.79651058 0.11981500 -4.53682695
v 2.59299262 0.14308169 -3.77859698
v 3.24685846 0.11981500 -4.49281542
v 3.03413477 0.11981500 -4.51360445
v 2.76987509 0.13375257 -4.07330910
v 3.47806482 0.11981500 -4.47022012
v 3.24685846 0.11981500 -4.49281542
v 3.01333293 0.12663867 -4.28742999
v 3.98548828 0.12043188 -4.40000000
v 4.00764900 0.11981500 -4.41846500
v 3.47806482 0.11981500 -4.47022012
v 3.98548828 0.12043188 -4.40000000
v 3.47806482 0.11981500 -4.47022012
v 3.29953478 0.12243636 -4.40000000
v 3.86202152 0.12386880 -4.29712367
v 3.98548828 0.12043188 -4.40000000
v 3.60046522 0.12155699 -4.40000000
v 2.50000000 0.15367510 -3.43214211
v 2.50000000 0.15975300 -3.22887594
v 2.57292800 0.15975300 -3.22301100
v 2.50000000 0.15367510 -3.43214211
v 2.57292800 0.15975300 -3.22301100
v 2.57292872 0.14537545 -3.70384658
v 1.39002907 0.15012114 -3.64026389
v 1.01408100 0.15975300 -3.34837500
v 1.79314748 0.15975300 -3.28572171
v 1.83442157 0.13873572 -3.98529354
v 1.39002907 0.15012114 -3.64026389
v 1.79314748 0.15975300 -3.28572171
v 1.83442157 0.13873572 -3.98529354
v 1.79314748 0.15975300 -3.28572171
v 2.27768310 0.15975300 -3.24675488
v 2.18143315 0.12984522 -4.25471593
v 1.83442157 0.13873572 -3.98529354
v 2.27768310 0.15975300 -3.24675488
v 2.18143315 0.12984522 -4.25471593
v 2.27768310 0.15975300 -3.24675488
v 2.45582733 0.15975300 -3.23242835
v 2.50000000 0.12168348 -4.50205360
v 2.18143315 0.12984522 -4.25471593
v 2.45582733 0.15975300 -3.23242835
v 2.50000000 0.12168348 -4.50205360
v 2.45582733 0.15975300 -3.23242835
v 2.50000000 0.15975300 -3.22887594
v 2.57293000 0.11981500 -4.55867700
v 2.50000000 0.12168348 -4.50205360
v 2.50000000 0.15367510 -3.43214211
v 2.57293000 0.11981500 -4.55867700
v 2.50000000 0.15367510 -3.43214211
v 2.57292872 0.14537545 -3.70384658
v 2.57292800 0.15975300 -3.22301100
v 2.50000000 0.15788457 -3.16199037
v 2.50000000 0.15506990 -3.06785789
v 2.57292800 0.15975300 -3.22301100
v 2.50000000 0.15506990 -3.06785789
v 2.57292736 0.14698961 -2.79615848
v 1.23077623 0.12536680 -2.10000000
v 1.01408000 0.11981500 -1.91868500
v 2.57292600 0.11981500 -1.88734400
v 1.23077623 0.12536680 -2.10000000
v 2.57292600 0.11981500 -1.88734400
v 2.57292632 0.12617366 -2.10000000
v 1.89228860 0.14231488 -2.65350348
v 1.23077623 0.12536680 -2.10000000
v 2.57292632 0.12617366 -2.10000000
v 1.89228860 0.14231488 -2.65350348
v 2.57292632 0.12617366 -2.10000000
v 2.57292675 0.13471918 -2.38579226
v 2.20986020 0.15045113 -2.91922335
v 1.89228860 0.14231488 -2.65350348
v 2.57292675 0.13471918 -2.38579226
v 2.20986020 0.15045113 -2.91922335
v 2.57292675 0.13471918 -2.38579226
v 2.57292707 0.14112145 -2.59990646
v 2.38587185 0.15496058 -3.06649657
v 2.20986020 0.15045113 -2.91922335
v 2.57292707 0.14112145 -2.59990646
v 2.38587185 0.15496058 -3.06649657
v 2.57292707 0.14112145 -2.59990646
v 2.57292730 0.14575399 -2.75483478
v 2.47936751 0.15735596 -3.14472666
v 2.38587185 0.15496058 -3.06649657
v 2.57292730 0.14575399 -2.75483478
v 2.47936751 0.15735596 -3.14472666
v 2.57292730 0.14575399 -2.75483478
v 2.57292736 0.14698961 -2.79615848
v 2.50000000 0.15788457 -3.16199037
v 2.47936751 0.15735596 -3.14472666
v 2.50000000 0.15506990 -3.06785789
v 2.57292800 0.15975300 -3.22301100
v 4.12035518 0.12020168 -2.41809844
v 4.13012491 0.12049148 -2.42669090
v 2.57292800 0.15975300 -3.22301100
v 4.13012491 0.12049148 -2.42669090
v 4.13402272 0.12072807 -2.43318523
v 2.57292800 0.15975300 -3.22301100
v 4.13402272 0.12072807 -2.43318523
v 4.07156700 0.15975300 -3.41434700
v 4.12387039 0.12011184 -2.41626996
v 4.13548400 0.11981500 -2.41022900
v 4.13402272 0.12072807 -2.43318523
v 4.12035518 0.12020168 -2.41809844
v 4.12387039 0.12011184 -2.41626996
v 4.13012491 0.12049148 -2.42669090
v 4.15679100 0.00000000 -2.07552400
v 4.13288333 0.00180855 -2.07268351
v 4.13086258 0.00000000 -2.06515498
v 4.13288333 0.00180855 -2.07268351
v 3.90112801 0.01934020 -2.04514852
v 3.84437203 0.00000000 -1.95058474
v 4.13288333 0.00180855 -2.07268351
v 3.84437203 0.00000000 -1.95058474
v 4.13086258 0.00000000 -2.06515498
v 3.90112801 0.01934020 -2.04514852
v 3.66431631 0.03725435 -2.01701277
v 3.37566529 0.00000000 -1.76314454
v 3.90112801 0.01934020 -2.04514852
v 3.37566529 0.00000000 -1.76314454
v 3.84437203 0.00000000 -1.95058474
v 3.66431631 0.03725435 -2.01701277
v 3.27052329 0.06704370 -1.97022597
v 2.57292643 0.06828001 -1.69584450
v 3.66431631 0.03725435 -2.01701277
v 2.57292643 0.06828001 -1.69584450
v 2.57292700 0.00000000 -1.44212200
v 3.66431631 0.03725435 -2.01701277
v 2.57292700 0.00000000 -1.44212200
v 3.37566529 0.00000000 -1.76314454
v 3.27052329 0.06704370 -1.97022597
v 2.57292600 0.11981500 -1.88734400
v 2.57292643 0.06828001 -1.69584450
v 1.92785367 0.00000000 -1.44212200
v 2.57292700 0.00000000 -1.44212200
v 2.57292643 0.06828001 -1.69584450
v 2.57292600 0.11981500 -1.88734400
v 1.01408000 0.00000000 -1.44212200
v 1.92785367 0.00000000 -1.44212200
v 2.57292600 0.11981500 -1.88734400
v 1.92785367 0.00000000 -1.44212200
v 2.57292643 0.06828001 -1.69584450
v 1.01408000 0.00000000 -1.44212200
v 2.57292800 -0.11981500 -1.88734500
v 2.57292700 0.00000000 -1.44212200
v 2.57292800 -0.11981500 -1.88734500
v 4.15679100 0.00000000 -2.07552400
v 2.57292700 0.00000000 -1.44212200
v 3.98634400 0.00000000 -4.75317100
v 2.57292900 -0.11981500 -4.55867700
v 2.57293000 0.00000000 -5.00389900
v 2.57293000 0.00000000 -5.00389900
v 1.01408300 -0.11981500 -4.77806400
v 1.01408300 0.00000000 -5.25462700
v 1.33105019 0.09545249 -4.82398402
v 1.01408300 0.11981500 -4.77806400
v 1.39039748 0.11981500 -4.72510274
v 2.00252410 0.04384214 -4.92126253
v 1.33105019 0.09545249 -4.82398402
v 1.39039748 0.11981500 -4.72510274
v 2.00252410 0.04384214 -4.92126253
v 1.39039748 0.11981500 -4.72510274
v 2.08127386 0.11981500 -4.62787107
v 2.50000000 0.00560549 -4.99333340
v 2.00252410 0.04384214 -4.92126253
v 2.08127386 0.11981500 -4.62787107
v 2.50000000 0.00560549 -4.99333340
v 2.08127386 0.11981500 -4.62787107
v 2.50000000 0.11981500 -4.56894093
v 2.57293000 0.00000000 -5.00389900
v 2.50000000 0.00560549 -4.99333340
v 2.50000000 0.11981500 -4.56894093
v 2.57293000 0.00000000 -5.00389900
v 2.50000000 0.11981500 -4.56894093
v 2.57293000 0.11981500 -4.55867700
v 2.57293000 0.11981500 -4.55867700
v 2.81117499 0.09961899 -4.59146090
v 2.90601859 0.00000000 -4.94481183
v 2.57293000 0.11981500 -4.55867700
v 2.90601859 0.00000000 -4.94481183
v 2.57293000 0.00000000 -5.00389900
v 2.81117499 0.09961899 -4.59146090
v 3.10514172 0.07469945 -4.63191243
v 3.25570903 0.00000000 -4.88277963
v 2.81117499 0.09961899 -4.59146090
v 3.25570903 0.00000000 -4.88277963
v 2.90601859 0.00000000 -4.94481183
v 3.10514172 0.07469945 -4.63191243
v 3.46063329 0.04456446 -4.68083014
v 3.61731706 0.00000000 -4.81863334
v 3.10514172 0.07469945 -4.63191243
v 3.61731706 0.00000000 -4.81863334
v 3.25570903 0.00000000 -4.88277963
v 3.46063329 0.04456446 -4.68083014
v 3.98634400 0.00000000 -4.75317100
v 3.61731706 0.00000000 -4.81863334
v 1.01408200 -0.15975300 -3.34837500
v -0.00913700 -0.11981500 -1.92913300
v -0.00913600 -0.15975300 -3.39016300
v -0.00913700 -0.11981500 -1.92913300
v -1.08628800 -0.15975300 -3.34837500
v -0.00913600 -0.15975300 -3.39016300
v -0.00913600 -0.15975300 -3.39016300
v -1.08628700 -0.11981500 -4.77806400
v -0.00913600 -0.11981500 -4.85119300
v -0.00913600 -0.15975300 -3.39016300
v 1.01408300 -0.11981500 -4.77806400
v 1.01408200 -0.15975300 -3.34837500
v -2.80693200 -0.15975300 -3.22301100
v -1.08628900 -0.11981500 -1.91868600
v -2.80693300 -0.11981500 -1.88734500
v -2.80693200 -0.15975300 -3.22301100
v -4.47507300 -0.11981500 -2.41023000
v -4.41115200 -0.15975300 -3.41434800
v -2.80693200 -0.15975300 -3.22301100
v -4.34723200 -0.11981500 -4.41846600
v -2.80693200 -0.11981500 -4.55867700
v -2.80693200 -0.11981500 -4.55867700
v -1.08628800 -0.15975300 -3.34837500
v -2.80693200 -0.15975300 -3.22301100
v -0.00913800 0.15975300 -3.39016300
v 1.01408300 0.11981500 -4.77806400
v -0.00913600 0.11981500 -4.85119300
v -0.00913800 0.15975300 -3.39016300
v -1.08628700 0.11981500 -4.77806400
v -1.08628900 0.15975300 -3.34837500
v -1.08628900 0.15975300 -3.34837500
v -0.00913900 0.11981500 -1.92913200
v -0.00913800 0.15975300 -3.39016300
v -0.00913900 0.11981500 -1.92913200
v 1.01408100 0.15975300 -3.34837500
v -0.00913800 0.15975300 -3.39016300
v -2.80693268 0.13335353 -4.10590120
v -2.80693400 0.15975300 -3.22301100
v -2.50000000 0.15975300 -3.24537382
v -2.80693268 0.13335353 -4.10590120
v -2.50000000 0.15975300 -3.24537382
v -2.50000000 0.15416841 -3.43214211
v -2.80693268 0.13335353 -4.10590120
v -2.50000000 0.15416841 -3.43214211
v -2.59299262 0.14360640 -3.77859698
v -2.80693268 0.13335353 -4.10590120
v -2.59299262 0.14360640 -3.77859698
v -2.76987509 0.13440881 -4.07330910
v -1.08628900 0.15975300 -3.34837500
v -2.50000000 0.12693923 -4.34278073
v -2.50000000 0.15975300 -3.24537382
v -2.58134659 0.12505108 -4.40000000
v -2.80693200 0.11981500 -4.55867700
v -2.80693224 0.12455963 -4.40000000
v -2.50000000 0.12693923 -4.34278073
v -2.58134659 0.12505108 -4.40000000
v -2.80693224 0.12455963 -4.40000000
v -2.50000000 0.12693923 -4.34278073
v -2.80693224 0.12455963 -4.40000000
v -2.80693253 0.13035305 -4.20624779
v -2.50000000 0.12693923 -4.34278073
v -2.80693253 0.13035305 -4.20624779
v -2.50000000 0.13463151 -4.08552391
v -2.80693253 0.13035305 -4.20624779
v -2.80693268 0.13335353 -4.10590120
v -2.50000000 0.14209394 -3.83595427
v -2.80693253 0.13035305 -4.20624779
v -2.50000000 0.14209394 -3.83595427
v -2.50000000 0.13463151 -4.08552391
v -2.50000000 0.14844186 -3.62365765
v -2.50000000 0.14209394 -3.83595427
v -2.76987509 0.13440881 -4.07330910
v -2.50000000 0.15416841 -3.43214211
v -2.50000000 0.14844186 -3.62365765
v -2.59299262 0.14360640 -3.77859698
v -2.80693400 0.15975300 -3.22301100
v -4.02342489 0.12821093 -4.16715165
v -4.13012491 0.13241768 -4.07330910
v -2.80693400 0.15975300 -3.22301100
v -4.13012491 0.13241768 -4.07330910
v -4.30700738 0.14488408 -3.77859698
v -2.80693400 0.15975300 -3.22301100
v -4.30700738 0.14488408 -3.77859698
v -4.40000000 0.15899803 -3.43214211
v -2.80693400 0.15975300 -3.22301100
v -4.40000000 0.15899803 -3.43214211
v -4.40000000 0.15975300 -3.41301666
v -4.40000000 0.15278395 -3.58956222
v -4.41115400 0.15975300 -3.41434700
v -4.40000000 0.15975300 -3.41301666
v -4.17180436 0.12436364 -4.28231165
v -4.34723300 0.11981500 -4.41846500
v -4.40000000 0.15278395 -3.58956222
v -4.17180436 0.12436364 -4.28231165
v -4.40000000 0.15278395 -3.58956222
v -4.40000000 0.15899803 -3.43214211
v -4.05779271 0.12731982 -4.19382514
v -4.17180436 0.12436364 -4.28231165
v -4.30700738 0.14488408 -3.77859698
v -4.02342489 0.12821093 -4.16715165
v -4.05779271 0.12731982 -4.19382514
v -4.13012491 0.13241768 -4.07330910
v -2.80693400 0.15975300 -3.22301100
v -4.20053099 0.12638801 -2.54399775
v -4.13012491 0.12354029 -2.42669090
v -2.80693400 0.15975300 -3.22301100
v -4.13012491 0.12354029 -2.42669090
v -3.91002463 0.11981500 -2.23311296
v -2.80693400 0.15975300 -3.22301100
v -3.91002463 0.11981500 -2.23311296
v -3.48535970 0.11981500 -2.10000000
v -2.80693400 0.15975300 -3.22301100
v -3.48535970 0.11981500 -2.10000000
v -3.29953478 0.12155667 -2.10000000
v -2.80693400 0.15975300 -3.22301100
v -3.29953478 0.12155667 -2.10000000
v -3.01333293 0.12760512 -2.21257001
v -2.80693400 0.15975300 -3.22301100
v -3.01333293 0.12760512 -2.21257001
v -2.80693462 0.13496749 -2.39409709
v -2.81609321 0.11981500 -1.89021568
v -2.80693500 0.11981500 -1.88734500
v -2.80693497 0.12092107 -1.92433577
v -3.04819511 0.11981500 -1.96296897
v -2.81609321 0.11981500 -1.89021568
v -2.80693497 0.12092107 -1.92433577
v -3.04819511 0.11981500 -1.96296897
v -2.80693497 0.12092107 -1.92433577
v -2.80693464 0.13409579 -2.36494426
v -3.23172271 0.11981500 -2.02049645
v -3.04819511 0.11981500 -1.96296897
v -2.80693464 0.13409579 -2.36494426
v -3.23172271 0.11981500 -2.02049645
v -2.80693464 0.13409579 -2.36494426
v -2.80693462 0.13496749 -2.39409709
v -3.38194763 0.11981500 -2.06758506
v -3.23172271 0.11981500 -2.02049645
v -3.01333293 0.12760512 -2.21257001
v -3.48535970 0.11981500 -2.10000000
v -3.38194763 0.11981500 -2.06758506
v -3.29953478 0.12155667 -2.10000000
v -4.43671838 0.12073330 -2.42891831
v -4.47507400 0.11981500 -2.41023000
v -4.05220442 0.11981500 -2.27767980
v -4.24105437 0.12541781 -2.52425323
v -4.43671838 0.12073330 -2.42891831
v -4.05220442 0.11981500 -2.27767980
v -4.24105437 0.12541781 -2.52425323
v -4.05220442 0.11981500 -2.27767980
v -3.91002463 0.11981500 -2.23311296
v -4.20053099 0.12638801 -2.54399775
v -4.24105437 0.12541781 -2.52425323
v -4.13012491 0.12354029 -2.42669090
v -2.80693400 0.15975300 -3.22301100
v -2.51728868 0.15303002 -3.00344691
v -2.50000000 0.15479414 -3.06785789
v -2.80693400 0.15975300 -3.22301100
v -2.50000000 0.15479414 -3.06785789
v -2.50000000 0.15975300 -3.24537382
v -2.50000000 0.15262873 -2.99034132
v -1.08629000 0.11981500 -1.91868600
v -1.08628900 0.15975300 -3.34837500
v -2.50000000 0.15262873 -2.99034132
v -1.08628900 0.15975300 -3.34837500
v -2.50000000 0.15975300 -3.24537382
v -2.51728868 0.15303002 -3.00344691
v -2.50000000 0.15262873 -2.99034132
v -2.50000000 0.15479414 -3.06785789
v -0.00913800 0.00000000 -1.44212200
v 1.01408000 0.11981500 -1.91868500
v -0.00913900 0.11981500 -1.92913200
v -0.00913800 0.00000000 -1.44212200
v -1.08629000 0.11981500 -1.91868600
v -1.08629000 0.00000000 -1.44212200
v -0.00913800 0.00000000 -1.44212200
v -1.08628900 -0.11981500 -1.91868600
v -0.00913700 -0.11981500 -1.92913300
v -0.00913800 0.00000000 -1.44212200
v 1.01408100 -0.11981500 -1.91868600
v 1.01408000 0.00000000 -1.44212200
v -1.08629000 0.00000000 -1.44212200
v -2.50000000 0.09844196 -1.80792448
v -2.50000000 0.00000000 -1.44212282
v -2.50000000 0.09844196 -1.80792448
v -2.80693500 0.11981500 -1.88734500
v -2.80693500 0.00000000 -1.44212300
v -2.50000000 0.09844196 -1.80792448
v -2.80693500 0.00000000 -1.44212300
v -2.50000000 0.00000000 -1.44212282
v -2.80693500 0.11981500 -1.88734500
v -2.81657551 0.11913130 -1.88841881
v -2.92453254 0.00000000 -1.48621227
v -2.80693500 0.11981500 -1.88734500
v -2.92453254 0.00000000 -1.48621227
v -2.80693500 0.00000000 -1.44212300
v -2.81657551 0.11913130 -1.88841881
v -3.07562145 0.10075983 -1.91727267
v -3.25906244 0.00000000 -1.61163309
v -2.81657551 0.11913130 -1.88841881
v -3.25906244 0.00000000 -1.61163309
v -2.92453254 0.00000000 -1.48621227
v -3.07562145 0.10075983 -1.91727267
v -3.31834883 0.08354566 -1.94430888
v -3.56583329 0.00000000 -1.72664658
v -3.07562145 0.10075983 -1.91727267
v -3.56583329 0.00000000 -1.72664658
v -3.25906244 0.00000000 -1.61163309
v -3.31834883 0.08354566 -1.94430888
v -3.61216392 0.06270837 -1.97703550
v -3.91547886 0.00000000 -1.85773451
v -3.31834883 0.08354566 -1.94430888
v -3.91547886 0.00000000 -1.85773451
v -3.56583329 0.00000000 -1.72664658
v -3.61216392 0.06270837 -1.97703550
v -4.49638000 0.00000000 -2.07552400
v -3.91547886 0.00000000 -1.85773451
v -4.49638000 0.00000000 -2.07552400
v -2.80693300 -0.11981500 -1.88734500
v -2.80693500 0.00000000 -1.44212300
v -2.80693300 -0.11981500 -1.88734500
v -1.08629000 0.00000000 -1.44212200
v -2.80693500 0.00000000 -1.44212300
v 1.01408300 0.00000000 -5.25462700
v -0.00913600 -0.11981500 -4.85119300
v -0.00913500 0.00000000 -5.33820300
v -0.00913600 -0.11981500 -4.85119300
v -1.08628700 0.00000000 -5.25462700
v -0.00913500 0.00000000 -5.33820300
v -1.08628700 0.00000000 -5.25462700
v -0.00913600 0.11981500 -4.85119300
v -0.00913500 0.00000000 -5.33820300
v -0.00913600 0.11981500 -4.85119300
v 1.01408300 0.00000000 -5.25462700
v -0.00913500 0.00000000 -5.33820300
v -2.80693200 0.00000000 -5.00389900
v -1.08628700 -0.11981500 -4.77806400
v -2.80693200 -0.11981500 -4.55867700
v -2.80693200 -0.11981500 -4.55867700
v -4.32592700 0.00000000 -4.75317100
v -2.80693200 0.00000000 -5.00389900
v -4.32592700 0.00000000 -4.75317100
v -4.05474019 0.02139062 -4.71844790
v -4.03241623 0.00000000 -4.80161841
v -4.05474019 0.02139062 -4.71844790
v -3.76517361 0.04423100 -4.68137144
v -3.65568046 0.00000000 -4.86380308
v -4.05474019 0.02139062 -4.71844790
v -3.65568046 0.00000000 -4.86380308
v -4.03241623 0.00000000 -4.80161841
v -3.76517361 0.04423100 -4.68137144
v -3.48023398 0.06670641 -4.64488742
v -3.13328228 0.00000000 -4.95003105
v -3.76517361 0.04423100 -4.68137144
v -3.13328228 0.00000000 -4.95003105
v -3.65568046 0.00000000 -4.86380308
v -3.48023398 0.06670641 -4.64488742
v -3.10123352 0.09660114 -4.59635973
v -2.80693200 0.07852271 -4.71211553
v -3.48023398 0.06670641 -4.64488742
v -2.80693200 0.07852271 -4.71211553
v -2.80693200 0.00000000 -5.00389900
v -3.48023398 0.06670641 -4.64488742
v -2.80693200 0.00000000 -5.00389900
v -3.13328228 0.00000000 -4.95003105
v -3.10123352 0.09660114 -4.59635973
v -2.80693200 0.11981500 -4.55867700
v -2.80693200 0.07852271 -4.71211553
v -2.50000000 0.02137283 -4.96361411
v -1.08628700 0.11981500 -4.77806400
v -1.08628700 0.00000000 -5.25462700
v -2.50000000 0.02137283 -4.96361411
v -1.08628700 0.00000000 -5.25462700
v -2.50000000 0.00000000 -5.04862435
v -2.80693200 0.00000000 -5.00389900
v -2.50000000 0.02137283 -4.96361411
v -2.50000000 0.00000000 -5.04862435
v 0.00000000 -0.98377500 -0.93041900
v 0.74868500 -0.69023200 0.00000000
v 0.00000000 -0.99072900 0.00000000
v 0.00000000 -0.99072900 0.00000000
v 0.51730300 -0.52899200 0.55555600
v -0.00000000 -0.74768200 0.75000000
v 0.00000000 -0.99072900 0.00000000
v -0.51730300 -0.52899200 0.55555500
v -0.74868400 -0.69023200 0.00000000
v -0.74868400 -0.69023200 0.00000000
v 0.00000000 -0.98377500 -0.93041900
v 0.00000000 -0.99072900 0.00000000
v 0.00000000 1.41324800 0.00000000
v 0.84304500 1.38481400 -0.93041900
v 0.00000000 1.72318400 -0.93041900
v 0.00000000 1.41324800 0.00000000
v -0.84304400 1.38481400 -0.93041900
v -0.74868500 1.11275100 0.00000000
v 0.00000000 1.41324800 0.00000000
v -0.51730300 0.71677800 0.55555500
v -0.00000000 0.85331200 0.75000000
v 0.00000000 1.41324800 0.00000000
v 0.51730300 0.71677800 0.55555600
v 0.74868500 1.11275100 0.00000000
v 0.99824600 0.21125900 0.00000000
v 0.84304400 -0.64540500 -0.93041900
v 1.12405900 0.36970400 -0.93041900
v 1.00771760 0.60000000 -0.64204993
v 0.74868500 1.11275100 0.00000000
v 0.89063041 0.60000000 0.00000000
v 1.12405900 0.36970400 -0.93041900
v 1.00771760 0.60000000 -0.64204993
v 0.89063041 0.60000000 0.00000000
v 1.12405900 0.36970400 -0.93041900
v 0.89063041 0.60000000 0.00000000
v 0.99824600 0.21125900 0.00000000
v 0.62840379 0.60000000 0.42721915
v 0.51730300 0.71677800 0.55555600
v 0.54324640 0.60000000 0.58975487
v 0.99824600 0.21125900 0.00000000
v 0.62840379 0.60000000 0.42721915
v 0.54324640 0.60000000 0.58975487
v 0.99824600 0.21125900 0.00000000
v 0.54324640 0.60000000 0.58975487
v 0.66480900 0.05281500 0.75000000
v 0.99824600 0.21125900 0.00000000
v 0.51730300 -0.52899200 0.55555600
v 0.74868500 -0.69023200 0.00000000
v -0.00000000 0.00000000 1.00000000
v 0.51730300 -0.52899200 0.55555600
v 0.66480900 0.05281500 0.75000000
v 0.43302361 0.60000000 0.62796514
v 0.51730300 0.71677800 0.55555600
v -0.00000000 0.85331200 0.75000000
v 0.43302361 0.60000000 0.62796514
v -0.00000000 0.85331200 0.75000000
v 0.00000000 0.60000000 0.82421436
v -0.00000000 0.00000000 1.00000000
v 0.43302361 0.60000000 0.62796514
v 0.00000000 0.60000000 0.82421436
v -0.43302361 0.60000000 0.62796431
v -0.51730300 0.71677800 0.55555500
v -0.54324640 0.60000000 0.58975404
v -0.00000000 0.00000000 1.00000000
v -0.43302361 0.60000000 0.62796431
v -0.54324640 0.60000000 0.58975404
v -0.00000000 0.00000000 1.00000000
v -0.54324640 0.60000000 0.58975404
v -0.66480900 0.05281500 0.75000000
v -0.00000000 0.00000000 1.00000000
v -0.51730300 -0.52899200 0.55555500
v -0.00000000 -0.74768200 0.75000000
v -0.99824600 0.21125900 0.00000000
v -0.51730300 -0.52899200 0.55555500
v -0.66480900 0.05281500 0.75000000
v -0.62840379 0.60000000 0.42721838
v -0.51730300 0.71677800 0.55555500
v -0.74868500 1.11275100 0.00000000
v -0.62840379 0.60000000 0.42721838
v -0.74868500 1.11275100 0.00000000
v -0.89063041 0.60000000 0.00000000
v -0.99824600 0.21125900 0.00000000
v -0.62840379 0.60000000 0.42721838
v -0.89063041 0.60000000 0.00000000
v -0.74868500 1.11275100 0.00000000
v -1.00771760 0.60000000 -0.64205062
v -0.89063041 0.60000000 0.00000000
v -1.00771760 0.60000000 -0.64205062
v -1.12405900 0.36970400 -0.93042000
v -0.99824600 0.21125900 0.00000000
v -1.00771760 0.60000000 -0.64205062
v -0.99824600 0.21125900 0.00000000
v -0.89063041 0.60000000 0.00000000
v -0.99824600 0.21125900 0.00000000
v -0.84304400 -0.64540500 -0.93042000
v -0.74868400 -0.69023200 0.00000000
v 0.08067411 0.60000000 -10.23126554
v 0.11462300 0.42251900 -10.20491400
v 0.00000100 0.42251900 -10.31553600
v 0.08067411 0.60000000 -10.23126554
v 0.00000100 0.42251900 -10.31553600
v 0.00000100 0.60000000 -10.30912338
v 0.00000100 1.02175000 -10.29388500
v 0.08067411 0.60000000 -10.23126554
v 0.00000100 0.60000000 -10.30912338
v 0.00000100 0.42251900 -10.31553600
v 0.08850800 -0.35746800 -10.11887600
v 0.00000100 -0.63046300 -10.20491400
v 0.00000100 0.42251900 -10.31553600
v -0.08850700 -0.35746800 -10.11887600
v -0.11462100 0.42251900 -10.20491400
v -0.11462100 0.42251900 -10.20491400
v -0.08067211 0.60000000 -10.23126554
v 0.00000100 0.60000000 -10.30912338
v -0.11462100 0.42251900 -10.20491400
v 0.00000100 0.60000000 -10.30912338
v 0.00000100 0.42251900 -10.31553600
v -0.08067211 0.60000000 -10.23126554
v 0.00000100 1.02175000 -10.29388500
v 0.00000100 0.60000000 -10.30912338
v 0.00000100 1.65547600 -9.39891500
v 0.12678100 1.47550200 -9.87304700
v 0.00000100 1.82649600 -9.87304800
v 0.00000100 1.82649600 -9.87304800
v 0.08850900 1.20250600 -10.11887500
v 0.00000100 1.02175000 -10.29388500
v 0.00000100 1.82649600 -9.87304800
v -0.08850700 1.20250600 -10.11887500
v -0.12677900 1.47550200 -9.87304900
v -0.12677900 1.47550200 -9.87304900
v 0.00000100 1.65547600 -9.39891500
v 0.00000100 1.82649600 -9.87304800
v -0.16904000 0.42251900 -9.87304900
v -0.16792738 0.60000000 -9.77989525
v -0.16191688 0.60000000 -9.87304900
v -0.16792738 0.60000000 -9.77989525
v -0.16337700 1.32586000 -9.39891600
v -0.12677900 1.47550200 -9.87304900
v -0.16792738 0.60000000 -9.77989525
v -0.12677900 1.47550200 -9.87304900
v -0.16191688 0.60000000 -9.87304900
v -0.16904000 0.42251900 -9.87304900
v -0.15071524 0.60000000 -9.92898512
v -0.10867893 0.60000000 -10.18533638
v -0.16904000 0.42251900 -9.87304900
v -0.10867893 0.60000000 -10.18533638
v -0.11462100 0.42251900 -10.20491400
v -0.15071524 0.60000000 -9.92898512
v -0.08850700 1.20250600 -10.11887500
v -0.10867893 0.60000000 -10.18533638
v -0.16904000 0.42251900 -9.87304900
v -0.08850700 -0.35746800 -10.11887600
v -0.12677900 -0.63046300 -9.87304900
v -0.12677900 -0.63046300 -9.87304900
v -0.21430600 0.33701000 -9.39891600
v -0.16904000 0.42251900 -9.87304900
v 0.21430800 0.33701000 -9.39891600
v 0.12678100 -0.63046300 -9.87304900
v 0.16904100 0.42251900 -9.87304900
v 0.16904100 0.42251900 -9.87304900
v 0.08850800 -0.35746800 -10.11887600
v 0.11462300 0.42251900 -10.20491400
v 0.16904100 0.42251900 -9.87304900
v 0.15071646 0.60000000 -9.92898512
v 0.16191805 0.60000000 -9.87304866
v 0.15071646 0.60000000 -9.92898512
v 0.08850900 1.20250600 -10.11887500
v 0.12678100 1.47550200 -9.87304700
v 0.15071646 0.60000000 -9.92898512
v 0.12678100 1.47550200 -9.87304700
v 0.16191805 0.60000000 -9.87304866
v 0.16904100 0.42251900 -9.87304900
v 0.16792858 0.60000000 -9.77989506
v 0.20076316 0.60000000 -9.39891573
v 0.16904100 0.42251900 -9.87304900
v 0.20076316 0.60000000 -9.39891573
v 0.21430800 0.33701000 -9.39891600
v 0.16792858 0.60000000 -9.77989506
v 0.16337900 1.32586000 -9.39891500
v 0.20076316 0.60000000 -9.39891573
v 0.00000100 -0.98145700 -9.87304900
v -0.15808200 -0.65184000 -9.39891600
v -0.12677900 -0.63046300 -9.87304900
v -0.12677900 -0.63046300 -9.87304900
v 0.00000100 -0.63046300 -10.20491400
v 0.00000100 -0.98145700 -9.87304900
v 0.00000100 -0.63046300 -10.20491400
v 0.12678100 -0.63046300 -9.87304900
v 0.00000100 -0.98145700 -9.87304900
v 0.00000100 -0.98145700 -9.87304900
v 0.15808300 -0.65184000 -9.39891600
v 0.00000100 -0.98145700 -9.39891600
v 0.00000100 0.67965900 -8.16123400
v 0.23669800 0.87693300 -8.86149600
v 0.00000100 1.14241800 -8.86149700
v 0.00000100 1.14241800 -8.86149700
v 0.16337900 1.32586000 -9.39891500
v 0.00000100 1.65547600 -9.39891500
v 0.00000100 1.14241800 -8.86149700
v -0.16337700 1.32586000 -9.39891600
v -0.23669600 0.87693300 -8.86149800
v -0.23669600 0.87693300 -8.86149800
v 0.00000100 0.67965900 -8.16123400
v 0.00000100 1.14241800 -8.86149700
v -0.30147400 0.08048000 -8.86149800
v -0.34549900 0.47201900 -8.16123400
v -0.31110968 0.60000000 -8.38256615
v -0.30147400 0.08048000 -8.86149800
v -0.31110968 0.60000000 -8.38256615
v -0.25921982 0.60000000 -8.86149800
v -0.31110968 0.60000000 -8.38256615
v -0.23669600 0.87693300 -8.86149800
v -0.25921982 0.60000000 -8.86149800
v -0.22521190 0.60000000 -9.13714616
v -0.21430600 0.33701000 -9.39891600
v -0.30147400 0.08048000 -8.86149800
v -0.22521190 0.60000000 -9.13714616
v -0.30147400 0.08048000 -8.86149800
v -0.25921982 0.60000000 -8.86149800
v -0.23669600 0.87693300 -8.86149800
v -0.22521190 0.60000000 -9.13714616
v -0.25921982 0.60000000 -8.86149800
v -0.30147400 0.08048000 -8.86149800
v -0.15808200 -0.65184000 -9.39891600
v -0.21551400 -0.71597300 -8.86149800
v -0.21551400 -0.71597300 -8.86149800
v -0.43852200 -0.15089900 -8.16123400
v -0.30147400 0.08048000 -8.86149800
v 0.43852400 -0.15089900 -8.16123400
v 0.21551600 -0.71597300 -8.86149800
v 0.30147500 0.08048000 -8.86149700
v 0.30147500 0.08048000 -8.86149700
v 0.15808300 -0.65184000 -9.39891600
v 0.21430800 0.33701000 -9.39891600
v 0.21430800 0.33701000 -9.39891600
v 0.22521390 0.60000000 -9.13714518
v 0.25922147 0.60000000 -8.86149635
v 0.21430800 0.33701000 -9.39891600
v 0.25922147 0.60000000 -8.86149635
v 0.30147500 0.08048000 -8.86149700
v 0.22521390 0.60000000 -9.13714518
v 0.23669800 0.87693300 -8.86149600
v 0.25922147 0.60000000 -8.86149635
v 0.30147500 0.08048000 -8.86149700
v 0.34550000 0.47201900 -8.16123400
v 0.43852400 -0.15089900 -8.16123400
v 0.00000100 -0.98145700 -8.16123400
v -0.21551400 -0.71597300 -8.86149800
v 0.00000100 -0.98145700 -8.86149800
v -0.21551400 -0.71597300 -8.86149800
v 0.00000100 -0.98145700 -9.39891600
v 0.00000100 -0.98145700 -8.86149800
v 0.00000100 -0.98145700 -9.39891600
v 0.21551600 -0.71597300 -8.86149800
v 0.00000100 -0.98145700 -8.86149800
v 0.21551600 -0.71597300 -8.86149800
v 0.00000100 -0.98145700 -8.16123400
v 0.00000100 -0.98145700 -8.86149800
v 0.59908815 0.60000000 -6.40489336
v 0.48854700 0.45441400 -7.19856800
v 0.14180497 0.60000000 -7.19856871
v 0.00000100 0.65953900 -7.19856900
v 0.63391500 0.64586800 -6.15484000
v 0.59908815 0.60000000 -6.40489336
v 0.00000100 0.65953900 -7.19856900
v 0.59908815 0.60000000 -6.40489336
v 0.14180497 0.60000000 -7.19856871
v 0.10969951 0.60000000 -7.50422232
v 0.34550000 0.47201900 -8.16123400
v 0.13254822 0.60000000 -8.16123400
v 0.00000100 0.65953900 -7.19856900
v 0.10969951 0.60000000 -7.50422232
v 0.13254822 0.60000000 -8.16123400
v 0.00000100 0.65953900 -7.19856900
v 0.13254822 0.60000000 -8.16123400
v 0.00000100 0.67965900 -8.16123400
v -0.10969783 0.60000000 -7.50422232
v -0.34549900 0.47201900 -8.16123400
v -0.48854600 0.45441400 -7.19856900
v -0.10969783 0.60000000 -7.50422232
v -0.48854600 0.45441400 -7.19856900
v -0.14180326 0.60000000 -7.19856900
v 0.00000100 0.65953900 -7.19856900
v -0.10969783 0.60000000 -7.50422232
v -0.14180326 0.60000000 -7.19856900
v 0.00000100 0.65953900 -7.19856900
v -0.63391400 0.64586800 -6.15484000
v 0.00000100 0.87834300 -6.15483900
v -0.83587200 -0.05155700 -6.15484000
v -0.48854600 0.45441400 -7.19856900
v -0.63343100 -0.16095900 -7.19856900
v -0.48854600 0.45441400 -7.19856900
v -0.43852200 -0.15089900 -8.16123400
v -0.63343100 -0.16095900 -7.19856900
v -0.43852200 -0.15089900 -8.16123400
v -0.46160100 -0.77633300 -7.19856900
v -0.63343100 -0.16095900 -7.19856900
v -0.63343100 -0.16095900 -7.19856900
v -0.61989400 -0.74898200 -6.15484000
v -0.83587200 -0.05155700 -6.15484000
v 0.63343300 -0.16095900 -7.19856900
v 0.61989500 -0.74898200 -6.15484000
v 0.46160200 -0.77633300 -7.19856900
v 0.46160200 -0.77633300 -7.19856900
v 0.43852400 -0.15089900 -8.16123400
v 0.63343300 -0.16095900 -7.19856900
v 0.43852400 -0.15089900 -8.16123400
v 0.48854700 0.45441400 -7.19856800
v 0.63343300 -0.16095900 -7.19856900
v 0.48854700 0.45441400 -7.19856800
v 0.83587300 -0.05155700 -6.15484000
v 0.63343300 -0.16095900 -7.19856900
v 0.00000100 -0.98145700 -6.15484000
v -0.46160100 -0.77633300 -7.19856900
v 0.00000100 -0.98145700 -7.19856900
v 0.00000100 -0.98145700 -7.19856900
v -0.31228500 -0.77381800 -8.16123400
v 0.00000100 -0.98145700 -8.16123400
v 0.00000100 -0.98145700 -7.19856900
v 0.31228600 -0.77381800 -8.16123400
v 0.46160200 -0.77633300 -7.19856900
v 0.46160200 -0.77633300 -7.19856900
v 0.00000100 -0.98145700 -6.15484000
v 0.00000100 -0.98145700 -7.19856900
v 0.00000100 1.13235700 -5.21138000
v 0.82838400 1.09259400 -4.30705000
v 0.74968000 0.86813100 -5.21138000
v 0.74968000 0.86813100 -5.21138000
v 0.00000100 0.87834300 -6.15483900
v 0.00000100 1.13235700 -5.21138000
v 0.00000100 0.87834300 -6.15483900
v -0.74967900 0.86813100 -5.21138100
v 0.00000100 1.13235700 -5.21138000
v 0.00000100 1.13235700 -5.21138000
v -0.82838300 1.09259400 -4.30705100
v 0.00000100 1.38888700 -4.30705100
v -1.10322900 0.20371500 -4.30705100
v -0.89235725 0.60000000 -4.84643057
v -0.83283543 0.60000000 -5.21138100
v -1.10322900 0.20371500 -4.30705100
v -0.83283543 0.60000000 -5.21138100
v -0.99551600 0.07545000 -5.21138100
v -0.89235725 0.60000000 -4.84643057
v -0.74967900 0.86813100 -5.21138100
v -0.83283543 0.60000000 -5.21138100
v -0.99551600 0.07545000 -5.21138100
v -0.66299085 0.60000000 -6.07897532
v -0.64719630 0.60000000 -6.15484000
v -0.99551600 0.07545000 -5.21138100
v -0.64719630 0.60000000 -6.15484000
v -0.83587200 -0.05155700 -6.15484000
v -0.66299085 0.60000000 -6.07897532
v -0.63391400 0.64586800 -6.15484000
v -0.64719630 0.60000000 -6.15484000
v -0.83587200 -0.05155700 -6.15484000
v -0.74359500 -0.71723000 -5.21138100
v -0.99551600 0.07545000 -5.21138100
v -0.99551600 0.07545000 -5.21138100
v -0.82646000 -0.68516400 -4.30705100
v -1.10322900 0.20371500 -4.30705100
v 0.99551700 0.07545000 -5.21138100
v 0.82646100 -0.68516400 -4.30705100
v 0.74359600 -0.71723000 -5.21138100
v 0.74359600 -0.71723000 -5.21138100
v 0.83587300 -0.05155700 -6.15484000
v 0.99551700 0.07545000 -5.21138100
v 0.99551700 0.07545000 -5.21138100
v 0.66299185 0.60000000 -6.07897532
v 0.83283643 0.60000000 -5.21138034
v 0.66299185 0.60000000 -6.07897532
v 0.63391500 0.64586800 -6.15484000
v 0.74968000 0.86813100 -5.21138000
v 0.66299185 0.60000000 -6.07897532
v 0.74968000 0.86813100 -5.21138000
v 0.83283643 0.60000000 -5.21138034
v 0.89235825 0.60000000 -4.84642997
v 1.10323000 0.20371500 -4.30705100
v 0.99551700 0.07545000 -5.21138100
v 0.89235825 0.60000000 -4.84642997
v 0.99551700 0.07545000 -5.21138100
v 0.83283643 0.60000000 -5.21138034
v 0.74968000 0.86813100 -5.21138000
v 0.89235825 0.60000000 -4.84642997
v 0.83283643 0.60000000 -5.21138034
v 0.00000000 -0.98145700 -4.30705100
v -0.74359500 -0.71723000 -5.21138100
v 0.00000000 -0.98145700 -5.21138100
v 0.00000000 -0.98145700 -5.21138100
v -0.61989400 -0.74898200 -6.15484000
v 0.00000100 -0.98145700 -6.15484000
v 0.00000000 -0.98145700 -5.21138100
v 0.61989500 -0.74898200 -6.15484000
v 0.74359600 -0.71723000 -5.21138100
v 0.74359600 -0.71723000 -5.21138100
v 0.00000000 -0.98145700 -4.30705100
v 0.00000000 -0.98145700 -5.21138100
v 0.00000000 1.72318400 -0.93041900
v 0.87449800 1.47550200 -1.72167700
v 0.00000000 1.82649600 -1.72167700
v 0.87449800 1.47550200 -1.72167700
v 0.00000000 1.77368100 -2.49727300
v 0.00000000 1.82649600 -1.72167700
v 0.00000000 1.77368100 -2.49727300
v -0.87449700 1.47550200 -1.72167800
v 0.00000000 1.82649600 -1.72167700
v -0.87449700 1.47550200 -1.72167800
v 0.00000000 1.72318400 -0.93041900
v 0.00000000 1.82649600 -1.72167700
v 0.00000000 1.61523600 -3.38070600
v 0.87151600 1.42928900 -2.49727300
v 0.86257100 1.29064900 -3.38070600
v 0.86257100 1.29064900 -3.38070600
v 0.00000100 1.38888700 -4.30705100
v 0.00000000 1.61523600 -3.38070600
v 0.00000100 1.38888700 -4.30705100
v -0.86257000 1.29064900 -3.38070700
v 0.00000000 1.61523600 -3.38070600
v 0.00000000 1.61523600 -3.38070600
v -0.87151500 1.42928900 -2.49727400
v 0.00000000 1.77368100 -2.49727300
v -1.16599600 0.42251900 -1.72167800
v -1.10643231 0.60000000 -1.57574205
v -1.11686365 0.60000000 -1.72167800
v -1.10643231 0.60000000 -1.57574205
v -0.84304400 1.38481400 -0.93041900
v -0.87449700 1.47550200 -1.72167800
v -1.10643231 0.60000000 -1.57574205
v -0.87449700 1.47550200 -1.72167800
v -1.11686365 0.60000000 -1.72167800
v -1.16599600 0.42251900 -1.72167800
v -1.11408267 0.60000000 -1.85840591
v -1.10464896 0.60000000 -2.49727400
v -1.16599600 0.42251900 -1.72167800
v -1.10464896 0.60000000 -2.49727400
v -1.16196700 0.39611200 -2.49727400
v -1.11408267 0.60000000 -1.85840591
v -0.87151500 1.42928900 -2.49727400
v -1.10464896 0.60000000 -2.49727400
v -1.16196700 0.39611200 -2.49727400
v -0.87449700 -0.63046300 -1.72167800
v -1.16599600 0.42251900 -1.72167800
v -0.87449700 -0.63046300 -1.72167800
v -1.12405900 0.36970400 -0.93042000
v -1.16599600 0.42251900 -1.72167800
v -1.16196700 0.39611200 -2.49727400
v -1.09372672 0.60000000 -2.69863111
v -1.06634678 0.60000000 -3.38070700
v -1.16196700 0.39611200 -2.49727400
v -1.06634678 0.60000000 -3.38070700
v -1.14987900 0.31688900 -3.38070700
v -1.09372672 0.60000000 -2.69863111
v -0.86257000 1.29064900 -3.38070700
v -1.06634678 0.60000000 -3.38070700
v -1.14987900 0.31688900 -3.38070700
v -1.03254180 0.60000000 -3.71879709
v -0.98069562 0.60000000 -4.30705100
v -1.14987900 0.31688900 -3.38070700
v -0.98069562 0.60000000 -4.30705100
v -1.10322900 0.20371500 -4.30705100
v -1.03254180 0.60000000 -3.71879709
v -0.82838300 1.09259400 -4.30705100
v -0.98069562 0.60000000 -4.30705100
v -1.10322900 0.20371500 -4.30705100
v -0.86224800 -0.65687100 -3.38070700
v -1.14987900 0.31688900 -3.38070700
v -1.14987900 0.31688900 -3.38070700
v -0.87143500 -0.63706500 -2.49727400
v -1.16196700 0.39611200 -2.49727400
v 1.12405900 0.36970400 -0.93041900
v 0.87449800 -0.63046300 -1.72167800
v 1.16599700 0.42251900 -1.72167700
v 0.87449800 -0.63046300 -1.72167800
v 1.16196800 0.39611200 -2.49727300
v 1.16599700 0.42251900 -1.72167700
v 1.16599700 0.42251900 -1.72167700
v 1.11408367 0.60000000 -1.85840491
v 1.11686465 0.60000000 -1.72167700
v 1.11408367 0.60000000 -1.85840491
v 0.87151600 1.42928900 -2.49727300
v 0.87449800 1.47550200 -1.72167700
v 1.11408367 0.60000000 -1.85840491
v 0.87449800 1.47550200 -1.72167700
v 1.11686465 0.60000000 -1.72167700
v 1.16599700 0.42251900 -1.72167700
v 1.10643331 0.60000000 -1.57574123
v 1.06030591 0.60000000 -0.93041900
v 1.16599700 0.42251900 -1.72167700
v 1.06030591 0.60000000 -0.93041900
v 1.12405900 0.36970400 -0.93041900
v 1.10643331 0.60000000 -1.57574123
v 0.84304500 1.38481400 -0.93041900
v 1.06030591 0.60000000 -0.93041900
v 1.14987900 0.31688900 -3.38070600
v 0.87143500 -0.63706500 -2.49727400
v 0.86224900 -0.65687100 -3.38070700
v 0.86224900 -0.65687100 -3.38070700
v 1.10323000 0.20371500 -4.30705100
v 1.14987900 0.31688900 -3.38070600
v 1.14987900 0.31688900 -3.38070600
v 1.03254216 0.60000000 -3.71879609
v 1.06634707 0.60000000 -3.38070600
v 1.03254216 0.60000000 -3.71879609
v 0.82838400 1.09259400 -4.30705000
v 0.86257100 1.29064900 -3.38070600
v 1.03254216 0.60000000 -3.71879609
v 0.86257100 1.29064900 -3.38070600
v 1.06634707 0.60000000 -3.38070600
v 1.09372772 0.60000000 -2.69863011
v 1.16196800 0.39611200 -2.49727300
v 1.14987900 0.31688900 -3.38070600
v 1.09372772 0.60000000 -2.69863011
v 1.14987900 0.31688900 -3.38070600
v 1.06634707 0.60000000 -3.38070600
v 0.86257100 1.29064900 -3.38070600
v 1.09372772 0.60000000 -2.69863011
v 1.06634707 0.60000000 -3.38070600
v 0.00000000 -0.98145800 -1.72167800
v 0.87143500 -0.63706500 -2.49727400
v 0.87449800 -0.63046300 -1.72167800
v 0.00000000 -0.98145800 -1.72167800
v 0.84304400 -0.64540500 -0.93041900
v 0.00000000 -0.98377500 -0.93041900
v 0.00000000 -0.98145800 -1.72167800
v -0.84304400 -0.64540500 -0.93042000
v -0.87449700 -0.63046300 -1.72167800
v 0.00000000 -0.98145800 -1.72167800
v -0.87143500 -0.63706500 -2.49727400
v 0.00000000 -0.98145800 -2.49727400
v 0.00000000 -0.98145800 -2.49727400
v -0.86224800 -0.65687100 -3.38070700
v 0.00000000 -0.98145700 -3.38070700
v 0.00000000 -0.98145700 -3.38070700
v -0.82646000 -0.68516400 -4.30705100
v 0.00000000 -0.98145700 -4.30705100
v 0.00000000 -0.98145700 -3.38070700
v 0.82646100 -0.68516400 -4.30705100
v 0.86224900 -0.65687100 -3.38070700
v 0.86224900 -0.65687100 -3.38070700
v 0.00000000 -0.98145800 -2.49727400
v 0.00000000 -0.98145700 -3.38070700
v -2.59946200 -1.19563200 -4.14019200
v -2.43842500 -0.80685400 -4.14019200
v -2.43842500 -0.80685400 -3.04056300
v -2.43842500 -0.80685400 -4.14019200
v -2.59946200 -0.41807700 -4.14019200
v -2.59946200 -0.41807600 -3.04056300
v -2.59946200 -0.41807700 -4.14019200
v -2.98823900 -0.25704000 -4.14019200
v -2.98823900 -0.25704000 -3.04056300
v -2.98823900 -0.25704000 -4.14019200
v -3.37701700 -0.41807700 -4.14019200
v -3.37701700 -0.41807600 -3.04056300
v -3.37701700 -0.41807600 -3.04056300
v -3.37701700 -0.41807700 -4.14019200
v -3.53805400 -0.80685400 -4.14019200
v -3.53805400 -0.80685400 -4.14019200
v -3.37701600 -1.19563200 -4.14019200
v -3.37701700 -1.19563100 -3.04056300
v -3.37701600 -1.19563200 -4.14019200
v -2.98823900 -1.35666800 -4.14019200
v -2.98824000 -1.35666800 -3.04056300
v -2.59946200 -1.19563100 -3.04056300
v -2.98824000 -1.35666800 -3.04056300
v -2.98823900 -1.35666800 -4.14019200
v -2.43842500 -0.80685400 -3.04056300
v -2.39394400 -0.80685400 -2.93117200
v -2.56800900 -1.22708400 -2.93117200
v -2.59946200 -0.41807600 -3.04056300
v -2.56800900 -0.38662300 -2.93117200
v -2.39394400 -0.80685400 -2.93117200
v -2.98823900 -0.25704000 -3.04056300
v -2.98823900 -0.21255800 -2.93117200
v -2.56800900 -0.38662300 -2.93117200
v -3.37701700 -0.41807600 -3.04056300
v -3.40847000 -0.38662400 -2.93117200
v -2.98823900 -0.21255800 -2.93117200
v -3.53805400 -0.80685400 -3.04056300
v -3.58253500 -0.80685400 -2.93117200
v -3.40847000 -0.38662400 -2.93117200
v -3.53805400 -0.80685400 -3.04056300
v -3.37701700 -1.19563100 -3.04056300
v -3.40847000 -1.22708400 -2.93117200
v -2.98824000 -1.35666800 -3.04056300
v -2.98824000 -1.40114900 -2.93117200
v -3.40847000 -1.22708400 -2.93117200
v -2.98824000 -1.35666800 -3.04056300
v -2.59946200 -1.19563100 -3.04056300
v -2.56800900 -1.22708400 -2.93117200
v -2.39394400 -0.80685400 -2.93117200
v -2.39394400 -0.80685400 -4.21579600
v -2.56800900 -1.22708400 -4.21579600
v -2.56800900 -0.38662300 -2.93117200
v -2.56800900 -0.38662300 -4.21579600
v -2.39394400 -0.80685400 -4.21579600
v -3.58253500 -0.80685400 -2.93117200
v -3.58253500 -0.80685400 -4.21579600
v -3.40847000 -0.38662400 -4.21579600
v -3.58253500 -0.80685400 -2.93117200
v -3.40847000 -1.22708400 -2.93117200
v -3.40847000 -1.22708400 -4.21579600
v -3.40847000 -1.22708400 -2.93117200
v -2.98824000 -1.40114900 -2.93117200
v -2.98824000 -1.40114900 -4.21579600
v -2.56800900 -1.22708400 -2.93117200
v -2.56800900 -1.22708400 -4.21579600
v -2.98824000 -1.40114900 -4.21579600
v -2.59946200 -1.19563200 -4.14019200
v -2.47091600 -1.32417800 -4.66076800
v -2.25663300 -0.80685400 -4.66076800
v -2.59946200 -0.41807700 -4.14019200
v -2.43842500 -0.80685400 -4.14019200
v -2.25663300 -0.80685400 -4.66076800
v -2.59946200 -0.41807700 -4.14019200
v -2.47091500 -0.28953000 -4.66076800
v -2.98823900 -0.07524700 -4.66076800
v -2.98823900 -0.25704000 -4.14019200
v -2.98823900 -0.07524700 -4.66076800
v -3.50556300 -0.28953000 -4.66076800
v -3.37701700 -0.41807700 -4.14019200
v -3.50556300 -0.28953000 -4.66076800
v -3.71984600 -0.80685400 -4.66076800
v -3.53805400 -0.80685400 -4.14019200
v -3.71984600 -0.80685400 -4.66076800
v -3.50556300 -1.32417800 -4.66076800
v -3.37701600 -1.19563200 -4.14019200
v -3.50556300 -1.32417800 -4.66076800
v -2.98823800 -1.53846000 -4.66076800
v -2.59946200 -1.19563200 -4.14019200
v -2.98823900 -1.35666800 -4.14019200
v -2.98823800 -1.53846000 -4.66076800
v -2.43842500 -0.80685400 -4.14019200
v -2.74385200 -0.80685400 -4.70673600
v -2.81543100 -0.97966200 -4.70673600
v -2.59946200 -0.41807700 -4.14019200
v -2.81543100 -0.63404600 -4.70673600
v -2.74385200 -0.80685400 -4.70673600
v -2.59946200 -0.41807700 -4.14019200
v -2.98823900 -0.25704000 -4.14019200
v -2.98823900 -0.56246600 -4.70673600
v -3.37701700 -0.41807700 -4.14019200
v -3.16104700 -0.63404600 -4.70673600
v -2.98823900 -0.56246600 -4.70673600
v -3.53805400 -0.80685400 -4.14019200
v -3.23262700 -0.80685400 -4.70673600
v -3.16104700 -0.63404600 -4.70673600
v -3.53805400 -0.80685400 -4.14019200
v -3.37701600 -1.19563200 -4.14019200
v -3.16104700 -0.97966200 -4.70673600
v -2.98823900 -1.35666800 -4.14019200
v -2.98823900 -1.05124100 -4.70673600
v -3.16104700 -0.97966200 -4.70673600
v -2.98823900 -1.35666800 -4.14019200
v -2.59946200 -1.19563200 -4.14019200
v -2.81543100 -0.97966200 -4.70673600
v -3.40847000 -0.38662400 -4.21579600
v -3.40847000 -0.04585200 -4.43261700
v -2.56800900 -0.04585200 -4.43261700
v -3.40847000 -0.38662400 -4.21579600
v -3.40847000 -0.04585200 -4.43261700
v -3.40847000 -0.04585200 -3.14799300
v -2.56800900 -0.38662300 -4.21579600
v -2.56800900 -0.38662300 -2.93117200
v -2.56800900 -0.04585200 -3.14799300
v -2.98823900 -0.21255800 -2.93117200
v -3.40847000 -0.38662400 -2.93117200
v -3.40847000 -0.04585200 -3.14799300
v -2.98823900 -0.21255800 -2.93117200
v -2.98823900 0.05556600 -3.14799300
v -2.56800900 -0.04585200 -3.14799300
v -2.56800900 -0.04585200 -3.14799300
v -2.98823900 0.05556600 -3.14799300
v -2.98823900 0.05556600 -4.43261700
v -2.98823900 0.05556600 -3.14799300
v -3.40847000 -0.04585200 -3.14799300
v -3.40847000 -0.04585200 -4.43261700
v 3.38140700 -1.19563200 -4.14019200
v 3.54244400 -0.80685400 -4.14019200
v 3.54244400 -0.80685400 -3.04056300
v 3.54244400 -0.80685400 -3.04056300
v 3.54244400 -0.80685400 -4.14019200
v 3.38140700 -0.41807700 -4.14019200
v 3.38140700 -0.41807700 -4.14019200
v 2.99263000 -0.25704000 -4.14019200
v 2.99263000 -0.25704000 -3.04056300
v 2.99263000 -0.25704000 -4.14019200
v 2.60385200 -0.41807700 -4.14019200
v 2.60385200 -0.41807600 -3.04056300
v 2.60385200 -0.41807700 -4.14019200
v 2.44281500 -0.80685400 -4.14019200
v 2.44281500 -0.80685400 -3.04056300
v 2.44281500 -0.80685400 -4.14019200
v 2.60385300 -1.19563200 -4.14019200
v 2.60385200 -1.19563100 -3.04056300
v 2.60385300 -1.19563200 -4.14019200
v 2.99263000 -1.35666800 -4.14019200
v 2.99262900 -1.35666800 -3.04056300
v 3.38140700 -1.19563100 -3.04056300
v 2.99262900 -1.35666800 -3.04056300
v 2.99263000 -1.35666800 -4.14019200
v 3.38140700 -1.19563100 -3.04056300
v 3.54244400 -0.80685400 -3.04056300
v 3.58692500 -0.80685400 -2.93117200
v 3.38140700 -0.41807600 -3.04056300
v 3.41286000 -0.38662300 -2.93117200
v 3.58692500 -0.80685400 -2.93117200
v 2.99263000 -0.25704000 -3.04056300
v 2.99263000 -0.21255800 -2.93117200
v 3.41286000 -0.38662300 -2.93117200
v 2.99263000 -0.25704000 -3.04056300
v 2.60385200 -0.41807600 -3.04056300
v 2.57239900 -0.38662400 -2.93117200
v 2.44281500 -0.80685400 -3.04056300
v 2.39833400 -0.80685400 -2.93117200
v 2.57239900 -0.38662400 -2.93117200
v 2.60385200 -1.19563100 -3.04056300
v 2.57239900 -1.22708400 -2.93117200
v 2.39833400 -0.80685400 -2.93117200
v 2.99262900 -1.35666800 -3.04056300
v 2.99262900 -1.40114900 -2.93117200
v 2.57239900 -1.22708400 -2.93117200
v 2.99262900 -1.35666800 -3.04056300
v 3.38140700 -1.19563100 -3.04056300
v 3.41286000 -1.22708400 -2.93117200
v 3.58692500 -0.80685400 -2.93117200
v 3.58692500 -0.80685400 -4.21579600
v 3.41286000 -1.22708400 -4.21579600
v 3.41286000 -0.38662300 -2.93117200
v 3.41286000 -0.38662300 -4.21579600
v 3.58692500 -0.80685400 -4.21579600
v 2.39833400 -0.80685400 -2.93117200
v 2.39833400 -0.80685400 -4.21579600
v 2.57239900 -0.38662400 -4.21579600
v 2.57239900 -1.22708400 -2.93117200
v 2.57239900 -1.22708400 -4.21579600
v 2.39833400 -0.80685400 -4.21579600
v 2.57239900 -1.22708400 -2.93117200
v 2.99262900 -1.40114900 -2.93117200
v 2.99262900 -1.40114900 -4.21579600
v 3.41286000 -1.22708400 -2.93117200
v 3.41286000 -1.22708400 -4.21579600
v 2.99262900 -1.40114900 -4.21579600
v 3.38140700 -1.19563200 -4.14019200
v 3.50995300 -1.32417800 -4.66076800
v 3.72423600 -0.80685400 -4.66076800
v 3.38140700 -0.41807700 -4.14019200
v 3.54244400 -0.80685400 -4.14019200
v 3.72423600 -0.80685400 -4.66076800
v 3.38140700 -0.41807700 -4.14019200
v 3.50995400 -0.28953000 -4.66076800
v 2.99263000 -0.07524700 -4.66076800
v 2.99263000 -0.25704000 -4.14019200
v 2.99263000 -0.07524700 -4.66076800
v 2.47530500 -0.28953000 -4.66076800
v 2.60385200 -0.41807700 -4.14019200
v 2.47530500 -0.28953000 -4.66076800
v 2.26102300 -0.80685400 -4.66076800
v 2.60385300 -1.19563200 -4.14019200
v 2.44281500 -0.80685400 -4.14019200
v 2.26102300 -0.80685400 -4.66076800
v 2.60385300 -1.19563200 -4.14019200
v 2.47530600 -1.32417800 -4.66076800
v 2.99263000 -1.53846000 -4.66076800
v 3.38140700 -1.19563200 -4.14019200
v 2.99263000 -1.35666800 -4.14019200
v 2.99263000 -1.53846000 -4.66076800
v 3.54244400 -0.80685400 -4.14019200
v 3.23701700 -0.80685400 -4.70673600
v 3.16543800 -0.97966200 -4.70673600
v 3.54244400 -0.80685400 -4.14019200
v 3.38140700 -0.41807700 -4.14019200
v 3.16543800 -0.63404600 -4.70673600
v 3.38140700 -0.41807700 -4.14019200
v 2.99263000 -0.25704000 -4.14019200
v 2.99263000 -0.56246600 -4.70673600
v 2.99263000 -0.25704000 -4.14019200
v 2.60385200 -0.41807700 -4.14019200
v 2.81982100 -0.63404600 -4.70673600
v 2.44281500 -0.80685400 -4.14019200
v 2.74824200 -0.80685400 -4.70673600
v 2.81982100 -0.63404600 -4.70673600
v 2.44281500 -0.80685400 -4.14019200
v 2.60385300 -1.19563200 -4.14019200
v 2.81982200 -0.97966200 -4.70673600
v 2.99263000 -1.35666800 -4.14019200
v 2.99263000 -1.05124100 -4.70673600
v 2.81982200 -0.97966200 -4.70673600
v 3.38140700 -1.19563200 -4.14019200
v 3.16543800 -0.97966200 -4.70673600
v 2.99263000 -1.05124100 -4.70673600
v 2.57239900 -0.38662400 -4.21579600
v 2.57239900 -0.04585200 -4.43261700
v 3.41286000 -0.04585200 -4.43261700
v 2.57239900 -0.38662400 -4.21579600
v 2.57239900 -0.04585200 -4.43261700
v 2.57239900 -0.04585200 -3.14799300
v 3.41286000 -0.38662300 -4.21579600
v 3.41286000 -0.38662300 -2.93117200
v 3.41286000 -0.04585200 -3.14799300
v 2.99263000 -0.21255800 -2.93117200
v 2.57239900 -0.38662400 -2.93117200
v 2.57239900 -0.04585200 -3.14799300
v 2.99263000 -0.21255800 -2.93117200
v 2.99263000 0.05556600 -3.14799300
v 3.41286000 -0.04585200 -3.14799300
v 2.99263000 0.05556600 -3.14799300
v 2.99263000 0.05556600 -4.43261700
v 3.41286000 -0.04585200 -4.43261700
v 2.57239900 -0.04585200 -3.14799300
v 2.57239900 -0.04585200 -4.43261700
v 2.99263000 0.05556600 -4.43261700
v 5.30009400 -0.11981500 -5.27276300
v 4.93489300 -0.08875200 -4.93767000
v 4.87396800 0.00000000 -4.89956200
v 4.87396800 0.00000000 -4.89956200
v 4.93489300 0.08875200 -4.93767000
v 5.30009300 0.11981500 -5.27276300
v 5.42873700 0.00000000 -5.58946400
v 5.30009300 0.11981500 -5.27276300
v 5.46518100 0.08875200 -5.11521100
v 5.42873700 0.00000000 -5.58946400
v 5.72621900 0.00000000 -5.64596500
v 5.46518300 -0.08875200 -5.11521100
v -5.42873700 0.00000000 -5.58946500
v -5.35631000 -0.11981500 -5.27276400
v -5.56512500 -0.08875200 -5.11521200
v -5.42873700 0.00000000 -5.58946500
v -5.78243800 0.00000000 -5.64596500
v -5.56512500 0.08875200 -5.11521200
v -5.35631100 0.11981500 -5.27276400
v -5.03483200 0.08875200 -4.93767000
v -4.93018200 0.00000000 -4.89956200
v -4.93018200 0.00000000 -4.89956200
v -5.03483200 -0.08875200 -4.93767000
v -5.35631000 -0.11981500 -5.27276400
v 4.91416400 -0.15975300 -4.32266100
v 4.07156800 -0.15975300 -3.41434800
v 4.00764900 -0.11981500 -4.41846500
v 4.91416400 -0.15975300 -4.32266100
v 4.65848700 -0.11981500 -4.58286100
v 4.93489300 -0.08875200 -4.93767000
v 4.91416400 -0.15975300 -4.32266100
v 5.30009400 -0.11981500 -5.27276300
v 5.46518300 -0.08875200 -5.11521100
v 5.16983900 -0.11981500 -4.06246100
v 4.13548700 -0.11981500 -2.41023000
v 4.07156800 -0.15975300 -3.41434800
v 4.91416300 0.15975300 -4.32266100
v 5.30009300 0.11981500 -5.27276300
v 4.93489300 0.08875200 -4.93767000
v 4.91416300 0.15975300 -4.32266100
v 4.65848900 0.11981500 -4.58286100
v 4.40000000 0.11981500 -4.51756913
v 4.91416300 0.15975300 -4.32266100
v 4.40000000 0.11981500 -4.51756913
v 4.40000000 0.13710068 -4.37699979
v 4.40000000 0.11981500 -4.51756913
v 4.00764900 0.11981500 -4.41846500
v 4.18236802 0.12751254 -4.40000000
v 4.40000000 0.11981500 -4.51756913
v 4.18236802 0.12751254 -4.40000000
v 4.40000000 0.13427237 -4.40000000
v 4.18236802 0.12751254 -4.40000000
v 4.40000000 0.13710068 -4.37699979
v 4.40000000 0.13427237 -4.40000000
v 4.07156700 0.15975300 -3.41434700
v 4.13402272 0.12072807 -2.43318523
v 4.30700738 0.12115767 -2.72140302
v 4.07156700 0.15975300 -3.41434700
v 4.30700738 0.12115767 -2.72140302
v 4.40000000 0.12830295 -3.06785789
v 4.07156700 0.15975300 -3.41434700
v 4.40000000 0.12830295 -3.06785789
v 4.40000000 0.14145479 -3.43214211
v 4.07156700 0.15975300 -3.41434700
v 4.40000000 0.14145479 -3.43214211
v 4.35921426 0.14929286 -3.58409416
v 4.40000000 0.11981500 -2.83275574
v 5.16983700 0.11981500 -4.06246100
v 4.40000000 0.14780971 -3.60816275
v 4.28953311 0.11981500 -2.65630057
v 4.40000000 0.11981500 -2.83275574
v 4.40000000 0.12830295 -3.06785789
v 4.13402272 0.12072807 -2.43318523
v 4.13548400 0.11981500 -2.41022900
v 4.28953311 0.11981500 -2.65630057
v 4.13402272 0.12072807 -2.43318523
v 4.28953311 0.11981500 -2.65630057
v 4.30700738 0.12115767 -2.72140302
v 4.40000000 0.14145479 -3.43214211
v 4.40000000 0.14780971 -3.60816275
v 4.35921426 0.14929286 -3.58409416
v 4.91416300 0.15975300 -4.32266100
v 5.16983700 0.11981500 -4.06246100
v 5.46518100 0.08875200 -5.11521100
v 5.25506300 0.00000000 -3.97572800
v 5.72621900 0.00000000 -5.64596500
v 5.46518100 0.08875200 -5.11521100
v 5.25506300 0.00000000 -3.97572800
v 5.16983700 0.11981500 -4.06246100
v 4.40000000 0.11981500 -2.83275574
v 5.25506300 0.00000000 -3.97572800
v 4.40000000 0.11981500 -2.83275574
v 4.40000000 0.09150705 -2.78009976
v 4.40000000 0.11981500 -2.83275574
v 4.28953311 0.11981500 -2.65630057
v 4.27635667 0.10473910 -2.60721021
v 4.40000000 0.11981500 -2.83275574
v 4.27635667 0.10473910 -2.60721021
v 4.40000000 0.09150705 -2.78009976
v 4.28953311 0.11981500 -2.65630057
v 4.13548400 0.11981500 -2.41022900
v 4.27635667 0.10473910 -2.60721021
v 5.25506300 0.00000000 -3.97572800
v 4.15679100 0.00000000 -2.07552400
v 4.13548700 -0.11981500 -2.41023000
v 5.25506300 0.00000000 -3.97572800
v 5.16983900 -0.11981500 -4.06246100
v 5.46518300 -0.08875200 -5.11521100
v 4.87396800 0.00000000 -4.89956200
v 4.93489300 -0.08875200 -4.93767000
v 4.65848700 -0.11981500 -4.58286100
v 4.57326300 0.00000000 -4.66959500
v 4.65848700 -0.11981500 -4.58286100
v 4.00764900 -0.11981500 -4.41846500
v 4.57326300 0.00000000 -4.66959500
v 4.40000000 0.00000000 -4.69426728
v 4.40000000 0.03670260 -4.59266703
v 4.14133597 0.00000000 -4.73110048
v 3.98634400 0.00000000 -4.75317100
v 3.99150017 0.02899726 -4.67216649
v 4.40000000 0.00000000 -4.69426728
v 4.14133597 0.00000000 -4.73110048
v 3.99150017 0.02899726 -4.67216649
v 4.40000000 0.00000000 -4.69426728
v 3.99150017 0.02899726 -4.67216649
v 4.00764900 0.11981500 -4.41846500
v 4.40000000 0.00000000 -4.69426728
v 4.00764900 0.11981500 -4.41846500
v 4.40000000 0.03670260 -4.59266703
v 4.65848900 0.11981500 -4.58286100
v 4.93489300 0.08875200 -4.93767000
v 4.87396800 0.00000000 -4.89956200
v -4.41115200 -0.15975300 -3.41434800
v -4.47507300 -0.11981500 -2.41023000
v -5.39470700 -0.11981500 -4.06246200
v -5.13903000 -0.15975300 -4.32266200
v -5.39470700 -0.11981500 -4.06246200
v -5.56512500 -0.08875200 -5.11521200
v -5.13903000 -0.15975300 -4.32266200
v -5.35631000 -0.11981500 -5.27276400
v -5.03483200 -0.08875200 -4.93767000
v -5.13903000 -0.15975300 -4.32266200
v -4.88335300 -0.11981500 -4.58286200
v -4.34723200 -0.11981500 -4.41846600
v -5.13903100 0.15975300 -4.32266100
v -4.53422413 0.15975300 -3.56792559
v -4.74945619 0.14010299 -4.36979780
v -4.53422413 0.15975300 -3.56792559
v -4.41115400 0.15975300 -3.41434700
v -4.40000000 0.15278395 -3.58956222
v -4.53422413 0.15975300 -3.56792559
v -4.40000000 0.15278395 -3.58956222
v -4.40000000 0.12247655 -4.41208043
v -4.53422413 0.15975300 -3.56792559
v -4.40000000 0.12247655 -4.41208043
v -4.74945619 0.14010299 -4.36979780
v -4.40000000 0.15278395 -3.58956222
v -4.34723300 0.11981500 -4.41846500
v -4.40000000 0.12247655 -4.41208043
v -5.13903100 0.15975300 -4.32266100
v -4.88335400 0.11981500 -4.58286100
v -5.03483200 0.08875200 -4.93767000
v -5.13903100 0.15975300 -4.32266100
v -5.35631100 0.11981500 -5.27276400
v -5.56512500 0.08875200 -5.11521200
v -4.49914202 0.11981500 -2.45347101
v -4.47507400 0.11981500 -2.41023000
v -4.47297650 0.12112554 -2.44317949
v -4.82382207 0.11981500 -3.03679675
v -4.49914202 0.11981500 -2.45347101
v -4.47297650 0.12112554 -2.44317949
v -4.82382207 0.11981500 -3.03679675
v -4.47297650 0.12112554 -2.44317949
v -4.45579294 0.13186205 -2.71311556
v -5.39470900 0.11981500 -4.06246200
v -4.82382207 0.11981500 -3.03679675
v -4.45579294 0.13186205 -2.71311556
v -5.39470900 0.11981500 -4.06246200
v -4.45579294 0.13186205 -2.71311556
v -4.44104851 0.14107454 -2.94473518
v -5.39470900 0.11981500 -4.06246200
v -4.44104851 0.14107454 -2.94473518
v -4.92686388 0.13881221 -3.75417478
v -4.44104851 0.14107454 -2.94473518
v -4.42684426 0.14994953 -3.16786931
v -4.51058890 0.15571537 -3.47986977
v -4.44104851 0.14107454 -2.94473518
v -4.51058890 0.15571537 -3.47986977
v -4.92686388 0.13881221 -3.75417478
v -4.42684426 0.14994953 -3.16786931
v -4.41115400 0.15975300 -3.41434700
v -4.51058890 0.15571537 -3.47986977
v -4.50904888 0.00000000 -2.10000000
v -4.49638000 0.00000000 -2.07552400
v -4.49482196 0.00876170 -2.10000000
v -4.74130870 0.00000000 -2.54872094
v -4.50904888 0.00000000 -2.10000000
v -4.49482196 0.00876170 -2.10000000
v -4.74130870 0.00000000 -2.54872094
v -4.49482196 0.00876170 -2.10000000
v -4.47507400 0.11981500 -2.41023000
v -4.74130870 0.00000000 -2.54872094
v -4.47507400 0.11981500 -2.41023000
v -4.50407484 0.11635707 -2.45541121
v -5.13609588 0.00000000 -3.31144122
v -4.74130870 0.00000000 -2.54872094
v -4.50407484 0.11635707 -2.45541121
v -5.13609588 0.00000000 -3.31144122
v -4.50407484 0.11635707 -2.45541121
v -4.94652113 0.06360176 -3.14471044
v -5.47993400 0.00000000 -3.97572900
v -5.13609588 0.00000000 -3.31144122
v -4.94652113 0.06360176 -3.14471044
v -5.47993400 0.00000000 -3.97572900
v -5.39470900 0.11981500 -4.06246200
v -5.49915840 0.10077623 -4.70770130
v -5.47993400 0.00000000 -3.97572900
v -5.49915840 0.10077623 -4.70770130
v -5.53970964 0.06227427 -4.77526561
v -5.49915840 0.10077623 -4.70770130
v -5.56512500 0.08875200 -5.11521200
v -5.53970964 0.06227427 -4.77526561
v -5.47993400 0.00000000 -3.97572900
v -5.78243800 0.00000000 -5.64596500
v -5.56512500 -0.08875200 -5.11521200
v -5.47993400 0.00000000 -3.97572900
v -5.39470700 -0.11981500 -4.06246200
v -4.47507300 -0.11981500 -2.41023000
v -4.79812700 0.00000000 -4.66959500
v -4.32592700 0.00000000 -4.75317100
v -4.34723200 -0.11981500 -4.41846600
v -4.88335300 -0.11981500 -4.58286200
v -5.03483200 -0.08875200 -4.93767000
v -4.93018200 0.00000000 -4.89956200
v -4.93018200 0.00000000 -4.89956200
v -5.03483200 0.08875200 -4.93767000
v -4.88335400 0.11981500 -4.58286100
v -4.82310295 0.03511204 -4.64417742
v -4.88335400 0.11981500 -4.58286100
v -4.79976504 0.11981500 -4.55722931
v -4.79812700 0.00000000 -4.66959500
v -4.82310295 0.03511204 -4.64417742
v -4.79976504 0.11981500 -4.55722931
v -4.79812700 0.00000000 -4.66959500
v -4.79976504 0.11981500 -4.55722931
v -4.40000000 0.11981500 -4.43464546
v -4.79812700 0.00000000 -4.66959500
v -4.40000000 0.11981500 -4.43464546
v -4.40000000 0.10579335 -4.44785412
v -4.40000000 0.11981500 -4.43464546
v -4.34723300 0.11981500 -4.41846500
v -4.40000000 0.10579335 -4.44785412
v 2.57292900 -0.15975300 -3.22301100
v 4.07156800 -0.15975300 -3.41434800
v 4.13548700 -0.11981500 -2.41023000
v 2.57292900 -0.15975300 -3.22301100
v 2.57292800 -0.11981500 -1.88734500
v 1.01408100 -0.11981500 -1.91868600
v 1.01408200 -0.15975300 -3.34837500
v 1.01408300 -0.11981500 -4.77806400
v 2.57292900 -0.11981500 -4.55867700
v 2.57292900 -0.15975300 -3.22301100
v 2.57292900 -0.11981500 -4.55867700
v 4.00764900 -0.11981500 -4.41846500
v 2.57292800 0.15975300 -3.22301100
v 4.07156700 0.15975300 -3.41434700
v 4.02365972 0.12981900 -4.16694511
v 2.57292800 0.15975300 -3.22301100
v 4.02365972 0.12981900 -4.16694511
v 3.88666707 0.12437539 -4.28742999
v 2.57292800 0.15975300 -3.22301100
v 3.88666707 0.12437539 -4.28742999
v 3.86202152 0.12386880 -4.29712367
v 4.00882441 0.12054943 -4.40000000
v 4.00764900 0.11981500 -4.41846500
v 3.98548828 0.12043188 -4.40000000
v 4.01931121 0.12710192 -4.23525789
v 4.00882441 0.12054943 -4.40000000
v 3.98548828 0.12043188 -4.40000000
v 4.01931121 0.12710192 -4.23525789
v 3.98548828 0.12043188 -4.40000000
v 3.86202152 0.12386880 -4.29712367
v 4.02365972 0.12981900 -4.16694511
v 4.01931121 0.12710192 -4.23525789
v 3.88666707 0.12437539 -4.28742999
v 2.57293000 0.11981500 -4.55867700
v 1.01408300 0.11981500 -4.77806400
v 1.01408100 0.15975300 -3.34837500
v 2.57292800 0.15975300 -3.22301100
v 1.01408100 0.15975300 -3.34837500
v 1.01408000 0.11981500 -1.91868500
v 2.57292800 0.15975300 -3.22301100
v 2.57292736 0.14698961 -2.79615848
v 2.59299262 0.14455356 -2.72140302
v 2.57292800 0.15975300 -3.22301100
v 2.59299262 0.14455356 -2.72140302
v 2.76987509 0.13397145 -2.42669090
v 2.57292800 0.15975300 -3.22301100
v 2.76987509 0.13397145 -2.42669090
v 3.01333293 0.12513295 -2.21257001
v 2.57292800 0.15975300 -3.22301100
v 3.01333293 0.12513295 -2.21257001
v 3.25764776 0.11981500 -2.11647517
v 2.57292800 0.15975300 -3.22301100
v 3.25764776 0.11981500 -2.11647517
v 4.09662076 0.11981500 -2.39722404
v 2.57292800 0.15975300 -3.22301100
v 4.09662076 0.11981500 -2.39722404
v 4.12035518 0.12020168 -2.41809844
v 4.11641476 0.11981500 -2.40384778
v 4.13548400 0.11981500 -2.41022900
v 4.12387039 0.12011184 -2.41626996
v 4.09662076 0.11981500 -2.39722404
v 4.11641476 0.11981500 -2.40384778
v 4.12387039 0.12011184 -2.41626996
v 4.09662076 0.11981500 -2.39722404
v 4.12387039 0.12011184 -2.41626996
v 4.12035518 0.12020168 -2.41809844
v 2.57292632 0.12617366 -2.10000000
v 2.57292600 0.11981500 -1.88734400
v 3.20841437 0.11981500 -2.10000000
v 2.57292675 0.13471918 -2.38579226
v 2.57292632 0.12617366 -2.10000000
v 3.20841437 0.11981500 -2.10000000
v 2.57292675 0.13471918 -2.38579226
v 3.20841437 0.11981500 -2.10000000
v 3.25764776 0.11981500 -2.11647517
v 2.57292707 0.14112145 -2.59990646
v 2.57292675 0.13471918 -2.38579226
v 3.01333293 0.12513295 -2.21257001
v 2.57292730 0.14575399 -2.75483478
v 2.57292707 0.14112145 -2.59990646
v 2.76987509 0.13397145 -2.42669090
v 2.57292736 0.14698961 -2.79615848
v 2.57292730 0.14575399 -2.75483478
v 2.59299262 0.14455356 -2.72140302
v 4.09662076 0.11981500 -2.39722404
v 3.25764776 0.11981500 -2.11647517
v 3.29953478 0.10912740 -2.10000000
v 4.09662076 0.11981500 -2.39722404
v 3.29953478 0.10912740 -2.10000000
v 3.60046522 0.07383097 -2.10000000
v 4.09662076 0.11981500 -2.39722404
v 3.60046522 0.07383097 -2.10000000
v 3.88666707 0.07971846 -2.21257001
v 4.15679100 0.00000000 -2.07552400
v 4.15235398 0.02495054 -2.14522371
v 4.13288333 0.00180855 -2.07268351
v 4.15235398 0.02495054 -2.14522371
v 4.13548400 0.11981500 -2.41022900
v 4.11641476 0.11981500 -2.40384778
v 4.15235398 0.02495054 -2.14522371
v 4.11641476 0.11981500 -2.40384778
v 3.90112801 0.01934020 -2.04514852
v 4.15235398 0.02495054 -2.14522371
v 3.90112801 0.01934020 -2.04514852
v 4.13288333 0.00180855 -2.07268351
v 4.11641476 0.11981500 -2.40384778
v 4.09662076 0.11981500 -2.39722404
v 3.66431631 0.03725435 -2.01701277
v 4.11641476 0.11981500 -2.40384778
v 3.66431631 0.03725435 -2.01701277
v 3.90112801 0.01934020 -2.04514852
v 3.27052329 0.06704370 -1.97022597
v 3.66431631 0.03725435 -2.01701277
v 3.88666707 0.07971846 -2.21257001
v 3.20841437 0.11981500 -2.10000000
v 2.57292600 0.11981500 -1.88734400
v 3.27052329 0.06704370 -1.97022597
v 3.20841437 0.11981500 -2.10000000
v 3.27052329 0.06704370 -1.97022597
v 3.60046522 0.07383097 -2.10000000
v 3.25764776 0.11981500 -2.11647517
v 3.20841437 0.11981500 -2.10000000
v 3.29953478 0.10912740 -2.10000000
v 2.57292600 0.11981500 -1.88734400
v 1.01408000 0.11981500 -1.91868500
v 1.01408000 0.00000000 -1.44212200
v 1.01408000 0.00000000 -1.44212200
v 1.01408100 -0.11981500 -1.91868600
v 2.57292800 -0.11981500 -1.88734500
v 2.57292800 -0.11981500 -1.88734500
v 4.13548700 -0.11981500 -2.41023000
v 4.15679100 0.00000000 -2.07552400
v 3.98634400 0.00000000 -4.75317100
v 4.00764900 -0.11981500 -4.41846500
v 2.57292900 -0.11981500 -4.55867700
v 2.57293000 0.00000000 -5.00389900
v 2.57292900 -0.11981500 -4.55867700
v 1.01408300 -0.11981500 -4.77806400
v 2.57293000 0.00000000 -5.00389900
v 1.01408300 0.00000000 -5.25462700
v 1.01408300 0.11981500 -4.77806400
v 2.57293000 0.11981500 -4.55867700
v 2.79651058 0.11981500 -4.53682695
v 2.81117499 0.09961899 -4.59146090
v 2.79651058 0.11981500 -4.53682695
v 3.03413477 0.11981500 -4.51360445
v 3.10514172 0.07469945 -4.63191243
v 2.79651058 0.11981500 -4.53682695
v 3.10514172 0.07469945 -4.63191243
v 2.81117499 0.09961899 -4.59146090
v 3.03413477 0.11981500 -4.51360445
v 3.24685846 0.11981500 -4.49281542
v 3.46063329 0.04456446 -4.68083014
v 3.03413477 0.11981500 -4.51360445
v 3.46063329 0.04456446 -4.68083014
v 3.10514172 0.07469945 -4.63191243
v 3.24685846 0.11981500 -4.49281542
v 3.47806482 0.11981500 -4.47022012
v 3.99150017 0.02899726 -4.67216649
v 3.24685846 0.11981500 -4.49281542
v 3.99150017 0.02899726 -4.67216649
v 3.98634400 0.00000000 -4.75317100
v 3.24685846 0.11981500 -4.49281542
v 3.98634400 0.00000000 -4.75317100
v 3.46063329 0.04456446 -4.68083014
v 3.47806482 0.11981500 -4.47022012
v 4.00764900 0.11981500 -4.41846500
v 3.99150017 0.02899726 -4.67216649
v 1.01408200 -0.15975300 -3.34837500
v 1.01408100 -0.11981500 -1.91868600
v -0.00913700 -0.11981500 -1.92913300
v -0.00913700 -0.11981500 -1.92913300
v -1.08628900 -0.11981500 -1.91868600
v -1.08628800 -0.15975300 -3.34837500
v -0.00913600 -0.15975300 -3.39016300
v -1.08628800 -0.15975300 -3.34837500
v -1.08628700 -0.11981500 -4.77806400
v -0.00913600 -0.15975300 -3.39016300
v -0.00913600 -0.11981500 -4.85119300
v 1.01408300 -0.11981500 -4.77806400
v -2.80693200 -0.15975300 -3.22301100
v -1.08628800 -0.15975300 -3.34837500
v -1.08628900 -0.11981500 -1.91868600
v -2.80693200 -0.15975300 -3.22301100
v -2.80693300 -0.11981500 -1.88734500
v -4.47507300 -0.11981500 -2.41023000
v -2.80693200 -0.15975300 -3.22301100
v -4.41115200 -0.15975300 -3.41434800
v -4.34723200 -0.11981500 -4.41846600
v -2.80693200 -0.11981500 -4.55867700
v -1.08628700 -0.11981500 -4.77806400
v -1.08628800 -0.15975300 -3.34837500
v -0.00913800 0.15975300 -3.39016300
v 1.01408100 0.15975300 -3.34837500
v 1.01408300 0.11981500 -4.77806400
v -0.00913800 0.15975300 -3.39016300
v -0.00913600 0.11981500 -4.85119300
v -1.08628700 0.11981500 -4.77806400
v -1.08628900 0.15975300 -3.34837500
v -1.08629000 0.11981500 -1.91868600
v -0.00913900 0.11981500 -1.92913200
v -0.00913900 0.11981500 -1.92913200
v 1.01408000 0.11981500 -1.91868500
v 1.01408100 0.15975300 -3.34837500
v -1.08628900 0.15975300 -3.34837500
v -1.08628700 0.11981500 -4.77806400
v -2.50000000 0.11981500 -4.59781168
v -1.08628900 0.15975300 -3.34837500
v -2.50000000 0.11981500 -4.59781168
v -2.50000000 0.12693923 -4.34278073
v -2.50000000 0.11981500 -4.59781168
v -2.80693200 0.11981500 -4.55867700
v -2.58134659 0.12505108 -4.40000000
v -2.50000000 0.11981500 -4.59781168
v -2.58134659 0.12505108 -4.40000000
v -2.50000000 0.12534082 -4.40000000
v -2.58134659 0.12505108 -4.40000000
v -2.50000000 0.12693923 -4.34278073
v -2.50000000 0.12534082 -4.40000000
v -2.80693400 0.15975300 -3.22301100
v -2.80693268 0.13335353 -4.10590120
v -3.01333293 0.12736381 -4.28742999
v -2.80693400 0.15975300 -3.22301100
v -3.01333293 0.12736381 -4.28742999
v -3.29953478 0.12321883 -4.40000000
v -2.80693400 0.15975300 -3.22301100
v -3.29953478 0.12321883 -4.40000000
v -3.60046522 0.12239973 -4.40000000
v -2.80693400 0.15975300 -3.22301100
v -3.60046522 0.12239973 -4.40000000
v -3.88666707 0.12498671 -4.28742999
v -2.80693400 0.15975300 -3.22301100
v -3.88666707 0.12498671 -4.28742999
v -4.02342489 0.12821093 -4.16715165
v -4.12995025 0.11981500 -4.43824402
v -4.34723300 0.11981500 -4.41846500
v -4.17180436 0.12436364 -4.28231165
v -3.89844758 0.11981500 -4.45931747
v -4.12995025 0.11981500 -4.43824402
v -4.17180436 0.12436364 -4.28231165
v -3.89844758 0.11981500 -4.45931747
v -4.17180436 0.12436364 -4.28231165
v -4.05779271 0.12731982 -4.19382514
v -3.66730568 0.11981500 -4.48035808
v -3.89844758 0.11981500 -4.45931747
v -4.05779271 0.12731982 -4.19382514
v -3.66730568 0.11981500 -4.48035808
v -4.05779271 0.12731982 -4.19382514
v -4.02342489 0.12821093 -4.16715165
v -3.31451100 0.11981500 -4.51247261
v -3.66730568 0.11981500 -4.48035808
v -3.88666707 0.12498671 -4.28742999
v -2.80693224 0.12455963 -4.40000000
v -2.80693200 0.11981500 -4.55867700
v -3.31451100 0.11981500 -4.51247261
v -2.80693224 0.12455963 -4.40000000
v -3.31451100 0.11981500 -4.51247261
v -3.60046522 0.12239973 -4.40000000
v -2.80693253 0.13035305 -4.20624779
v -2.80693224 0.12455963 -4.40000000
v -3.29953478 0.12321883 -4.40000000
v -2.80693268 0.13335353 -4.10590120
v -2.80693253 0.13035305 -4.20624779
v -3.01333293 0.12736381 -4.28742999
v -2.80693400 0.15975300 -3.22301100
v -4.40000000 0.15975300 -3.41301666
v -4.40000000 0.14612802 -3.06785789
v -2.80693400 0.15975300 -3.22301100
v -4.40000000 0.14612802 -3.06785789
v -4.30700738 0.13288969 -2.72140302
v -2.80693400 0.15975300 -3.22301100
v -4.30700738 0.13288969 -2.72140302
v -4.20053099 0.12638801 -2.54399775
v -4.47297650 0.12112554 -2.44317949
v -4.47507400 0.11981500 -2.41023000
v -4.43671838 0.12073330 -2.42891831
v -4.45579294 0.13186205 -2.71311556
v -4.47297650 0.12112554 -2.44317949
v -4.43671838 0.12073330 -2.42891831
v -4.45579294 0.13186205 -2.71311556
v -4.43671838 0.12073330 -2.42891831
v -4.24105437 0.12541781 -2.52425323
v -4.44104851 0.14107454 -2.94473518
v -4.45579294 0.13186205 -2.71311556
v -4.24105437 0.12541781 -2.52425323
v -4.44104851 0.14107454 -2.94473518
v -4.24105437 0.12541781 -2.52425323
v -4.20053099 0.12638801 -2.54399775
v -4.42684426 0.14994953 -3.16786931
v -4.44104851 0.14107454 -2.94473518
v -4.30700738 0.13288969 -2.72140302
v -4.40000000 0.15975300 -3.41301666
v -4.41115400 0.15975300 -3.41434700
v -4.42684426 0.14994953 -3.16786931
v -4.40000000 0.15975300 -3.41301666
v -4.42684426 0.14994953 -3.16786931
v -4.40000000 0.14612802 -3.06785789
v -2.80693400 0.15975300 -3.22301100
v -2.80693462 0.13496749 -2.39409709
v -2.76987509 0.13592190 -2.42669090
v -2.80693400 0.15975300 -3.22301100
v -2.76987509 0.13592190 -2.42669090
v -2.59299262 0.14463780 -2.72140302
v -2.80693400 0.15975300 -3.22301100
v -2.59299262 0.14463780 -2.72140302
v -2.51728868 0.15303002 -3.00344691
v -2.50000000 0.11981500 -1.89293572
v -1.08629000 0.11981500 -1.91868600
v -2.50000000 0.15262873 -2.99034132
v -2.80693497 0.12092107 -1.92433577
v -2.80693500 0.11981500 -1.88734500
v -2.50000000 0.11981500 -1.89293572
v -2.80693497 0.12092107 -1.92433577
v -2.50000000 0.11981500 -1.89293572
v -2.50000000 0.15262873 -2.99034132
v -2.80693497 0.12092107 -1.92433577
v -2.50000000 0.15262873 -2.99034132
v -2.51728868 0.15303002 -3.00344691
v -2.80693464 0.13409579 -2.36494426
v -2.80693497 0.12092107 -1.92433577
v -2.59299262 0.14463780 -2.72140302
v -2.80693462 0.13496749 -2.39409709
v -2.80693464 0.13409579 -2.36494426
v -2.76987509 0.13592190 -2.42669090
v -0.00913800 0.00000000 -1.44212200
v 1.01408000 0.00000000 -1.44212200
v 1.01408000 0.11981500 -1.91868500
v -0.00913800 0.00000000 -1.44212200
v -0.00913900 0.11981500 -1.92913200
v -1.08629000 0.11981500 -1.91868600
v -0.00913800 0.00000000 -1.44212200
v -1.08629000 0.00000000 -1.44212200
v -1.08628900 -0.11981500 -1.91868600
v -0.00913800 0.00000000 -1.44212200
v -0.00913700 -0.11981500 -1.92913300
v 1.01408100 -0.11981500 -1.91868600
v -1.08629000 0.00000000 -1.44212200
v -1.08629000 0.11981500 -1.91868600
v -2.50000000 0.11981500 -1.89293572
v -1.08629000 0.00000000 -1.44212200
v -2.50000000 0.11981500 -1.89293572
v -2.50000000 0.09844196 -1.80792448
v -2.50000000 0.11981500 -1.89293572
v -2.80693500 0.11981500 -1.88734500
v -2.50000000 0.09844196 -1.80792448
v -3.48535970 0.11981500 -2.10000000
v -3.91002463 0.11981500 -2.23311296
v -3.88666707 0.11517470 -2.21257001
v -3.48535970 0.11981500 -2.10000000
v -3.88666707 0.11517470 -2.21257001
v -3.60046522 0.10715197 -2.10000000
v -2.80693500 0.11981500 -1.88734500
v -2.81609321 0.11981500 -1.89021568
v -2.81657551 0.11913130 -1.88841881
v -2.81609321 0.11981500 -1.89021568
v -3.04819511 0.11981500 -1.96296897
v -3.07562145 0.10075983 -1.91727267
v -2.81609321 0.11981500 -1.89021568
v -3.07562145 0.10075983 -1.91727267
v -2.81657551 0.11913130 -1.88841881
v -3.04819511 0.11981500 -1.96296897
v -3.23172271 0.11981500 -2.02049645
v -3.31834883 0.08354566 -1.94430888
v -3.04819511 0.11981500 -1.96296897
v -3.31834883 0.08354566 -1.94430888
v -3.07562145 0.10075983 -1.91727267
v -3.23172271 0.11981500 -2.02049645
v -3.38194763 0.11981500 -2.06758506
v -3.61216392 0.06270837 -1.97703550
v -3.23172271 0.11981500 -2.02049645
v -3.61216392 0.06270837 -1.97703550
v -3.31834883 0.08354566 -1.94430888
v -3.38194763 0.11981500 -2.06758506
v -3.48535970 0.11981500 -2.10000000
v -4.49482196 0.00876170 -2.10000000
v -3.38194763 0.11981500 -2.06758506
v -4.49482196 0.00876170 -2.10000000
v -4.49638000 0.00000000 -2.07552400
v -3.38194763 0.11981500 -2.06758506
v -4.49638000 0.00000000 -2.07552400
v -3.61216392 0.06270837 -1.97703550
v -4.05220442 0.11981500 -2.27767980
v -4.47507400 0.11981500 -2.41023000
v -4.49482196 0.00876170 -2.10000000
v -4.05220442 0.11981500 -2.27767980
v -4.49482196 0.00876170 -2.10000000
v -3.60046522 0.10715197 -2.10000000
v -3.91002463 0.11981500 -2.23311296
v -4.05220442 0.11981500 -2.27767980
v -3.88666707 0.11517470 -2.21257001
v -4.49638000 0.00000000 -2.07552400
v -4.47507300 -0.11981500 -2.41023000
v -2.80693300 -0.11981500 -1.88734500
v -2.80693300 -0.11981500 -1.88734500
v -1.08628900 -0.11981500 -1.91868600
v -1.08629000 0.00000000 -1.44212200
v 1.01408300 0.00000000 -5.25462700
v 1.01408300 -0.11981500 -4.77806400
v -0.00913600 -0.11981500 -4.85119300
v -0.00913600 -0.11981500 -4.85119300
v -1.08628700 -0.11981500 -4.77806400
v -1.08628700 0.00000000 -5.25462700
v -1.08628700 0.00000000 -5.25462700
v -1.08628700 0.11981500 -4.77806400
v -0.00913600 0.11981500 -4.85119300
v -0.00913600 0.11981500 -4.85119300
v 1.01408300 0.11981500 -4.77806400
v 1.01408300 0.00000000 -5.25462700
v -2.80693200 0.00000000 -5.00389900
v -1.08628700 0.00000000 -5.25462700
v -1.08628700 -0.11981500 -4.77806400
v -2.80693200 -0.11981500 -4.55867700
v -4.34723200 -0.11981500 -4.41846600
v -4.32592700 0.00000000 -4.75317100
v -4.32592700 0.00000000 -4.75317100
v -4.34723300 0.11981500 -4.41846500
v -4.12995025 0.11981500 -4.43824402
v -4.32592700 0.00000000 -4.75317100
v -4.12995025 0.11981500 -4.43824402
v -4.05474019 0.02139062 -4.71844790
v -4.12995025 0.11981500 -4.43824402
v -3.89844758 0.11981500 -4.45931747
v -3.76517361 0.04423100 -4.68137144
v -4.12995025 0.11981500 -4.43824402
v -3.76517361 0.04423100 -4.68137144
v -4.05474019 0.02139062 -4.71844790
v -3.89844758 0.11981500 -4.45931747
v -3.66730568 0.11981500 -4.48035808
v -3.48023398 0.06670641 -4.64488742
v -3.89844758 0.11981500 -4.45931747
v -3.48023398 0.06670641 -4.64488742
v -3.76517361 0.04423100 -4.68137144
v -3.66730568 0.11981500 -4.48035808
v -3.31451100 0.11981500 -4.51247261
v -3.10123352 0.09660114 -4.59635973
v -3.66730568 0.11981500 -4.48035808
v -3.10123352 0.09660114 -4.59635973
v -3.48023398 0.06670641 -4.64488742
v -3.31451100 0.11981500 -4.51247261
v -2.80693200 0.11981500 -4.55867700
v -3.10123352 0.09660114 -4.59635973
v -2.50000000 0.11981500 -4.59781168
v -1.08628700 0.11981500 -4.77806400
v -2.50000000 0.02137283 -4.96361411
v -2.80693200 0.00000000 -5.00389900
v -2.80693200 0.07852271 -4.71211553
v -2.50000000 0.05656605 -4.83283921
v -2.80693200 0.00000000 -5.00389900
v -2.50000000 0.05656605 -4.83283921
v -2.50000000 0.02137283 -4.96361411
v -2.80693200 0.07852271 -4.71211553
v -2.80693200 0.11981500 -4.55867700
v -2.50000000 0.11981500 -4.59781168
v -2.80693200 0.07852271 -4.71211553
v -2.50000000 0.11981500 -4.59781168
v -2.50000000 0.05656605 -4.83283921
v 0.00000000 -0.98377500 -0.93041900
v 0.84304400 -0.64540500 -0.93041900
v 0.74868500 -0.69023200 0.00000000
v 0.00000000 -0.99072900 0.00000000
v 0.74868500 -0.69023200 0.00000000
v 0.51730300 -0.52899200 0.55555600
v 0.00000000 -0.99072900 0.00000000
v -0.00000000 -0.74768200 0.75000000
v -0.51730300 -0.52899200 0.55555500
v -0.74868400 -0.69023200 0.00000000
v -0.84304400 -0.64540500 -0.93042000
v 0.00000000 -0.98377500 -0.93041900
v 0.00000000 1.41324800 0.00000000
v 0.74868500 1.11275100 0.00000000
v 0.84304500 1.38481400 -0.93041900
v 0.00000000 1.41324800 0.00000000
v 0.00000000 1.72318400 -0.93041900
v -0.84304400 1.38481400 -0.93041900
v 0.00000000 1.41324800 0.00000000
v -0.74868500 1.11275100 0.00000000
v -0.51730300 0.71677800 0.55555500
v 0.00000000 1.41324800 0.00000000
v -0.00000000 0.85331200 0.75000000
v 0.51730300 0.71677800 0.55555600
v 0.74868500 -0.69023200 0.00000000
v 0.84304400 -0.64540500 -0.93041900
v 0.99824600 0.21125900 0.00000000
v 1.06030591 0.60000000 -0.93041900
v 0.84304500 1.38481400 -0.93041900
v 0.74868500 1.11275100 0.00000000
v 1.06030591 0.60000000 -0.93041900
v 0.74868500 1.11275100 0.00000000
v 1.00771760 0.60000000 -0.64204993
v 1.12405900 0.36970400 -0.93041900
v 1.06030591 0.60000000 -0.93041900
v 1.00771760 0.60000000 -0.64204993
v 0.89063041 0.60000000 0.00000000
v 0.74868500 1.11275100 0.00000000
v 0.51730300 0.71677800 0.55555600
v 0.89063041 0.60000000 0.00000000
v 0.51730300 0.71677800 0.55555600
v 0.62840379 0.60000000 0.42721915
v 0.99824600 0.21125900 0.00000000
v 0.89063041 0.60000000 0.00000000
v 0.62840379 0.60000000 0.42721915
v 0.99824600 0.21125900 0.00000000
v 0.66480900 0.05281500 0.75000000
v 0.51730300 -0.52899200 0.55555600
v -0.00000000 0.00000000 1.00000000
v -0.00000000 -0.74768200 0.75000000
v 0.51730300 -0.52899200 0.55555600
v 0.54324640 0.60000000 0.58975487
v 0.51730300 0.71677800 0.55555600
v 0.43302361 0.60000000 0.62796514
v -0.00000000 0.00000000 1.00000000
v 0.66480900 0.05281500 0.75000000
v 0.54324640 0.60000000 0.58975487
v -0.00000000 0.00000000 1.00000000
v 0.54324640 0.60000000 0.58975487
v 0.43302361 0.60000000 0.62796514
v 0.00000000 0.60000000 0.82421436
v -0.00000000 0.85331200 0.75000000
v -0.51730300 0.71677800 0.55555500
v 0.00000000 0.60000000 0.82421436
v -0.51730300 0.71677800 0.55555500
v -0.43302361 0.60000000 0.62796431
v -0.00000000 0.00000000 1.00000000
v 0.00000000 0.60000000 0.82421436
v -0.43302361 0.60000000 0.62796431
v -0.00000000 0.00000000 1.00000000
v -0.66480900 0.05281500 0.75000000
v -0.51730300 -0.52899200 0.55555500
v -0.99824600 0.21125900 0.00000000
v -0.74868400 -0.69023200 0.00000000
v -0.51730300 -0.52899200 0.55555500
v -0.54324640 0.60000000 0.58975404
v -0.51730300 0.71677800 0.55555500
v -0.62840379 0.60000000 0.42721838
v -0.99824600 0.21125900 0.00000000
v -0.66480900 0.05281500 0.75000000
v -0.54324640 0.60000000 0.58975404
v -0.99824600 0.21125900 0.00000000
v -0.54324640 0.60000000 0.58975404
v -0.62840379 0.60000000 0.42721838
v -0.74868500 1.11275100 0.00000000
v -0.84304400 1.38481400 -0.93041900
v -1.06030554 0.60000000 -0.93041900
v -0.74868500 1.11275100 0.00000000
v -1.06030554 0.60000000 -0.93041900
v -1.00771760 0.60000000 -0.64205062
v -1.06030568 0.60000000 -0.93041977
v -1.12405900 0.36970400 -0.93042000
v -1.00771760 0.60000000 -0.64205062
v -0.84304400 1.38481400 -0.93041900
v -1.06030568 0.60000000 -0.93041977
v -1.06030554 0.60000000 -0.93041900
v -0.99824600 0.21125900 0.00000000
v -1.12405900 0.36970400 -0.93042000
v -0.84304400 -0.64540500 -0.93042000
v 0.10868093 0.60000000 -10.18533638
v 0.11462300 0.42251900 -10.20491400
v 0.08067411 0.60000000 -10.23126554
v 0.00000100 1.02175000 -10.29388500
v 0.08850900 1.20250600 -10.11887500
v 0.10868093 0.60000000 -10.18533638
v 0.00000100 1.02175000 -10.29388500
v 0.10868093 0.60000000 -10.18533638
v 0.08067411 0.60000000 -10.23126554
v 0.00000100 0.42251900 -10.31553600
v 0.11462300 0.42251900 -10.20491400
v 0.08850800 -0.35746800 -10.11887600
v 0.00000100 0.42251900 -10.31553600
v 0.00000100 -0.63046300 -10.20491400
v -0.08850700 -0.35746800 -10.11887600
v -0.11462100 0.42251900 -10.20491400
v -0.10867893 0.60000000 -10.18533638
v -0.08067211 0.60000000 -10.23126554
v -0.10867893 0.60000000 -10.18533638
v -0.08850700 1.20250600 -10.11887500
v 0.00000100 1.02175000 -10.29388500
v -0.10867893 0.60000000 -10.18533638
v 0.00000100 1.02175000 -10.29388500
v -0.08067211 0.60000000 -10.23126554
v 0.00000100 1.65547600 -9.39891500
v 0.16337900 1.32586000 -9.39891500
v 0.12678100 1.47550200 -9.87304700
v 0.00000100 1.82649600 -9.87304800
v 0.12678100 1.47550200 -9.87304700
v 0.08850900 1.20250600 -10.11887500
v 0.00000100 1.82649600 -9.87304800
v 0.00000100 1.02175000 -10.29388500
v -0.08850700 1.20250600 -10.11887500
v -0.12677900 1.47550200 -9.87304900
v -0.16337700 1.32586000 -9.39891600
v 0.00000100 1.65547600 -9.39891500
v -0.16904000 0.42251900 -9.87304900
v -0.21430600 0.33701000 -9.39891600
v -0.20076116 0.60000000 -9.39891600
v -0.16904000 0.42251900 -9.87304900
v -0.20076116 0.60000000 -9.39891600
v -0.16792738 0.60000000 -9.77989525
v -0.20076116 0.60000000 -9.39891600
v -0.16337700 1.32586000 -9.39891600
v -0.16792738 0.60000000 -9.77989525
v -0.16904000 0.42251900 -9.87304900
v -0.16191688 0.60000000 -9.87304900
v -0.15071524 0.60000000 -9.92898512
v -0.16191688 0.60000000 -9.87304900
v -0.12677900 1.47550200 -9.87304900
v -0.08850700 1.20250600 -10.11887500
v -0.16191688 0.60000000 -9.87304900
v -0.08850700 1.20250600 -10.11887500
v -0.15071524 0.60000000 -9.92898512
v -0.16904000 0.42251900 -9.87304900
v -0.11462100 0.42251900 -10.20491400
v -0.08850700 -0.35746800 -10.11887600
v -0.12677900 -0.63046300 -9.87304900
v -0.15808200 -0.65184000 -9.39891600
v -0.21430600 0.33701000 -9.39891600
v 0.21430800 0.33701000 -9.39891600
v 0.15808300 -0.65184000 -9.39891600
v 0.12678100 -0.63046300 -9.87304900
v 0.16904100 0.42251900 -9.87304900
v 0.12678100 -0.63046300 -9.87304900
v 0.08850800 -0.35746800 -10.11887600
v 0.16904100 0.42251900 -9.87304900
v 0.11462300 0.42251900 -10.20491400
v 0.10868093 0.60000000 -10.18533638
v 0.16904100 0.42251900 -9.87304900
v 0.10868093 0.60000000 -10.18533638
v 0.15071646 0.60000000 -9.92898512
v 0.10868093 0.60000000 -10.18533638
v 0.08850900 1.20250600 -10.11887500
v 0.15071646 0.60000000 -9.92898512
v 0.16904100 0.42251900 -9.87304900
v 0.16191805 0.60000000 -9.87304866
v 0.16792858 0.60000000 -9.77989506
v 0.16191805 0.60000000 -9.87304866
v 0.12678100 1.47550200 -9.87304700
v 0.16337900 1.32586000 -9.39891500
v 0.16191805 0.60000000 -9.87304866
v 0.16337900 1.32586000 -9.39891500
v 0.16792858 0.60000000 -9.77989506
v 0.00000100 -0.98145700 -9.87304900
v 0.00000100 -0.98145700 -9.39891600
v -0.15808200 -0.65184000 -9.39891600
v -0.12677900 -0.63046300 -9.87304900
v -0.08850700 -0.35746800 -10.11887600
v 0.00000100 -0.63046300 -10.20491400
v 0.00000100 -0.63046300 -10.20491400
v 0.08850800 -0.35746800 -10.11887600
v 0.12678100 -0.63046300 -9.87304900
v 0.00000100 -0.98145700 -9.87304900
v 0.12678100 -0.63046300 -9.87304900
v 0.15808300 -0.65184000 -9.39891600
v 0.13254822 0.60000000 -8.16123400
v 0.34550000 0.47201900 -8.16123400
v 0.31111100 0.60000000 -8.38256552
v 0.00000100 0.67965900 -8.16123400
v 0.13254822 0.60000000 -8.16123400
v 0.31111100 0.60000000 -8.38256552
v 0.00000100 0.67965900 -8.16123400
v 0.31111100 0.60000000 -8.38256552
v 0.23669800 0.87693300 -8.86149600
v 0.00000100 1.14241800 -8.86149700
v 0.23669800 0.87693300 -8.86149600
v 0.16337900 1.32586000 -9.39891500
v 0.00000100 1.14241800 -8.86149700
v 0.00000100 1.65547600 -9.39891500
v -0.16337700 1.32586000 -9.39891600
v -0.31110968 0.60000000 -8.38256615
v -0.34549900 0.47201900 -8.16123400
v -0.13254660 0.60000000 -8.16123400
v -0.23669600 0.87693300 -8.86149800
v -0.31110968 0.60000000 -8.38256615
v -0.13254660 0.60000000 -8.16123400
v -0.23669600 0.87693300 -8.86149800
v -0.13254660 0.60000000 -8.16123400
v 0.00000100 0.67965900 -8.16123400
v -0.30147400 0.08048000 -8.86149800
v -0.43852200 -0.15089900 -8.16123400
v -0.34549900 0.47201900 -8.16123400
v -0.20076116 0.60000000 -9.39891600
v -0.21430600 0.33701000 -9.39891600
v -0.22521190 0.60000000 -9.13714616
v -0.23669600 0.87693300 -8.86149800
v -0.16337700 1.32586000 -9.39891600
v -0.20076116 0.60000000 -9.39891600
v -0.23669600 0.87693300 -8.86149800
v -0.20076116 0.60000000 -9.39891600
v -0.22521190 0.60000000 -9.13714616
v -0.30147400 0.08048000 -8.86149800
v -0.21430600 0.33701000 -9.39891600
v -0.15808200 -0.65184000 -9.39891600
v -0.21551400 -0.71597300 -8.86149800
v -0.31228500 -0.77381800 -8.16123400
v -0.43852200 -0.15089900 -8.16123400
v 0.43852400 -0.15089900 -8.16123400
v 0.31228600 -0.77381800 -8.16123400
v 0.21551600 -0.71597300 -8.86149800
v 0.30147500 0.08048000 -8.86149700
v 0.21551600 -0.71597300 -8.86149800
v 0.15808300 -0.65184000 -9.39891600
v 0.21430800 0.33701000 -9.39891600
v 0.20076316 0.60000000 -9.39891573
v 0.22521390 0.60000000 -9.13714518
v 0.20076316 0.60000000 -9.39891573
v 0.16337900 1.32586000 -9.39891500
v 0.23669800 0.87693300 -8.86149600
v 0.20076316 0.60000000 -9.39891573
v 0.23669800 0.87693300 -8.86149600
v 0.22521390 0.60000000 -9.13714518
v 0.30147500 0.08048000 -8.86149700
v 0.25922147 0.60000000 -8.86149635
v 0.31111100 0.60000000 -8.38256552
v 0.30147500 0.08048000 -8.86149700
v 0.31111100 0.60000000 -8.38256552
v 0.34550000 0.47201900 -8.16123400
v 0.25922147 0.60000000 -8.86149635
v 0.23669800 0.87693300 -8.86149600
v 0.31111100 0.60000000 -8.38256552
v 0.00000100 -0.98145700 -8.16123400
v -0.31228500 -0.77381800 -8.16123400
v -0.21551400 -0.71597300 -8.86149800
v -0.21551400 -0.71597300 -8.86149800
v -0.15808200 -0.65184000 -9.39891600
v 0.00000100 -0.98145700 -9.39891600
v 0.00000100 -0.98145700 -9.39891600
v 0.15808300 -0.65184000 -9.39891600
v 0.21551600 -0.71597300 -8.86149800
v 0.21551600 -0.71597300 -8.86149800
v 0.31228600 -0.77381800 -8.16123400
v 0.00000100 -0.98145700 -8.16123400
v 0.00000100 0.65953900 -7.19856900
v 0.00000100 0.87834300 -6.15483900
v 0.63391500 0.64586800 -6.15484000
v 0.14180497 0.60000000 -7.19856871
v 0.48854700 0.45441400 -7.19856800
v 0.34550000 0.47201900 -8.16123400
v 0.14180497 0.60000000 -7.19856871
v 0.34550000 0.47201900 -8.16123400
v 0.10969951 0.60000000 -7.50422232
v 0.00000100 0.65953900 -7.19856900
v 0.14180497 0.60000000 -7.19856871
v 0.10969951 0.60000000 -7.50422232
v -0.13254660 0.60000000 -8.16123400
v -0.34549900 0.47201900 -8.16123400
v -0.10969783 0.60000000 -7.50422232
v 0.00000100 0.65953900 -7.19856900
v 0.00000100 0.67965900 -8.16123400
v -0.13254660 0.60000000 -8.16123400
v 0.00000100 0.65953900 -7.19856900
v -0.13254660 0.60000000 -8.16123400
v -0.10969783 0.60000000 -7.50422232
v -0.14180326 0.60000000 -7.19856900
v -0.48854600 0.45441400 -7.19856900
v -0.59908715 0.60000000 -6.40489360
v 0.00000100 0.65953900 -7.19856900
v -0.14180326 0.60000000 -7.19856900
v -0.59908715 0.60000000 -6.40489360
v 0.00000100 0.65953900 -7.19856900
v -0.59908715 0.60000000 -6.40489360
v -0.63391400 0.64586800 -6.15484000
v -0.83587200 -0.05155700 -6.15484000
v -0.64719630 0.60000000 -6.15484000
v -0.59908715 0.60000000 -6.40489360
v -0.83587200 -0.05155700 -6.15484000
v -0.59908715 0.60000000 -6.40489360
v -0.48854600 0.45441400 -7.19856900
v -0.64719630 0.60000000 -6.15484000
v -0.63391400 0.64586800 -6.15484000
v -0.59908715 0.60000000 -6.40489360
v -0.48854600 0.45441400 -7.19856900
v -0.34549900 0.47201900 -8.16123400
v -0.43852200 -0.15089900 -8.16123400
v -0.43852200 -0.15089900 -8.16123400
v -0.31228500 -0.77381800 -8.16123400
v -0.46160100 -0.77633300 -7.19856900
v -0.63343100 -0.16095900 -7.19856900
v -0.46160100 -0.77633300 -7.19856900
v -0.61989400 -0.74898200 -6.15484000
v 0.63343300 -0.16095900 -7.19856900
v 0.83587300 -0.05155700 -6.15484000
v 0.61989500 -0.74898200 -6.15484000
v 0.46160200 -0.77633300 -7.19856900
v 0.31228600 -0.77381800 -8.16123400
v 0.43852400 -0.15089900 -8.16123400
v 0.43852400 -0.15089900 -8.16123400
v 0.34550000 0.47201900 -8.16123400
v 0.48854700 0.45441400 -7.19856800
v 0.48854700 0.45441400 -7.19856800
v 0.59908815 0.60000000 -6.40489336
v 0.64719730 0.60000000 -6.15484000
v 0.48854700 0.45441400 -7.19856800
v 0.64719730 0.60000000 -6.15484000
v 0.83587300 -0.05155700 -6.15484000
v 0.59908815 0.60000000 -6.40489336
v 0.63391500 0.64586800 -6.15484000
v 0.64719730 0.60000000 -6.15484000
v 0.00000100 -0.98145700 -6.15484000
v -0.61989400 -0.74898200 -6.15484000
v -0.46160100 -0.77633300 -7.19856900
v 0.00000100 -0.98145700 -7.19856900
v -0.46160100 -0.77633300 -7.19856900
v -0.31228500 -0.77381800 -8.16123400
v 0.00000100 -0.98145700 -7.19856900
v 0.00000100 -0.98145700 -8.16123400
v 0.31228600 -0.77381800 -8.16123400
v 0.46160200 -0.77633300 -7.19856900
v 0.61989500 -0.74898200 -6.15484000
v 0.00000100 -0.98145700 -6.15484000
v 0.00000100 1.13235700 -5.21138000
v 0.00000100 1.38888700 -4.30705100
v 0.82838400 1.09259400 -4.30705000
v 0.74968000 0.86813100 -5.21138000
v 0.63391500 0.64586800 -6.15484000
v 0.00000100 0.87834300 -6.15483900
v 0.00000100 0.87834300 -6.15483900
v -0.63391400 0.64586800 -6.15484000
v -0.74967900 0.86813100 -5.21138100
v 0.00000100 1.13235700 -5.21138000
v -0.74967900 0.86813100 -5.21138100
v -0.82838300 1.09259400 -4.30705100
v -1.10322900 0.20371500 -4.30705100
v -0.98069562 0.60000000 -4.30705100
v -0.89235725 0.60000000 -4.84643057
v -0.98069562 0.60000000 -4.30705100
v -0.82838300 1.09259400 -4.30705100
v -0.74967900 0.86813100 -5.21138100
v -0.98069562 0.60000000 -4.30705100
v -0.74967900 0.86813100 -5.21138100
v -0.89235725 0.60000000 -4.84643057
v -0.99551600 0.07545000 -5.21138100
v -0.83283543 0.60000000 -5.21138100
v -0.66299085 0.60000000 -6.07897532
v -0.83283543 0.60000000 -5.21138100
v -0.74967900 0.86813100 -5.21138100
v -0.63391400 0.64586800 -6.15484000
v -0.83283543 0.60000000 -5.21138100
v -0.63391400 0.64586800 -6.15484000
v -0.66299085 0.60000000 -6.07897532
v -0.83587200 -0.05155700 -6.15484000
v -0.61989400 -0.74898200 -6.15484000
v -0.74359500 -0.71723000 -5.21138100
v -0.99551600 0.07545000 -5.21138100
v -0.74359500 -0.71723000 -5.21138100
v -0.82646000 -0.68516400 -4.30705100
v 0.99551700 0.07545000 -5.21138100
v 1.10323000 0.20371500 -4.30705100
v 0.82646100 -0.68516400 -4.30705100
v 0.74359600 -0.71723000 -5.21138100
v 0.61989500 -0.74898200 -6.15484000
v 0.83587300 -0.05155700 -6.15484000
v 0.99551700 0.07545000 -5.21138100
v 0.83587300 -0.05155700 -6.15484000
v 0.64719730 0.60000000 -6.15484000
v 0.99551700 0.07545000 -5.21138100
v 0.64719730 0.60000000 -6.15484000
v 0.66299185 0.60000000 -6.07897532
v 0.64719730 0.60000000 -6.15484000
v 0.63391500 0.64586800 -6.15484000
v 0.66299185 0.60000000 -6.07897532
v 0.98069662 0.60000000 -4.30705055
v 1.10323000 0.20371500 -4.30705100
v 0.89235825 0.60000000 -4.84642997
v 0.74968000 0.86813100 -5.21138000
v 0.82838400 1.09259400 -4.30705000
v 0.98069662 0.60000000 -4.30705055
v 0.74968000 0.86813100 -5.21138000
v 0.98069662 0.60000000 -4.30705055
v 0.89235825 0.60000000 -4.84642997
v 0.00000000 -0.98145700 -4.30705100
v -0.82646000 -0.68516400 -4.30705100
v -0.74359500 -0.71723000 -5.21138100
v 0.00000000 -0.98145700 -5.21138100
v -0.74359500 -0.71723000 -5.21138100
v -0.61989400 -0.74898200 -6.15484000
v 0.00000000 -0.98145700 -5.21138100
v 0.00000100 -0.98145700 -6.15484000
v 0.61989500 -0.74898200 -6.15484000
v 0.74359600 -0.71723000 -5.21138100
v 0.82646100 -0.68516400 -4.30705100
v 0.00000000 -0.98145700 -4.30705100
v 0.84304500 1.38481400 -0.93041900
v 0.87449800 1.47550200 -1.72167700
v 0.00000000 1.72318400 -0.93041900
v 0.87449800 1.47550200 -1.72167700
v 0.87151600 1.42928900 -2.49727300
v 0.00000000 1.77368100 -2.49727300
v 0.00000000 1.77368100 -2.49727300
v -0.87151500 1.42928900 -2.49727400
v -0.87449700 1.47550200 -1.72167800
v -0.87449700 1.47550200 -1.72167800
v -0.84304400 1.38481400 -0.93041900
v 0.00000000 1.72318400 -0.93041900
v 0.00000000 1.61523600 -3.38070600
v 0.00000000 1.77368100 -2.49727300
v 0.87151600 1.42928900 -2.49727300
v 0.86257100 1.29064900 -3.38070600
v 0.82838400 1.09259400 -4.30705000
v 0.00000100 1.38888700 -4.30705100
v 0.00000100 1.38888700 -4.30705100
v -0.82838300 1.09259400 -4.30705100
v -0.86257000 1.29064900 -3.38070700
v 0.00000000 1.61523600 -3.38070600
v -0.86257000 1.29064900 -3.38070700
v -0.87151500 1.42928900 -2.49727400
v -1.16599600 0.42251900 -1.72167800
v -1.12405900 0.36970400 -0.93042000
v -1.06030568 0.60000000 -0.93041977
v -1.16599600 0.42251900 -1.72167800
v -1.06030568 0.60000000 -0.93041977
v -1.10643231 0.60000000 -1.57574205
v -1.06030568 0.60000000 -0.93041977
v -0.84304400 1.38481400 -0.93041900
v -1.10643231 0.60000000 -1.57574205
v -1.16599600 0.42251900 -1.72167800
v -1.11686365 0.60000000 -1.72167800
v -1.11408267 0.60000000 -1.85840591
v -1.11686365 0.60000000 -1.72167800
v -0.87449700 1.47550200 -1.72167800
v -0.87151500 1.42928900 -2.49727400
v -1.11686365 0.60000000 -1.72167800
v -0.87151500 1.42928900 -2.49727400
v -1.11408267 0.60000000 -1.85840591
v -1.16196700 0.39611200 -2.49727400
v -0.87143500 -0.63706500 -2.49727400
v -0.87449700 -0.63046300 -1.72167800
v -0.87449700 -0.63046300 -1.72167800
v -0.84304400 -0.64540500 -0.93042000
v -1.12405900 0.36970400 -0.93042000
v -1.16196700 0.39611200 -2.49727400
v -1.10464896 0.60000000 -2.49727400
v -1.09372672 0.60000000 -2.69863111
v -1.10464896 0.60000000 -2.49727400
v -0.87151500 1.42928900 -2.49727400
v -0.86257000 1.29064900 -3.38070700
v -1.10464896 0.60000000 -2.49727400
v -0.86257000 1.29064900 -3.38070700
v -1.09372672 0.60000000 -2.69863111
v -1.14987900 0.31688900 -3.38070700
v -1.06634678 0.60000000 -3.38070700
v -1.03254180 0.60000000 -3.71879709
v -1.06634678 0.60000000 -3.38070700
v -0.86257000 1.29064900 -3.38070700
v -0.82838300 1.09259400 -4.30705100
v -1.06634678 0.60000000 -3.38070700
v -0.82838300 1.09259400 -4.30705100
v -1.03254180 0.60000000 -3.71879709
v -1.10322900 0.20371500 -4.30705100
v -0.82646000 -0.68516400 -4.30705100
v -0.86224800 -0.65687100 -3.38070700
v -1.14987900 0.31688900 -3.38070700
v -0.86224800 -0.65687100 -3.38070700
v -0.87143500 -0.63706500 -2.49727400
v 1.12405900 0.36970400 -0.93041900
v 0.84304400 -0.64540500 -0.93041900
v 0.87449800 -0.63046300 -1.72167800
v 0.87449800 -0.63046300 -1.72167800
v 0.87143500 -0.63706500 -2.49727400
v 1.16196800 0.39611200 -2.49727300
v 1.16599700 0.42251900 -1.72167700
v 1.16196800 0.39611200 -2.49727300
v 1.10464996 0.60000000 -2.49727300
v 1.16599700 0.42251900 -1.72167700
v 1.10464996 0.60000000 -2.49727300
v 1.11408367 0.60000000 -1.85840491
v 1.10464996 0.60000000 -2.49727300
v 0.87151600 1.42928900 -2.49727300
v 1.11408367 0.60000000 -1.85840491
v 1.16599700 0.42251900 -1.72167700
v 1.11686465 0.60000000 -1.72167700
v 1.10643331 0.60000000 -1.57574123
v 1.11686465 0.60000000 -1.72167700
v 0.87449800 1.47550200 -1.72167700
v 0.84304500 1.38481400 -0.93041900
v 1.11686465 0.60000000 -1.72167700
v 0.84304500 1.38481400 -0.93041900
v 1.10643331 0.60000000 -1.57574123
v 1.14987900 0.31688900 -3.38070600
v 1.16196800 0.39611200 -2.49727300
v 0.87143500 -0.63706500 -2.49727400
v 0.86224900 -0.65687100 -3.38070700
v 0.82646100 -0.68516400 -4.30705100
v 1.10323000 0.20371500 -4.30705100
v 1.14987900 0.31688900 -3.38070600
v 1.10323000 0.20371500 -4.30705100
v 0.98069662 0.60000000 -4.30705055
v 1.14987900 0.31688900 -3.38070600
v 0.98069662 0.60000000 -4.30705055
v 1.03254216 0.60000000 -3.71879609
v 0.98069662 0.60000000 -4.30705055
v 0.82838400 1.09259400 -4.30705000
v 1.03254216 0.60000000 -3.71879609
v 1.10464996 0.60000000 -2.49727300
v 1.16196800 0.39611200 -2.49727300
v 1.09372772 0.60000000 -2.69863011
v 0.86257100 1.29064900 -3.38070600
v 0.87151600 1.42928900 -2.49727300
v 1.10464996 0.60000000 -2.49727300
v 0.86257100 1.29064900 -3.38070600
v 1.10464996 0.60000000 -2.49727300
v 1.09372772 0.60000000 -2.69863011
v 0.00000000 -0.98145800 -1.72167800
v 0.00000000 -0.98145800 -2.49727400
v 0.87143500 -0.63706500 -2.49727400
v 0.00000000 -0.98145800 -1.72167800
v 0.87449800 -0.63046300 -1.72167800
v 0.84304400 -0.64540500 -0.93041900
v 0.00000000 -0.98145800 -1.72167800
v 0.00000000 -0.98377500 -0.93041900
v -0.84304400 -0.64540500 -0.93042000
v 0.00000000 -0.98145800 -1.72167800
v -0.87449700 -0.63046300 -1.72167800
v -0.87143500 -0.63706500 -2.49727400
v 0.00000000 -0.98145800 -2.49727400
v -0.87143500 -0.63706500 -2.49727400
v -0.86224800 -0.65687100 -3.38070700
v 0.00000000 -0.98145700 -3.38070700
v -0.86224800 -0.65687100 -3.38070700
v -0.82646000 -0.68516400 -4.30705100
v 0.00000000 -0.98145700 -3.38070700
v 0.00000000 -0.98145700 -4.30705100
v 0.82646100 -0.68516400 -4.30705100
v 0.86224900 -0.65687100 -3.38070700
v 0.87143500 -0.63706500 -2.49727400
v 0.00000000 -0.98145800 -2.49727400
vt 0.74218750 0.69238281
vt 0.74218750 0.69238281
vt 0.74218750 0.69238281
vt 0.74218750 0.69238281
vt 0.74218750 0.69238281
vt 0.74218750 0.69238281
vt 0.74218750 0.69238281
vt 0.74218750 0.69238281
vt 0.74218750 0.69238281
vt 0.74218750 0.69238281
vt 0.74218750 0.69238281
vt 0.74218750 0.69238281
vt 0.74218750 0.69238281
vt 0.74218750 0.69238281
vt 0.74218750 0.69238281
vt 0.74218750 0.69238281
vt 0.74218750 0.69238281
vt 0.74218750 0.69238281
vt 0.74218750 0.69238281
vt 0.74218750 0.69238281
vt 0.74218750 0.69238281
vt 0.74218750 0.69238281
vt 0.74218750 0.69238281
vt 0.74218750 0.69238281
vt 0.74218750 0.69238281
vt 0.74218750 0.69238281
vt 0.74218750 0.69238281
vt 0.74218750 0.69238281
vt 0.74218750 0.69238281
vt 0.74218750 0.69238281
vt 0.74218750 0.69238281
vt 0.74218750 0.69238281
vt 0.74218750 0.69238281
vt 0.74218750 0.69238281
vt 0.74218750 0.69238281
vt 0.74218750 0.69238281
vt 0.74218750 0.69238281
vt 0.74218750 0.69238281
vt 0.74218750 0.69238281
vt 0.74218750 0.69238281
vt 0.74218750 0.69238281
vt 0.74218750 0.69238281
vt 0.74218750 0.69238281
vt 0.74218750 0.69238281
vt 0.74218750 0.69238281
vt 0.74218750 0.69238281
vt 0.74218750 0.69238281
vt 0.74218750 0.69238281
vt 0.74218750 0.69238281
vt 0.74218750 0.69238281
vt 0.74218750 0.69238281
vt 0.74218750 0.69238281
vt 0.74218750 0.69238281
vt 0.74218750 0.69238281
vt 0.74218750 0.69238281
vt 0.74218750 0.69238281
vt 0.74218750 0.69238281
vt 0.74218750 0.69238281
vt 0.74218750 0.69238281
vt 0.74218750 0.69238281
vt 0.74218750 0.69238281
vt 0.74218750 0.69238281
vt 0.74218750 0.69238281
vt 0.74218750 0.69238281
vt 0.74218750 0.69238281
vt 0.74218750 0.69238281
vt 0.74218750 0.69238281
vt 0.74218750 0.69238281
vt 0.74218750 0.69238281
vt 0.74218750 0.69238281
vt 0.74218750 0.69238281
vt 0.74218750 0.69238281
vt 0.74218750 0.69238281
vt 0.74218750 0.69238281
vt 0.74218750 0.69238281
vt 0.74218750 0.69238281
vt 0.74218750 0.69238281
vt 0.74218750 0.69238281
vt 0.74218750 0.69238281
vt 0.74218750 0.69238281
vt 0.74218750 0.69238281
vt 0.74218750 0.69238281
vt 0.74218750 0.69238281
vt 0.74218750 0.69238281
vt 0.74218750 0.69238281
vt 0.74218750 0.69238281
vt 0.74218750 0.69238281
vt 0.74218750 0.69238281
vt 0.74218750 0.69238281
vt 0.74218750 0.69238281
vt 0.74218750 0.69238281
vt 0.74218750 0.69238281
vt 0.74218750 0.69238281
vt 0.74218750 0.69238281
vt 0.74218750 0.69238281
vt 0.74218750 0.69238281
vt 0.74218750 0.69238281
vt 0.74218750 0.69238281
vt 0.74218750 0.69238281
vt 0.74218750 0.69238281
vt 0.74218750 0.69238281
vt 0.74218750 0.69238281
vt 0.74218750 0.69238281
vt 0.74218750 0.69238281
vt 0.74218750 0.69238281
vt 0.74218750 0.69238281
vt 0.74218750 0.69238281
vt 0.74218750 0.69238281
vt 0.74218750 0.69238281
vt 0.74218750 0.69238281
vt 0.74218750 0.69238281
vt 0.74218750 0.69238281
vt 0.74218750 0.69238281
vt 0.74218750 0.69238281
vt 0.74218750 0.69238281
vt 0.74218750 0.69238281
vt 0.74218750 0.69238281
vt 0.74218750 0.69238281
vt 0.74218750 0.69238281
vt 0.74218750 0.69238281
vt 0.74218750 0.69238281
vt 0.74218750 0.69238281
vt 0.74218750 0.69238281
vt 0.74218750 0.69238281
vt 0.74218750 0.69238281
vt 0.74218750 0.69238281
vt 0.74218750 0.69238281
vt 0.74218750 0.69238281
vt 0.74218750 0.69238281
vt 0.74218750 0.69238281
vt 0.74218750 0.69238281
vt 0.74218750 0.69238281
vt 0.74218750 0.69238281
vt 0.74218750 0.69238281
vt 0.74218750 0.69238281
vt 0.74218750 0.69238281
vt 0.74218750 0.69238281
vt 0.74218750 0.69238281
vt 0.74218750 0.69238281
vt 0.74218750 0.69238281
vt 0.74218750 0.69238281
vt 0.74218750 0.69238281
vt 0.74218750 0.69238281
vt 0.74218750 0.69238281
vt 0.74218750 0.69238281
vt 0.74218750 0.69238281
vt 0.74218750 0.69238281
vt 0.74218750 0.69238281
vt 0.74218750 0.69238281
vt 0.74218750 0.69238281
vt 0.74218750 0.69238281
vt 0.74218750 0.69238281
vt 0.74218750 0.69238281
vt 0.74218750 0.69238281
vt 0.74218750 0.69238281
vt 0.74218750 0.69238281
vt 0.74218750 0.69238281
vt 0.74218750 0.69238281
vt 0.74218750 0.69238281
vt 0.74218750 0.69238281
vt 0.74218750 0.69238281
vt 0.74218750 0.69238281
vt 0.74218750 0.69238281
vt 0.74218750 0.69238281
vt 0.74218750 0.69238281
vt 0.74218750 0.69238281
vt 0.74218750 0.69238281
vt 0.74218750 0.69238281
vt 0.74218750 0.69238281
vt 0.74218750 0.69238281
vt 0.74218750 0.69238281
vt 0.74218750 0.69238281
vt 0.74218750 0.69238281
vt 0.74218750 0.69238281
vt 0.74218750 0.69238281
vt 0.74218750 0.69238281
vt 0.74218750 0.69238281
vt 0.74218750 0.69238281
vt 0.74218750 0.69238281
vt 0.74218750 0.69238281
vt 0.74218750 0.69238281
vt 0.74218750 0.69238281
vt 0.74218750 0.69238281
vt 0.42317708 0.43847656
vt 0.42317708 0.43847656
vt 0.42317708 0.43847656
vt 0.42317708 0.43847656
vt 0.42317708 0.43847656
vt 0.42317708 0.43847656
vt 0.74218750 0.69238281
vt 0.74218750 0.69238281
vt 0.74218750 0.69238281
vt 0.42317708 0.43847656
vt 0.42317708 0.43847656
vt 0.42317708 0.43847656
vt 0.42317708 0.43847656
vt 0.42317708 0.43847656
vt 0.42317708 0.43847656
vt 0.42317708 0.43847656
vt 0.42317708 0.43847656
vt 0.42317708 0.43847656
vt 0.74218750 0.69238281
vt 0.74218750 0.69238281
vt 0.74218750 0.69238281
vt 0.74218750 0.69238281
vt 0.74218750 0.69238281
vt 0.74218750 0.69238281
vt 0.74218750 0.69238281
vt 0.74218750 0.69238281
vt 0.74218750 0.69238281
vt 0.74218750 0.69238281
vt 0.74218750 0.69238281
vt 0.74218750 0.69238281
vt 0.74218750 0.69238281
vt 0.74218750 0.69238281
vt 0.74218750 0.69238281
vt 0.74218750 0.69238281
vt 0.74218750 0.69238281
vt 0.74218750 0.69238281
vt 0.74218750 0.69238281
vt 0.74218750 0.69238281
vt 0.74218750 0.69238281
vt 0.74218750 0.69238281
vt 0.74218750 0.69238281
vt 0.74218750 0.69238281
vt 0.74218750 0.69238281
vt 0.74218750 0.69238281
vt 0.74218750 0.69238281
vt 0.74218750 0.69238281
vt 0.74218750 0.69238281
vt 0.74218750 0.69238281
vt 0.74218750 0.69238281
vt 0.74218750 0.69238281
vt 0.74218750 0.69238281
vt 0.74218750 0.69238281
vt 0.74218750 0.69238281
vt 0.74218750 0.69238281
vt 0.74218750 0.69238281
vt 0.74218750 0.69238281
vt 0.74218750 0.69238281
vt 0.74218750 0.69238281
vt 0.74218750 0.69238281
vt 0.74218750 0.69238281
vt 0.74218750 0.69238281
vt 0.74218750 0.69238281
vt 0.74218750 0.69238281
vt 0.74218750 0.69238281
vt 0.74218750 0.69238281
vt 0.74218750 0.69238281
vt 0.74218750 0.69238281
vt 0.74218750 0.69238281
vt 0.74218750 0.69238281
vt 0.74218750 0.69238281
vt 0.74218750 0.69238281
vt 0.74218750 0.69238281
vt 0.74218750 0.69238281
vt 0.74218750 0.69238281
vt 0.74218750 0.69238281
vt 0.74218750 0.69238281
vt 0.74218750 0.69238281
vt 0.74218750 0.69238281
vt 0.74218750 0.69238281
vt 0.74218750 0.69238281
vt 0.74218750 0.69238281
vt 0.74218750 0.69238281
vt 0.74218750 0.69238281
vt 0.74218750 0.69238281
vt 0.74218750 0.69238281
vt 0.74218750 0.69238281
vt 0.74218750 0.69238281
vt 0.74218750 0.69238281
vt 0.74218750 0.69238281
vt 0.74218750 0.69238281
vt 0.74218750 0.69238281
vt 0.74218750 0.69238281
vt 0.74218750 0.69238281
vt 0.74218750 0.69238281
vt 0.74218750 0.69238281
vt 0.74218750 0.69238281
vt 0.74218750 0.69238281
vt 0.74218750 0.69238281
vt 0.74218750 0.69238281
vt 0.74218750 0.69238281
vt 0.74218750 0.69238281
vt 0.74218750 0.69238281
vt 0.74218750 0.69238281
vt 0.74218750 0.69238281
vt 0.74218750 0.69238281
vt 0.74218750 0.69238281
vt 0.74218750 0.69238281
vt 0.74218750 0.69238281
vt 0.74218750 0.69238281
vt 0.74218750 0.69238281
vt 0.74218750 0.69238281
vt 0.74218750 0.69238281
vt 0.74218750 0.69238281
vt 0.74218750 0.69238281
vt 0.74218750 0.69238281
vt 0.74218750 0.69238281
vt 0.74218750 0.69238281
vt 0.74218750 0.69238281
vt 0.74218750 0.69238281
vt 0.74218750 0.69238281
vt 0.74218750 0.69238281
vt 0.74218750 0.69238281
vt 0.74218750 0.69238281
vt 0.74218750 0.69238281
vt 0.74218750 0.69238281
vt 0.74218750 0.69238281
vt 0.74218750 0.69238281
vt 0.74218750 0.69238281
vt 0.74218750 0.69238281
vt 0.74218750 0.69238281
vt 0.74218750 0.69238281
vt 0.74218750 0.69238281
vt 0.74218750 0.69238281
vt 0.74218750 0.69238281
vt 0.74218750 0.69238281
vt 0.74218750 0.69238281
vt 0.74218750 0.69238281
vt 0.74218750 0.69238281
vt 0.74218750 0.69238281
vt 0.74218750 0.69238281
vt 0.74218750 0.69238281
vt 0.74218750 0.69238281
vt 0.74218750 0.69238281
vt 0.74218750 0.69238281
vt 0.74218750 0.69238281
vt 0.74218750 0.69238281
vt 0.74218750 0.69238281
vt 0.74218750 0.69238281
vt 0.74218750 0.69238281
vt 0.74218750 0.69238281
vt 0.74218750 0.69238281
vt 0.74218750 0.69238281
vt 0.74218750 0.69238281
vt 0.74218750 0.69238281
vt 0.74218750 0.69238281
vt 0.74218750 0.69238281
vt 0.74218750 0.69238281
vt 0.74218750 0.69238281
vt 0.74218750 0.69238281
vt 0.74218750 0.69238281
vt 0.74218750 0.69238281
vt 0.74218750 0.69238281
vt 0.74218750 0.69238281
vt 0.74218750 0.69238281
vt 0.74218750 0.69238281
vt 0.74218750 0.69238281
vt 0.74218750 0.69238281
vt 0.74218750 0.69238281
vt 0.74218750 0.69238281
vt 0.74218750 0.69238281
vt 0.74218750 0.69238281
vt 0.74218750 0.69238281
vt 0.74218750 0.69238281
vt 0.74218750 0.69238281
vt 0.74218750 0.69238281
vt 0.74218750 0.69238281
vt 0.74218750 0.69238281
vt 0.74218750 0.69238281
vt 0.74218750 0.69238281
vt 0.74218750 0.69238281
vt 0.74218750 0.69238281
vt 0.74218750 0.69238281
vt 0.74218750 0.69238281
vt 0.74218750 0.69238281
vt 0.74218750 0.69238281
vt 0.74218750 0.69238281
vt 0.74218750 0.69238281
vt 0.74218750 0.69238281
vt 0.74218750 0.69238281
vt 0.74218750 0.69238281
vt 0.74218750 0.69238281
vt 0.74218750 0.69238281
vt 0.74218750 0.69238281
vt 0.74218750 0.69238281
vt 0.74218750 0.69238281
vt 0.74218750 0.69238281
vt 0.74218750 0.69238281
vt 0.74218750 0.69238281
vt 0.74218750 0.69238281
vt 0.74218750 0.69238281
vt 0.74218750 0.69238281
vt 0.42317708 0.43847656
vt 0.42317708 0.43847656
vt 0.42317708 0.43847656
vt 0.42317708 0.43847656
vt 0.42317708 0.43847656
vt 0.42317708 0.43847656
vt 0.74218750 0.69238281
vt 0.74218750 0.69238281
vt 0.74218750 0.69238281
vt 0.42317708 0.43847656
vt 0.42317708 0.43847656
vt 0.42317708 0.43847656
vt 0.42317708 0.43847656
vt 0.42317708 0.43847656
vt 0.42317708 0.43847656
vt 0.42317708 0.43847656
vt 0.42317708 0.43847656
vt 0.42317708 0.43847656
vt 0.42317708 0.43847656
vt 0.42317708 0.43847656
vt 0.42317708 0.43847656
vt 0.42317708 0.43847656
vt 0.42317708 0.43847656
vt 0.42317708 0.43847656
vt 0.42317708 0.43847656
vt 0.42317708 0.43847656
vt 0.42317708 0.43847656
vt 0.42317708 0.43847656
vt 0.42317708 0.43847656
vt 0.42317708 0.43847656
vt 0.42317708 0.43847656
vt 0.42317708 0.43847656
vt 0.42317708 0.43847656
vt 0.42317708 0.43847656
vt 0.42317708 0.43847656
vt 0.42317708 0.43847656
vt 0.42317708 0.43847656
vt 0.42317708 0.43847656
vt 0.42317708 0.43847656
vt 0.42317708 0.43847656
vt 0.42317708 0.43847656
vt 0.42317708 0.43847656
vt 0.42317708 0.43847656
vt 0.42317708 0.43847656
vt 0.42317708 0.43847656
vt 0.42317708 0.43847656
vt 0.42317708 0.43847656
vt 0.42317708 0.43847656
vt 0.42317708 0.43847656
vt 0.42317708 0.43847656
vt 0.42317708 0.43847656
vt 0.42317708 0.43847656
vt 0.42317708 0.43847656
vt 0.42317708 0.43847656
vt 0.42317708 0.43847656
vt 0.42317708 0.43847656
vt 0.42317708 0.43847656
vt 0.68500636 0.42550877
vt 0.68422981 0.46925438
vt 0.69290072 0.45029138
vt 0.68500636 0.42550877
vt 0.69290072 0.45029138
vt 0.69245856 0.44549104
vt 0.68500636 0.42550877
vt 0.69245856 0.44549104
vt 0.68796418 0.42994564
vt 0.42317708 0.43847656
vt 0.42317708 0.43847656
vt 0.42317708 0.43847656
vt 0.42317708 0.43847656
vt 0.42317708 0.43847656
vt 0.42317708 0.43847656
vt 0.42317708 0.43847656
vt 0.42317708 0.43847656
vt 0.42317708 0.43847656
vt 0.42317708 0.43847656
vt 0.42317708 0.43847656
vt 0.42317708 0.43847656
vt 0.42317708 0.43847656
vt 0.42317708 0.43847656
vt 0.42317708 0.43847656
vt 0.42317708 0.43847656
vt 0.42317708 0.43847656
vt 0.42317708 0.43847656
vt 0.42317708 0.43847656
vt 0.42317708 0.43847656
vt 0.42317708 0.43847656
vt 0.42317708 0.43847656
vt 0.42317708 0.43847656
vt 0.42317708 0.43847656
vt 0.42317708 0.43847656
vt 0.42317708 0.43847656
vt 0.42317708 0.43847656
vt 0.42317708 0.43847656
vt 0.42317708 0.43847656
vt 0.42317708 0.43847656
vt 0.68422981 0.46925438
vt 0.69346221 0.45638732
vt 0.69290072 0.45029138
vt 0.42317708 0.43847656
vt 0.42317708 0.43847656
vt 0.42317708 0.43847656
vt 0.42317708 0.43847656
vt 0.42317708 0.43847656
vt 0.42317708 0.43847656
vt 0.42317708 0.43847656
vt 0.42317708 0.43847656
vt 0.42317708 0.43847656
vt 0.42317708 0.43847656
vt 0.42317708 0.43847656
vt 0.42317708 0.43847656
vt 0.42317708 0.43847656
vt 0.42317708 0.43847656
vt 0.42317708 0.43847656
vt 0.42317708 0.43847656
vt 0.42317708 0.43847656
vt 0.42317708 0.43847656
vt 0.42317708 0.43847656
vt 0.42317708 0.43847656
vt 0.42317708 0.43847656
vt 0.42317708 0.43847656
vt 0.42317708 0.43847656
vt 0.42317708 0.43847656
vt 0.42317708 0.43847656
vt 0.42317708 0.43847656
vt 0.42317708 0.43847656
vt 0.42317708 0.43847656
vt 0.42317708 0.43847656
vt 0.42317708 0.43847656
vt 0.42317708 0.43847656
vt 0.42317708 0.43847656
vt 0.42317708 0.43847656
vt 0.42317708 0.43847656
vt 0.42317708 0.43847656
vt 0.42317708 0.43847656
vt 0.42317708 0.43847656
vt 0.42317708 0.43847656
vt 0.42317708 0.43847656
vt 0.42317708 0.43847656
vt 0.42317708 0.43847656
vt 0.42317708 0.43847656
vt 0.42317708 0.43847656
vt 0.42317708 0.43847656
vt 0.42317708 0.43847656
vt 0.42317708 0.43847656
vt 0.42317708 0.43847656
vt 0.42317708 0.43847656
vt 0.42317708 0.43847656
vt 0.42317708 0.43847656
vt 0.42317708 0.43847656
vt 0.42317708 0.43847656
vt 0.42317708 0.43847656
vt 0.42317708 0.43847656
vt 0.42317708 0.43847656
vt 0.42317708 0.43847656
vt 0.42317708 0.43847656
vt 0.42317708 0.43847656
vt 0.42317708 0.43847656
vt 0.42317708 0.43847656
vt 0.42317708 0.43847656
vt 0.42317708 0.43847656
vt 0.42317708 0.43847656
vt 0.42317708 0.43847656
vt 0.42317708 0.43847656
vt 0.42317708 0.43847656
vt 0.42317708 0.43847656
vt 0.42317708 0.43847656
vt 0.42317708 0.43847656
vt 0.42317708 0.43847656
vt 0.42317708 0.43847656
vt 0.42317708 0.43847656
vt 0.42317708 0.43847656
vt 0.42317708 0.43847656
vt 0.42317708 0.43847656
vt 0.42317708 0.43847656
vt 0.42317708 0.43847656
vt 0.42317708 0.43847656
vt 0.42317708 0.43847656
vt 0.42317708 0.43847656
vt 0.42317708 0.43847656
vt 0.42317708 0.43847656
vt 0.42317708 0.43847656
vt 0.42317708 0.43847656
vt 0.42317708 0.43847656
vt 0.42317708 0.43847656
vt 0.42317708 0.43847656
vt 0.42317708 0.43847656
vt 0.42317708 0.43847656
vt 0.42317708 0.43847656
vt 0.42317708 0.43847656
vt 0.42317708 0.43847656
vt 0.42317708 0.43847656
vt 0.42317708 0.43847656
vt 0.42317708 0.43847656
vt 0.42317708 0.43847656
vt 0.42317708 0.43847656
vt 0.42317708 0.43847656
vt 0.42317708 0.43847656
vt 0.42317708 0.43847656
vt 0.42317708 0.43847656
vt 0.42317708 0.43847656
vt 0.42317708 0.43847656
vt 0.42317708 0.43847656
vt 0.42317708 0.43847656
vt 0.42317708 0.43847656
vt 0.42317708 0.43847656
vt 0.42317708 0.43847656
vt 0.42317708 0.43847656
vt 0.42317708 0.43847656
vt 0.42317708 0.43847656
vt 0.42317708 0.43847656
vt 0.42317708 0.43847656
vt 0.42317708 0.43847656
vt 0.42317708 0.43847656
vt 0.42317708 0.43847656
vt 0.42317708 0.43847656
vt 0.42317708 0.43847656
vt 0.42317708 0.43847656
vt 0.42317708 0.43847656
vt 0.42317708 0.43847656
vt 0.42317708 0.43847656
vt 0.42317708 0.43847656
vt 0.42317708 0.43847656
vt 0.42317708 0.43847656
vt 0.42317708 0.43847656
vt 0.42317708 0.43847656
vt 0.42317708 0.43847656
vt 0.42317708 0.43847656
vt 0.42317708 0.43847656
vt 0.42317708 0.43847656
vt 0.42317708 0.43847656
vt 0.42317708 0.43847656
vt 0.42317708 0.43847656
vt 0.42317708 0.43847656
vt 0.42317708 0.43847656
vt 0.42317708 0.43847656
vt 0.42317708 0.43847656
vt 0.42317708 0.43847656
vt 0.42317708 0.43847656
vt 0.42317708 0.43847656
vt 0.42317708 0.43847656
vt 0.42317708 0.43847656
vt 0.42317708 0.43847656
vt 0.42317708 0.43847656
vt 0.42317708 0.43847656
vt 0.42317708 0.43847656
vt 0.42317708 0.43847656
vt 0.42317708 0.43847656
vt 0.42317708 0.43847656
vt 0.42317708 0.43847656
vt 0.42317708 0.43847656
vt 0.42317708 0.43847656
vt 0.42317708 0.43847656
vt 0.42317708 0.43847656
vt 0.42317708 0.43847656
vt 0.42317708 0.43847656
vt 0.42317708 0.43847656
vt 0.42317708 0.43847656
vt 0.42317708 0.43847656
vt 0.42317708 0.43847656
vt 0.42317708 0.43847656
vt 0.42317708 0.43847656
vt 0.42317708 0.43847656
vt 0.42317708 0.43847656
vt 0.42317708 0.43847656
vt 0.42317708 0.43847656
vt 0.42317708 0.43847656
vt 0.42317708 0.43847656
vt 0.42317708 0.43847656
vt 0.42317708 0.43847656
vt 0.42317708 0.43847656
vt 0.42317708 0.43847656
vt 0.42317708 0.43847656
vt 0.42317708 0.43847656
vt 0.42317708 0.43847656
vt 0.42317708 0.43847656
vt 0.42317708 0.43847656
vt 0.42317708 0.43847656
vt 0.42317708 0.43847656
vt 0.42317708 0.43847656
vt 0.42317708 0.43847656
vt 0.42317708 0.43847656
vt 0.63818857 0.49562951
vt 0.68047673 0.41947349
vt 0.67282189 0.41605343
vt 0.63818857 0.49562951
vt 0.67282189 0.41605343
vt 0.66366201 0.41909718
vt 0.63818857 0.49562951
vt 0.66366201 0.41909718
vt 0.65462290 0.42862891
vt 0.63818857 0.49562951
vt 0.65462290 0.42862891
vt 0.64659727 0.44370388
vt 0.63818857 0.49562951
vt 0.64659727 0.44370388
vt 0.64037532 0.46282749
vt 0.63818857 0.49562951
vt 0.64037532 0.46282749
vt 0.63955273 0.46742244
vt 0.42317708 0.43847656
vt 0.42317708 0.43847656
vt 0.42317708 0.43847656
vt 0.42317708 0.43847656
vt 0.42317708 0.43847656
vt 0.42317708 0.43847656
vt 0.42317708 0.43847656
vt 0.42317708 0.43847656
vt 0.42317708 0.43847656
vt 0.42317708 0.43847656
vt 0.42317708 0.43847656
vt 0.42317708 0.43847656
vt 0.42317708 0.43847656
vt 0.42317708 0.43847656
vt 0.42317708 0.43847656
vt 0.42317708 0.43847656
vt 0.42317708 0.43847656
vt 0.42317708 0.43847656
vt 0.42317708 0.43847656
vt 0.42317708 0.43847656
vt 0.42317708 0.43847656
vt 0.63656555 0.48410890
vt 0.63599053 0.49602419
vt 0.63818857 0.49562951
vt 0.63656555 0.48410890
vt 0.63818857 0.49562951
vt 0.63955273 0.46742244
vt 0.42317708 0.43847656
vt 0.42317708 0.43847656
vt 0.42317708 0.43847656
vt 0.42317708 0.43847656
vt 0.42317708 0.43847656
vt 0.42317708 0.43847656
vt 0.42317708 0.43847656
vt 0.42317708 0.43847656
vt 0.42317708 0.43847656
vt 0.42317708 0.43847656
vt 0.42317708 0.43847656
vt 0.42317708 0.43847656
vt 0.42317708 0.43847656
vt 0.42317708 0.43847656
vt 0.42317708 0.43847656
vt 0.42317708 0.43847656
vt 0.42317708 0.43847656
vt 0.42317708 0.43847656
vt 0.42317708 0.43847656
vt 0.42317708 0.43847656
vt 0.42317708 0.43847656
vt 0.42317708 0.43847656
vt 0.42317708 0.43847656
vt 0.42317708 0.43847656
vt 0.42317708 0.43847656
vt 0.42317708 0.43847656
vt 0.42317708 0.43847656
vt 0.63818857 0.49562951
vt 0.63580147 0.49994202
vt 0.63553550 0.50545336
vt 0.63818857 0.49562951
vt 0.63553550 0.50545336
vt 0.63698061 0.52060659
vt 0.42317708 0.43847656
vt 0.42317708 0.43847656
vt 0.42317708 0.43847656
vt 0.42317708 0.43847656
vt 0.42317708 0.43847656
vt 0.42317708 0.43847656
vt 0.42317708 0.43847656
vt 0.42317708 0.43847656
vt 0.42317708 0.43847656
vt 0.42317708 0.43847656
vt 0.42317708 0.43847656
vt 0.42317708 0.43847656
vt 0.42317708 0.43847656
vt 0.42317708 0.43847656
vt 0.42317708 0.43847656
vt 0.42317708 0.43847656
vt 0.42317708 0.43847656
vt 0.42317708 0.43847656
vt 0.42317708 0.43847656
vt 0.42317708 0.43847656
vt 0.42317708 0.43847656
vt 0.42317708 0.43847656
vt 0.42317708 0.43847656
vt 0.42317708 0.43847656
vt 0.42317708 0.43847656
vt 0.42317708 0.43847656
vt 0.42317708 0.43847656
vt 0.42317708 0.43847656
vt 0.42317708 0.43847656
vt 0.42317708 0.43847656
vt 0.42317708 0.43847656
vt 0.42317708 0.43847656
vt 0.42317708 0.43847656
vt 0.63818857 0.49562951
vt 0.68276433 0.52702615
vt 0.68308524 0.52642625
vt 0.63818857 0.49562951
vt 0.68308524 0.52642625
vt 0.68322233 0.52600806
vt 0.63818857 0.49562951
vt 0.68322233 0.52600806
vt 0.68422981 0.46925438
vt 0.42317708 0.43847656
vt 0.42317708 0.43847656
vt 0.42317708 0.43847656
vt 0.42317708 0.43847656
vt 0.42317708 0.43847656
vt 0.42317708 0.43847656
vt 0.42317708 0.43847656
vt 0.42317708 0.43847656
vt 0.42317708 0.43847656
vt 0.42317708 0.43847656
vt 0.42317708 0.43847656
vt 0.42317708 0.43847656
vt 0.42317708 0.43847656
vt 0.42317708 0.43847656
vt 0.42317708 0.43847656
vt 0.42317708 0.43847656
vt 0.42317708 0.43847656
vt 0.42317708 0.43847656
vt 0.42317708 0.43847656
vt 0.42317708 0.43847656
vt 0.42317708 0.43847656
vt 0.42317708 0.43847656
vt 0.42317708 0.43847656
vt 0.42317708 0.43847656
vt 0.42317708 0.43847656
vt 0.42317708 0.43847656
vt 0.42317708 0.43847656
vt 0.42317708 0.43847656
vt 0.42317708 0.43847656
vt 0.42317708 0.43847656
vt 0.42317708 0.43847656
vt 0.42317708 0.43847656
vt 0.42317708 0.43847656
vt 0.42317708 0.43847656
vt 0.42317708 0.43847656
vt 0.42317708 0.43847656
vt 0.42317708 0.43847656
vt 0.42317708 0.43847656
vt 0.42317708 0.43847656
vt 0.42317708 0.43847656
vt 0.42317708 0.43847656
vt 0.42317708 0.43847656
vt 0.42317708 0.43847656
vt 0.42317708 0.43847656
vt 0.42317708 0.43847656
vt 0.42317708 0.43847656
vt 0.42317708 0.43847656
vt 0.42317708 0.43847656
vt 0.42317708 0.43847656
vt 0.42317708 0.43847656
vt 0.42317708 0.43847656
vt 0.42317708 0.43847656
vt 0.42317708 0.43847656
vt 0.42317708 0.43847656
vt 0.42317708 0.43847656
vt 0.42317708 0.43847656
vt 0.42317708 0.43847656
vt 0.42317708 0.43847656
vt 0.42317708 0.43847656
vt 0.42317708 0.43847656
vt 0.42317708 0.43847656
vt 0.42317708 0.43847656
vt 0.42317708 0.43847656
vt 0.42317708 0.43847656
vt 0.42317708 0.43847656
vt 0.42317708 0.43847656
vt 0.42317708 0.43847656
vt 0.42317708 0.43847656
vt 0.42317708 0.43847656
vt 0.42317708 0.43847656
vt 0.42317708 0.43847656
vt 0.42317708 0.43847656
vt 0.42317708 0.43847656
vt 0.42317708 0.43847656
vt 0.42317708 0.43847656
vt 0.42317708 0.43847656
vt 0.42317708 0.43847656
vt 0.42317708 0.43847656
vt 0.42317708 0.43847656
vt 0.42317708 0.43847656
vt 0.42317708 0.43847656
vt 0.42317708 0.43847656
vt 0.42317708 0.43847656
vt 0.42317708 0.43847656
vt 0.42317708 0.43847656
vt 0.42317708 0.43847656
vt 0.42317708 0.43847656
vt 0.42317708 0.43847656
vt 0.42317708 0.43847656
vt 0.42317708 0.43847656
vt 0.42317708 0.43847656
vt 0.42317708 0.43847656
vt 0.42317708 0.43847656
vt 0.42317708 0.43847656
vt 0.42317708 0.43847656
vt 0.42317708 0.43847656
vt 0.42317708 0.43847656
vt 0.42317708 0.43847656
vt 0.42317708 0.43847656
vt 0.42317708 0.43847656
vt 0.42317708 0.43847656
vt 0.42317708 0.43847656
vt 0.42317708 0.43847656
vt 0.42317708 0.43847656
vt 0.42317708 0.43847656
vt 0.42317708 0.43847656
vt 0.42317708 0.43847656
vt 0.42317708 0.43847656
vt 0.42317708 0.43847656
vt 0.42317708 0.43847656
vt 0.42317708 0.43847656
vt 0.42317708 0.43847656
vt 0.42317708 0.43847656
vt 0.42317708 0.43847656
vt 0.42317708 0.43847656
vt 0.42317708 0.43847656
vt 0.42317708 0.43847656
vt 0.42317708 0.43847656
vt 0.42317708 0.43847656
vt 0.42317708 0.43847656
vt 0.42317708 0.43847656
vt 0.42317708 0.43847656
vt 0.42317708 0.43847656
vt 0.42317708 0.43847656
vt 0.42317708 0.43847656
vt 0.42317708 0.43847656
vt 0.42317708 0.43847656
vt 0.42317708 0.43847656
vt 0.42317708 0.43847656
vt 0.42317708 0.43847656
vt 0.42317708 0.43847656
vt 0.42317708 0.43847656
vt 0.68693485 0.42840160
vt 0.68431549 0.48025227
vt 0.69368766 0.47583996
vt 0.68693485 0.42840160
vt 0.69368766 0.47583996
vt 0.69424550 0.46489126
vt 0.68693485 0.42840160
vt 0.69424550 0.46489126
vt 0.69245856 0.44549104
vt 0.68693485 0.42840160
vt 0.69245856 0.44549104
vt 0.68796418 0.42994564
vt 0.42317708 0.43847656
vt 0.42317708 0.43847656
vt 0.42317708 0.43847656
vt 0.42317708 0.43847656
vt 0.42317708 0.43847656
vt 0.42317708 0.43847656
vt 0.42317708 0.43847656
vt 0.42317708 0.43847656
vt 0.42317708 0.43847656
vt 0.42317708 0.43847656
vt 0.42317708 0.43847656
vt 0.42317708 0.43847656
vt 0.42317708 0.43847656
vt 0.42317708 0.43847656
vt 0.42317708 0.43847656
vt 0.42317708 0.43847656
vt 0.42317708 0.43847656
vt 0.42317708 0.43847656
vt 0.42317708 0.43847656
vt 0.42317708 0.43847656
vt 0.42317708 0.43847656
vt 0.42317708 0.43847656
vt 0.42317708 0.43847656
vt 0.42317708 0.43847656
vt 0.42317708 0.43847656
vt 0.42317708 0.43847656
vt 0.42317708 0.43847656
vt 0.68431549 0.48025227
vt 0.65011371 0.43709877
vt 0.64659727 0.44370388
vt 0.68431549 0.48025227
vt 0.64659727 0.44370388
vt 0.64037532 0.46282749
vt 0.68431549 0.48025227
vt 0.64037532 0.46282749
vt 0.63656555 0.48410890
vt 0.68431549 0.48025227
vt 0.63656555 0.48410890
vt 0.63651141 0.48523059
vt 0.42317708 0.43847656
vt 0.42317708 0.43847656
vt 0.42317708 0.43847656
vt 0.42317708 0.43847656
vt 0.42317708 0.43847656
vt 0.42317708 0.43847656
vt 0.42317708 0.43847656
vt 0.42317708 0.43847656
vt 0.42317708 0.43847656
vt 0.42317708 0.43847656
vt 0.42317708 0.43847656
vt 0.42317708 0.43847656
vt 0.42317708 0.43847656
vt 0.42317708 0.43847656
vt 0.42317708 0.43847656
vt 0.68431549 0.48025227
vt 0.64010358 0.53405292
vt 0.64190433 0.54018449
vt 0.68431549 0.48025227
vt 0.64190433 0.54018449
vt 0.64801899 0.54924149
vt 0.68431549 0.48025227
vt 0.64801899 0.54924149
vt 0.66048759 0.55269786
vt 0.68431549 0.48025227
vt 0.66048759 0.55269786
vt 0.66610802 0.55081845
vt 0.68431549 0.48025227
vt 0.66610802 0.55081845
vt 0.67509175 0.54136865
vt 0.68431549 0.48025227
vt 0.67509175 0.54136865
vt 0.68186797 0.52870173
vt 0.42317708 0.43847656
vt 0.42317708 0.43847656
vt 0.42317708 0.43847656
vt 0.42317708 0.43847656
vt 0.42317708 0.43847656
vt 0.42317708 0.43847656
vt 0.42317708 0.43847656
vt 0.42317708 0.43847656
vt 0.42317708 0.43847656
vt 0.42317708 0.43847656
vt 0.42317708 0.43847656
vt 0.42317708 0.43847656
vt 0.42317708 0.43847656
vt 0.42317708 0.43847656
vt 0.42317708 0.43847656
vt 0.42317708 0.43847656
vt 0.42317708 0.43847656
vt 0.42317708 0.43847656
vt 0.42317708 0.43847656
vt 0.42317708 0.43847656
vt 0.42317708 0.43847656
vt 0.42317708 0.43847656
vt 0.42317708 0.43847656
vt 0.42317708 0.43847656
vt 0.42317708 0.43847656
vt 0.42317708 0.43847656
vt 0.42317708 0.43847656
vt 0.42317708 0.43847656
vt 0.42317708 0.43847656
vt 0.42317708 0.43847656
vt 0.42317708 0.43847656
vt 0.42317708 0.43847656
vt 0.42317708 0.43847656
vt 0.68431549 0.48025227
vt 0.69244216 0.49017997
vt 0.69315798 0.48623573
vt 0.68431549 0.48025227
vt 0.69315798 0.48623573
vt 0.69368766 0.47583996
vt 0.42317708 0.43847656
vt 0.42317708 0.43847656
vt 0.42317708 0.43847656
vt 0.42317708 0.43847656
vt 0.42317708 0.43847656
vt 0.42317708 0.43847656
vt 0.42317708 0.43847656
vt 0.42317708 0.43847656
vt 0.42317708 0.43847656
vt 0.42317708 0.43847656
vt 0.42317708 0.43847656
vt 0.42317708 0.43847656
vt 0.42317708 0.43847656
vt 0.42317708 0.43847656
vt 0.42317708 0.43847656
vt 0.42317708 0.43847656
vt 0.42317708 0.43847656
vt 0.42317708 0.43847656
vt 0.42317708 0.43847656
vt 0.42317708 0.43847656
vt 0.42317708 0.43847656
vt 0.42317708 0.43847656
vt 0.42317708 0.43847656
vt 0.42317708 0.43847656
vt 0.42317708 0.43847656
vt 0.42317708 0.43847656
vt 0.42317708 0.43847656
vt 0.42317708 0.43847656
vt 0.42317708 0.43847656
vt 0.42317708 0.43847656
vt 0.42317708 0.43847656
vt 0.42317708 0.43847656
vt 0.42317708 0.43847656
vt 0.42317708 0.43847656
vt 0.42317708 0.43847656
vt 0.42317708 0.43847656
vt 0.42317708 0.43847656
vt 0.42317708 0.43847656
vt 0.42317708 0.43847656
vt 0.42317708 0.43847656
vt 0.42317708 0.43847656
vt 0.42317708 0.43847656
vt 0.42317708 0.43847656
vt 0.42317708 0.43847656
vt 0.42317708 0.43847656
vt 0.42317708 0.43847656
vt 0.42317708 0.43847656
vt 0.42317708 0.43847656
vt 0.42317708 0.43847656
vt 0.42317708 0.43847656
vt 0.42317708 0.43847656
vt 0.42317708 0.43847656
vt 0.42317708 0.43847656
vt 0.42317708 0.43847656
vt 0.42317708 0.43847656
vt 0.42317708 0.43847656
vt 0.42317708 0.43847656
vt 0.42317708 0.43847656
vt 0.42317708 0.43847656
vt 0.42317708 0.43847656
vt 0.42317708 0.43847656
vt 0.42317708 0.43847656
vt 0.42317708 0.43847656
vt 0.42317708 0.43847656
vt 0.42317708 0.43847656
vt 0.42317708 0.43847656
vt 0.42317708 0.43847656
vt 0.42317708 0.43847656
vt 0.42317708 0.43847656
vt 0.42317708 0.43847656
vt 0.42317708 0.43847656
vt 0.42317708 0.43847656
vt 0.42317708 0.43847656
vt 0.42317708 0.43847656
vt 0.42317708 0.43847656
vt 0.42317708 0.43847656
vt 0.42317708 0.43847656
vt 0.42317708 0.43847656
vt 0.42317708 0.43847656
vt 0.42317708 0.43847656
vt 0.42317708 0.43847656
vt 0.42317708 0.43847656
vt 0.42317708 0.43847656
vt 0.42317708 0.43847656
vt 0.42317708 0.43847656
vt 0.42317708 0.43847656
vt 0.42317708 0.43847656
vt 0.42317708 0.43847656
vt 0.42317708 0.43847656
vt 0.42317708 0.43847656
vt 0.42317708 0.43847656
vt 0.42317708 0.43847656
vt 0.42317708 0.43847656
vt 0.42317708 0.43847656
vt 0.42317708 0.43847656
vt 0.42317708 0.43847656
vt 0.42317708 0.43847656
vt 0.42317708 0.43847656
vt 0.42317708 0.43847656
vt 0.42317708 0.43847656
vt 0.42317708 0.43847656
vt 0.42317708 0.43847656
vt 0.42317708 0.43847656
vt 0.42317708 0.43847656
vt 0.42317708 0.43847656
vt 0.42317708 0.43847656
vt 0.42317708 0.43847656
vt 0.42317708 0.43847656
vt 0.42317708 0.43847656
vt 0.42317708 0.43847656
vt 0.42317708 0.43847656
vt 0.42317708 0.43847656
vt 0.42317708 0.43847656
vt 0.42317708 0.43847656
vt 0.42317708 0.43847656
vt 0.42317708 0.43847656
vt 0.42317708 0.43847656
vt 0.42317708 0.43847656
vt 0.42317708 0.43847656
vt 0.42317708 0.43847656
vt 0.29425958 0.32354027
vt 0.33559769 0.35902470
vt 0.29405258 0.34589604
vt 0.29425958 0.32354027
vt 0.25161213 0.37436523
vt 0.23336712 0.36222880
vt 0.42317708 0.43847656
vt 0.42317708 0.43847656
vt 0.42317708 0.43847656
vt 0.50000000 0.72405590
vt 0.81223889 0.69874037
vt 0.50000000 0.98000000
vt 0.50000000 0.72405590
vt 0.18776148 0.69874037
vt 0.22270926 0.45651558
vt 0.50000000 0.72405590
vt 0.30840630 0.10397050
vt 0.50000000 0.22553028
vt 0.50000000 0.72405590
vt 0.69159370 0.10397050
vt 0.77729074 0.45651558
vt 0.42317708 0.43847656
vt 0.42317708 0.43847656
vt 0.42317708 0.43847656
vt 0.87322874 0.02000000
vt 0.77729074 0.45651558
vt 0.82986312 0.02000000
vt 0.42317708 0.43847656
vt 0.42317708 0.43847656
vt 0.42317708 0.43847656
vt 0.42317708 0.43847656
vt 0.42317708 0.43847656
vt 0.42317708 0.43847656
vt 0.73274215 0.02000000
vt 0.69159370 0.10397050
vt 0.70120237 0.02000000
vt 0.37749433 0.42543960
vt 0.34752620 0.46977767
vt 0.34016155 0.47124433
vt 0.37749433 0.42543960
vt 0.34016155 0.47124433
vt 0.34907737 0.41435912
vt 0.37749433 0.42543960
vt 0.33559769 0.35902470
vt 0.35359112 0.34053623
vt 0.29337090 0.41951657
vt 0.33559769 0.35902470
vt 0.34907737 0.41435912
vt 0.66037912 0.02000000
vt 0.69159370 0.10397050
vt 0.50000000 0.22553028
vt 0.66037912 0.02000000
vt 0.50000000 0.22553028
vt 0.50000000 0.02000000
vt 0.29337090 0.41951657
vt 0.33060562 0.47314739
vt 0.29280460 0.48067543
vt 0.33962088 0.02000000
vt 0.30840630 0.10397050
vt 0.29879763 0.02000000
vt 0.29337090 0.41951657
vt 0.25458496 0.48828684
vt 0.24478877 0.49023774
vt 0.29337090 0.41951657
vt 0.24478877 0.49023774
vt 0.23664691 0.43584449
vt 0.29337090 0.41951657
vt 0.25161213 0.37436523
vt 0.29405258 0.34589604
vt 0.20672320 0.45848740
vt 0.25161213 0.37436523
vt 0.23664691 0.43584449
vt 0.26725785 0.02000000
vt 0.30840630 0.10397050
vt 0.22270926 0.45651558
vt 0.26725785 0.02000000
vt 0.22270926 0.45651558
vt 0.17013688 0.02000000
vt 0.20672320 0.45848740
vt 0.23720134 0.49174877
vt 0.21373284 0.49642250
vt 0.22270926 0.45651558
vt 0.12677126 0.02000000
vt 0.17013688 0.02000000
vt 0.42317708 0.43847656
vt 0.42317708 0.43847656
vt 0.42317708 0.43847656
vt 0.42317708 0.43847656
vt 0.42317708 0.43847656
vt 0.42317708 0.43847656
vt 0.42317708 0.43847656
vt 0.42317708 0.43847656
vt 0.42317708 0.43847656
vt 0.42317708 0.43847656
vt 0.42317708 0.43847656
vt 0.42317708 0.43847656
vt 0.42317708 0.43847656
vt 0.42317708 0.43847656
vt 0.42317708 0.43847656
vt 0.42317708 0.43847656
vt 0.42317708 0.43847656
vt 0.42317708 0.43847656
vt 0.42317708 0.43847656
vt 0.42317708 0.43847656
vt 0.42317708 0.43847656
vt 0.42317708 0.43847656
vt 0.42317708 0.43847656
vt 0.42317708 0.43847656
vt 0.42317708 0.43847656
vt 0.42317708 0.43847656
vt 0.42317708 0.43847656
vt 0.42317708 0.43847656
vt 0.42317708 0.43847656
vt 0.42317708 0.43847656
vt 0.42317708 0.43847656
vt 0.42317708 0.43847656
vt 0.42317708 0.43847656
vt 0.42317708 0.43847656
vt 0.42317708 0.43847656
vt 0.42317708 0.43847656
vt 0.42317708 0.43847656
vt 0.42317708 0.43847656
vt 0.42317708 0.43847656
vt 0.42317708 0.43847656
vt 0.42317708 0.43847656
vt 0.42317708 0.43847656
vt 0.42317708 0.43847656
vt 0.42317708 0.43847656
vt 0.42317708 0.43847656
vt 0.42317708 0.43847656
vt 0.42317708 0.43847656
vt 0.42317708 0.43847656
vt 0.42317708 0.43847656
vt 0.42317708 0.43847656
vt 0.42317708 0.43847656
vt 0.42317708 0.43847656
vt 0.42317708 0.43847656
vt 0.42317708 0.43847656
vt 0.42317708 0.43847656
vt 0.42317708 0.43847656
vt 0.42317708 0.43847656
vt 0.42317708 0.43847656
vt 0.42317708 0.43847656
vt 0.42317708 0.43847656
vt 0.42317708 0.43847656
vt 0.42317708 0.43847656
vt 0.42317708 0.43847656
vt 0.42317708 0.43847656
vt 0.42317708 0.43847656
vt 0.42317708 0.43847656
vt 0.42317708 0.43847656
vt 0.42317708 0.43847656
vt 0.42317708 0.43847656
vt 0.42317708 0.43847656
vt 0.42317708 0.43847656
vt 0.42317708 0.43847656
vt 0.42317708 0.43847656
vt 0.42317708 0.43847656
vt 0.42317708 0.43847656
vt 0.42317708 0.43847656
vt 0.42317708 0.43847656
vt 0.42317708 0.43847656
vt 0.42317708 0.43847656
vt 0.42317708 0.43847656
vt 0.42317708 0.43847656
vt 0.42317708 0.43847656
vt 0.42317708 0.43847656
vt 0.42317708 0.43847656
vt 0.42317708 0.43847656
vt 0.42317708 0.43847656
vt 0.42317708 0.43847656
vt 0.42317708 0.43847656
vt 0.42317708 0.43847656
vt 0.42317708 0.43847656
vt 0.42317708 0.43847656
vt 0.42317708 0.43847656
vt 0.42317708 0.43847656
vt 0.42317708 0.43847656
vt 0.42317708 0.43847656
vt 0.42317708 0.43847656
vt 0.42317708 0.43847656
vt 0.42317708 0.43847656
vt 0.42317708 0.43847656
vt 0.42317708 0.43847656
vt 0.42317708 0.43847656
vt 0.42317708 0.43847656
vt 0.42317708 0.43847656
vt 0.42317708 0.43847656
vt 0.42317708 0.43847656
vt 0.42317708 0.43847656
vt 0.42317708 0.43847656
vt 0.42317708 0.43847656
vt 0.42317708 0.43847656
vt 0.42317708 0.43847656
vt 0.42317708 0.43847656
vt 0.42317708 0.43847656
vt 0.42317708 0.43847656
vt 0.42317708 0.43847656
vt 0.42317708 0.43847656
vt 0.42317708 0.43847656
vt 0.42317708 0.43847656
vt 0.42317708 0.43847656
vt 0.42317708 0.43847656
vt 0.42317708 0.43847656
vt 0.42317708 0.43847656
vt 0.42317708 0.43847656
vt 0.42317708 0.43847656
vt 0.42317708 0.43847656
vt 0.42317708 0.43847656
vt 0.42317708 0.43847656
vt 0.42317708 0.43847656
vt 0.42317708 0.43847656
vt 0.42317708 0.43847656
vt 0.42317708 0.43847656
vt 0.42317708 0.43847656
vt 0.42317708 0.43847656
vt 0.42317708 0.43847656
vt 0.42317708 0.43847656
vt 0.42317708 0.43847656
vt 0.42317708 0.43847656
vt 0.42317708 0.43847656
vt 0.42317708 0.43847656
vt 0.42317708 0.43847656
vt 0.42317708 0.43847656
vt 0.42317708 0.43847656
vt 0.42317708 0.43847656
vt 0.42317708 0.43847656
vt 0.42317708 0.43847656
vt 0.42317708 0.43847656
vt 0.42317708 0.43847656
vt 0.42317708 0.43847656
vt 0.42317708 0.43847656
vt 0.42317708 0.43847656
vt 0.42317708 0.43847656
vt 0.42317708 0.43847656
vt 0.42317708 0.43847656
vt 0.42317708 0.43847656
vt 0.42317708 0.43847656
vt 0.42317708 0.43847656
vt 0.42317708 0.43847656
vt 0.42317708 0.43847656
vt 0.42317708 0.43847656
vt 0.42317708 0.43847656
vt 0.42317708 0.43847656
vt 0.42317708 0.43847656
vt 0.42317708 0.43847656
vt 0.42317708 0.43847656
vt 0.42317708 0.43847656
vt 0.42317708 0.43847656
vt 0.42317708 0.43847656
vt 0.42317708 0.43847656
vt 0.42317708 0.43847656
vt 0.42317708 0.43847656
vt 0.42317708 0.43847656
vt 0.42317708 0.43847656
vt 0.42317708 0.43847656
vt 0.42317708 0.43847656
vt 0.42317708 0.43847656
vt 0.42317708 0.43847656
vt 0.42317708 0.43847656
vt 0.42317708 0.43847656
vt 0.42317708 0.43847656
vt 0.42317708 0.43847656
vt 0.42317708 0.43847656
vt 0.42317708 0.43847656
vt 0.42317708 0.43847656
vt 0.42317708 0.43847656
vt 0.42317708 0.43847656
vt 0.42317708 0.43847656
vt 0.42317708 0.43847656
vt 0.42317708 0.43847656
vt 0.42317708 0.43847656
vt 0.42317708 0.43847656
vt 0.42317708 0.43847656
vt 0.42317708 0.43847656
vt 0.42317708 0.43847656
vt 0.42317708 0.43847656
vt 0.42317708 0.43847656
vt 0.42317708 0.43847656
vt 0.42317708 0.43847656
vt 0.42317708 0.43847656
vt 0.42317708 0.43847656
vt 0.42317708 0.43847656
vt 0.42317708 0.43847656
vt 0.42317708 0.43847656
vt 0.42317708 0.43847656
vt 0.42317708 0.43847656
vt 0.42317708 0.43847656
vt 0.42317708 0.43847656
vt 0.42317708 0.43847656
vt 0.42317708 0.43847656
vt 0.42317708 0.43847656
vt 0.42317708 0.43847656
vt 0.42317708 0.43847656
vt 0.42317708 0.43847656
vt 0.42317708 0.43847656
vt 0.42317708 0.43847656
vt 0.42317708 0.43847656
vt 0.42317708 0.43847656
vt 0.42317708 0.43847656
vt 0.42317708 0.43847656
vt 0.42317708 0.43847656
vt 0.42317708 0.43847656
vt 0.42317708 0.43847656
vt 0.42317708 0.43847656
vt 0.42317708 0.43847656
vt 0.42317708 0.43847656
vt 0.42317708 0.43847656
vt 0.42317708 0.43847656
vt 0.42317708 0.43847656
vt 0.42317708 0.43847656
vt 0.42317708 0.43847656
vt 0.42317708 0.43847656
vt 0.42317708 0.43847656
vt 0.42317708 0.43847656
vt 0.42317708 0.43847656
vt 0.42317708 0.43847656
vt 0.42317708 0.43847656
vt 0.42317708 0.43847656
vt 0.42317708 0.43847656
vt 0.42317708 0.43847656
vt 0.42317708 0.43847656
vt 0.42317708 0.43847656
vt 0.42317708 0.43847656
vt 0.42317708 0.43847656
vt 0.42317708 0.43847656
vt 0.42317708 0.43847656
vt 0.42317708 0.43847656
vt 0.42317708 0.43847656
vt 0.42317708 0.43847656
vt 0.42317708 0.43847656
vt 0.42317708 0.43847656
vt 0.42317708 0.43847656
vt 0.42317708 0.43847656
vt 0.42317708 0.43847656
vt 0.42317708 0.43847656
vt 0.42317708 0.43847656
vt 0.42317708 0.43847656
vt 0.42317708 0.43847656
vt 0.42317708 0.43847656
vt 0.42317708 0.43847656
vt 0.42317708 0.43847656
vt 0.42317708 0.43847656
vt 0.42317708 0.43847656
vt 0.42317708 0.43847656
vt 0.42317708 0.43847656
vt 0.42317708 0.43847656
vt 0.42317708 0.43847656
vt 0.42317708 0.43847656
vt 0.42317708 0.43847656
vt 0.42317708 0.43847656
vt 0.42317708 0.43847656
vt 0.42317708 0.43847656
vt 0.42317708 0.43847656
vt 0.42317708 0.43847656
vt 0.42317708 0.43847656
vt 0.42317708 0.43847656
vt 0.42317708 0.43847656
vt 0.42317708 0.43847656
vt 0.42317708 0.43847656
vt 0.42317708 0.43847656
vt 0.42317708 0.43847656
vt 0.42317708 0.43847656
vt 0.42317708 0.43847656
vt 0.42317708 0.43847656
vt 0.42317708 0.43847656
vt 0.42317708 0.43847656
vt 0.42317708 0.43847656
vt 0.42317708 0.43847656
vt 0.42317708 0.43847656
vt 0.42317708 0.43847656
vt 0.42317708 0.43847656
vt 0.42317708 0.43847656
vt 0.42317708 0.43847656
vt 0.42317708 0.43847656
vt 0.42317708 0.43847656
vt 0.42317708 0.43847656
vt 0.42317708 0.43847656
vt 0.42317708 0.43847656
vt 0.42317708 0.43847656
vt 0.42317708 0.43847656
vt 0.42317708 0.43847656
vt 0.42317708 0.43847656
vt 0.42317708 0.43847656
vt 0.42317708 0.43847656
vt 0.42317708 0.43847656
vt 0.42317708 0.43847656
vt 0.42317708 0.43847656
vt 0.42317708 0.43847656
vt 0.42317708 0.43847656
vt 0.42317708 0.43847656
vt 0.42317708 0.43847656
vt 0.42317708 0.43847656
vt 0.42317708 0.43847656
vt 0.42317708 0.43847656
vt 0.42317708 0.43847656
vt 0.42317708 0.43847656
vt 0.42317708 0.43847656
vt 0.42317708 0.43847656
vt 0.42317708 0.43847656
vt 0.42317708 0.43847656
vt 0.42317708 0.43847656
vt 0.42317708 0.43847656
vt 0.42317708 0.43847656
vt 0.42317708 0.43847656
vt 0.42317708 0.43847656
vt 0.42317708 0.43847656
vt 0.42317708 0.43847656
vt 0.42317708 0.43847656
vt 0.42317708 0.43847656
vt 0.42317708 0.43847656
vt 0.42317708 0.43847656
vt 0.42317708 0.43847656
vt 0.42317708 0.43847656
vt 0.42317708 0.43847656
vt 0.42317708 0.43847656
vt 0.42317708 0.43847656
vt 0.42317708 0.43847656
vt 0.42317708 0.43847656
vt 0.42317708 0.43847656
vt 0.42317708 0.43847656
vt 0.42317708 0.43847656
vt 0.42317708 0.43847656
vt 0.42317708 0.43847656
vt 0.42317708 0.43847656
vt 0.42317708 0.43847656
vt 0.42317708 0.43847656
vt 0.42317708 0.43847656
vt 0.42317708 0.43847656
vt 0.42317708 0.43847656
vt 0.42317708 0.43847656
vt 0.42317708 0.43847656
vt 0.42317708 0.43847656
vt 0.42317708 0.43847656
vt 0.42317708 0.43847656
vt 0.42317708 0.43847656
vt 0.42317708 0.43847656
vt 0.42317708 0.43847656
vt 0.42317708 0.43847656
vt 0.42317708 0.43847656
vt 0.42317708 0.43847656
vt 0.42317708 0.43847656
vt 0.42317708 0.43847656
vt 0.42317708 0.43847656
vt 0.42317708 0.43847656
vt 0.42317708 0.43847656
vt 0.42317708 0.43847656
vt 0.42317708 0.43847656
vt 0.42317708 0.43847656
vt 0.42317708 0.43847656
vt 0.42317708 0.43847656
vt 0.42317708 0.43847656
vt 0.42317708 0.43847656
vt 0.42317708 0.43847656
vt 0.42317708 0.43847656
vt 0.42317708 0.43847656
vt 0.42317708 0.43847656
vt 0.42317708 0.43847656
vt 0.42317708 0.43847656
vt 0.42317708 0.43847656
vt 0.42317708 0.43847656
vt 0.42317708 0.43847656
vt 0.42317708 0.43847656
vt 0.42317708 0.43847656
vt 0.42317708 0.43847656
vt 0.42317708 0.43847656
vt 0.42317708 0.43847656
vt 0.42317708 0.43847656
vt 0.42317708 0.43847656
vt 0.42317708 0.43847656
vt 0.42317708 0.43847656
vt 0.42317708 0.43847656
vt 0.42317708 0.43847656
vt 0.42317708 0.43847656
vt 0.42317708 0.43847656
vt 0.42317708 0.43847656
vt 0.42317708 0.43847656
vt 0.42317708 0.43847656
vt 0.42317708 0.43847656
vt 0.42317708 0.43847656
vt 0.42317708 0.43847656
vt 0.42317708 0.43847656
vt 0.42317708 0.43847656
vt 0.42317708 0.43847656
vt 0.42317708 0.43847656
vt 0.42317708 0.43847656
vt 0.42317708 0.43847656
vt 0.42317708 0.43847656
vt 0.42317708 0.43847656
vt 0.42317708 0.43847656
vt 0.42317708 0.43847656
vt 0.42317708 0.43847656
vt 0.42317708 0.43847656
vt 0.42317708 0.43847656
vt 0.42317708 0.43847656
vt 0.42317708 0.43847656
vt 0.42317708 0.43847656
vt 0.42317708 0.43847656
vt 0.42317708 0.43847656
vt 0.42317708 0.43847656
vt 0.42317708 0.43847656
vt 0.42317708 0.43847656
vt 0.42317708 0.43847656
vt 0.42317708 0.43847656
vt 0.42317708 0.43847656
vt 0.42317708 0.43847656
vt 0.42317708 0.43847656
vt 0.42317708 0.43847656
vt 0.42317708 0.43847656
vt 0.42317708 0.43847656
vt 0.42317708 0.43847656
vt 0.42317708 0.43847656
vt 0.42317708 0.43847656
vt 0.42317708 0.43847656
vt 0.42317708 0.43847656
vt 0.42317708 0.43847656
vt 0.42317708 0.43847656
vt 0.42317708 0.43847656
vt 0.42317708 0.43847656
vt 0.42317708 0.43847656
vt 0.42317708 0.43847656
vt 0.42317708 0.43847656
vt 0.42317708 0.43847656
vt 0.42317708 0.43847656
vt 0.42317708 0.43847656
vt 0.42317708 0.43847656
vt 0.42317708 0.43847656
vt 0.42317708 0.43847656
vt 0.42317708 0.43847656
vt 0.42317708 0.43847656
vt 0.42317708 0.43847656
vt 0.42317708 0.43847656
vt 0.42317708 0.43847656
vt 0.42317708 0.43847656
vt 0.42317708 0.43847656
vt 0.42317708 0.43847656
vt 0.42317708 0.43847656
vt 0.74218750 0.69238281
vt 0.74218750 0.69238281
vt 0.74218750 0.69238281
vt 0.74218750 0.69238281
vt 0.74218750 0.69238281
vt 0.74218750 0.69238281
vt 0.74218750 0.69238281
vt 0.74218750 0.69238281
vt 0.74218750 0.69238281
vt 0.74218750 0.69238281
vt 0.74218750 0.69238281
vt 0.74218750 0.69238281
vt 0.74218750 0.69238281
vt 0.74218750 0.69238281
vt 0.74218750 0.69238281
vt 0.74218750 0.69238281
vt 0.74218750 0.69238281
vt 0.74218750 0.69238281
vt 0.74218750 0.69238281
vt 0.74218750 0.69238281
vt 0.74218750 0.69238281
vt 0.74218750 0.69238281
vt 0.74218750 0.69238281
vt 0.74218750 0.69238281
vt 0.74218750 0.69238281
vt 0.74218750 0.69238281
vt 0.74218750 0.69238281
vt 0.74218750 0.69238281
vt 0.74218750 0.69238281
vt 0.74218750 0.69238281
vt 0.74218750 0.69238281
vt 0.74218750 0.69238281
vt 0.74218750 0.69238281
vt 0.74218750 0.69238281
vt 0.74218750 0.69238281
vt 0.74218750 0.69238281
vt 0.74218750 0.69238281
vt 0.74218750 0.69238281
vt 0.74218750 0.69238281
vt 0.74218750 0.69238281
vt 0.74218750 0.69238281
vt 0.74218750 0.69238281
vt 0.74218750 0.69238281
vt 0.74218750 0.69238281
vt 0.74218750 0.69238281
vt 0.74218750 0.69238281
vt 0.74218750 0.69238281
vt 0.74218750 0.69238281
vt 0.74218750 0.69238281
vt 0.74218750 0.69238281
vt 0.74218750 0.69238281
vt 0.74218750 0.69238281
vt 0.74218750 0.69238281
vt 0.74218750 0.69238281
vt 0.74218750 0.69238281
vt 0.74218750 0.69238281
vt 0.74218750 0.69238281
vt 0.74218750 0.69238281
vt 0.74218750 0.69238281
vt 0.74218750 0.69238281
vt 0.74218750 0.69238281
vt 0.74218750 0.69238281
vt 0.74218750 0.69238281
vt 0.74218750 0.69238281
vt 0.74218750 0.69238281
vt 0.74218750 0.69238281
vt 0.74218750 0.69238281
vt 0.74218750 0.69238281
vt 0.74218750 0.69238281
vt 0.74218750 0.69238281
vt 0.74218750 0.69238281
vt 0.74218750 0.69238281
vt 0.74218750 0.69238281
vt 0.74218750 0.69238281
vt 0.74218750 0.69238281
vt 0.74218750 0.69238281
vt 0.74218750 0.69238281
vt 0.74218750 0.69238281
vt 0.74218750 0.69238281
vt 0.74218750 0.69238281
vt 0.74218750 0.69238281
vt 0.74218750 0.69238281
vt 0.74218750 0.69238281
vt 0.74218750 0.69238281
vt 0.74218750 0.69238281
vt 0.74218750 0.69238281
vt 0.74218750 0.69238281
vt 0.74218750 0.69238281
vt 0.74218750 0.69238281
vt 0.74218750 0.69238281
vt 0.74218750 0.69238281
vt 0.74218750 0.69238281
vt 0.74218750 0.69238281
vt 0.74218750 0.69238281
vt 0.74218750 0.69238281
vt 0.74218750 0.69238281
vt 0.74218750 0.69238281
vt 0.74218750 0.69238281
vt 0.74218750 0.69238281
vt 0.74218750 0.69238281
vt 0.74218750 0.69238281
vt 0.74218750 0.69238281
vt 0.74218750 0.69238281
vt 0.74218750 0.69238281
vt 0.74218750 0.69238281
vt 0.74218750 0.69238281
vt 0.74218750 0.69238281
vt 0.74218750 0.69238281
vt 0.74218750 0.69238281
vt 0.74218750 0.69238281
vt 0.74218750 0.69238281
vt 0.74218750 0.69238281
vt 0.74218750 0.69238281
vt 0.74218750 0.69238281
vt 0.42317708 0.43847656
vt 0.42317708 0.43847656
vt 0.42317708 0.43847656
vt 0.42317708 0.43847656
vt 0.42317708 0.43847656
vt 0.42317708 0.43847656
vt 0.74218750 0.69238281
vt 0.74218750 0.69238281
vt 0.74218750 0.69238281
vt 0.74218750 0.69238281
vt 0.74218750 0.69238281
vt 0.74218750 0.69238281
vt 0.42317708 0.43847656
vt 0.42317708 0.43847656
vt 0.42317708 0.43847656
vt 0.42317708 0.43847656
vt 0.42317708 0.43847656
vt 0.42317708 0.43847656
vt 0.42317708 0.43847656
vt 0.42317708 0.43847656
vt 0.42317708 0.43847656
vt 0.74218750 0.69238281
vt 0.74218750 0.69238281
vt 0.74218750 0.69238281
vt 0.74218750 0.69238281
vt 0.74218750 0.69238281
vt 0.74218750 0.69238281
vt 0.74218750 0.69238281
vt 0.74218750 0.69238281
vt 0.74218750 0.69238281
vt 0.74218750 0.69238281
vt 0.74218750 0.69238281
vt 0.74218750 0.69238281
vt 0.74218750 0.69238281
vt 0.74218750 0.69238281
vt 0.74218750 0.69238281
vt 0.74218750 0.69238281
vt 0.74218750 0.69238281
vt 0.74218750 0.69238281
vt 0.74218750 0.69238281
vt 0.74218750 0.69238281
vt 0.74218750 0.69238281
vt 0.74218750 0.69238281
vt 0.74218750 0.69238281
vt 0.74218750 0.69238281
vt 0.74218750 0.69238281
vt 0.74218750 0.69238281
vt 0.74218750 0.69238281
vt 0.74218750 0.69238281
vt 0.74218750 0.69238281
vt 0.74218750 0.69238281
vt 0.74218750 0.69238281
vt 0.74218750 0.69238281
vt 0.74218750 0.69238281
vt 0.74218750 0.69238281
vt 0.74218750 0.69238281
vt 0.74218750 0.69238281
vt 0.74218750 0.69238281
vt 0.74218750 0.69238281
vt 0.74218750 0.69238281
vt 0.74218750 0.69238281
vt 0.74218750 0.69238281
vt 0.74218750 0.69238281
vt 0.74218750 0.69238281
vt 0.74218750 0.69238281
vt 0.74218750 0.69238281
vt 0.74218750 0.69238281
vt 0.74218750 0.69238281
vt 0.74218750 0.69238281
vt 0.74218750 0.69238281
vt 0.74218750 0.69238281
vt 0.74218750 0.69238281
vt 0.74218750 0.69238281
vt 0.74218750 0.69238281
vt 0.74218750 0.69238281
vt 0.74218750 0.69238281
vt 0.74218750 0.69238281
vt 0.74218750 0.69238281
vt 0.74218750 0.69238281
vt 0.74218750 0.69238281
vt 0.74218750 0.69238281
vt 0.74218750 0.69238281
vt 0.74218750 0.69238281
vt 0.74218750 0.69238281
vt 0.74218750 0.69238281
vt 0.74218750 0.69238281
vt 0.74218750 0.69238281
vt 0.74218750 0.69238281
vt 0.74218750 0.69238281
vt 0.74218750 0.69238281
vt 0.74218750 0.69238281
vt 0.74218750 0.69238281
vt 0.74218750 0.69238281
vt 0.74218750 0.69238281
vt 0.74218750 0.69238281
vt 0.74218750 0.69238281
vt 0.74218750 0.69238281
vt 0.74218750 0.69238281
vt 0.74218750 0.69238281
vt 0.74218750 0.69238281
vt 0.74218750 0.69238281
vt 0.74218750 0.69238281
vt 0.74218750 0.69238281
vt 0.74218750 0.69238281
vt 0.74218750 0.69238281
vt 0.74218750 0.69238281
vt 0.74218750 0.69238281
vt 0.74218750 0.69238281
vt 0.74218750 0.69238281
vt 0.74218750 0.69238281
vt 0.74218750 0.69238281
vt 0.74218750 0.69238281
vt 0.74218750 0.69238281
vt 0.74218750 0.69238281
vt 0.74218750 0.69238281
vt 0.74218750 0.69238281
vt 0.74218750 0.69238281
vt 0.74218750 0.69238281
vt 0.74218750 0.69238281
vt 0.74218750 0.69238281
vt 0.74218750 0.69238281
vt 0.74218750 0.69238281
vt 0.74218750 0.69238281
vt 0.74218750 0.69238281
vt 0.74218750 0.69238281
vt 0.74218750 0.69238281
vt 0.74218750 0.69238281
vt 0.74218750 0.69238281
vt 0.74218750 0.69238281
vt 0.74218750 0.69238281
vt 0.74218750 0.69238281
vt 0.74218750 0.69238281
vt 0.74218750 0.69238281
vt 0.74218750 0.69238281
vt 0.74218750 0.69238281
vt 0.42317708 0.43847656
vt 0.42317708 0.43847656
vt 0.42317708 0.43847656
vt 0.42317708 0.43847656
vt 0.42317708 0.43847656
vt 0.42317708 0.43847656
vt 0.74218750 0.69238281
vt 0.74218750 0.69238281
vt 0.74218750 0.69238281
vt 0.74218750 0.69238281
vt 0.74218750 0.69238281
vt 0.74218750 0.69238281
vt 0.42317708 0.43847656
vt 0.42317708 0.43847656
vt 0.42317708 0.43847656
vt 0.42317708 0.43847656
vt 0.42317708 0.43847656
vt 0.42317708 0.43847656
vt 0.42317708 0.43847656
vt 0.42317708 0.43847656
vt 0.42317708 0.43847656
vt 0.42317708 0.43847656
vt 0.42317708 0.43847656
vt 0.42317708 0.43847656
vt 0.42317708 0.43847656
vt 0.42317708 0.43847656
vt 0.42317708 0.43847656
vt 0.42317708 0.43847656
vt 0.42317708 0.43847656
vt 0.42317708 0.43847656
vt 0.42317708 0.43847656
vt 0.42317708 0.43847656
vt 0.42317708 0.43847656
vt 0.42317708 0.43847656
vt 0.42317708 0.43847656
vt 0.42317708 0.43847656
vt 0.42317708 0.43847656
vt 0.42317708 0.43847656
vt 0.42317708 0.43847656
vt 0.42317708 0.43847656
vt 0.42317708 0.43847656
vt 0.42317708 0.43847656
vt 0.42317708 0.43847656
vt 0.42317708 0.43847656
vt 0.42317708 0.43847656
vt 0.42317708 0.43847656
vt 0.42317708 0.43847656
vt 0.42317708 0.43847656
vt 0.42317708 0.43847656
vt 0.42317708 0.43847656
vt 0.42317708 0.43847656
vt 0.42317708 0.43847656
vt 0.42317708 0.43847656
vt 0.42317708 0.43847656
vt 0.42317708 0.43847656
vt 0.42317708 0.43847656
vt 0.42317708 0.43847656
vt 0.42317708 0.43847656
vt 0.42317708 0.43847656
vt 0.42317708 0.43847656
vt 0.42317708 0.43847656
vt 0.42317708 0.43847656
vt 0.42317708 0.43847656
vt 0.42317708 0.43847656
vt 0.42317708 0.43847656
vt 0.42317708 0.43847656
vt 0.42317708 0.43847656
vt 0.42317708 0.43847656
vt 0.42317708 0.43847656
vt 0.42317708 0.43847656
vt 0.42317708 0.43847656
vt 0.42317708 0.43847656
vt 0.42317708 0.43847656
vt 0.42317708 0.43847656
vt 0.42317708 0.43847656
vt 0.68422981 0.46925438
vt 0.68322233 0.52600806
vt 0.68931059 0.50743521
vt 0.68422981 0.46925438
vt 0.68931059 0.50743521
vt 0.69315798 0.48623573
vt 0.68422981 0.46925438
vt 0.69315798 0.48623573
vt 0.69424550 0.46489126
vt 0.68422981 0.46925438
vt 0.69424550 0.46489126
vt 0.69346221 0.45638732
vt 0.42317708 0.43847656
vt 0.42317708 0.43847656
vt 0.42317708 0.43847656
vt 0.42317708 0.43847656
vt 0.42317708 0.43847656
vt 0.42317708 0.43847656
vt 0.42317708 0.43847656
vt 0.42317708 0.43847656
vt 0.42317708 0.43847656
vt 0.42317708 0.43847656
vt 0.42317708 0.43847656
vt 0.42317708 0.43847656
vt 0.42317708 0.43847656
vt 0.42317708 0.43847656
vt 0.42317708 0.43847656
vt 0.42317708 0.43847656
vt 0.42317708 0.43847656
vt 0.42317708 0.43847656
vt 0.42317708 0.43847656
vt 0.42317708 0.43847656
vt 0.42317708 0.43847656
vt 0.42317708 0.43847656
vt 0.42317708 0.43847656
vt 0.42317708 0.43847656
vt 0.42317708 0.43847656
vt 0.42317708 0.43847656
vt 0.42317708 0.43847656
vt 0.42317708 0.43847656
vt 0.42317708 0.43847656
vt 0.42317708 0.43847656
vt 0.42317708 0.43847656
vt 0.42317708 0.43847656
vt 0.42317708 0.43847656
vt 0.42317708 0.43847656
vt 0.42317708 0.43847656
vt 0.42317708 0.43847656
vt 0.42317708 0.43847656
vt 0.42317708 0.43847656
vt 0.42317708 0.43847656
vt 0.42317708 0.43847656
vt 0.42317708 0.43847656
vt 0.42317708 0.43847656
vt 0.42317708 0.43847656
vt 0.42317708 0.43847656
vt 0.42317708 0.43847656
vt 0.42317708 0.43847656
vt 0.42317708 0.43847656
vt 0.42317708 0.43847656
vt 0.42317708 0.43847656
vt 0.42317708 0.43847656
vt 0.42317708 0.43847656
vt 0.42317708 0.43847656
vt 0.42317708 0.43847656
vt 0.42317708 0.43847656
vt 0.42317708 0.43847656
vt 0.42317708 0.43847656
vt 0.42317708 0.43847656
vt 0.42317708 0.43847656
vt 0.42317708 0.43847656
vt 0.42317708 0.43847656
vt 0.42317708 0.43847656
vt 0.42317708 0.43847656
vt 0.42317708 0.43847656
vt 0.42317708 0.43847656
vt 0.42317708 0.43847656
vt 0.42317708 0.43847656
vt 0.42317708 0.43847656
vt 0.42317708 0.43847656
vt 0.42317708 0.43847656
vt 0.42317708 0.43847656
vt 0.42317708 0.43847656
vt 0.42317708 0.43847656
vt 0.42317708 0.43847656
vt 0.42317708 0.43847656
vt 0.42317708 0.43847656
vt 0.42317708 0.43847656
vt 0.42317708 0.43847656
vt 0.42317708 0.43847656
vt 0.42317708 0.43847656
vt 0.42317708 0.43847656
vt 0.42317708 0.43847656
vt 0.42317708 0.43847656
vt 0.42317708 0.43847656
vt 0.42317708 0.43847656
vt 0.42317708 0.43847656
vt 0.42317708 0.43847656
vt 0.42317708 0.43847656
vt 0.42317708 0.43847656
vt 0.42317708 0.43847656
vt 0.42317708 0.43847656
vt 0.42317708 0.43847656
vt 0.42317708 0.43847656
vt 0.42317708 0.43847656
vt 0.42317708 0.43847656
vt 0.42317708 0.43847656
vt 0.42317708 0.43847656
vt 0.42317708 0.43847656
vt 0.42317708 0.43847656
vt 0.42317708 0.43847656
vt 0.42317708 0.43847656
vt 0.42317708 0.43847656
vt 0.42317708 0.43847656
vt 0.42317708 0.43847656
vt 0.42317708 0.43847656
vt 0.42317708 0.43847656
vt 0.42317708 0.43847656
vt 0.42317708 0.43847656
vt 0.42317708 0.43847656
vt 0.42317708 0.43847656
vt 0.42317708 0.43847656
vt 0.42317708 0.43847656
vt 0.42317708 0.43847656
vt 0.42317708 0.43847656
vt 0.42317708 0.43847656
vt 0.42317708 0.43847656
vt 0.42317708 0.43847656
vt 0.42317708 0.43847656
vt 0.42317708 0.43847656
vt 0.42317708 0.43847656
vt 0.42317708 0.43847656
vt 0.42317708 0.43847656
vt 0.42317708 0.43847656
vt 0.42317708 0.43847656
vt 0.42317708 0.43847656
vt 0.42317708 0.43847656
vt 0.42317708 0.43847656
vt 0.42317708 0.43847656
vt 0.42317708 0.43847656
vt 0.42317708 0.43847656
vt 0.42317708 0.43847656
vt 0.42317708 0.43847656
vt 0.42317708 0.43847656
vt 0.42317708 0.43847656
vt 0.42317708 0.43847656
vt 0.42317708 0.43847656
vt 0.42317708 0.43847656
vt 0.42317708 0.43847656
vt 0.42317708 0.43847656
vt 0.42317708 0.43847656
vt 0.42317708 0.43847656
vt 0.42317708 0.43847656
vt 0.42317708 0.43847656
vt 0.42317708 0.43847656
vt 0.42317708 0.43847656
vt 0.42317708 0.43847656
vt 0.42317708 0.43847656
vt 0.42317708 0.43847656
vt 0.42317708 0.43847656
vt 0.42317708 0.43847656
vt 0.42317708 0.43847656
vt 0.42317708 0.43847656
vt 0.42317708 0.43847656
vt 0.42317708 0.43847656
vt 0.42317708 0.43847656
vt 0.42317708 0.43847656
vt 0.42317708 0.43847656
vt 0.42317708 0.43847656
vt 0.42317708 0.43847656
vt 0.42317708 0.43847656
vt 0.42317708 0.43847656
vt 0.42317708 0.43847656
vt 0.42317708 0.43847656
vt 0.42317708 0.43847656
vt 0.42317708 0.43847656
vt 0.42317708 0.43847656
vt 0.42317708 0.43847656
vt 0.42317708 0.43847656
vt 0.42317708 0.43847656
vt 0.42317708 0.43847656
vt 0.42317708 0.43847656
vt 0.42317708 0.43847656
vt 0.42317708 0.43847656
vt 0.42317708 0.43847656
vt 0.42317708 0.43847656
vt 0.42317708 0.43847656
vt 0.42317708 0.43847656
vt 0.42317708 0.43847656
vt 0.42317708 0.43847656
vt 0.42317708 0.43847656
vt 0.42317708 0.43847656
vt 0.42317708 0.43847656
vt 0.42317708 0.43847656
vt 0.42317708 0.43847656
vt 0.42317708 0.43847656
vt 0.42317708 0.43847656
vt 0.42317708 0.43847656
vt 0.42317708 0.43847656
vt 0.42317708 0.43847656
vt 0.42317708 0.43847656
vt 0.42317708 0.43847656
vt 0.42317708 0.43847656
vt 0.42317708 0.43847656
vt 0.42317708 0.43847656
vt 0.42317708 0.43847656
vt 0.42317708 0.43847656
vt 0.42317708 0.43847656
vt 0.42317708 0.43847656
vt 0.42317708 0.43847656
vt 0.63818857 0.49562951
vt 0.68422981 0.46925438
vt 0.68500636 0.42550877
vt 0.63818857 0.49562951
vt 0.68500636 0.42550877
vt 0.68119769 0.41979561
vt 0.63818857 0.49562951
vt 0.68119769 0.41979561
vt 0.68047673 0.41947349
vt 0.42317708 0.43847656
vt 0.42317708 0.43847656
vt 0.42317708 0.43847656
vt 0.42317708 0.43847656
vt 0.42317708 0.43847656
vt 0.42317708 0.43847656
vt 0.42317708 0.43847656
vt 0.42317708 0.43847656
vt 0.42317708 0.43847656
vt 0.42317708 0.43847656
vt 0.42317708 0.43847656
vt 0.42317708 0.43847656
vt 0.42317708 0.43847656
vt 0.42317708 0.43847656
vt 0.42317708 0.43847656
vt 0.42317708 0.43847656
vt 0.42317708 0.43847656
vt 0.42317708 0.43847656
vt 0.63818857 0.49562951
vt 0.63698061 0.52060659
vt 0.63737782 0.52477166
vt 0.63818857 0.49562951
vt 0.63737782 0.52477166
vt 0.64190433 0.54018449
vt 0.63818857 0.49562951
vt 0.64190433 0.54018449
vt 0.64866743 0.55020196
vt 0.63818857 0.49562951
vt 0.64866743 0.55020196
vt 0.65578575 0.55332671
vt 0.63818857 0.49562951
vt 0.65578575 0.55332671
vt 0.68198474 0.52848344
vt 0.63818857 0.49562951
vt 0.68198474 0.52848344
vt 0.68276433 0.52702615
vt 0.42317708 0.43847656
vt 0.42317708 0.43847656
vt 0.42317708 0.43847656
vt 0.42317708 0.43847656
vt 0.42317708 0.43847656
vt 0.42317708 0.43847656
vt 0.42317708 0.43847656
vt 0.42317708 0.43847656
vt 0.42317708 0.43847656
vt 0.42317708 0.43847656
vt 0.42317708 0.43847656
vt 0.42317708 0.43847656
vt 0.42317708 0.43847656
vt 0.42317708 0.43847656
vt 0.42317708 0.43847656
vt 0.42317708 0.43847656
vt 0.42317708 0.43847656
vt 0.42317708 0.43847656
vt 0.42317708 0.43847656
vt 0.42317708 0.43847656
vt 0.42317708 0.43847656
vt 0.42317708 0.43847656
vt 0.42317708 0.43847656
vt 0.42317708 0.43847656
vt 0.42317708 0.43847656
vt 0.42317708 0.43847656
vt 0.42317708 0.43847656
vt 0.68198474 0.52848344
vt 0.65578575 0.55332671
vt 0.65700562 0.55386220
vt 0.68198474 0.52848344
vt 0.65700562 0.55386220
vt 0.66610802 0.55081845
vt 0.68198474 0.52848344
vt 0.66610802 0.55081845
vt 0.67509175 0.54136865
vt 0.42317708 0.43847656
vt 0.42317708 0.43847656
vt 0.42317708 0.43847656
vt 0.42317708 0.43847656
vt 0.42317708 0.43847656
vt 0.42317708 0.43847656
vt 0.42317708 0.43847656
vt 0.42317708 0.43847656
vt 0.42317708 0.43847656
vt 0.42317708 0.43847656
vt 0.42317708 0.43847656
vt 0.42317708 0.43847656
vt 0.42317708 0.43847656
vt 0.42317708 0.43847656
vt 0.42317708 0.43847656
vt 0.42317708 0.43847656
vt 0.42317708 0.43847656
vt 0.42317708 0.43847656
vt 0.42317708 0.43847656
vt 0.42317708 0.43847656
vt 0.42317708 0.43847656
vt 0.42317708 0.43847656
vt 0.42317708 0.43847656
vt 0.42317708 0.43847656
vt 0.42317708 0.43847656
vt 0.42317708 0.43847656
vt 0.42317708 0.43847656
vt 0.42317708 0.43847656
vt 0.42317708 0.43847656
vt 0.42317708 0.43847656
vt 0.42317708 0.43847656
vt 0.42317708 0.43847656
vt 0.42317708 0.43847656
vt 0.42317708 0.43847656
vt 0.42317708 0.43847656
vt 0.42317708 0.43847656
vt 0.42317708 0.43847656
vt 0.42317708 0.43847656
vt 0.42317708 0.43847656
vt 0.42317708 0.43847656
vt 0.42317708 0.43847656
vt 0.42317708 0.43847656
vt 0.42317708 0.43847656
vt 0.42317708 0.43847656
vt 0.42317708 0.43847656
vt 0.42317708 0.43847656
vt 0.42317708 0.43847656
vt 0.42317708 0.43847656
vt 0.42317708 0.43847656
vt 0.42317708 0.43847656
vt 0.42317708 0.43847656
vt 0.42317708 0.43847656
vt 0.42317708 0.43847656
vt 0.42317708 0.43847656
vt 0.42317708 0.43847656
vt 0.42317708 0.43847656
vt 0.42317708 0.43847656
vt 0.42317708 0.43847656
vt 0.42317708 0.43847656
vt 0.42317708 0.43847656
vt 0.42317708 0.43847656
vt 0.42317708 0.43847656
vt 0.42317708 0.43847656
vt 0.42317708 0.43847656
vt 0.42317708 0.43847656
vt 0.42317708 0.43847656
vt 0.42317708 0.43847656
vt 0.42317708 0.43847656
vt 0.42317708 0.43847656
vt 0.42317708 0.43847656
vt 0.42317708 0.43847656
vt 0.42317708 0.43847656
vt 0.42317708 0.43847656
vt 0.42317708 0.43847656
vt 0.42317708 0.43847656
vt 0.42317708 0.43847656
vt 0.42317708 0.43847656
vt 0.42317708 0.43847656
vt 0.42317708 0.43847656
vt 0.42317708 0.43847656
vt 0.42317708 0.43847656
vt 0.42317708 0.43847656
vt 0.42317708 0.43847656
vt 0.42317708 0.43847656
vt 0.42317708 0.43847656
vt 0.42317708 0.43847656
vt 0.42317708 0.43847656
vt 0.42317708 0.43847656
vt 0.42317708 0.43847656
vt 0.42317708 0.43847656
vt 0.42317708 0.43847656
vt 0.42317708 0.43847656
vt 0.42317708 0.43847656
vt 0.42317708 0.43847656
vt 0.42317708 0.43847656
vt 0.42317708 0.43847656
vt 0.42317708 0.43847656
vt 0.42317708 0.43847656
vt 0.42317708 0.43847656
vt 0.42317708 0.43847656
vt 0.42317708 0.43847656
vt 0.42317708 0.43847656
vt 0.42317708 0.43847656
vt 0.42317708 0.43847656
vt 0.42317708 0.43847656
vt 0.42317708 0.43847656
vt 0.42317708 0.43847656
vt 0.42317708 0.43847656
vt 0.42317708 0.43847656
vt 0.42317708 0.43847656
vt 0.42317708 0.43847656
vt 0.42317708 0.43847656
vt 0.42317708 0.43847656
vt 0.42317708 0.43847656
vt 0.42317708 0.43847656
vt 0.42317708 0.43847656
vt 0.42317708 0.43847656
vt 0.42317708 0.43847656
vt 0.42317708 0.43847656
vt 0.42317708 0.43847656
vt 0.42317708 0.43847656
vt 0.42317708 0.43847656
vt 0.42317708 0.43847656
vt 0.42317708 0.43847656
vt 0.42317708 0.43847656
vt 0.42317708 0.43847656
vt 0.68431549 0.48025227
vt 0.68693485 0.42840160
vt 0.68119769 0.41979561
vt 0.68431549 0.48025227
vt 0.68119769 0.41979561
vt 0.67282189 0.41605343
vt 0.68431549 0.48025227
vt 0.67282189 0.41605343
vt 0.66366201 0.41909718
vt 0.68431549 0.48025227
vt 0.66366201 0.41909718
vt 0.65462290 0.42862891
vt 0.68431549 0.48025227
vt 0.65462290 0.42862891
vt 0.65011371 0.43709877
vt 0.42317708 0.43847656
vt 0.42317708 0.43847656
vt 0.42317708 0.43847656
vt 0.42317708 0.43847656
vt 0.42317708 0.43847656
vt 0.42317708 0.43847656
vt 0.42317708 0.43847656
vt 0.42317708 0.43847656
vt 0.42317708 0.43847656
vt 0.42317708 0.43847656
vt 0.42317708 0.43847656
vt 0.42317708 0.43847656
vt 0.42317708 0.43847656
vt 0.42317708 0.43847656
vt 0.42317708 0.43847656
vt 0.42317708 0.43847656
vt 0.42317708 0.43847656
vt 0.42317708 0.43847656
vt 0.42317708 0.43847656
vt 0.42317708 0.43847656
vt 0.42317708 0.43847656
vt 0.42317708 0.43847656
vt 0.42317708 0.43847656
vt 0.42317708 0.43847656
vt 0.42317708 0.43847656
vt 0.42317708 0.43847656
vt 0.42317708 0.43847656
vt 0.42317708 0.43847656
vt 0.42317708 0.43847656
vt 0.42317708 0.43847656
vt 0.68431549 0.48025227
vt 0.63651141 0.48523059
vt 0.63553550 0.50545336
vt 0.68431549 0.48025227
vt 0.63553550 0.50545336
vt 0.63737782 0.52477166
vt 0.68431549 0.48025227
vt 0.63737782 0.52477166
vt 0.64010358 0.53405292
vt 0.42317708 0.43847656
vt 0.42317708 0.43847656
vt 0.42317708 0.43847656
vt 0.42317708 0.43847656
vt 0.42317708 0.43847656
vt 0.42317708 0.43847656
vt 0.42317708 0.43847656
vt 0.42317708 0.43847656
vt 0.42317708 0.43847656
vt 0.42317708 0.43847656
vt 0.42317708 0.43847656
vt 0.42317708 0.43847656
vt 0.42317708 0.43847656
vt 0.42317708 0.43847656
vt 0.42317708 0.43847656
vt 0.42317708 0.43847656
vt 0.42317708 0.43847656
vt 0.42317708 0.43847656
vt 0.42317708 0.43847656
vt 0.42317708 0.43847656
vt 0.42317708 0.43847656
vt 0.42317708 0.43847656
vt 0.42317708 0.43847656
vt 0.42317708 0.43847656
vt 0.68431549 0.48025227
vt 0.68186797 0.52870173
vt 0.68308524 0.52642625
vt 0.68431549 0.48025227
vt 0.68308524 0.52642625
vt 0.68931059 0.50743521
vt 0.68431549 0.48025227
vt 0.68931059 0.50743521
vt 0.69244216 0.49017997
vt 0.42317708 0.43847656
vt 0.42317708 0.43847656
vt 0.42317708 0.43847656
vt 0.42317708 0.43847656
vt 0.42317708 0.43847656
vt 0.42317708 0.43847656
vt 0.42317708 0.43847656
vt 0.42317708 0.43847656
vt 0.42317708 0.43847656
vt 0.42317708 0.43847656
vt 0.42317708 0.43847656
vt 0.42317708 0.43847656
vt 0.42317708 0.43847656
vt 0.42317708 0.43847656
vt 0.42317708 0.43847656
vt 0.42317708 0.43847656
vt 0.42317708 0.43847656
vt 0.42317708 0.43847656
vt 0.42317708 0.43847656
vt 0.42317708 0.43847656
vt 0.42317708 0.43847656
vt 0.42317708 0.43847656
vt 0.42317708 0.43847656
vt 0.42317708 0.43847656
vt 0.42317708 0.43847656
vt 0.42317708 0.43847656
vt 0.42317708 0.43847656
vt 0.42317708 0.43847656
vt 0.42317708 0.43847656
vt 0.42317708 0.43847656
vt 0.42317708 0.43847656
vt 0.42317708 0.43847656
vt 0.42317708 0.43847656
vt 0.42317708 0.43847656
vt 0.42317708 0.43847656
vt 0.42317708 0.43847656
vt 0.42317708 0.43847656
vt 0.42317708 0.43847656
vt 0.42317708 0.43847656
vt 0.66048759 0.55269786
vt 0.64801899 0.54924149
vt 0.64866743 0.55020196
vt 0.66048759 0.55269786
vt 0.64866743 0.55020196
vt 0.65700562 0.55386220
vt 0.42317708 0.43847656
vt 0.42317708 0.43847656
vt 0.42317708 0.43847656
vt 0.42317708 0.43847656
vt 0.42317708 0.43847656
vt 0.42317708 0.43847656
vt 0.42317708 0.43847656
vt 0.42317708 0.43847656
vt 0.42317708 0.43847656
vt 0.42317708 0.43847656
vt 0.42317708 0.43847656
vt 0.42317708 0.43847656
vt 0.42317708 0.43847656
vt 0.42317708 0.43847656
vt 0.42317708 0.43847656
vt 0.42317708 0.43847656
vt 0.42317708 0.43847656
vt 0.42317708 0.43847656
vt 0.42317708 0.43847656
vt 0.42317708 0.43847656
vt 0.42317708 0.43847656
vt 0.42317708 0.43847656
vt 0.42317708 0.43847656
vt 0.42317708 0.43847656
vt 0.42317708 0.43847656
vt 0.42317708 0.43847656
vt 0.42317708 0.43847656
vt 0.42317708 0.43847656
vt 0.42317708 0.43847656
vt 0.42317708 0.43847656
vt 0.42317708 0.43847656
vt 0.42317708 0.43847656
vt 0.42317708 0.43847656
vt 0.42317708 0.43847656
vt 0.42317708 0.43847656
vt 0.42317708 0.43847656
vt 0.42317708 0.43847656
vt 0.42317708 0.43847656
vt 0.42317708 0.43847656
vt 0.42317708 0.43847656
vt 0.42317708 0.43847656
vt 0.42317708 0.43847656
vt 0.42317708 0.43847656
vt 0.42317708 0.43847656
vt 0.42317708 0.43847656
vt 0.42317708 0.43847656
vt 0.42317708 0.43847656
vt 0.42317708 0.43847656
vt 0.42317708 0.43847656
vt 0.42317708 0.43847656
vt 0.42317708 0.43847656
vt 0.42317708 0.43847656
vt 0.42317708 0.43847656
vt 0.42317708 0.43847656
vt 0.42317708 0.43847656
vt 0.42317708 0.43847656
vt 0.42317708 0.43847656
vt 0.42317708 0.43847656
vt 0.42317708 0.43847656
vt 0.42317708 0.43847656
vt 0.42317708 0.43847656
vt 0.42317708 0.43847656
vt 0.42317708 0.43847656
vt 0.42317708 0.43847656
vt 0.42317708 0.43847656
vt 0.42317708 0.43847656
vt 0.42317708 0.43847656
vt 0.42317708 0.43847656
vt 0.42317708 0.43847656
vt 0.42317708 0.43847656
vt 0.42317708 0.43847656
vt 0.42317708 0.43847656
vt 0.42317708 0.43847656
vt 0.42317708 0.43847656
vt 0.42317708 0.43847656
vt 0.42317708 0.43847656
vt 0.42317708 0.43847656
vt 0.42317708 0.43847656
vt 0.42317708 0.43847656
vt 0.42317708 0.43847656
vt 0.42317708 0.43847656
vt 0.42317708 0.43847656
vt 0.42317708 0.43847656
vt 0.42317708 0.43847656
vt 0.42317708 0.43847656
vt 0.42317708 0.43847656
vt 0.42317708 0.43847656
vt 0.42317708 0.43847656
vt 0.42317708 0.43847656
vt 0.42317708 0.43847656
vt 0.42317708 0.43847656
vt 0.42317708 0.43847656
vt 0.42317708 0.43847656
vt 0.42317708 0.43847656
vt 0.42317708 0.43847656
vt 0.42317708 0.43847656
vt 0.42317708 0.43847656
vt 0.42317708 0.43847656
vt 0.42317708 0.43847656
vt 0.42317708 0.43847656
vt 0.42317708 0.43847656
vt 0.42317708 0.43847656
vt 0.42317708 0.43847656
vt 0.42317708 0.43847656
vt 0.42317708 0.43847656
vt 0.42317708 0.43847656
vt 0.42317708 0.43847656
vt 0.42317708 0.43847656
vt 0.29425958 0.32354027
vt 0.35359112 0.34053623
vt 0.33559769 0.35902470
vt 0.29425958 0.32354027
vt 0.29405258 0.34589604
vt 0.25161213 0.37436523
vt 0.42317708 0.43847656
vt 0.42317708 0.43847656
vt 0.42317708 0.43847656
vt 0.50000000 0.72405590
vt 0.77729074 0.45651558
vt 0.81223889 0.69874037
vt 0.50000000 0.72405590
vt 0.50000000 0.98000000
vt 0.18776148 0.69874037
vt 0.50000000 0.72405590
vt 0.22270926 0.45651558
vt 0.30840630 0.10397050
vt 0.50000000 0.72405590
vt 0.50000000 0.22553028
vt 0.69159370 0.10397050
vt 0.42317708 0.43847656
vt 0.42317708 0.43847656
vt 0.42317708 0.43847656
vt 0.89270589 0.02000000
vt 0.81223889 0.69874037
vt 0.77729074 0.45651558
vt 0.89270589 0.02000000
vt 0.77729074 0.45651558
vt 0.87322874 0.02000000
vt 0.42317708 0.43847656
vt 0.42317708 0.43847656
vt 0.42317708 0.43847656
vt 0.82986312 0.02000000
vt 0.77729074 0.45651558
vt 0.69159370 0.10397050
vt 0.82986312 0.02000000
vt 0.69159370 0.10397050
vt 0.73274215 0.02000000
vt 0.37749433 0.42543960
vt 0.37010524 0.46528107
vt 0.34752620 0.46977767
vt 0.37749433 0.42543960
vt 0.34907737 0.41435912
vt 0.33559769 0.35902470
vt 0.29337090 0.41951657
vt 0.29405258 0.34589604
vt 0.33559769 0.35902470
vt 0.70120237 0.02000000
vt 0.69159370 0.10397050
vt 0.66037912 0.02000000
vt 0.29337090 0.41951657
vt 0.34907737 0.41435912
vt 0.34016155 0.47124433
vt 0.29337090 0.41951657
vt 0.34016155 0.47124433
vt 0.33060562 0.47314739
vt 0.50000000 0.02000000
vt 0.50000000 0.22553028
vt 0.30840630 0.10397050
vt 0.50000000 0.02000000
vt 0.30840630 0.10397050
vt 0.33962088 0.02000000
vt 0.29337090 0.41951657
vt 0.29280460 0.48067543
vt 0.25458496 0.48828684
vt 0.29337090 0.41951657
vt 0.23664691 0.43584449
vt 0.25161213 0.37436523
vt 0.20672320 0.45848740
vt 0.23336712 0.36222880
vt 0.25161213 0.37436523
vt 0.29879763 0.02000000
vt 0.30840630 0.10397050
vt 0.26725785 0.02000000
vt 0.20672320 0.45848740
vt 0.23664691 0.43584449
vt 0.24478877 0.49023774
vt 0.20672320 0.45848740
vt 0.24478877 0.49023774
vt 0.23720134 0.49174877
vt 0.22270926 0.45651558
vt 0.18776148 0.69874037
vt 0.10729424 0.02000000
vt 0.22270926 0.45651558
vt 0.10729424 0.02000000
vt 0.12677126 0.02000000
vt 0.42317708 0.43847656
vt 0.42317708 0.43847656
vt 0.42317708 0.43847656
vt 0.42317708 0.43847656
vt 0.42317708 0.43847656
vt 0.42317708 0.43847656
vt 0.42317708 0.43847656
vt 0.42317708 0.43847656
vt 0.42317708 0.43847656
vt 0.42317708 0.43847656
vt 0.42317708 0.43847656
vt 0.42317708 0.43847656
vt 0.42317708 0.43847656
vt 0.42317708 0.43847656
vt 0.42317708 0.43847656
vt 0.42317708 0.43847656
vt 0.42317708 0.43847656
vt 0.42317708 0.43847656
vt 0.42317708 0.43847656
vt 0.42317708 0.43847656
vt 0.42317708 0.43847656
vt 0.42317708 0.43847656
vt 0.42317708 0.43847656
vt 0.42317708 0.43847656
vt 0.42317708 0.43847656
vt 0.42317708 0.43847656
vt 0.42317708 0.43847656
vt 0.42317708 0.43847656
vt 0.42317708 0.43847656
vt 0.42317708 0.43847656
vt 0.42317708 0.43847656
vt 0.42317708 0.43847656
vt 0.42317708 0.43847656
vt 0.42317708 0.43847656
vt 0.42317708 0.43847656
vt 0.42317708 0.43847656
vt 0.42317708 0.43847656
vt 0.42317708 0.43847656
vt 0.42317708 0.43847656
vt 0.42317708 0.43847656
vt 0.42317708 0.43847656
vt 0.42317708 0.43847656
vt 0.42317708 0.43847656
vt 0.42317708 0.43847656
vt 0.42317708 0.43847656
vt 0.42317708 0.43847656
vt 0.42317708 0.43847656
vt 0.42317708 0.43847656
vt 0.42317708 0.43847656
vt 0.42317708 0.43847656
vt 0.42317708 0.43847656
vt 0.42317708 0.43847656
vt 0.42317708 0.43847656
vt 0.42317708 0.43847656
vt 0.42317708 0.43847656
vt 0.42317708 0.43847656
vt 0.42317708 0.43847656
vt 0.42317708 0.43847656
vt 0.42317708 0.43847656
vt 0.42317708 0.43847656
vt 0.42317708 0.43847656
vt 0.42317708 0.43847656
vt 0.42317708 0.43847656
vt 0.42317708 0.43847656
vt 0.42317708 0.43847656
vt 0.42317708 0.43847656
vt 0.42317708 0.43847656
vt 0.42317708 0.43847656
vt 0.42317708 0.43847656
vt 0.42317708 0.43847656
vt 0.42317708 0.43847656
vt 0.42317708 0.43847656
vt 0.42317708 0.43847656
vt 0.42317708 0.43847656
vt 0.42317708 0.43847656
vt 0.42317708 0.43847656
vt 0.42317708 0.43847656
vt 0.42317708 0.43847656
vt 0.42317708 0.43847656
vt 0.42317708 0.43847656
vt 0.42317708 0.43847656
vt 0.42317708 0.43847656
vt 0.42317708 0.43847656
vt 0.42317708 0.43847656
vt 0.42317708 0.43847656
vt 0.42317708 0.43847656
vt 0.42317708 0.43847656
vt 0.42317708 0.43847656
vt 0.42317708 0.43847656
vt 0.42317708 0.43847656
vt 0.42317708 0.43847656
vt 0.42317708 0.43847656
vt 0.42317708 0.43847656
vt 0.42317708 0.43847656
vt 0.42317708 0.43847656
vt 0.42317708 0.43847656
vt 0.42317708 0.43847656
vt 0.42317708 0.43847656
vt 0.42317708 0.43847656
vt 0.42317708 0.43847656
vt 0.42317708 0.43847656
vt 0.42317708 0.43847656
vt 0.42317708 0.43847656
vt 0.42317708 0.43847656
vt 0.42317708 0.43847656
vt 0.42317708 0.43847656
vt 0.42317708 0.43847656
vt 0.42317708 0.43847656
vt 0.42317708 0.43847656
vt 0.42317708 0.43847656
vt 0.42317708 0.43847656
vt 0.42317708 0.43847656
vt 0.42317708 0.43847656
vt 0.42317708 0.43847656
vt 0.42317708 0.43847656
vt 0.42317708 0.43847656
vt 0.42317708 0.43847656
vt 0.42317708 0.43847656
vt 0.42317708 0.43847656
vt 0.42317708 0.43847656
vt 0.42317708 0.43847656
vt 0.42317708 0.43847656
vt 0.42317708 0.43847656
vt 0.42317708 0.43847656
vt 0.42317708 0.43847656
vt 0.42317708 0.43847656
vt 0.42317708 0.43847656
vt 0.42317708 0.43847656
vt 0.42317708 0.43847656
vt 0.42317708 0.43847656
vt 0.42317708 0.43847656
vt 0.42317708 0.43847656
vt 0.42317708 0.43847656
vt 0.42317708 0.43847656
vt 0.42317708 0.43847656
vt 0.42317708 0.43847656
vt 0.42317708 0.43847656
vt 0.42317708 0.43847656
vt 0.42317708 0.43847656
vt 0.42317708 0.43847656
vt 0.42317708 0.43847656
vt 0.42317708 0.43847656
vt 0.42317708 0.43847656
vt 0.42317708 0.43847656
vt 0.42317708 0.43847656
vt 0.42317708 0.43847656
vt 0.42317708 0.43847656
vt 0.42317708 0.43847656
vt 0.42317708 0.43847656
vt 0.42317708 0.43847656
vt 0.42317708 0.43847656
vt 0.42317708 0.43847656
vt 0.42317708 0.43847656
vt 0.42317708 0.43847656
vt 0.42317708 0.43847656
vt 0.42317708 0.43847656
vt 0.42317708 0.43847656
vt 0.42317708 0.43847656
vt 0.42317708 0.43847656
vt 0.42317708 0.43847656
vt 0.42317708 0.43847656
vt 0.42317708 0.43847656
vt 0.42317708 0.43847656
vt 0.42317708 0.43847656
vt 0.42317708 0.43847656
vt 0.42317708 0.43847656
vt 0.42317708 0.43847656
vt 0.42317708 0.43847656
vt 0.42317708 0.43847656
vt 0.42317708 0.43847656
vt 0.42317708 0.43847656
vt 0.42317708 0.43847656
vt 0.42317708 0.43847656
vt 0.42317708 0.43847656
vt 0.42317708 0.43847656
vt 0.42317708 0.43847656
vt 0.42317708 0.43847656
vt 0.42317708 0.43847656
vt 0.42317708 0.43847656
vt 0.42317708 0.43847656
vt 0.42317708 0.43847656
vt 0.42317708 0.43847656
vt 0.42317708 0.43847656
vt 0.42317708 0.43847656
vt 0.42317708 0.43847656
vt 0.42317708 0.43847656
vt 0.42317708 0.43847656
vt 0.42317708 0.43847656
vt 0.42317708 0.43847656
vt 0.42317708 0.43847656
vt 0.42317708 0.43847656
vt 0.42317708 0.43847656
vt 0.42317708 0.43847656
vt 0.42317708 0.43847656
vt 0.42317708 0.43847656
vt 0.42317708 0.43847656
vt 0.42317708 0.43847656
vt 0.42317708 0.43847656
vt 0.42317708 0.43847656
vt 0.42317708 0.43847656
vt 0.42317708 0.43847656
vt 0.42317708 0.43847656
vt 0.42317708 0.43847656
vt 0.42317708 0.43847656
vt 0.42317708 0.43847656
vt 0.42317708 0.43847656
vt 0.42317708 0.43847656
vt 0.42317708 0.43847656
vt 0.42317708 0.43847656
vt 0.42317708 0.43847656
vt 0.42317708 0.43847656
vt 0.42317708 0.43847656
vt 0.42317708 0.43847656
vt 0.42317708 0.43847656
vt 0.42317708 0.43847656
vt 0.42317708 0.43847656
vt 0.42317708 0.43847656
vt 0.42317708 0.43847656
vt 0.42317708 0.43847656
vt 0.42317708 0.43847656
vt 0.42317708 0.43847656
vt 0.42317708 0.43847656
vt 0.42317708 0.43847656
vt 0.42317708 0.43847656
vt 0.42317708 0.43847656
vt 0.42317708 0.43847656
vt 0.42317708 0.43847656
vt 0.42317708 0.43847656
vt 0.42317708 0.43847656
vt 0.42317708 0.43847656
vt 0.42317708 0.43847656
vt 0.42317708 0.43847656
vt 0.42317708 0.43847656
vt 0.42317708 0.43847656
vt 0.42317708 0.43847656
vt 0.42317708 0.43847656
vt 0.42317708 0.43847656
vt 0.42317708 0.43847656
vt 0.42317708 0.43847656
vt 0.42317708 0.43847656
vt 0.42317708 0.43847656
vt 0.42317708 0.43847656
vt 0.42317708 0.43847656
vt 0.42317708 0.43847656
vt 0.42317708 0.43847656
vt 0.42317708 0.43847656
vt 0.42317708 0.43847656
vt 0.42317708 0.43847656
vt 0.42317708 0.43847656
vt 0.42317708 0.43847656
vt 0.42317708 0.43847656
vt 0.42317708 0.43847656
vt 0.42317708 0.43847656
vt 0.42317708 0.43847656
vt 0.42317708 0.43847656
vt 0.42317708 0.43847656
vt 0.42317708 0.43847656
vt 0.42317708 0.43847656
vt 0.42317708 0.43847656
vt 0.42317708 0.43847656
vt 0.42317708 0.43847656
vt 0.42317708 0.43847656
vt 0.42317708 0.43847656
vt 0.42317708 0.43847656
vt 0.42317708 0.43847656
vt 0.42317708 0.43847656
vt 0.42317708 0.43847656
vt 0.42317708 0.43847656
vt 0.42317708 0.43847656
vt 0.42317708 0.43847656
vt 0.42317708 0.43847656
vt 0.42317708 0.43847656
vt 0.42317708 0.43847656
vt 0.42317708 0.43847656
vt 0.42317708 0.43847656
vt 0.42317708 0.43847656
vt 0.42317708 0.43847656
vt 0.42317708 0.43847656
vt 0.42317708 0.43847656
vt 0.42317708 0.43847656
vt 0.42317708 0.43847656
vt 0.42317708 0.43847656
vt 0.42317708 0.43847656
vt 0.42317708 0.43847656
vt 0.42317708 0.43847656
vt 0.42317708 0.43847656
vt 0.42317708 0.43847656
vt 0.42317708 0.43847656
vt 0.42317708 0.43847656
vt 0.42317708 0.43847656
vt 0.42317708 0.43847656
vt 0.42317708 0.43847656
vt 0.42317708 0.43847656
vt 0.42317708 0.43847656
vt 0.42317708 0.43847656
vt 0.42317708 0.43847656
vt 0.42317708 0.43847656
vt 0.42317708 0.43847656
vt 0.42317708 0.43847656
vt 0.42317708 0.43847656
vt 0.42317708 0.43847656
vt 0.42317708 0.43847656
vt 0.42317708 0.43847656
vt 0.42317708 0.43847656
vt 0.42317708 0.43847656
vt 0.42317708 0.43847656
vt 0.42317708 0.43847656
vt 0.42317708 0.43847656
vt 0.42317708 0.43847656
vt 0.42317708 0.43847656
vt 0.42317708 0.43847656
vt 0.42317708 0.43847656
vt 0.42317708 0.43847656
vt 0.42317708 0.43847656
vt 0.42317708 0.43847656
vt 0.42317708 0.43847656
vt 0.42317708 0.43847656
vt 0.42317708 0.43847656
vt 0.42317708 0.43847656
vt 0.42317708 0.43847656
vt 0.42317708 0.43847656
vt 0.42317708 0.43847656
vt 0.42317708 0.43847656
vt 0.42317708 0.43847656
vt 0.42317708 0.43847656
vt 0.42317708 0.43847656
vt 0.42317708 0.43847656
vt 0.42317708 0.43847656
vt 0.42317708 0.43847656
vt 0.42317708 0.43847656
vt 0.42317708 0.43847656
vt 0.42317708 0.43847656
vt 0.42317708 0.43847656
vt 0.42317708 0.43847656
vt 0.42317708 0.43847656
vt 0.42317708 0.43847656
vt 0.42317708 0.43847656
vt 0.42317708 0.43847656
vt 0.42317708 0.43847656
vt 0.42317708 0.43847656
vt 0.42317708 0.43847656
vt 0.42317708 0.43847656
vt 0.42317708 0.43847656
vt 0.42317708 0.43847656
vt 0.42317708 0.43847656
vt 0.42317708 0.43847656
vt 0.42317708 0.43847656
vt 0.42317708 0.43847656
vt 0.42317708 0.43847656
vt 0.42317708 0.43847656
vt 0.42317708 0.43847656
vt 0.42317708 0.43847656
vt 0.42317708 0.43847656
vt 0.42317708 0.43847656
vt 0.42317708 0.43847656
vt 0.42317708 0.43847656
vt 0.42317708 0.43847656
vt 0.42317708 0.43847656
vt 0.42317708 0.43847656
vt 0.42317708 0.43847656
vt 0.42317708 0.43847656
vt 0.42317708 0.43847656
vt 0.42317708 0.43847656
vt 0.42317708 0.43847656
vt 0.42317708 0.43847656
vt 0.42317708 0.43847656
vt 0.42317708 0.43847656
vt 0.42317708 0.43847656
vt 0.42317708 0.43847656
vt 0.42317708 0.43847656
vt 0.42317708 0.43847656
vt 0.42317708 0.43847656
vt 0.42317708 0.43847656
vt 0.42317708 0.43847656
vt 0.42317708 0.43847656
vt 0.42317708 0.43847656
vt 0.42317708 0.43847656
vt 0.42317708 0.43847656
vt 0.42317708 0.43847656
vt 0.42317708 0.43847656
vt 0.42317708 0.43847656
vt 0.42317708 0.43847656
vt 0.42317708 0.43847656
vt 0.42317708 0.43847656
vt 0.42317708 0.43847656
vt 0.42317708 0.43847656
vt 0.42317708 0.43847656
vt 0.42317708 0.43847656
vt 0.42317708 0.43847656
vt 0.42317708 0.43847656
vt 0.42317708 0.43847656
vt 0.42317708 0.43847656
vt 0.42317708 0.43847656
vt 0.42317708 0.43847656
vt 0.42317708 0.43847656
vt 0.42317708 0.43847656
vt 0.42317708 0.43847656
vt 0.42317708 0.43847656
vt 0.42317708 0.43847656
vt 0.42317708 0.43847656
vt 0.42317708 0.43847656
vt 0.42317708 0.43847656
vt 0.42317708 0.43847656
vt 0.42317708 0.43847656
vt 0.42317708 0.43847656
vt 0.42317708 0.43847656
vt 0.42317708 0.43847656
vt 0.42317708 0.43847656
vt 0.42317708 0.43847656
vt 0.42317708 0.43847656
vt 0.42317708 0.43847656
vt 0.42317708 0.43847656
vt 0.42317708 0.43847656
vt 0.42317708 0.43847656
vt 0.42317708 0.43847656
vt 0.42317708 0.43847656
vt 0.42317708 0.43847656
vt 0.42317708 0.43847656
vt 0.42317708 0.43847656
vt 0.42317708 0.43847656
vt 0.42317708 0.43847656
vt 0.42317708 0.43847656
vt 0.42317708 0.43847656
vt 0.42317708 0.43847656
vt 0.42317708 0.43847656
vt 0.42317708 0.43847656
vt 0.42317708 0.43847656
vt 0.42317708 0.43847656
vt 0.42317708 0.43847656
vt 0.42317708 0.43847656
vt 0.42317708 0.43847656
vt 0.42317708 0.43847656
vt 0.42317708 0.43847656
vt 0.42317708 0.43847656
vt 0.42317708 0.43847656
vt 0.42317708 0.43847656
vt 0.42317708 0.43847656
vt 0.42317708 0.43847656
vt 0.42317708 0.43847656
vt 0.42317708 0.43847656
vt 0.42317708 0.43847656
vt 0.42317708 0.43847656
vt 0.42317708 0.43847656
vt 0.42317708 0.43847656
vt 0.42317708 0.43847656
vt 0.42317708 0.43847656
vt 0.42317708 0.43847656
vt 0.42317708 0.43847656
vt 0.42317708 0.43847656
vt 0.42317708 0.43847656
vt 0.42317708 0.43847656
vt 0.42317708 0.43847656
vt 0.42317708 0.43847656
vt 0.42317708 0.43847656
vt 0.42317708 0.43847656
vt 0.42317708 0.43847656
vt 0.42317708 0.43847656
vt 0.42317708 0.43847656
vt 0.42317708 0.43847656
vt 0.42317708 0.43847656
vt 0.42317708 0.43847656
vt 0.42317708 0.43847656
vt 0.42317708 0.43847656
vt 0.42317708 0.43847656
vt 0.42317708 0.43847656
vt 0.42317708 0.43847656
vt 0.42317708 0.43847656
vt 0.42317708 0.43847656
vt 0.42317708 0.43847656
vt 0.42317708 0.43847656
vt 0.42317708 0.43847656
vt 0.42317708 0.43847656
vt 0.42317708 0.43847656
vt 0.42317708 0.43847656
vt 0.42317708 0.43847656
vt 0.42317708 0.43847656
vt 0.42317708 0.43847656
vn 0.85719278 -0.35509701 0.37299686
vn 0.85719278 -0.35509701 0.37299686
vn 0.85719278 -0.35509701 0.37299686
vn -0.00000000 -0.00000000 -1.00000000
vn -0.00000000 -0.00000000 -1.00000000
vn -0.00000000 -0.00000000 -1.00000000
vn 0.85719278 0.35509701 0.37299686
vn 0.85719278 0.35509701 0.37299686
vn 0.85719278 0.35509701 0.37299686
vn -0.00000000 -0.00000000 -1.00000000
vn -0.00000000 -0.00000000 -1.00000000
vn -0.00000000 -0.00000000 -1.00000000
vn 0.35509701 0.85719278 0.37299686
vn 0.35509701 0.85719278 0.37299686
vn 0.35509701 0.85719278 0.37299686
vn -0.00000000 -0.00000000 -1.00000000
vn -0.00000000 -0.00000000 -1.00000000
vn -0.00000000 -0.00000000 -1.00000000
vn -0.35509701 0.85719278 0.37299686
vn -0.35509701 0.85719278 0.37299686
vn -0.35509701 0.85719278 0.37299686
vn -0.00000000 -0.00000000 -1.00000000
vn -0.00000000 -0.00000000 -1.00000000
vn -0.00000000 -0.00000000 -1.00000000
vn -0.85719278 0.35509701 0.37299686
vn -0.85719278 0.35509701 0.37299686
vn -0.85719278 0.35509701 0.37299686
vn -0.00000000 -0.00000000 -1.00000000
vn -0.00000000 -0.00000000 -1.00000000
vn -0.00000000 -0.00000000 -1.00000000
vn -0.85719278 -0.35509701 0.37299686
vn -0.85719278 -0.35509701 0.37299686
vn -0.85719278 -0.35509701 0.37299686
vn -0.00000000 -0.00000000 -1.00000000
vn -0.00000000 -0.00000000 -1.00000000
vn -0.00000000 -0.00000000 -1.00000000
vn -0.35509701 -0.85719278 0.37299686
vn -0.35509701 -0.85719278 0.37299686
vn -0.35509701 -0.85719278 0.37299686
vn -0.00000000 -0.00000000 -1.00000000
vn -0.00000000 -0.00000000 -1.00000000
vn -0.00000000 -0.00000000 -1.00000000
vn 0.35509701 -0.85719278 0.37299686
vn 0.35509701 -0.85719278 0.37299686
vn 0.35509701 -0.85719278 0.37299686
vn -0.00000000 -0.00000000 -1.00000000
vn -0.00000000 -0.00000000 -1.00000000
vn -0.00000000 -0.00000000 -1.00000000
vn 0.92387667 -0.38269034 -0.00000000
vn 0.92387667 -0.38269034 -0.00000000
vn 0.92387667 -0.38269034 -0.00000000
vn 0.92387667 0.38269034 -0.00000000
vn 0.92387667 0.38269034 -0.00000000
vn 0.92387667 0.38269034 -0.00000000
vn 0.38269034 0.92387667 -0.00000000
vn 0.38269034 0.92387667 -0.00000000
vn 0.38269034 0.92387667 -0.00000000
vn -0.38269034 0.92387667 -0.00000000
vn -0.38269034 0.92387667 -0.00000000
vn -0.38269034 0.92387667 -0.00000000
vn -0.92387667 0.38269034 -0.00000000
vn -0.92387667 0.38269034 -0.00000000
vn -0.92387667 0.38269034 -0.00000000
vn -0.92387667 -0.38269034 -0.00000000
vn -0.92387667 -0.38269034 -0.00000000
vn -0.92387667 -0.38269034 -0.00000000
vn -0.38269034 -0.92387667 -0.00000000
vn -0.38269034 -0.92387667 -0.00000000
vn -0.38269034 -0.92387667 -0.00000000
vn 0.38269034 -0.92387667 -0.00000000
vn 0.38269034 -0.92387667 -0.00000000
vn 0.38269034 -0.92387667 -0.00000000
vn 0.86487745 -0.35819066 -0.35169083
vn 0.86487745 -0.35819066 -0.35169083
vn 0.86487745 -0.35819066 -0.35169083
vn 0.86487745 0.35819066 -0.35169083
vn 0.86487745 0.35819066 -0.35169083
vn 0.86487745 0.35819066 -0.35169083
vn 0.35819066 0.86487745 -0.35169083
vn 0.35819066 0.86487745 -0.35169083
vn 0.35819066 0.86487745 -0.35169083
vn -0.35819066 0.86487745 -0.35169083
vn -0.35819066 0.86487745 -0.35169083
vn -0.35819066 0.86487745 -0.35169083
vn -0.86487745 0.35819066 -0.35169083
vn -0.86487745 0.35819066 -0.35169083
vn -0.86487745 0.35819066 -0.35169083
vn -0.86487745 -0.35819066 -0.35169083
vn -0.86487745 -0.35819066 -0.35169083
vn -0.86487745 -0.35819066 -0.35169083
vn -0.35819066 -0.86487745 -0.35169083
vn -0.35819066 -0.86487745 -0.35169083
vn -0.35819066 -0.86487745 -0.35169083
vn 0.35819066 -0.86487745 -0.35169083
vn 0.35819066 -0.86487745 -0.35169083
vn 0.35819066 -0.86487745 -0.35169083
vn -0.92387667 0.38269034 -0.00000000
vn -0.92387667 0.38269034 -0.00000000
vn -0.92387667 0.38269034 -0.00000000
vn -0.92387667 -0.38269034 -0.00000000
vn -0.92387667 -0.38269034 -0.00000000
vn -0.92387667 -0.38269034 -0.00000000
vn 0.92387667 -0.38269034 -0.00000000
vn 0.92387667 -0.38269034 -0.00000000
vn 0.92387667 -0.38269034 -0.00000000
vn 0.92387667 0.38269034 -0.00000000
vn 0.92387667 0.38269034 -0.00000000
vn 0.92387667 0.38269034 -0.00000000
vn 0.38269034 0.92387667 -0.00000000
vn 0.38269034 0.92387667 -0.00000000
vn 0.38269034 0.92387667 -0.00000000
vn -0.38269034 0.92387667 -0.00000000
vn -0.38269034 0.92387667 -0.00000000
vn -0.38269034 0.92387667 -0.00000000
vn -0.00000000 -0.00000000 -1.00000000
vn -0.00000000 -0.00000000 -1.00000000
vn -0.00000000 -0.00000000 -1.00000000
vn -0.00000000 -0.00000000 -1.00000000
vn -0.00000000 -0.00000000 -1.00000000
vn -0.00000000 -0.00000000 -1.00000000
vn -0.00000000 -0.00000000 -1.00000000
vn -0.00000000 -0.00000000 -1.00000000
vn -0.00000000 -0.00000000 -1.00000000
vn -0.00000000 -0.00000000 -1.00000000
vn -0.00000000 -0.00000000 -1.00000000
vn -0.00000000 -0.00000000 -1.00000000
vn -0.00000000 -0.00000000 -1.00000000
vn -0.00000000 -0.00000000 -1.00000000
vn -0.00000000 -0.00000000 -1.00000000
vn 0.87927400 -0.36418923 0.30699092
vn 0.87927400 -0.36418923 0.30699092
vn 0.87927400 -0.36418923 0.30699092
vn 0.87927400 0.36418923 0.30699092
vn 0.87927400 0.36418923 0.30699092
vn 0.87927400 0.36418923 0.30699092
vn 0.36418923 0.87927400 0.30699092
vn 0.36418923 0.87927400 0.30699092
vn 0.36418923 0.87927400 0.30699092
vn -0.36418923 0.87927400 0.30699092
vn -0.36418923 0.87927400 0.30699092
vn -0.36418923 0.87927400 0.30699092
vn -0.87927400 0.36418923 0.30699092
vn -0.87927400 0.36418923 0.30699092
vn -0.87927400 0.36418923 0.30699092
vn -0.87927400 -0.36418923 0.30699092
vn -0.87927400 -0.36418923 0.30699092
vn -0.87927400 -0.36418923 0.30699092
vn -0.36418923 -0.87927400 0.30699092
vn -0.36418923 -0.87927400 0.30699092
vn -0.36418923 -0.87927400 0.30699092
vn 0.36418923 -0.87927400 0.30699092
vn 0.36418923 -0.87927400 0.30699092
vn 0.36418923 -0.87927400 0.30699092
vn -0.82701121 0.34250464 0.44580604
vn -0.82701121 0.34250464 0.44580604
vn -0.82701121 0.34250464 0.44580604
vn -0.82701121 -0.34250464 0.44580604
vn -0.82701121 -0.34250464 0.44580604
vn -0.82701121 -0.34250464 0.44580604
vn -0.34250464 -0.82701121 0.44580604
vn -0.34250464 -0.82701121 0.44580604
vn -0.34250464 -0.82701121 0.44580604
vn 0.34250464 -0.82701121 0.44580604
vn 0.34250464 -0.82701121 0.44580604
vn 0.34250464 -0.82701121 0.44580604
vn 0.82701121 -0.34250464 0.44580604
vn 0.82701121 -0.34250464 0.44580604
vn 0.82701121 -0.34250464 0.44580604
vn 0.82701121 0.34250464 0.44580604
vn 0.82701121 0.34250464 0.44580604
vn 0.82701121 0.34250464 0.44580604
vn 0.34250464 0.82701121 0.44580604
vn 0.34250464 0.82701121 0.44580604
vn 0.34250464 0.82701121 0.44580604
vn -0.34250464 0.82701121 0.44580604
vn -0.34250464 0.82701121 0.44580604
vn -0.34250464 0.82701121 0.44580604
vn -0.00000000 -0.53680431 -0.84370678
vn -0.00000000 -0.53680431 -0.84370678
vn -0.00000000 -0.53680431 -0.84370678
vn 1.00000000 -0.00000000 -0.00000000
vn 1.00000000 -0.00000000 -0.00000000
vn 1.00000000 -0.00000000 -0.00000000
vn -1.00000000 -0.00000000 -0.00000000
vn -1.00000000 -0.00000000 -0.00000000
vn -1.00000000 -0.00000000 -0.00000000
vn 0.14999518 -0.62168000 -0.76877527
vn 0.14999518 -0.62168000 -0.76877527
vn 0.14999518 -0.62168000 -0.76877527
vn -0.21709725 -0.52399335 -0.82358955
vn -0.21709725 -0.52399335 -0.82358955
vn -0.21709725 -0.52399335 -0.82358955
vn -0.23459817 -0.97209243 -0.00000000
vn -0.23459817 -0.97209243 -0.00000000
vn -0.23459817 -0.97209243 -0.00000000
vn 0.23459817 -0.97209243 -0.00000000
vn 0.23459817 -0.97209243 -0.00000000
vn 0.23459817 -0.97209243 -0.00000000
vn -0.00000000 -0.00000000 -1.00000000
vn -0.00000000 -0.00000000 -1.00000000
vn -0.00000000 -0.00000000 -1.00000000
vn 0.85719278 -0.35509701 0.37299686
vn 0.85719278 -0.35509701 0.37299686
vn 0.85719278 -0.35509701 0.37299686
vn -0.00000000 -0.00000000 -1.00000000
vn -0.00000000 -0.00000000 -1.00000000
vn -0.00000000 -0.00000000 -1.00000000
vn 0.85719278 0.35509701 0.37299686
vn 0.85719278 0.35509701 0.37299686
vn 0.85719278 0.35509701 0.37299686
vn -0.00000000 -0.00000000 -1.00000000
vn -0.00000000 -0.00000000 -1.00000000
vn -0.00000000 -0.00000000 -1.00000000
vn 0.35509701 0.85719278 0.37299686
vn 0.35509701 0.85719278 0.37299686
vn 0.35509701 0.85719278 0.37299686
vn -0.00000000 -0.00000000 -1.00000000
vn -0.00000000 -0.00000000 -1.00000000
vn -0.00000000 -0.00000000 -1.00000000
vn -0.35509701 0.85719278 0.37299686
vn -0.35509701 0.85719278 0.37299686
vn -0.35509701 0.85719278 0.37299686
vn -0.00000000 -0.00000000 -1.00000000
vn -0.00000000 -0.00000000 -1.00000000
vn -0.00000000 -0.00000000 -1.00000000
vn -0.85719278 0.35509701 0.37299686
vn -0.85719278 0.35509701 0.37299686
vn -0.85719278 0.35509701 0.37299686
vn -0.00000000 -0.00000000 -1.00000000
vn -0.00000000 -0.00000000 -1.00000000
vn -0.00000000 -0.00000000 -1.00000000
vn -0.85719278 -0.35509701 0.37299686
vn -0.85719278 -0.35509701 0.37299686
vn -0.85719278 -0.35509701 0.37299686
vn -0.00000000 -0.00000000 -1.00000000
vn -0.00000000 -0.00000000 -1.00000000
vn -0.00000000 -0.00000000 -1.00000000
vn -0.35509701 -0.85719278 0.37299686
vn -0.35509701 -0.85719278 0.37299686
vn -0.35509701 -0.85719278 0.37299686
vn -0.00000000 -0.00000000 -1.00000000
vn -0.00000000 -0.00000000 -1.00000000
vn -0.00000000 -0.00000000 -1.00000000
vn 0.35509701 -0.85719278 0.37299686
vn 0.35509701 -0.85719278 0.37299686
vn 0.35509701 -0.85719278 0.37299686
vn -0.00000000 -0.00000000 -1.00000000
vn -0.00000000 -0.00000000 -1.00000000
vn -0.00000000 -0.00000000 -1.00000000
vn 0.92387667 -0.38269034 -0.00000000
vn 0.92387667 -0.38269034 -0.00000000
vn 0.92387667 -0.38269034 -0.00000000
vn 0.92387667 0.38269034 -0.00000000
vn 0.92387667 0.38269034 -0.00000000
vn 0.92387667 0.38269034 -0.00000000
vn 0.38269034 0.92387667 -0.00000000
vn 0.38269034 0.92387667 -0.00000000
vn 0.38269034 0.92387667 -0.00000000
vn -0.38269034 0.92387667 -0.00000000
vn -0.38269034 0.92387667 -0.00000000
vn -0.38269034 0.92387667 -0.00000000
vn -0.92387667 0.38269034 -0.00000000
vn -0.92387667 0.38269034 -0.00000000
vn -0.92387667 0.38269034 -0.00000000
vn -0.92387667 -0.38269034 -0.00000000
vn -0.92387667 -0.38269034 -0.00000000
vn -0.92387667 -0.38269034 -0.00000000
vn -0.38269034 -0.92387667 -0.00000000
vn -0.38269034 -0.92387667 -0.00000000
vn -0.38269034 -0.92387667 -0.00000000
vn 0.38269034 -0.92387667 -0.00000000
vn 0.38269034 -0.92387667 -0.00000000
vn 0.38269034 -0.92387667 -0.00000000
vn 0.86487745 -0.35819066 -0.35169083
vn 0.86487745 -0.35819066 -0.35169083
vn 0.86487745 -0.35819066 -0.35169083
vn 0.86487745 0.35819066 -0.35169083
vn 0.86487745 0.35819066 -0.35169083
vn 0.86487745 0.35819066 -0.35169083
vn 0.35819066 0.86487745 -0.35169083
vn 0.35819066 0.86487745 -0.35169083
vn 0.35819066 0.86487745 -0.35169083
vn -0.35819066 0.86487745 -0.35169083
vn -0.35819066 0.86487745 -0.35169083
vn -0.35819066 0.86487745 -0.35169083
vn -0.86487745 0.35819066 -0.35169083
vn -0.86487745 0.35819066 -0.35169083
vn -0.86487745 0.35819066 -0.35169083
vn -0.86487745 -0.35819066 -0.35169083
vn -0.86487745 -0.35819066 -0.35169083
vn -0.86487745 -0.35819066 -0.35169083
vn -0.35819066 -0.86487745 -0.35169083
vn -0.35819066 -0.86487745 -0.35169083
vn -0.35819066 -0.86487745 -0.35169083
vn 0.35819066 -0.86487745 -0.35169083
vn 0.35819066 -0.86487745 -0.35169083
vn 0.35819066 -0.86487745 -0.35169083
vn -0.92387667 0.38269034 -0.00000000
vn -0.92387667 0.38269034 -0.00000000
vn -0.92387667 0.38269034 -0.00000000
vn -0.92387667 -0.38269034 -0.00000000
vn -0.92387667 -0.38269034 -0.00000000
vn -0.92387667 -0.38269034 -0.00000000
vn 0.92387667 -0.38269034 -0.00000000
vn 0.92387667 -0.38269034 -0.00000000
vn 0.92387667 -0.38269034 -0.00000000
vn 0.92387667 0.38269034 -0.00000000
vn 0.92387667 0.38269034 -0.00000000
vn 0.92387667 0.38269034 -0.00000000
vn 0.38269034 0.92387667 -0.00000000
vn 0.38269034 0.92387667 -0.00000000
vn 0.38269034 0.92387667 -0.00000000
vn -0.38269034 0.92387667 -0.00000000
vn -0.38269034 0.92387667 -0.00000000
vn -0.38269034 0.92387667 -0.00000000
vn -0.00000000 -0.00000000 -1.00000000
vn -0.00000000 -0.00000000 -1.00000000
vn -0.00000000 -0.00000000 -1.00000000
vn -0.00000000 -0.00000000 -1.00000000
vn -0.00000000 -0.00000000 -1.00000000
vn -0.00000000 -0.00000000 -1.00000000
vn -0.00000000 -0.00000000 -1.00000000
vn -0.00000000 -0.00000000 -1.00000000
vn -0.00000000 -0.00000000 -1.00000000
vn -0.00000000 -0.00000000 -1.00000000
vn -0.00000000 -0.00000000 -1.00000000
vn -0.00000000 -0.00000000 -1.00000000
vn -0.00000000 -0.00000000 -1.00000000
vn -0.00000000 -0.00000000 -1.00000000
vn -0.00000000 -0.00000000 -1.00000000
vn 0.87927400 -0.36418923 0.30699092
vn 0.87927400 -0.36418923 0.30699092
vn 0.87927400 -0.36418923 0.30699092
vn 0.87927400 0.36418923 0.30699092
vn 0.87927400 0.36418923 0.30699092
vn 0.87927400 0.36418923 0.30699092
vn 0.36418923 0.87927400 0.30699092
vn 0.36418923 0.87927400 0.30699092
vn 0.36418923 0.87927400 0.30699092
vn -0.36418923 0.87927400 0.30699092
vn -0.36418923 0.87927400 0.30699092
vn -0.36418923 0.87927400 0.30699092
vn -0.87927400 0.36418923 0.30699092
vn -0.87927400 0.36418923 0.30699092
vn -0.87927400 0.36418923 0.30699092
vn -0.87927400 -0.36418923 0.30699092
vn -0.87927400 -0.36418923 0.30699092
vn -0.87927400 -0.36418923 0.30699092
vn -0.36418923 -0.87927400 0.30699092
vn -0.36418923 -0.87927400 0.30699092
vn -0.36418923 -0.87927400 0.30699092
vn 0.36418923 -0.87927400 0.30699092
vn 0.36418923 -0.87927400 0.30699092
vn 0.36418923 -0.87927400 0.30699092
vn -0.82701121 0.34250464 0.44580604
vn -0.82701121 0.34250464 0.44580604
vn -0.82701121 0.34250464 0.44580604
vn -0.82701121 -0.34250464 0.44580604
vn -0.82701121 -0.34250464 0.44580604
vn -0.82701121 -0.34250464 0.44580604
vn -0.34250464 -0.82701121 0.44580604
vn -0.34250464 -0.82701121 0.44580604
vn -0.34250464 -0.82701121 0.44580604
vn 0.34250464 -0.82701121 0.44580604
vn 0.34250464 -0.82701121 0.44580604
vn 0.34250464 -0.82701121 0.44580604
vn 0.82701121 -0.34250464 0.44580604
vn 0.82701121 -0.34250464 0.44580604
vn 0.82701121 -0.34250464 0.44580604
vn 0.82701121 0.34250464 0.44580604
vn 0.82701121 0.34250464 0.44580604
vn 0.82701121 0.34250464 0.44580604
vn 0.34250464 0.82701121 0.44580604
vn 0.34250464 0.82701121 0.44580604
vn 0.34250464 0.82701121 0.44580604
vn -0.34250464 0.82701121 0.44580604
vn -0.34250464 0.82701121 0.44580604
vn -0.34250464 0.82701121 0.44580604
vn -0.00000000 -0.53680431 -0.84370678
vn -0.00000000 -0.53680431 -0.84370678
vn -0.00000000 -0.53680431 -0.84370678
vn 1.00000000 -0.00000000 -0.00000000
vn 1.00000000 -0.00000000 -0.00000000
vn 1.00000000 -0.00000000 -0.00000000
vn -1.00000000 -0.00000000 -0.00000000
vn -1.00000000 -0.00000000 -0.00000000
vn -1.00000000 -0.00000000 -0.00000000
vn 0.14999518 -0.62168000 -0.76877527
vn 0.14999518 -0.62168000 -0.76877527
vn 0.14999518 -0.62168000 -0.76877527
vn -0.21709725 -0.52399335 -0.82358955
vn -0.21709725 -0.52399335 -0.82358955
vn -0.21709725 -0.52399335 -0.82358955
vn -0.23459817 -0.97209243 -0.00000000
vn -0.23459817 -0.97209243 -0.00000000
vn -0.23459817 -0.97209243 -0.00000000
vn 0.23459817 -0.97209243 -0.00000000
vn 0.23459817 -0.97209243 -0.00000000
vn 0.23459817 -0.97209243 -0.00000000
vn -0.00000000 -0.00000000 -1.00000000
vn -0.00000000 -0.00000000 -1.00000000
vn -0.00000000 -0.00000000 -1.00000000
vn -0.14870496 -0.93543118 -0.32071069
vn -0.74171581 -0.00000000 -0.67071429
vn -0.24411185 -0.00000000 -0.96974708
vn -0.74171581 -0.00000000 -0.67071429
vn -0.14870496 0.93543118 -0.32071069
vn -0.24411185 -0.00000000 -0.96974708
vn -0.24411185 -0.00000000 -0.96974708
vn 0.40030699 0.91501597 0.05000087
vn 0.65619357 -0.00000000 -0.75459261
vn -0.24411185 -0.00000000 -0.96974708
vn 0.40030699 -0.91501597 0.05000087
vn -0.14870496 -0.93543118 -0.32071069
vn 0.25829121 -0.00000000 -0.96606711
vn -0.37309651 -0.92779133 -0.00149999
vn -0.62468285 -0.00000000 -0.78087857
vn 0.25829121 -0.00000000 -0.96606711
vn -0.37309651 0.92779133 -0.00149999
vn 0.12309466 0.94895883 -0.29038740
vn 0.12309466 0.94895883 -0.29038740
vn 0.85478118 -0.00000000 -0.51898857
vn 0.25829121 -0.00000000 -0.96606711
vn 0.85478118 -0.00000000 -0.51898857
vn 0.12309466 -0.94895883 -0.29038740
vn 0.25829121 -0.00000000 -0.96606711
vn 0.04030043 -0.99901072 -0.01880020
vn -0.00200008 -0.98044000 -0.19680803
vn -0.17580343 -0.91611789 -0.36030704
vn 0.04030043 -0.99901072 -0.01880020
vn -0.53632127 -0.67572680 -0.50572006
vn -0.14870496 -0.93543118 -0.32071069
vn 0.04030043 -0.99901072 -0.01880020
vn 0.40030699 -0.91501597 0.05000087
vn 0.43901565 -0.88113141 0.17570626
vn 0.43901565 -0.88113141 0.17570626
vn 0.01710015 -0.99980865 0.00950008
vn 0.04030043 -0.99901072 -0.01880020
vn 0.04030043 0.99901072 -0.01880020
vn -0.53632127 0.67572680 -0.50572006
vn -0.17580343 0.91611789 -0.36030704
vn 0.00279581 0.98932154 -0.14572257
vn 0.01710015 0.99980865 0.00950008
vn 0.02421935 0.99970633 0.00082023
vn 0.00279581 0.98932154 -0.14572257
vn 0.02421935 0.99970633 0.00082023
vn 0.02184127 0.99956332 -0.01990279
vn 0.00279581 0.98932154 -0.14572257
vn 0.02184127 0.99956332 -0.01990279
vn 0.00913029 0.99402484 -0.10877161
vn 0.04030043 0.99901072 -0.01880020
vn 0.01637657 0.99260699 -0.12026291
vn 0.02614747 0.99965692 -0.00153123
vn 0.00616925 0.98661872 -0.16292771
vn -0.00200008 0.98044000 -0.19680803
vn -0.00164948 0.98117975 -0.19308954
vn 0.01637657 0.99260699 -0.12026291
vn 0.00616925 0.98661872 -0.16292771
vn -0.00164948 0.98117975 -0.19308954
vn 0.01637657 0.99260699 -0.12026291
vn -0.00164948 0.98117975 -0.19308954
vn 0.00148978 0.98716746 -0.15968150
vn 0.01637657 0.99260699 -0.12026291
vn 0.00148978 0.98716746 -0.15968150
vn 0.02110347 0.99776551 -0.06339271
vn 0.00148978 0.98716746 -0.15968150
vn 0.00279581 0.98932154 -0.14572257
vn 0.02508431 0.99957763 -0.01467424
vn 0.00148978 0.98716746 -0.15968150
vn 0.02508431 0.99957763 -0.01467424
vn 0.02110347 0.99776551 -0.06339271
vn 0.02469467 0.99969501 0.00024058
vn 0.02614747 0.99965692 -0.00153123
vn 0.02508431 0.99957763 -0.01467424
vn 0.02469467 0.99969501 0.00024058
vn 0.02508431 0.99957763 -0.01467424
vn 0.00913029 0.99402484 -0.10877161
vn 0.02421935 0.99970633 0.00082023
vn 0.02469467 0.99969501 0.00024058
vn 0.02184127 0.99956332 -0.01990279
vn 0.01710015 0.99980865 0.00950008
vn 0.13040099 0.98997911 0.05419359
vn 0.02421935 0.99970633 0.00082023
vn 0.14668762 0.98732396 0.06061472
vn 0.43901565 0.88113141 0.17570626
vn 0.04030043 0.99901072 -0.01880020
vn 0.14668762 0.98732396 0.06061472
vn 0.04030043 0.99901072 -0.01880020
vn 0.02614747 0.99965692 -0.00153123
vn 0.13489353 0.98935894 0.05452173
vn 0.02614747 0.99965692 -0.00153123
vn 0.02469467 0.99969501 0.00024058
vn 0.13040099 0.98997911 0.05419359
vn 0.14668762 0.98732396 0.06061472
vn 0.13489353 0.98935894 0.05452173
vn 0.13040099 0.98997911 0.05419359
vn 0.13489353 0.98935894 0.05452173
vn 0.02469467 0.99969501 0.00024058
vn 0.13040099 0.98997911 0.05419359
vn 0.02469467 0.99969501 0.00024058
vn 0.02421935 0.99970633 0.00082023
vn 0.04030043 0.99901072 -0.01880020
vn 0.40030699 0.91501597 0.05000087
vn -0.14870496 0.93543118 -0.32071069
vn 0.90955656 -0.00000000 0.41558015
vn 0.40030699 0.91501597 0.05000087
vn 0.43901565 0.88113141 0.17570626
vn 0.90955656 -0.00000000 0.41558015
vn 0.44867641 0.84535507 0.28993841
vn 0.65035567 0.00000000 0.75962985
vn 0.44867641 0.84535507 0.28993841
vn 0.33875590 0.90813925 0.24602346
vn 0.55544705 0.22698013 0.79997412
vn 0.44867641 0.84535507 0.28993841
vn 0.55544705 0.22698013 0.79997412
vn 0.55479250 -0.00000000 0.83198875
vn 0.44867641 0.84535507 0.28993841
vn 0.55479250 -0.00000000 0.83198875
vn 0.65035567 0.00000000 0.75962985
vn 0.33875590 0.90813925 0.24602346
vn 0.22490594 0.95392519 0.19860525
vn 0.55544705 0.22698013 0.79997412
vn 0.90955656 -0.00000000 0.41558015
vn 0.22490594 -0.95392519 0.19860525
vn 0.43901565 -0.88113141 0.17570626
vn 0.90955656 -0.00000000 0.41558015
vn 0.40030699 -0.91501597 0.05000087
vn 0.65619357 -0.00000000 -0.75459261
vn -0.74171581 -0.00000000 -0.67071429
vn -0.17580343 -0.91611789 -0.36030704
vn -0.37621341 -0.00000000 -0.92653304
vn -0.37621341 -0.00000000 -0.92653304
vn -0.00200008 -0.98044000 -0.19680803
vn 0.12300081 -0.00000000 -0.99240657
vn -0.37621341 -0.00000000 -0.92653304
vn -0.32374768 0.37170966 -0.87006860
vn -0.10756558 0.94862540 -0.29755588
vn -0.37621341 -0.00000000 -0.92653304
vn -0.10756558 0.94862540 -0.29755588
vn -0.17580343 0.91611789 -0.36030704
vn -0.32374768 0.37170966 -0.87006860
vn -0.00200008 0.98044000 -0.19680803
vn -0.10756558 0.94862540 -0.29755588
vn -0.17580343 0.91611789 -0.36030704
vn -0.74171581 -0.00000000 -0.67071429
vn -0.37621341 -0.00000000 -0.92653304
vn -0.02010092 -0.99974592 0.01020047
vn -0.47031119 -0.87142074 0.13940332
vn -0.04630154 -0.99873322 -0.01970066
vn -0.04630154 -0.99873322 -0.01970066
vn -0.37309651 -0.92779133 -0.00149999
vn 0.12309466 -0.94895883 -0.29038740
vn -0.04630154 -0.99873322 -0.01970066
vn 0.47041923 -0.81173318 -0.34611415
vn 0.20210879 -0.93494068 -0.29161269
vn -0.04630154 -0.99873322 -0.01970066
vn 0.00640026 -0.98013910 -0.19820791
vn -0.02010092 -0.99974592 0.01020047
vn -0.04630154 0.99873322 -0.01970066
vn -0.02046133 0.99394015 -0.10800149
vn 0.17215169 0.94504417 -0.27794842
vn -0.04630154 0.99873322 -0.01970066
vn 0.17215169 0.94504417 -0.27794842
vn 0.20210879 0.93494068 -0.29161269
vn -0.02046133 0.99394015 -0.10800149
vn 0.00289123 0.98244789 -0.18651482
vn 0.02571860 0.97782167 -0.20785413
vn -0.02046133 0.99394015 -0.10800149
vn 0.02571860 0.97782167 -0.20785413
vn 0.17215169 0.94504417 -0.27794842
vn 0.00289123 0.98244789 -0.18651482
vn 0.00640026 0.98013910 -0.19820791
vn 0.02571860 0.97782167 -0.20785413
vn -0.04630154 0.99873322 -0.01970066
vn 0.47041923 0.81173318 -0.34611415
vn 0.12309466 0.94895883 -0.29038740
vn -0.41231855 0.90948237 0.05324696
vn -0.47031119 0.87142074 0.13940332
vn -0.18356769 0.98252157 0.03089120
vn -0.04630154 0.99873322 -0.01970066
vn -0.37309651 0.92779133 -0.00149999
vn -0.41231855 0.90948237 0.05324696
vn -0.04630154 0.99873322 -0.01970066
vn -0.41231855 0.90948237 0.05324696
vn -0.18356769 0.98252157 0.03089120
vn -0.47031119 0.87142074 0.13940332
vn -0.26404698 0.96115754 0.08034532
vn -0.18356769 0.98252157 0.03089120
vn -0.26404698 0.96115754 0.08034532
vn -0.06633165 0.99752048 0.02351619
vn -0.02453372 0.99968576 0.00514528
vn -0.26404698 0.96115754 0.08034532
vn -0.02453372 0.99968576 0.00514528
vn -0.04630154 0.99873322 -0.01970066
vn -0.26404698 0.96115754 0.08034532
vn -0.04630154 0.99873322 -0.01970066
vn -0.18356769 0.98252157 0.03089120
vn -0.06633165 0.99752048 0.02351619
vn -0.02010092 0.99974592 0.01020047
vn -0.02453372 0.99968576 0.00514528
vn -0.26905374 0.94061811 0.20699676
vn -0.24370458 0.94931783 0.19850373
vn -0.24982912 0.94801531 0.19711006
vn -0.70542583 0.62492543 0.33442879
vn -0.26905374 0.94061811 0.20699676
vn -0.24982912 0.94801531 0.19711006
vn -0.70542583 0.62492543 0.33442879
vn -0.24982912 0.94801531 0.19711006
vn -0.33202820 0.92644372 0.17736774
vn -0.93667802 -0.00000000 0.35019178
vn -0.70542583 0.62492543 0.33442879
vn -0.33202820 0.92644372 0.17736774
vn -0.93667802 -0.00000000 0.35019178
vn -0.33202820 0.92644372 0.17736774
vn -0.47031119 0.87142074 0.13940332
vn -0.93667802 -0.00000000 0.35019178
vn -0.63458531 0.76328060 0.12126090
vn -0.91580625 0.00000000 -0.40162035
vn -0.63458531 0.76328060 0.12126090
vn -0.37309651 0.92779133 -0.00149999
vn -0.62468285 -0.00000000 -0.78087857
vn -0.63458531 0.76328060 0.12126090
vn -0.62468285 -0.00000000 -0.78087857
vn -0.91580625 0.00000000 -0.40162035
vn -0.93667802 -0.00000000 0.35019178
vn -0.37309651 -0.92779133 -0.00149999
vn -0.47031119 -0.87142074 0.13940332
vn -0.93667802 -0.00000000 0.35019178
vn -0.24370458 -0.94931783 0.19850373
vn -0.55831813 -0.00000000 0.82962694
vn 0.57220662 -0.00000000 -0.82010949
vn 0.00640026 -0.98013910 -0.19820791
vn 0.20210879 -0.93494068 -0.29161269
vn 0.20210879 -0.93494068 -0.29161269
vn 0.85478118 -0.00000000 -0.51898857
vn 0.57220662 -0.00000000 -0.82010949
vn 0.85478118 -0.00000000 -0.51898857
vn 0.20210879 0.93494068 -0.29161269
vn 0.54179009 0.32008493 -0.77718024
vn 0.85478118 -0.00000000 -0.51898857
vn 0.54179009 0.32008493 -0.77718024
vn 0.71524001 0.00000000 -0.69887891
vn 0.54179009 0.32008493 -0.77718024
vn 0.57220662 -0.00000000 -0.82010949
vn 0.71524001 0.00000000 -0.69887891
vn 0.57220662 -0.00000000 -0.82010949
vn 0.07981882 0.95126499 -0.29786552
vn -0.02346165 0.00000000 -0.99972474
vn 0.07981882 0.95126499 -0.29786552
vn 0.00640026 0.98013910 -0.19820791
vn -0.13329679 -0.00000000 -0.99107616
vn 0.07981882 0.95126499 -0.29786552
vn -0.13329679 -0.00000000 -0.99107616
vn -0.02346165 0.00000000 -0.99972474
vn 0.00239999 -0.99999550 0.00179999
vn 0.22490594 -0.95392519 0.19860525
vn 0.03309981 -0.98659447 0.15979910
vn 0.00239999 -0.99999550 0.00179999
vn -0.00189996 -0.99067992 0.13619724
vn 0.00040000 -0.99999968 -0.00070000
vn 0.00040000 -0.99999968 -0.00070000
vn 0.02169933 -0.98886938 -0.14719544
vn 0.00239999 -0.99999550 0.00179999
vn 0.00239999 -0.99999550 0.00179999
vn -0.00200008 -0.98044000 -0.19680803
vn 0.01710015 -0.99980865 0.00950008
vn 0.00239999 0.99999550 0.00179999
vn -0.00155628 0.98421503 -0.17696990
vn 0.00388842 0.98430985 -0.17640578
vn 0.00239999 0.99999550 0.00179999
vn 0.00388842 0.98430985 -0.17640578
vn 0.00844168 0.98663033 -0.16275543
vn 0.00239999 0.99999550 0.00179999
vn 0.00844168 0.98663033 -0.16275543
vn 0.01115318 0.99046895 -0.13728389
vn 0.00239999 0.99999550 0.00179999
vn 0.01115318 0.99046895 -0.13728389
vn 0.01174767 0.99468145 -0.10232692
vn 0.00239999 0.99999550 0.00179999
vn 0.01174767 0.99468145 -0.10232692
vn 0.01015367 0.99806996 -0.06126391
vn 0.00239999 0.99999550 0.00179999
vn 0.01015367 0.99806996 -0.06126391
vn 0.00937235 0.99860441 -0.05197488
vn 0.01801000 0.98775689 -0.15495793
vn 0.02169933 0.98886938 -0.14719544
vn 0.00937235 0.99860441 -0.05197488
vn 0.01408604 0.98649274 -0.16319821
vn 0.01801000 0.98775689 -0.15495793
vn 0.01015367 0.99806996 -0.06126391
vn 0.01057154 0.98528976 -0.17056474
vn 0.01408604 0.98649274 -0.16319821
vn 0.01174767 0.99468145 -0.10232692
vn 0.00675068 0.98390614 -0.17855852
vn 0.01057154 0.98528976 -0.17056474
vn 0.01115318 0.99046895 -0.13728389
vn -0.00193270 0.98103937 -0.19379892
vn -0.00200008 0.98044000 -0.19680803
vn 0.00675068 0.98390614 -0.17855852
vn -0.00193270 0.98103937 -0.19379892
vn 0.00675068 0.98390614 -0.17855852
vn 0.00844168 0.98663033 -0.16275543
vn -0.00155628 0.98421503 -0.17696990
vn -0.00193270 0.98103937 -0.19379892
vn 0.00388842 0.98430985 -0.17640578
vn 0.00525121 0.99976520 -0.02102286
vn 0.00230642 0.99999592 0.00168303
vn 0.00239999 0.99999550 0.00179999
vn 0.00525121 0.99976520 -0.02102286
vn 0.00239999 0.99999550 0.00179999
vn 0.00937235 0.99860441 -0.05197488
vn 0.00554808 0.99933264 -0.03610405
vn 0.00040000 0.99999968 -0.00070000
vn 0.00139954 0.99999887 0.00054943
vn 0.01164091 0.99688472 -0.07800860
vn 0.00554808 0.99933264 -0.03610405
vn 0.00139954 0.99999887 0.00054943
vn 0.01164091 0.99688472 -0.07800860
vn 0.00139954 0.99999887 0.00054943
vn 0.00202120 0.99999708 0.00132650
vn 0.01638422 0.99372613 -0.11063423
vn 0.01164091 0.99688472 -0.07800860
vn 0.00202120 0.99999708 0.00132650
vn 0.01638422 0.99372613 -0.11063423
vn 0.00202120 0.99999708 0.00132650
vn 0.00224975 0.99999617 0.00161219
vn 0.02071306 0.98987663 -0.14041094
vn 0.01638422 0.99372613 -0.11063423
vn 0.00224975 0.99999617 0.00161219
vn 0.02071306 0.98987663 -0.14041094
vn 0.00224975 0.99999617 0.00161219
vn 0.00230642 0.99999592 0.00168303
vn 0.02169933 0.98886938 -0.14719544
vn 0.02071306 0.98987663 -0.14041094
vn 0.00525121 0.99976520 -0.02102286
vn 0.02169933 0.98886938 -0.14719544
vn 0.00525121 0.99976520 -0.02102286
vn 0.00937235 0.99860441 -0.05197488
vn 0.00239999 0.99999550 0.00179999
vn 0.00219971 0.99996485 0.00809091
vn 0.00436762 0.99980524 0.01924569
vn 0.00239999 0.99999550 0.00179999
vn 0.00436762 0.99980524 0.01924569
vn 0.01224583 0.99854887 0.05244234
vn -0.00130365 0.99305512 0.11764284
vn -0.00189996 0.99067992 0.13619724
vn 0.03309981 0.98659447 0.15979910
vn -0.00130365 0.99305512 0.11764284
vn 0.03309981 0.98659447 0.15979910
vn 0.02826138 0.99045892 0.13487926
vn 0.00052366 0.99816090 0.06061795
vn -0.00130365 0.99305512 0.11764284
vn 0.02826138 0.99045892 0.13487926
vn 0.00052366 0.99816090 0.06061795
vn 0.02826138 0.99045892 0.13487926
vn 0.02170950 0.99463474 0.10114562
vn 0.00140076 0.99944919 0.03315639
vn 0.00052366 0.99816090 0.06061795
vn 0.02170950 0.99463474 0.10114562
vn 0.00140076 0.99944919 0.03315639
vn 0.02170950 0.99463474 0.10114562
vn 0.01677638 0.99698534 0.07575481
vn 0.00188581 0.99983720 0.01794462
vn 0.00140076 0.99944919 0.03315639
vn 0.01677638 0.99698534 0.07575481
vn 0.00188581 0.99983720 0.01794462
vn 0.01677638 0.99698534 0.07575481
vn 0.01320011 0.99826674 0.05735222
vn 0.00214301 0.99994898 0.00987156
vn 0.00188581 0.99983720 0.01794462
vn 0.01320011 0.99826674 0.05735222
vn 0.00214301 0.99994898 0.00987156
vn 0.01320011 0.99826674 0.05735222
vn 0.01224583 0.99854887 0.05244234
vn 0.00219971 0.99996485 0.00809091
vn 0.00214301 0.99994898 0.00987156
vn 0.00436762 0.99980524 0.01924569
vn 0.00239999 0.99999550 0.00179999
vn 0.22284812 0.95478500 0.19678497
vn 0.22149649 0.95536031 0.19551465
vn 0.00239999 0.99999550 0.00179999
vn 0.22149649 0.95536031 0.19551465
vn 0.22035456 0.95583993 0.19445796
vn 0.00239999 0.99999550 0.00179999
vn 0.22035456 0.95583993 0.19445796
vn 0.01710015 0.99980865 0.00950008
vn 0.22332658 0.95458586 0.19720820
vn 0.22490594 0.95392519 0.19860525
vn 0.22035456 0.95583993 0.19445796
vn 0.22284812 0.95478500 0.19678497
vn 0.22332658 0.95458586 0.19720820
vn 0.22149649 0.95536031 0.19551465
vn 0.55479250 -0.00000000 0.83198875
vn 0.55395175 0.01508357 0.83241213
vn 0.54925886 0.00000000 0.83565226
vn 0.55395175 0.01508357 0.83241213
vn 0.53619464 0.18145620 0.82435973
vn 0.48561503 0.00000000 0.87417277
vn 0.55395175 0.01508357 0.83241213
vn 0.48561503 0.00000000 0.87417277
vn 0.54925886 0.00000000 0.83565226
vn 0.53619464 0.18145620 0.82435973
vn 0.49213956 0.38455603 0.78097075
vn 0.37333765 0.00000000 0.92769553
vn 0.53619464 0.18145620 0.82435973
vn 0.37333765 0.00000000 0.92769553
vn 0.48561503 0.00000000 0.87417277
vn 0.49213956 0.38455603 0.78097075
vn 0.34467363 0.72383994 0.59770882
vn 0.12005816 0.73213379 0.67049695
vn 0.49213956 0.38455603 0.78097075
vn 0.12005816 0.73213379 0.67049695
vn 0.17049289 -0.00000000 0.98535891
vn 0.49213956 0.38455603 0.78097075
vn 0.17049289 -0.00000000 0.98535891
vn 0.37333765 0.00000000 0.92769553
vn 0.34467363 0.72383994 0.59770882
vn 0.03309981 0.98659447 0.15979910
vn 0.12005816 0.73213379 0.67049695
vn 0.09692629 0.00000000 0.99529156
vn 0.17049289 -0.00000000 0.98535891
vn 0.12005816 0.73213379 0.67049695
vn 0.03309981 0.98659447 0.15979910
vn -0.00819972 -0.00000000 0.99996638
vn 0.09692629 0.00000000 0.99529156
vn 0.03309981 0.98659447 0.15979910
vn 0.09692629 0.00000000 0.99529156
vn 0.12005816 0.73213379 0.67049695
vn -0.00819972 -0.00000000 0.99996638
vn 0.03309981 -0.98659447 0.15979910
vn 0.17049289 -0.00000000 0.98535891
vn 0.03309981 -0.98659447 0.15979910
vn 0.55479250 -0.00000000 0.83198875
vn 0.17049289 -0.00000000 0.98535891
vn 0.12300081 -0.00000000 -0.99240657
vn 0.02169933 -0.98886938 -0.14719544
vn 0.15719484 -0.00000000 -0.98756761
vn 0.15719484 -0.00000000 -0.98756761
vn 0.01609963 -0.99007754 -0.13959683
vn 0.11370171 -0.00000000 -0.99351493
vn 0.05272976 0.92859256 -0.36733559
vn 0.01609963 0.99007754 -0.13959683
vn 0.01745159 0.98979408 -0.14143236
vn 0.13616000 0.46727361 -0.87356501
vn 0.05272976 0.92859256 -0.36733559
vn 0.01745159 0.98979408 -0.14143236
vn 0.13616000 0.46727361 -0.87356501
vn 0.01745159 0.98979408 -0.14143236
vn 0.01993340 0.98926009 -0.14480029
vn 0.15672146 0.04820466 -0.98646576
vn 0.13616000 0.46727361 -0.87356501
vn 0.01993340 0.98926009 -0.14480029
vn 0.15672146 0.04820466 -0.98646576
vn 0.01993340 0.98926009 -0.14480029
vn 0.02143739 0.98892789 -0.14684024
vn 0.15719484 -0.00000000 -0.98756761
vn 0.15672146 0.04820466 -0.98646576
vn 0.02143739 0.98892789 -0.14684024
vn 0.15719484 -0.00000000 -0.98756761
vn 0.02143739 0.98892789 -0.14684024
vn 0.02169933 0.98886938 -0.14719544
vn 0.02169933 0.98886938 -0.14719544
vn 0.04443600 0.94224765 -0.33195603
vn 0.14915286 0.00000000 -0.98881415
vn 0.02169933 0.98886938 -0.14719544
vn 0.14915286 0.00000000 -0.98881415
vn 0.15719484 -0.00000000 -0.98756761
vn 0.04443600 0.94224765 -0.33195603
vn 0.07723580 0.79571539 -0.60072593
vn 0.14069800 0.00000000 -0.99005256
vn 0.04443600 0.94224765 -0.33195603
vn 0.14069800 0.00000000 -0.99005256
vn 0.14915286 0.00000000 -0.98881415
vn 0.07723580 0.79571539 -0.60072593
vn 0.10994012 0.47394130 -0.87366631
vn 0.13194394 0.00000000 -0.99125718
vn 0.07723580 0.79571539 -0.60072593
vn 0.13194394 0.00000000 -0.99125718
vn 0.14069800 0.00000000 -0.99005256
vn 0.10994012 0.47394130 -0.87366631
vn 0.12300081 -0.00000000 -0.99240657
vn 0.13194394 0.00000000 -0.99125718
vn 0.00040000 -0.99999968 -0.00070000
vn -0.00000000 -0.99106295 0.13339501
vn -0.00000000 -0.99999960 -0.00090000
vn -0.00000000 -0.99106295 0.13339501
vn -0.00040000 -0.99999974 -0.00060000
vn -0.00000000 -0.99999960 -0.00090000
vn -0.00000000 -0.99999960 -0.00090000
vn -0.01480058 -0.99013884 -0.13930547
vn 0.00029999 -0.99026494 -0.13919507
vn -0.00000000 -0.99999960 -0.00090000
vn 0.01609963 -0.99007754 -0.13959683
vn 0.00040000 -0.99999968 -0.00070000
vn -0.00229999 -0.99999608 0.00159999
vn 0.00169994 -0.99066678 0.13629543
vn -0.03079994 -0.98679809 0.15899969
vn -0.00229999 -0.99999608 0.00159999
vn -0.24370458 -0.94931783 0.19850373
vn -0.02010092 -0.99974592 0.01020047
vn -0.00229999 -0.99999608 0.00159999
vn 0.00640026 -0.98013910 -0.19820791
vn -0.01999980 -0.98888986 -0.14729849
vn -0.01999980 -0.98888986 -0.14729849
vn -0.00040000 -0.99999974 -0.00060000
vn -0.00229999 -0.99999608 0.00159999
vn -0.00000000 0.99999960 -0.00090000
vn 0.01609963 0.99007754 -0.13959683
vn 0.00029999 0.99026494 -0.13919507
vn -0.00000000 0.99999960 -0.00090000
vn -0.01480058 0.99013884 -0.13930547
vn -0.00040000 0.99999974 -0.00060000
vn -0.00040000 0.99999974 -0.00060000
vn -0.00000000 0.99106295 0.13339501
vn -0.00000000 0.99999960 -0.00090000
vn -0.00000000 0.99106295 0.13339501
vn 0.00040000 0.99999968 -0.00070000
vn -0.00000000 0.99999960 -0.00090000
vn -0.01403538 0.99517859 -0.09706996
vn -0.00229999 0.99999608 0.00159999
vn -0.00196107 0.99999735 0.00120755
vn -0.01403538 0.99517859 -0.09706996
vn -0.00196107 0.99999735 0.00120755
vn -0.00444209 0.99979725 -0.01963987
vn -0.01403538 0.99517859 -0.09706996
vn -0.00444209 0.99979725 -0.01963987
vn -0.00924473 0.99821327 -0.05903229
vn -0.01403538 0.99517859 -0.09706996
vn -0.00924473 0.99821327 -0.05903229
vn -0.01352664 0.99555729 -0.09318106
vn -0.00040000 0.99999974 -0.00060000
vn -0.01653028 0.99247502 -0.12132632
vn -0.00196107 0.99999735 0.00120755
vn -0.01745209 0.99159132 -0.12822669
vn -0.01999980 0.98888986 -0.14729849
vn -0.01791829 0.99138311 -0.12976311
vn -0.01653028 0.99247502 -0.12132632
vn -0.01745209 0.99159132 -0.12822669
vn -0.01791829 0.99138311 -0.12976311
vn -0.01653028 0.99247502 -0.12132632
vn -0.01791829 0.99138311 -0.12976311
vn -0.01536331 0.99400518 -0.10824821
vn -0.01653028 0.99247502 -0.12132632
vn -0.01536331 0.99400518 -0.10824821
vn -0.01312874 0.99560813 -0.09269351
vn -0.01536331 0.99400518 -0.10824821
vn -0.01403538 0.99517859 -0.09706996
vn -0.00981446 0.99784939 -0.06480943
vn -0.01536331 0.99400518 -0.10824821
vn -0.00981446 0.99784939 -0.06480943
vn -0.01312874 0.99560813 -0.09269351
vn -0.00698994 0.99913235 -0.04105704
vn -0.00981446 0.99784939 -0.06480943
vn -0.01352664 0.99555729 -0.09318106
vn -0.00444209 0.99979725 -0.01963987
vn -0.00698994 0.99913235 -0.04105704
vn -0.00924473 0.99821327 -0.05903229
vn -0.00229999 0.99999608 0.00159999
vn 0.00458660 0.98763108 -0.15672844
vn 0.00067368 0.99093580 -0.13433460
vn -0.00229999 0.99999608 0.00159999
vn 0.00067368 0.99093580 -0.13433460
vn -0.00939158 0.99762923 -0.06817420
vn -0.00229999 0.99999608 0.00159999
vn -0.00939158 0.99762923 -0.06817420
vn -0.01949766 0.99979062 0.00621005
vn -0.00229999 0.99999608 0.00159999
vn -0.01949766 0.99979062 0.00621005
vn -0.01997718 0.99974901 0.01014068
vn -0.01552640 0.99953481 -0.02625058
vn -0.02010092 0.99974592 0.01020047
vn -0.01997718 0.99974901 0.01014068
vn 0.00542038 0.98440935 -0.17580911
vn 0.00640026 0.98013910 -0.19820791
vn -0.01552640 0.99953481 -0.02625058
vn 0.00542038 0.98440935 -0.17580911
vn -0.01552640 0.99953481 -0.02625058
vn -0.01949766 0.99979062 0.00621005
vn 0.00478007 0.98691708 -0.16115779
vn 0.00542038 0.98440935 -0.17580911
vn -0.00939158 0.99762923 -0.06817420
vn 0.00458660 0.98763108 -0.15672844
vn 0.00478007 0.98691708 -0.16115779
vn 0.00067368 0.99093580 -0.13433460
vn -0.00229999 0.99999608 0.00159999
vn -0.20538478 0.96428517 0.16724594
vn -0.19821156 0.96409742 0.17671542
vn -0.00229999 0.99999608 0.00159999
vn -0.19821156 0.96409742 0.17671542
vn -0.17252198 0.96725959 0.18613180
vn -0.00229999 0.99999608 0.00159999
vn -0.17252198 0.96725959 0.18613180
vn -0.11807623 0.97726592 0.17609463
vn -0.00229999 0.99999608 0.00159999
vn -0.11807623 0.97726592 0.17609463
vn -0.09296056 0.98194539 0.16474703
vn -0.00229999 0.99999608 0.00159999
vn -0.09296056 0.98194539 0.16474703
vn -0.05184015 0.98964481 0.13384969
vn -0.00229999 0.99999608 0.00159999
vn -0.05184015 0.98964481 0.13384969
vn -0.02004793 0.99482711 0.09958460
vn -0.03197299 0.98672242 0.15923756
vn -0.03079994 0.98679809 0.15899969
vn -0.03002106 0.98750617 0.15469422
vn -0.06177624 0.98432224 0.16520724
vn -0.03197299 0.98672242 0.15923756
vn -0.03002106 0.98750617 0.15469422
vn -0.06177624 0.98432224 0.16520724
vn -0.03002106 0.98750617 0.15469422
vn -0.02067034 0.99446419 0.10302288
vn -0.08540710 0.98176384 0.16983933
vn -0.06177624 0.98432224 0.16520724
vn -0.02067034 0.99446419 0.10302288
vn -0.08540710 0.98176384 0.16983933
vn -0.02067034 0.99446419 0.10302288
vn -0.02004793 0.99482711 0.09958460
vn -0.10476079 0.97923441 0.17356595
vn -0.08540710 0.98176384 0.16983933
vn -0.05184015 0.98964481 0.13384969
vn -0.11807623 0.97726592 0.17609463
vn -0.10476079 0.97923441 0.17356595
vn -0.09296056 0.98194539 0.16474703
vn -0.23842075 0.95154841 0.19419362
vn -0.24370458 0.94931783 0.19850373
vn -0.19060586 0.96323075 0.18935664
vn -0.21110983 0.96222532 0.17191587
vn -0.23842075 0.95154841 0.19419362
vn -0.19060586 0.96323075 0.18935664
vn -0.21110983 0.96222532 0.17191587
vn -0.19060586 0.96323075 0.18935664
vn -0.17252198 0.96725959 0.18613180
vn -0.20538478 0.96428517 0.16724594
vn -0.21110983 0.96222532 0.17191587
vn -0.19821156 0.96409742 0.17671542
vn -0.00229999 0.99999608 0.00159999
vn -0.00162873 0.99970325 0.02430563
vn -0.00170201 0.99983249 0.01822361
vn -0.00229999 0.99999608 0.00159999
vn -0.00170201 0.99983249 0.01822361
vn -0.00196107 0.99999735 0.00120755
vn -0.00158858 0.99966941 0.02566232
vn 0.00169994 0.99066678 0.13629543
vn -0.00040000 0.99999974 -0.00060000
vn -0.00158858 0.99966941 0.02566232
vn -0.00040000 0.99999974 -0.00060000
vn -0.00196107 0.99999735 0.00120755
vn -0.00162873 0.99970325 0.02430563
vn -0.00158858 0.99966941 0.02566232
vn -0.00170201 0.99983249 0.01822361
vn -0.00010000 -0.00000000 1.00000000
vn -0.00189996 0.99067992 0.13619724
vn -0.00000000 0.99106295 0.13339501
vn -0.00010000 -0.00000000 1.00000000
vn 0.00169994 0.99066678 0.13629543
vn 0.00749979 -0.00000000 0.99997188
vn -0.00010000 -0.00000000 1.00000000
vn 0.00169994 -0.99066678 0.13629543
vn -0.00000000 -0.99106295 0.13339501
vn -0.00010000 -0.00000000 1.00000000
vn -0.00189996 -0.99067992 0.13619724
vn -0.00819972 -0.00000000 0.99996638
vn 0.00749979 -0.00000000 0.99997188
vn -0.02761291 0.93407178 0.35601607
vn -0.13179958 0.00000000 0.99127638
vn -0.02761291 0.93407178 0.35601607
vn -0.03079994 0.98679809 0.15899969
vn -0.16170638 -0.00000000 0.98683892
vn -0.02761291 0.93407178 0.35601607
vn -0.16170638 -0.00000000 0.98683892
vn -0.13179958 0.00000000 0.99127638
vn -0.03079994 0.98679809 0.15899969
vn -0.03397444 0.98593855 0.16361817
vn -0.19043935 0.00000000 0.98169896
vn -0.03079994 0.98679809 0.15899969
vn -0.19043935 0.00000000 0.98169896
vn -0.16170638 -0.00000000 0.98683892
vn -0.03397444 0.98593855 0.16361817
vn -0.13050173 0.94424753 0.30226794
vn -0.27275724 0.00000000 0.96208289
vn -0.03397444 0.98593855 0.16361817
vn -0.27275724 0.00000000 0.96208289
vn -0.19043935 0.00000000 0.98169896
vn -0.13050173 0.94424753 0.30226794
vn -0.23795413 0.85957828 0.45222009
vn -0.34778636 0.00000000 0.93757381
vn -0.13050173 0.94424753 0.30226794
vn -0.34778636 0.00000000 0.93757381
vn -0.27275724 0.00000000 0.96208289
vn -0.23795413 0.85957828 0.45222009
vn -0.37202801 0.68082134 0.63093380
vn -0.43088725 0.00000000 0.90240577
vn -0.23795413 0.85957828 0.45222009
vn -0.43088725 0.00000000 0.90240577
vn -0.34778636 0.00000000 0.93757381
vn -0.37202801 0.68082134 0.63093380
vn -0.55831813 -0.00000000 0.82962694
vn -0.43088725 0.00000000 0.90240577
vn -0.55831813 -0.00000000 0.82962694
vn -0.03079994 -0.98679809 0.15899969
vn -0.16170638 -0.00000000 0.98683892
vn -0.03079994 -0.98679809 0.15899969
vn 0.00749979 -0.00000000 0.99997188
vn -0.16170638 -0.00000000 0.98683892
vn 0.11370171 -0.00000000 -0.99351493
vn 0.00029999 -0.99026494 -0.13919507
vn 0.00190000 -0.00000000 -0.99999820
vn 0.00029999 -0.99026494 -0.13919507
vn -0.10499710 -0.00000000 -0.99447253
vn 0.00190000 -0.00000000 -0.99999820
vn -0.10499710 -0.00000000 -0.99447253
vn 0.00029999 0.99026494 -0.13919507
vn 0.00190000 -0.00000000 -0.99999820
vn 0.00029999 0.99026494 -0.13919507
vn 0.11370171 -0.00000000 -0.99351493
vn 0.00190000 -0.00000000 -0.99999820
vn -0.14459860 -0.00000000 -0.98949040
vn -0.01480058 -0.99013884 -0.13930547
vn -0.01999980 -0.98888986 -0.14729849
vn -0.01999980 -0.98888986 -0.14729849
vn -0.13329679 -0.00000000 -0.99107616
vn -0.14459860 -0.00000000 -0.98949040
vn -0.13329679 -0.00000000 -0.99107616
vn -0.13053693 0.20381728 -0.97026730
vn -0.13548196 0.00000000 -0.99077981
vn -0.13053693 0.20381728 -0.97026730
vn -0.11774983 0.46992674 -0.87481646
vn -0.13828582 0.00000000 -0.99039236
vn -0.13053693 0.20381728 -0.97026730
vn -0.13828582 0.00000000 -0.99039236
vn -0.13548196 0.00000000 -0.99077981
vn -0.11774983 0.46992674 -0.87481646
vn -0.09221824 0.72303603 -0.68462742
vn -0.14217198 0.00000000 -0.98984197
vn -0.11774983 0.46992674 -0.87481646
vn -0.14217198 0.00000000 -0.98984197
vn -0.13828582 0.00000000 -0.99039236
vn -0.09221824 0.72303603 -0.68462742
vn -0.04896536 0.93060181 -0.36274324
vn -0.08023154 0.82612425 -0.55774691
vn -0.09221824 0.72303603 -0.68462742
vn -0.08023154 0.82612425 -0.55774691
vn -0.14459860 -0.00000000 -0.98949040
vn -0.09221824 0.72303603 -0.68462742
vn -0.14459860 -0.00000000 -0.98949040
vn -0.14217198 0.00000000 -0.98984197
vn -0.04896536 0.93060181 -0.36274324
vn -0.01999980 0.98888986 -0.14729849
vn -0.08023154 0.82612425 -0.55774691
vn -0.14042887 0.20422225 -0.96879977
vn -0.01480058 0.99013884 -0.13930547
vn -0.10499710 -0.00000000 -0.99447253
vn -0.14042887 0.20422225 -0.96879977
vn -0.10499710 -0.00000000 -0.99447253
vn -0.13755036 0.00000000 -0.99049477
vn -0.14459860 -0.00000000 -0.98949040
vn -0.14042887 0.20422225 -0.96879977
vn -0.13755036 0.00000000 -0.99049477
vn -0.00000000 -0.99998648 -0.00519993
vn 0.71699700 -0.65529725 0.23769900
vn 0.00000000 -0.98474427 0.17400782
vn -0.00000000 -0.98474427 0.17400782
vn 0.61287737 -0.54317994 0.57387881
vn -0.00000000 -0.71481446 0.69931415
vn -0.00000000 -0.98474427 0.17400782
vn -0.61287737 -0.54317994 0.57387881
vn -0.71699700 -0.65529725 0.23769900
vn -0.71699700 -0.65529725 0.23769900
vn -0.00000000 -0.99998648 -0.00519993
vn 0.00000000 -0.98474427 0.17400782
vn -0.00000000 0.88489219 0.46579589
vn 0.72777752 0.66127958 0.18179439
vn -0.00000000 0.97572367 0.21900531
vn -0.00000000 0.88489219 0.46579589
vn -0.72777752 0.66127958 0.18179439
vn -0.68041331 0.59571165 0.42680835
vn -0.00000000 0.88489219 0.46579589
vn -0.57142247 0.45461788 0.68322687
vn -0.00000000 0.57090919 0.82101321
vn -0.00000000 0.88489219 0.46579589
vn 0.57142247 0.45461788 0.68322687
vn 0.68041331 0.59571165 0.42680835
vn 0.95813606 -0.00120005 0.28631077
vn 0.75060513 -0.66000451 0.03140021
vn 0.99546762 0.00759975 0.09479692
vn 0.95642003 0.20226098 0.21059732
vn 0.68041331 0.59571165 0.42680835
vn 0.88925063 0.27174980 0.36794750
vn 0.99546762 0.00759975 0.09479692
vn 0.95642003 0.20226098 0.21059732
vn 0.88925063 0.27174980 0.36794750
vn 0.99546762 0.00759975 0.09479692
vn 0.88925063 0.27174980 0.36794750
vn 0.95813606 -0.00120005 0.28631077
vn 0.69321698 0.36648220 0.62059731
vn 0.57142247 0.45461788 0.68322687
vn 0.60199078 0.37625986 0.70429796
vn 0.95813606 -0.00120005 0.28631077
vn 0.69321698 0.36648220 0.62059731
vn 0.60199078 0.37625986 0.70429796
vn 0.95813606 -0.00120005 0.28631077
vn 0.60199078 0.37625986 0.70429796
vn 0.68279664 -0.02989985 0.72999640
vn 0.95813606 -0.00120005 0.28631077
vn 0.61287737 -0.54317994 0.57387881
vn 0.71699700 -0.65529725 0.23769900
vn -0.00000000 -0.03549892 0.99936971
vn 0.61287737 -0.54317994 0.57387881
vn 0.68279664 -0.02989985 0.72999640
vn 0.50167115 0.39305824 0.77060449
vn 0.57142247 0.45461788 0.68322687
vn -0.00000000 0.57090919 0.82101321
vn 0.50167115 0.39305824 0.77060449
vn -0.00000000 0.57090919 0.82101321
vn 0.00000000 0.40828237 0.91285569
vn -0.00000000 -0.03549892 0.99936971
vn 0.50167115 0.39305824 0.77060449
vn 0.00000000 0.40828237 0.91285569
vn -0.50167115 0.39305824 0.77060449
vn -0.57142247 0.45461788 0.68322687
vn -0.60199078 0.37625986 0.70429796
vn -0.00000000 -0.03549892 0.99936971
vn -0.50167115 0.39305824 0.77060449
vn -0.60199078 0.37625986 0.70429796
vn -0.00000000 -0.03549892 0.99936971
vn -0.60199078 0.37625986 0.70429796
vn -0.68279664 -0.02989985 0.72999640
vn -0.00000000 -0.03549892 0.99936971
vn -0.61287737 -0.54317994 0.57387881
vn -0.00000000 -0.71481446 0.69931415
vn -0.95813606 -0.00120005 0.28631077
vn -0.61287737 -0.54317994 0.57387881
vn -0.68279664 -0.02989985 0.72999640
vn -0.69321698 0.36648220 0.62059731
vn -0.57142247 0.45461788 0.68322687
vn -0.68041331 0.59571165 0.42680835
vn -0.69321698 0.36648220 0.62059731
vn -0.68041331 0.59571165 0.42680835
vn -0.88925063 0.27174980 0.36794750
vn -0.95813606 -0.00120005 0.28631077
vn -0.69321698 0.36648220 0.62059731
vn -0.88925063 0.27174980 0.36794750
vn -0.68041331 0.59571165 0.42680835
vn -0.95643483 0.20226411 0.21052707
vn -0.88925063 0.27174980 0.36794750
vn -0.95643483 0.20226411 0.21052707
vn -0.99547705 0.00759982 0.09469782
vn -0.95813606 -0.00120005 0.28631077
vn -0.95643483 0.20226411 0.21052707
vn -0.95813606 -0.00120005 0.28631077
vn -0.88925063 0.27174980 0.36794750
vn -0.95813606 -0.00120005 0.28631077
vn -0.75060513 -0.66000451 0.03140021
vn -0.71699700 -0.65529725 0.23769900
vn 0.70777039 0.05766233 -0.70408531
vn 0.88360010 -0.01790000 -0.46790005
vn -0.00000000 -0.04890018 -0.99880367
vn 0.70777039 0.05766233 -0.70408531
vn -0.00000000 -0.04890018 -0.99880367
vn 0.00000000 0.02905876 -0.99957771
vn -0.00000000 0.21360442 -0.97692024
vn 0.70777039 0.05766233 -0.70408531
vn 0.00000000 0.02905876 -0.99957771
vn -0.00000000 -0.04890018 -0.99880367
vn 0.90853530 -0.07980310 -0.41011593
vn -0.00000000 -0.46421250 -0.88572386
vn -0.00000000 -0.04890018 -0.99880367
vn -0.90853530 -0.07980310 -0.41011593
vn -0.88360010 -0.01790000 -0.46790005
vn -0.88360010 -0.01790000 -0.46790005
vn -0.70777039 0.05766233 -0.70408531
vn 0.00000000 0.02905876 -0.99957771
vn -0.88360010 -0.01790000 -0.46790005
vn 0.00000000 0.02905876 -0.99957771
vn -0.00000000 -0.04890018 -0.99880367
vn -0.70777039 0.05766233 -0.70408531
vn -0.00000000 0.21360442 -0.97692024
vn 0.00000000 0.02905876 -0.99957771
vn -0.00000000 0.90659657 0.42199840
vn 0.95027326 0.25029296 -0.18529479
vn -0.00000000 0.96670305 -0.25590081
vn -0.00000000 0.96670305 -0.25590081
vn 0.85470068 0.20530016 -0.47680038
vn -0.00000000 0.21360442 -0.97692024
vn -0.00000000 0.96670305 -0.25590081
vn -0.85470068 0.20530016 -0.47680038
vn -0.95027326 0.25029296 -0.18529479
vn -0.95027326 0.25029296 -0.18529479
vn -0.00000000 0.90659657 0.42199840
vn -0.00000000 0.96670305 -0.25590081
vn -0.99160775 0.00460004 -0.12920101
vn -0.99498581 0.06086042 -0.07936784
vn -0.98917160 0.04622472 -0.13929399
vn -0.99498581 0.06086042 -0.07936784
vn -0.94908826 0.28729645 0.12919840
vn -0.95027326 0.25029296 -0.18529479
vn -0.99498581 0.06086042 -0.07936784
vn -0.95027326 0.25029296 -0.18529479
vn -0.98917160 0.04622472 -0.13929399
vn -0.99160775 0.00460004 -0.12920101
vn -0.97600580 0.05108218 -0.21166790
vn -0.88096085 0.03303535 -0.47203458
vn -0.99160775 0.00460004 -0.12920101
vn -0.88096085 0.03303535 -0.47203458
vn -0.88360010 -0.01790000 -0.46790005
vn -0.97600580 0.05108218 -0.21166790
vn -0.85470068 0.20530016 -0.47680038
vn -0.88096085 0.03303535 -0.47203458
vn -0.99160775 0.00460004 -0.12920101
vn -0.90853530 -0.07980310 -0.41011593
vn -0.95915758 -0.20651240 -0.19331160
vn -0.95915758 -0.20651240 -0.19331160
vn -0.99339582 0.01109995 -0.11419952
vn -0.99160775 0.00460004 -0.12920101
vn 0.99339582 0.01109995 -0.11419952
vn 0.95915758 -0.20651240 -0.19331160
vn 0.99160775 0.00460004 -0.12920101
vn 0.99160775 0.00460004 -0.12920101
vn 0.90853530 -0.07980310 -0.41011593
vn 0.88360010 -0.01790000 -0.46790005
vn 0.99160775 0.00460004 -0.12920101
vn 0.97600580 0.05108218 -0.21166790
vn 0.98917160 0.04622472 -0.13929399
vn 0.97600580 0.05108218 -0.21166790
vn 0.85470068 0.20530016 -0.47680038
vn 0.95027326 0.25029296 -0.18529479
vn 0.97600580 0.05108218 -0.21166790
vn 0.95027326 0.25029296 -0.18529479
vn 0.98917160 0.04622472 -0.13929399
vn 0.99160775 0.00460004 -0.12920101
vn 0.99498581 0.06086042 -0.07936784
vn 0.99505710 0.08571452 -0.05014368
vn 0.99160775 0.00460004 -0.12920101
vn 0.99505710 0.08571452 -0.05014368
vn 0.99339582 0.01109995 -0.11419952
vn 0.99498581 0.06086042 -0.07936784
vn 0.94908826 0.28729645 0.12919840
vn 0.99505710 0.08571452 -0.05014368
vn -0.00000000 -0.92661688 -0.37600685
vn -0.96504135 -0.24231038 -0.09990428
vn -0.95915758 -0.20651240 -0.19331160
vn -0.95915758 -0.20651240 -0.19331160
vn -0.00000000 -0.46421250 -0.88572386
vn -0.00000000 -0.92661688 -0.37600685
vn -0.00000000 -0.46421250 -0.88572386
vn 0.95915758 -0.20651240 -0.19331160
vn -0.00000000 -0.92661688 -0.37600685
vn -0.00000000 -0.92661688 -0.37600685
vn 0.96504135 -0.24231038 -0.09990428
vn -0.00000000 -0.99488656 -0.10099864
vn -0.00000000 0.96402620 0.26580722
vn 0.91307746 0.37759068 0.15399620
vn -0.00000000 0.81751346 0.57590949
vn -0.00000000 0.81751346 0.57590949
vn 0.94908826 0.28729645 0.12919840
vn -0.00000000 0.90659657 0.42199840
vn -0.00000000 0.81751346 0.57590949
vn -0.94908826 0.28729645 0.12919840
vn -0.91307746 0.37759068 0.15399620
vn -0.91307746 0.37759068 0.15399620
vn -0.00000000 0.96402620 0.26580722
vn -0.00000000 0.81751346 0.57590949
vn -0.98752869 0.00330010 -0.15740457
vn -0.86240286 0.50620168 -0.00460002
vn -0.88265266 0.46779420 0.04574777
vn -0.98752869 0.00330010 -0.15740457
vn -0.88265266 0.46779420 0.04574777
vn -0.96591406 0.25455382 0.04703585
vn -0.88265266 0.46779420 0.04574777
vn -0.91307746 0.37759068 0.15399620
vn -0.96591406 0.25455382 0.04703585
vn -0.98068499 0.19486308 0.01689169
vn -0.99339582 0.01109995 -0.11419952
vn -0.98752869 0.00330010 -0.15740457
vn -0.98068499 0.19486308 0.01689169
vn -0.98752869 0.00330010 -0.15740457
vn -0.96591406 0.25455382 0.04703585
vn -0.91307746 0.37759068 0.15399620
vn -0.98068499 0.19486308 0.01689169
vn -0.96591406 0.25455382 0.04703585
vn -0.98752869 0.00330010 -0.15740457
vn -0.96504135 -0.24231038 -0.09990428
vn -0.91086822 -0.39858610 -0.10699627
vn -0.91086822 -0.39858610 -0.10699627
vn -0.98510218 -0.02660006 -0.16990038
vn -0.98752869 0.00330010 -0.15740457
vn 0.98510218 -0.02660006 -0.16990038
vn 0.91086822 -0.39858610 -0.10699627
vn 0.98752869 0.00330010 -0.15740457
vn 0.98752869 0.00330010 -0.15740457
vn 0.96504135 -0.24231038 -0.09990428
vn 0.99339582 0.01109995 -0.11419952
vn 0.99339582 0.01109995 -0.11419952
vn 0.98068499 0.19486308 0.01689169
vn 0.96591406 0.25455382 0.04703585
vn 0.99339582 0.01109995 -0.11419952
vn 0.96591406 0.25455382 0.04703585
vn 0.98752869 0.00330010 -0.15740457
vn 0.98068499 0.19486308 0.01689169
vn 0.91307746 0.37759068 0.15399620
vn 0.96591406 0.25455382 0.04703585
vn 0.98752869 0.00330010 -0.15740457
vn 0.86240286 0.50620168 -0.00460002
vn 0.98510218 -0.02660006 -0.16990038
vn -0.00000000 -0.99791763 -0.06450114
vn -0.91086822 -0.39858610 -0.10699627
vn -0.00000000 -1.00000000 -0.00000000
vn -0.91086822 -0.39858610 -0.10699627
vn -0.00000000 -0.99488656 -0.10099864
vn -0.00000000 -1.00000000 -0.00000000
vn -0.00000000 -0.99488656 -0.10099864
vn 0.91086822 -0.39858610 -0.10699627
vn -0.00000000 -1.00000000 -0.00000000
vn 0.91086822 -0.39858610 -0.10699627
vn -0.00000000 -0.99791763 -0.06450114
vn -0.00000000 -1.00000000 -0.00000000
vn 0.73007454 0.64735577 -0.21891019
vn 0.76566652 0.61707302 -0.18159206
vn 0.24109272 0.95759873 -0.15773070
vn -0.00000000 0.99143454 -0.13060455
vn 0.71831936 0.65641769 -0.23050621
vn 0.73007454 0.64735577 -0.21891019
vn -0.00000000 0.99143454 -0.13060455
vn 0.73007454 0.64735577 -0.21891019
vn 0.24109272 0.95759873 -0.15773070
vn 0.30918112 0.94548558 -0.10229396
vn 0.86240286 0.50620168 -0.00460002
vn 0.38019977 0.90596029 0.18623666
vn -0.00000000 0.99143454 -0.13060455
vn 0.30918112 0.94548558 -0.10229396
vn 0.38019977 0.90596029 0.18623666
vn -0.00000000 0.99143454 -0.13060455
vn 0.38019977 0.90596029 0.18623666
vn -0.00000000 0.96402620 0.26580722
vn -0.30918112 0.94548558 -0.10229396
vn -0.86240286 0.50620168 -0.00460002
vn -0.76566652 0.61707302 -0.18159206
vn -0.30918112 0.94548558 -0.10229396
vn -0.76566652 0.61707302 -0.18159206
vn -0.24109272 0.95759873 -0.15773070
vn -0.00000000 0.99143454 -0.13060455
vn -0.30918112 0.94548558 -0.10229396
vn -0.24109272 0.95759873 -0.15773070
vn -0.00000000 0.99143454 -0.13060455
vn -0.71831936 0.65641769 -0.23050621
vn -0.00000000 0.97146304 -0.23719098
vn -0.98532328 -0.01840043 -0.16970401
vn -0.76566652 0.61707302 -0.18159206
vn -0.98149696 -0.03249990 -0.18869942
vn -0.76566652 0.61707302 -0.18159206
vn -0.98510218 -0.02660006 -0.16990038
vn -0.98149696 -0.03249990 -0.18869942
vn -0.98510218 -0.02660006 -0.16990038
vn -0.74941593 -0.65331388 -0.10750228
vn -0.98149696 -0.03249990 -0.18869942
vn -0.98149696 -0.03249990 -0.18869942
vn -0.72459490 -0.68419518 -0.08269942
vn -0.98532328 -0.01840043 -0.16970401
vn 0.98149696 -0.03249990 -0.18869942
vn 0.72459490 -0.68419518 -0.08269942
vn 0.74941593 -0.65331388 -0.10750228
vn 0.74941593 -0.65331388 -0.10750228
vn 0.98510218 -0.02660006 -0.16990038
vn 0.98149696 -0.03249990 -0.18869942
vn 0.98510218 -0.02660006 -0.16990038
vn 0.76566652 0.61707302 -0.18159206
vn 0.98149696 -0.03249990 -0.18869942
vn 0.76566652 0.61707302 -0.18159206
vn 0.98532328 -0.01840043 -0.16970401
vn 0.98149696 -0.03249990 -0.18869942
vn -0.00000000 -0.99993949 -0.01100043
vn -0.74941593 -0.65331388 -0.10750228
vn -0.00000000 -0.99961903 -0.02760053
vn -0.00000000 -0.99961903 -0.02760053
vn -0.80983812 -0.57352700 -0.12340581
vn -0.00000000 -0.99791763 -0.06450114
vn -0.00000000 -0.99961903 -0.02760053
vn 0.80983812 -0.57352700 -0.12340581
vn 0.74941593 -0.65331388 -0.10750228
vn 0.74941593 -0.65331388 -0.10750228
vn -0.00000000 -0.99993949 -0.01100043
vn -0.00000000 -0.99961903 -0.02760053
vn -0.00000000 0.96408449 -0.26559573
vn 0.71383079 0.67232900 -0.19600846
vn 0.70780748 0.66690705 -0.23290246
vn 0.70780748 0.66690705 -0.23290246
vn -0.00000000 0.97146304 -0.23719098
vn -0.00000000 0.96408449 -0.26559573
vn -0.00000000 0.97146304 -0.23719098
vn -0.70780748 0.66690705 -0.23290246
vn -0.00000000 0.96408449 -0.26559573
vn -0.00000000 0.96408449 -0.26559573
vn -0.71383079 0.67232900 -0.19600846
vn -0.00000000 0.96824922 -0.24998689
vn -0.99625041 0.00189991 -0.08649569
vn -0.88448180 0.42766808 -0.18652600
vn -0.85706300 0.46831132 -0.21477319
vn -0.99625041 0.00189991 -0.08649569
vn -0.85706300 0.46831132 -0.21477319
vn -0.99019738 -0.00699998 -0.13949963
vn -0.88448180 0.42766808 -0.18652600
vn -0.70780748 0.66690705 -0.23290246
vn -0.85706300 0.46831132 -0.21477319
vn -0.99019738 -0.00699998 -0.13949963
vn -0.75490436 0.61506521 -0.22762732
vn -0.74817095 0.62225913 -0.23029071
vn -0.99019738 -0.00699998 -0.13949963
vn -0.74817095 0.62225913 -0.23029071
vn -0.98532328 -0.01840043 -0.16970401
vn -0.75490436 0.61506521 -0.22762732
vn -0.71831936 0.65641769 -0.23050621
vn -0.74817095 0.62225913 -0.23029071
vn -0.98532328 -0.01840043 -0.16970401
vn -0.72017737 -0.69137828 -0.05779818
vn -0.99019738 -0.00699998 -0.13949963
vn -0.99019738 -0.00699998 -0.13949963
vn -0.72624004 -0.68693787 -0.02630145
vn -0.99625041 0.00189991 -0.08649569
vn 0.99019738 -0.00699998 -0.13949963
vn 0.72624004 -0.68693787 -0.02630145
vn 0.72017737 -0.69137828 -0.05779818
vn 0.72017737 -0.69137828 -0.05779818
vn 0.98532328 -0.01840043 -0.16970401
vn 0.99019738 -0.00699998 -0.13949963
vn 0.99019738 -0.00699998 -0.13949963
vn 0.75490436 0.61506521 -0.22762732
vn 0.85706300 0.46831132 -0.21477319
vn 0.75490436 0.61506521 -0.22762732
vn 0.71831936 0.65641769 -0.23050621
vn 0.70780748 0.66690705 -0.23290246
vn 0.75490436 0.61506521 -0.22762732
vn 0.70780748 0.66690705 -0.23290246
vn 0.85706300 0.46831132 -0.21477319
vn 0.88448180 0.42766808 -0.18652600
vn 0.99625041 0.00189991 -0.08649569
vn 0.99019738 -0.00699998 -0.13949963
vn 0.88448180 0.42766808 -0.18652600
vn 0.99019738 -0.00699998 -0.13949963
vn 0.85706300 0.46831132 -0.21477319
vn 0.70780748 0.66690705 -0.23290246
vn 0.88448180 0.42766808 -0.18652600
vn 0.85706300 0.46831132 -0.21477319
vn -0.00000000 -0.99999976 0.00070000
vn -0.72017737 -0.69137828 -0.05779818
vn -0.00000000 -0.99999200 -0.00399997
vn -0.00000000 -0.99999200 -0.00399997
vn -0.72459490 -0.68419518 -0.08269942
vn -0.00000000 -0.99993949 -0.01100043
vn -0.00000000 -0.99999200 -0.00399997
vn 0.72459490 -0.68419518 -0.08269942
vn 0.72017737 -0.69137828 -0.05779818
vn 0.72017737 -0.69137828 -0.05779818
vn -0.00000000 -0.99999976 0.00070000
vn -0.00000000 -0.99999200 -0.00399997
vn 0.00000000 0.97572367 0.21900531
vn 0.73537785 0.67697961 0.03029909
vn -0.00000000 0.99954384 0.03020132
vn 0.73537785 0.67697961 0.03029909
vn -0.00000000 0.99284700 -0.11939363
vn -0.00000000 0.99954384 0.03020132
vn -0.00000000 0.99284700 -0.11939363
vn -0.73537785 0.67697961 0.03029909
vn -0.00000000 0.99954384 0.03020132
vn -0.73537785 0.67697961 0.03029909
vn 0.00000000 0.97572367 0.21900531
vn -0.00000000 0.99954384 0.03020132
vn -0.00000000 0.97955220 -0.20119018
vn 0.73359009 0.67489089 -0.07979892
vn 0.72549106 0.67359170 -0.14119826
vn 0.72549106 0.67359170 -0.14119826
vn -0.00000000 0.96824922 -0.24998689
vn -0.00000000 0.97955220 -0.20119018
vn -0.00000000 0.96824922 -0.24998689
vn -0.72549106 0.67359170 -0.14119826
vn -0.00000000 0.97955220 -0.20119018
vn -0.00000000 0.97955220 -0.20119018
vn -0.73359009 0.67489089 -0.07979892
vn -0.00000000 0.99284700 -0.11939363
vn -0.99968477 0.00909986 0.02339964
vn -0.98935357 0.13481205 0.05481992
vn -0.99166095 0.12632580 0.02550187
vn -0.98935357 0.13481205 0.05481992
vn -0.72777752 0.66127958 0.18179439
vn -0.73537785 0.67697961 0.03029909
vn -0.98935357 0.13481205 0.05481992
vn -0.73537785 0.67697961 0.03029909
vn -0.99166095 0.12632580 0.02550187
vn -0.99968477 0.00909986 0.02339964
vn -0.99129039 0.13158275 0.00541754
vn -0.98906323 0.14499976 -0.02700007
vn -0.99968477 0.00909986 0.02339964
vn -0.98906323 0.14499976 -0.02700007
vn -0.99989541 0.00709997 -0.01259994
vn -0.99129039 0.13158275 0.00541754
vn -0.73359009 0.67489089 -0.07979892
vn -0.98906323 0.14499976 -0.02700007
vn -0.99989541 0.00709997 -0.01259994
vn -0.74960229 -0.66180202 0.01070003
vn -0.99968477 0.00909986 0.02339964
vn -0.74960229 -0.66180202 0.01070003
vn -0.99547705 0.00759982 0.09469782
vn -0.99968477 0.00909986 0.02339964
vn -0.99989541 0.00709997 -0.01259994
vn -0.98495802 0.16708747 -0.04403958
vn -0.97466259 0.21213241 -0.07094130
vn -0.99989541 0.00709997 -0.01259994
vn -0.97466259 0.21213241 -0.07094130
vn -0.99931501 0.00610009 -0.03650055
vn -0.98495802 0.16708747 -0.04403958
vn -0.72549106 0.67359170 -0.14119826
vn -0.97466259 0.21213241 -0.07094130
vn -0.99931501 0.00610009 -0.03650055
vn -0.95838334 0.26686612 -0.10140927
vn -0.93510992 0.32316006 -0.14538575
vn -0.99931501 0.00610009 -0.03650055
vn -0.93510992 0.32316006 -0.14538575
vn -0.99625041 0.00189991 -0.08649569
vn -0.95838334 0.26686612 -0.10140927
vn -0.71383079 0.67232900 -0.19600846
vn -0.93510992 0.32316006 -0.14538575
vn -0.99625041 0.00189991 -0.08649569
vn -0.73498355 -0.67808482 -0.00039999
vn -0.99931501 0.00610009 -0.03650055
vn -0.99931501 0.00610009 -0.03650055
vn -0.74298145 -0.66928329 0.00619985
vn -0.99989541 0.00709997 -0.01259994
vn 0.99546762 0.00759975 0.09479692
vn 0.74960229 -0.66180202 0.01070003
vn 0.99968477 0.00909986 0.02339964
vn 0.74960229 -0.66180202 0.01070003
vn 0.99989541 0.00709997 -0.01259994
vn 0.99968477 0.00909986 0.02339964
vn 0.99968477 0.00909986 0.02339964
vn 0.99129039 0.13158275 0.00541754
vn 0.99166095 0.12632580 0.02550187
vn 0.99129039 0.13158275 0.00541754
vn 0.73359009 0.67489089 -0.07979892
vn 0.73537785 0.67697961 0.03029909
vn 0.99129039 0.13158275 0.00541754
vn 0.73537785 0.67697961 0.03029909
vn 0.99166095 0.12632580 0.02550187
vn 0.99968477 0.00909986 0.02339964
vn 0.98935357 0.13481205 0.05481992
vn 0.97924905 0.16332242 0.11998787
vn 0.99968477 0.00909986 0.02339964
vn 0.97924905 0.16332242 0.11998787
vn 0.99546762 0.00759975 0.09479692
vn 0.98935357 0.13481205 0.05481992
vn 0.72777752 0.66127958 0.18179439
vn 0.97924905 0.16332242 0.11998787
vn 0.99931501 0.00610009 -0.03650055
vn 0.74298145 -0.66928329 0.00619985
vn 0.73498355 -0.67808482 -0.00039999
vn 0.73498355 -0.67808482 -0.00039999
vn 0.99625041 0.00189991 -0.08649569
vn 0.99931501 0.00610009 -0.03650055
vn 0.99931501 0.00610009 -0.03650055
vn 0.95838334 0.26686612 -0.10140927
vn 0.97466259 0.21213241 -0.07094130
vn 0.95838334 0.26686612 -0.10140927
vn 0.71383079 0.67232900 -0.19600846
vn 0.72549106 0.67359170 -0.14119826
vn 0.95838334 0.26686612 -0.10140927
vn 0.72549106 0.67359170 -0.14119826
vn 0.97466259 0.21213241 -0.07094130
vn 0.98495802 0.16708747 -0.04403958
vn 0.99989541 0.00709997 -0.01259994
vn 0.99931501 0.00610009 -0.03650055
vn 0.98495802 0.16708747 -0.04403958
vn 0.99931501 0.00610009 -0.03650055
vn 0.97466259 0.21213241 -0.07094130
vn 0.72549106 0.67359170 -0.14119826
vn 0.98495802 0.16708747 -0.04403958
vn 0.97466259 0.21213241 -0.07094130
vn -0.00000000 -1.00000000 0.00010000
vn 0.74298145 -0.66928329 0.00619985
vn 0.74960229 -0.66180202 0.01070003
vn -0.00000000 -1.00000000 0.00010000
vn 0.75060513 -0.66000451 0.03140021
vn -0.00000000 -0.99998648 -0.00519993
vn -0.00000000 -1.00000000 0.00010000
vn -0.75060513 -0.66000451 0.03140021
vn -0.74960229 -0.66180202 0.01070003
vn -0.00000000 -1.00000000 0.00010000
vn -0.74298145 -0.66928329 0.00619985
vn -0.00000000 -0.99999032 0.00439996
vn -0.00000000 -0.99999032 0.00439996
vn -0.73498355 -0.67808482 -0.00039999
vn -0.00000000 -0.99999160 0.00409997
vn -0.00000000 -0.99999160 0.00409997
vn -0.72624004 -0.68693787 -0.02630145
vn -0.00000000 -0.99999976 0.00070000
vn -0.00000000 -0.99999160 0.00409997
vn 0.72624004 -0.68693787 -0.02630145
vn 0.73498355 -0.67808482 -0.00039999
vn 0.73498355 -0.67808482 -0.00039999
vn -0.00000000 -0.99999032 0.00439996
vn -0.00000000 -0.99999160 0.00409997
vn 0.92387667 -0.38269034 -0.00000000
vn 0.92387667 -0.38269034 -0.00000000
vn 0.92387667 -0.38269034 -0.00000000
vn 0.92387667 0.38269034 -0.00000000
vn 0.92387667 0.38269034 -0.00000000
vn 0.92387667 0.38269034 -0.00000000
vn 0.38269034 0.92387667 -0.00000000
vn 0.38269034 0.92387667 -0.00000000
vn 0.38269034 0.92387667 -0.00000000
vn -0.38269034 0.92387667 -0.00000000
vn -0.38269034 0.92387667 -0.00000000
vn -0.38269034 0.92387667 -0.00000000
vn -0.92387667 0.38269034 -0.00000000
vn -0.92387667 0.38269034 -0.00000000
vn -0.92387667 0.38269034 -0.00000000
vn -0.92387667 -0.38269034 -0.00000000
vn -0.92387667 -0.38269034 -0.00000000
vn -0.92387667 -0.38269034 -0.00000000
vn -0.38269034 -0.92387667 -0.00000000
vn -0.38269034 -0.92387667 -0.00000000
vn -0.38269034 -0.92387667 -0.00000000
vn 0.38269034 -0.92387667 -0.00000000
vn 0.38269034 -0.92387667 -0.00000000
vn 0.38269034 -0.92387667 -0.00000000
vn 0.86487745 -0.35819066 -0.35169083
vn 0.86487745 -0.35819066 -0.35169083
vn 0.86487745 -0.35819066 -0.35169083
vn 0.86487745 0.35819066 -0.35169083
vn 0.86487745 0.35819066 -0.35169083
vn 0.86487745 0.35819066 -0.35169083
vn 0.35819066 0.86487745 -0.35169083
vn 0.35819066 0.86487745 -0.35169083
vn 0.35819066 0.86487745 -0.35169083
vn -0.35819066 0.86487745 -0.35169083
vn -0.35819066 0.86487745 -0.35169083
vn -0.35819066 0.86487745 -0.35169083
vn -0.86487745 0.35819066 -0.35169083
vn -0.86487745 0.35819066 -0.35169083
vn -0.86487745 0.35819066 -0.35169083
vn -0.86487745 -0.35819066 -0.35169083
vn -0.86487745 -0.35819066 -0.35169083
vn -0.86487745 -0.35819066 -0.35169083
vn -0.35819066 -0.86487745 -0.35169083
vn -0.35819066 -0.86487745 -0.35169083
vn -0.35819066 -0.86487745 -0.35169083
vn 0.35819066 -0.86487745 -0.35169083
vn 0.35819066 -0.86487745 -0.35169083
vn 0.35819066 -0.86487745 -0.35169083
vn -0.92387667 0.38269034 -0.00000000
vn -0.92387667 0.38269034 -0.00000000
vn -0.92387667 0.38269034 -0.00000000
vn -0.92387667 -0.38269034 -0.00000000
vn -0.92387667 -0.38269034 -0.00000000
vn -0.92387667 -0.38269034 -0.00000000
vn 0.92387667 -0.38269034 -0.00000000
vn 0.92387667 -0.38269034 -0.00000000
vn 0.92387667 -0.38269034 -0.00000000
vn 0.92387667 0.38269034 -0.00000000
vn 0.92387667 0.38269034 -0.00000000
vn 0.92387667 0.38269034 -0.00000000
vn 0.38269034 0.92387667 -0.00000000
vn 0.38269034 0.92387667 -0.00000000
vn 0.38269034 0.92387667 -0.00000000
vn -0.38269034 0.92387667 -0.00000000
vn -0.38269034 0.92387667 -0.00000000
vn -0.38269034 0.92387667 -0.00000000
vn 0.87927400 -0.36418923 0.30699092
vn 0.87927400 -0.36418923 0.30699092
vn 0.87927400 -0.36418923 0.30699092
vn 0.87927400 0.36418923 0.30699092
vn 0.87927400 0.36418923 0.30699092
vn 0.87927400 0.36418923 0.30699092
vn 0.36418923 0.87927400 0.30699092
vn 0.36418923 0.87927400 0.30699092
vn 0.36418923 0.87927400 0.30699092
vn -0.36418923 0.87927400 0.30699092
vn -0.36418923 0.87927400 0.30699092
vn -0.36418923 0.87927400 0.30699092
vn -0.87927400 0.36418923 0.30699092
vn -0.87927400 0.36418923 0.30699092
vn -0.87927400 0.36418923 0.30699092
vn -0.87927400 -0.36418923 0.30699092
vn -0.87927400 -0.36418923 0.30699092
vn -0.87927400 -0.36418923 0.30699092
vn -0.36418923 -0.87927400 0.30699092
vn -0.36418923 -0.87927400 0.30699092
vn -0.36418923 -0.87927400 0.30699092
vn 0.36418923 -0.87927400 0.30699092
vn 0.36418923 -0.87927400 0.30699092
vn 0.36418923 -0.87927400 0.30699092
vn -0.82701121 0.34250464 0.44580604
vn -0.82701121 0.34250464 0.44580604
vn -0.82701121 0.34250464 0.44580604
vn -0.82701121 -0.34250464 0.44580604
vn -0.82701121 -0.34250464 0.44580604
vn -0.82701121 -0.34250464 0.44580604
vn -0.34250464 -0.82701121 0.44580604
vn -0.34250464 -0.82701121 0.44580604
vn -0.34250464 -0.82701121 0.44580604
vn 0.34250464 -0.82701121 0.44580604
vn 0.34250464 -0.82701121 0.44580604
vn 0.34250464 -0.82701121 0.44580604
vn 0.82701121 -0.34250464 0.44580604
vn 0.82701121 -0.34250464 0.44580604
vn 0.82701121 -0.34250464 0.44580604
vn 0.82701121 0.34250464 0.44580604
vn 0.82701121 0.34250464 0.44580604
vn 0.82701121 0.34250464 0.44580604
vn 0.34250464 0.82701121 0.44580604
vn 0.34250464 0.82701121 0.44580604
vn 0.34250464 0.82701121 0.44580604
vn -0.34250464 0.82701121 0.44580604
vn -0.34250464 0.82701121 0.44580604
vn -0.34250464 0.82701121 0.44580604
vn -0.00000000 -0.53680431 -0.84370678
vn -0.00000000 -0.53680431 -0.84370678
vn -0.00000000 -0.53680431 -0.84370678
vn 1.00000000 -0.00000000 -0.00000000
vn 1.00000000 -0.00000000 -0.00000000
vn 1.00000000 -0.00000000 -0.00000000
vn -1.00000000 -0.00000000 -0.00000000
vn -1.00000000 -0.00000000 -0.00000000
vn -1.00000000 -0.00000000 -0.00000000
vn 0.21709725 -0.52399335 -0.82358955
vn 0.21709725 -0.52399335 -0.82358955
vn 0.21709725 -0.52399335 -0.82358955
vn -0.14999518 -0.62168000 -0.76877527
vn -0.14999518 -0.62168000 -0.76877527
vn -0.14999518 -0.62168000 -0.76877527
vn -0.23459817 -0.97209243 -0.00000000
vn -0.23459817 -0.97209243 -0.00000000
vn -0.23459817 -0.97209243 -0.00000000
vn 0.23459817 -0.97209243 -0.00000000
vn 0.23459817 -0.97209243 -0.00000000
vn 0.23459817 -0.97209243 -0.00000000
vn 0.92387667 -0.38269034 -0.00000000
vn 0.92387667 -0.38269034 -0.00000000
vn 0.92387667 -0.38269034 -0.00000000
vn 0.92387667 0.38269034 -0.00000000
vn 0.92387667 0.38269034 -0.00000000
vn 0.92387667 0.38269034 -0.00000000
vn 0.38269034 0.92387667 -0.00000000
vn 0.38269034 0.92387667 -0.00000000
vn 0.38269034 0.92387667 -0.00000000
vn -0.38269034 0.92387667 -0.00000000
vn -0.38269034 0.92387667 -0.00000000
vn -0.38269034 0.92387667 -0.00000000
vn -0.92387667 0.38269034 -0.00000000
vn -0.92387667 0.38269034 -0.00000000
vn -0.92387667 0.38269034 -0.00000000
vn -0.92387667 -0.38269034 -0.00000000
vn -0.92387667 -0.38269034 -0.00000000
vn -0.92387667 -0.38269034 -0.00000000
vn -0.38269034 -0.92387667 -0.00000000
vn -0.38269034 -0.92387667 -0.00000000
vn -0.38269034 -0.92387667 -0.00000000
vn 0.38269034 -0.92387667 -0.00000000
vn 0.38269034 -0.92387667 -0.00000000
vn 0.38269034 -0.92387667 -0.00000000
vn 0.86487745 -0.35819066 -0.35169083
vn 0.86487745 -0.35819066 -0.35169083
vn 0.86487745 -0.35819066 -0.35169083
vn 0.86487745 0.35819066 -0.35169083
vn 0.86487745 0.35819066 -0.35169083
vn 0.86487745 0.35819066 -0.35169083
vn 0.35819066 0.86487745 -0.35169083
vn 0.35819066 0.86487745 -0.35169083
vn 0.35819066 0.86487745 -0.35169083
vn -0.35819066 0.86487745 -0.35169083
vn -0.35819066 0.86487745 -0.35169083
vn -0.35819066 0.86487745 -0.35169083
vn -0.86487745 0.35819066 -0.35169083
vn -0.86487745 0.35819066 -0.35169083
vn -0.86487745 0.35819066 -0.35169083
vn -0.86487745 -0.35819066 -0.35169083
vn -0.86487745 -0.35819066 -0.35169083
vn -0.86487745 -0.35819066 -0.35169083
vn -0.35819066 -0.86487745 -0.35169083
vn -0.35819066 -0.86487745 -0.35169083
vn -0.35819066 -0.86487745 -0.35169083
vn 0.35819066 -0.86487745 -0.35169083
vn 0.35819066 -0.86487745 -0.35169083
vn 0.35819066 -0.86487745 -0.35169083
vn -0.92387667 0.38269034 -0.00000000
vn -0.92387667 0.38269034 -0.00000000
vn -0.92387667 0.38269034 -0.00000000
vn -0.92387667 -0.38269034 -0.00000000
vn -0.92387667 -0.38269034 -0.00000000
vn -0.92387667 -0.38269034 -0.00000000
vn 0.92387667 -0.38269034 -0.00000000
vn 0.92387667 -0.38269034 -0.00000000
vn 0.92387667 -0.38269034 -0.00000000
vn 0.92387667 0.38269034 -0.00000000
vn 0.92387667 0.38269034 -0.00000000
vn 0.92387667 0.38269034 -0.00000000
vn 0.38269034 0.92387667 -0.00000000
vn 0.38269034 0.92387667 -0.00000000
vn 0.38269034 0.92387667 -0.00000000
vn -0.38269034 0.92387667 -0.00000000
vn -0.38269034 0.92387667 -0.00000000
vn -0.38269034 0.92387667 -0.00000000
vn 0.87927400 -0.36418923 0.30699092
vn 0.87927400 -0.36418923 0.30699092
vn 0.87927400 -0.36418923 0.30699092
vn 0.87927400 0.36418923 0.30699092
vn 0.87927400 0.36418923 0.30699092
vn 0.87927400 0.36418923 0.30699092
vn 0.36418923 0.87927400 0.30699092
vn 0.36418923 0.87927400 0.30699092
vn 0.36418923 0.87927400 0.30699092
vn -0.36418923 0.87927400 0.30699092
vn -0.36418923 0.87927400 0.30699092
vn -0.36418923 0.87927400 0.30699092
vn -0.87927400 0.36418923 0.30699092
vn -0.87927400 0.36418923 0.30699092
vn -0.87927400 0.36418923 0.30699092
vn -0.87927400 -0.36418923 0.30699092
vn -0.87927400 -0.36418923 0.30699092
vn -0.87927400 -0.36418923 0.30699092
vn -0.36418923 -0.87927400 0.30699092
vn -0.36418923 -0.87927400 0.30699092
vn -0.36418923 -0.87927400 0.30699092
vn 0.36418923 -0.87927400 0.30699092
vn 0.36418923 -0.87927400 0.30699092
vn 0.36418923 -0.87927400 0.30699092
vn -0.82701121 0.34250464 0.44580604
vn -0.82701121 0.34250464 0.44580604
vn -0.82701121 0.34250464 0.44580604
vn -0.82701121 -0.34250464 0.44580604
vn -0.82701121 -0.34250464 0.44580604
vn -0.82701121 -0.34250464 0.44580604
vn -0.34250464 -0.82701121 0.44580604
vn -0.34250464 -0.82701121 0.44580604
vn -0.34250464 -0.82701121 0.44580604
vn 0.34250464 -0.82701121 0.44580604
vn 0.34250464 -0.82701121 0.44580604
vn 0.34250464 -0.82701121 0.44580604
vn 0.82701121 -0.34250464 0.44580604
vn 0.82701121 -0.34250464 0.44580604
vn 0.82701121 -0.34250464 0.44580604
vn 0.82701121 0.34250464 0.44580604
vn 0.82701121 0.34250464 0.44580604
vn 0.82701121 0.34250464 0.44580604
vn 0.34250464 0.82701121 0.44580604
vn 0.34250464 0.82701121 0.44580604
vn 0.34250464 0.82701121 0.44580604
vn -0.34250464 0.82701121 0.44580604
vn -0.34250464 0.82701121 0.44580604
vn -0.34250464 0.82701121 0.44580604
vn -0.00000000 -0.53680431 -0.84370678
vn -0.00000000 -0.53680431 -0.84370678
vn -0.00000000 -0.53680431 -0.84370678
vn 1.00000000 -0.00000000 -0.00000000
vn 1.00000000 -0.00000000 -0.00000000
vn 1.00000000 -0.00000000 -0.00000000
vn -1.00000000 -0.00000000 -0.00000000
vn -1.00000000 -0.00000000 -0.00000000
vn -1.00000000 -0.00000000 -0.00000000
vn 0.21709725 -0.52399335 -0.82358955
vn 0.21709725 -0.52399335 -0.82358955
vn 0.21709725 -0.52399335 -0.82358955
vn -0.14999518 -0.62168000 -0.76877527
vn -0.14999518 -0.62168000 -0.76877527
vn -0.14999518 -0.62168000 -0.76877527
vn -0.23459817 -0.97209243 -0.00000000
vn -0.23459817 -0.97209243 -0.00000000
vn -0.23459817 -0.97209243 -0.00000000
vn 0.23459817 -0.97209243 -0.00000000
vn 0.23459817 -0.97209243 -0.00000000
vn 0.23459817 -0.97209243 -0.00000000
vn -0.14870496 -0.93543118 -0.32071069
vn -0.53632127 -0.67572680 -0.50572006
vn -0.74171581 -0.00000000 -0.67071429
vn -0.74171581 -0.00000000 -0.67071429
vn -0.53632127 0.67572680 -0.50572006
vn -0.14870496 0.93543118 -0.32071069
vn -0.24411185 -0.00000000 -0.96974708
vn -0.14870496 0.93543118 -0.32071069
vn 0.40030699 0.91501597 0.05000087
vn -0.24411185 -0.00000000 -0.96974708
vn 0.65619357 -0.00000000 -0.75459261
vn 0.40030699 -0.91501597 0.05000087
vn 0.25829121 -0.00000000 -0.96606711
vn 0.12309466 -0.94895883 -0.29038740
vn -0.37309651 -0.92779133 -0.00149999
vn 0.25829121 -0.00000000 -0.96606711
vn -0.62468285 -0.00000000 -0.78087857
vn -0.37309651 0.92779133 -0.00149999
vn 0.12309466 0.94895883 -0.29038740
vn 0.47041923 0.81173318 -0.34611415
vn 0.85478118 -0.00000000 -0.51898857
vn 0.85478118 -0.00000000 -0.51898857
vn 0.47041923 -0.81173318 -0.34611415
vn 0.12309466 -0.94895883 -0.29038740
vn 0.04030043 -0.99901072 -0.01880020
vn 0.01710015 -0.99980865 0.00950008
vn -0.00200008 -0.98044000 -0.19680803
vn 0.04030043 -0.99901072 -0.01880020
vn -0.17580343 -0.91611789 -0.36030704
vn -0.53632127 -0.67572680 -0.50572006
vn 0.04030043 -0.99901072 -0.01880020
vn -0.14870496 -0.93543118 -0.32071069
vn 0.40030699 -0.91501597 0.05000087
vn 0.43901565 -0.88113141 0.17570626
vn 0.22490594 -0.95392519 0.19860525
vn 0.01710015 -0.99980865 0.00950008
vn 0.04030043 0.99901072 -0.01880020
vn -0.14870496 0.93543118 -0.32071069
vn -0.53632127 0.67572680 -0.50572006
vn 0.04030043 0.99901072 -0.01880020
vn -0.17580343 0.91611789 -0.36030704
vn -0.10756558 0.94862540 -0.29755588
vn 0.04030043 0.99901072 -0.01880020
vn -0.10756558 0.94862540 -0.29755588
vn 0.01637657 0.99260699 -0.12026291
vn -0.10756558 0.94862540 -0.29755588
vn -0.00200008 0.98044000 -0.19680803
vn 0.00616925 0.98661872 -0.16292771
vn -0.10756558 0.94862540 -0.29755588
vn 0.00616925 0.98661872 -0.16292771
vn -0.00386177 0.98872494 -0.14969330
vn 0.00616925 0.98661872 -0.16292771
vn 0.01637657 0.99260699 -0.12026291
vn -0.00386177 0.98872494 -0.14969330
vn 0.01710015 0.99980865 0.00950008
vn 0.22035456 0.95583993 0.19445796
vn 0.25519235 0.94816153 0.18938474
vn 0.01710015 0.99980865 0.00950008
vn 0.25519235 0.94816153 0.18938474
vn 0.24180056 0.95794846 0.15449025
vn 0.01710015 0.99980865 0.00950008
vn 0.24180056 0.95794846 0.15449025
vn 0.17823007 0.97971858 0.09157267
vn 0.01710015 0.99980865 0.00950008
vn 0.17823007 0.97971858 0.09157267
vn 0.13040099 0.98997911 0.05419359
vn 0.28104530 0.93994269 0.19370408
vn 0.43901565 0.88113141 0.17570626
vn 0.14668762 0.98732396 0.06061472
vn 0.25763864 0.94618716 0.19583716
vn 0.28104530 0.93994269 0.19370408
vn 0.24180056 0.95794846 0.15449025
vn 0.22035456 0.95583993 0.19445796
vn 0.22490594 0.95392519 0.19860525
vn 0.25763864 0.94618716 0.19583716
vn 0.22035456 0.95583993 0.19445796
vn 0.25763864 0.94618716 0.19583716
vn 0.25519235 0.94816153 0.18938474
vn 0.17823007 0.97971858 0.09157267
vn 0.14668762 0.98732396 0.06061472
vn 0.13040099 0.98997911 0.05419359
vn 0.04030043 0.99901072 -0.01880020
vn 0.43901565 0.88113141 0.17570626
vn 0.40030699 0.91501597 0.05000087
vn 0.90955656 -0.00000000 0.41558015
vn 0.65619357 -0.00000000 -0.75459261
vn 0.40030699 0.91501597 0.05000087
vn 0.90955656 -0.00000000 0.41558015
vn 0.43901565 0.88113141 0.17570626
vn 0.28104530 0.93994269 0.19370408
vn 0.90955656 -0.00000000 0.41558015
vn 0.28104530 0.93994269 0.19370408
vn 0.44867641 0.84535507 0.28993841
vn 0.28104530 0.93994269 0.19370408
vn 0.25763864 0.94618716 0.19583716
vn 0.33875590 0.90813925 0.24602346
vn 0.28104530 0.93994269 0.19370408
vn 0.33875590 0.90813925 0.24602346
vn 0.44867641 0.84535507 0.28993841
vn 0.25763864 0.94618716 0.19583716
vn 0.22490594 0.95392519 0.19860525
vn 0.33875590 0.90813925 0.24602346
vn 0.90955656 -0.00000000 0.41558015
vn 0.55479250 -0.00000000 0.83198875
vn 0.22490594 -0.95392519 0.19860525
vn 0.90955656 -0.00000000 0.41558015
vn 0.43901565 -0.88113141 0.17570626
vn 0.40030699 -0.91501597 0.05000087
vn -0.74171581 -0.00000000 -0.67071429
vn -0.53632127 -0.67572680 -0.50572006
vn -0.17580343 -0.91611789 -0.36030704
vn -0.37621341 -0.00000000 -0.92653304
vn -0.17580343 -0.91611789 -0.36030704
vn -0.00200008 -0.98044000 -0.19680803
vn -0.37621341 -0.00000000 -0.92653304
vn -0.23512456 0.00000000 -0.97196525
vn -0.32374768 0.37170966 -0.87006860
vn -0.00905337 0.00000000 -0.99995902
vn 0.12300081 -0.00000000 -0.99240657
vn 0.11048753 0.28265606 -0.95283685
vn -0.23512456 0.00000000 -0.97196525
vn -0.00905337 0.00000000 -0.99995902
vn 0.11048753 0.28265606 -0.95283685
vn -0.23512456 0.00000000 -0.97196525
vn 0.11048753 0.28265606 -0.95283685
vn -0.00200008 0.98044000 -0.19680803
vn -0.23512456 0.00000000 -0.97196525
vn -0.00200008 0.98044000 -0.19680803
vn -0.32374768 0.37170966 -0.87006860
vn -0.17580343 0.91611789 -0.36030704
vn -0.53632127 0.67572680 -0.50572006
vn -0.74171581 -0.00000000 -0.67071429
vn -0.02010092 -0.99974592 0.01020047
vn -0.24370458 -0.94931783 0.19850373
vn -0.47031119 -0.87142074 0.13940332
vn -0.04630154 -0.99873322 -0.01970066
vn -0.47031119 -0.87142074 0.13940332
vn -0.37309651 -0.92779133 -0.00149999
vn -0.04630154 -0.99873322 -0.01970066
vn 0.12309466 -0.94895883 -0.29038740
vn 0.47041923 -0.81173318 -0.34611415
vn -0.04630154 -0.99873322 -0.01970066
vn 0.20210879 -0.93494068 -0.29161269
vn 0.00640026 -0.98013910 -0.19820791
vn -0.04630154 0.99873322 -0.01970066
vn -0.02453372 0.99968576 0.00514528
vn -0.02046133 0.99394015 -0.10800149
vn -0.02453372 0.99968576 0.00514528
vn -0.02010092 0.99974592 0.01020047
vn -0.01552640 0.99953481 -0.02625058
vn -0.02453372 0.99968576 0.00514528
vn -0.01552640 0.99953481 -0.02625058
vn 0.00289123 0.98244789 -0.18651482
vn -0.02453372 0.99968576 0.00514528
vn 0.00289123 0.98244789 -0.18651482
vn -0.02046133 0.99394015 -0.10800149
vn -0.01552640 0.99953481 -0.02625058
vn 0.00640026 0.98013910 -0.19820791
vn 0.00289123 0.98244789 -0.18651482
vn -0.04630154 0.99873322 -0.01970066
vn 0.20210879 0.93494068 -0.29161269
vn 0.47041923 0.81173318 -0.34611415
vn -0.04630154 0.99873322 -0.01970066
vn 0.12309466 0.94895883 -0.29038740
vn -0.37309651 0.92779133 -0.00149999
vn -0.24982912 0.94801531 0.19711006
vn -0.24370458 0.94931783 0.19850373
vn -0.23669811 0.95230330 0.19259396
vn -0.33202820 0.92644372 0.17736774
vn -0.24982912 0.94801531 0.19711006
vn -0.23669811 0.95230330 0.19259396
vn -0.33202820 0.92644372 0.17736774
vn -0.23669811 0.95230330 0.19259396
vn -0.17791397 0.97359501 0.14303627
vn -0.47031119 0.87142074 0.13940332
vn -0.33202820 0.92644372 0.17736774
vn -0.17791397 0.97359501 0.14303627
vn -0.47031119 0.87142074 0.13940332
vn -0.17791397 0.97359501 0.14303627
vn -0.12606741 0.98703292 0.09936306
vn -0.47031119 0.87142074 0.13940332
vn -0.12606741 0.98703292 0.09936306
vn -0.26404698 0.96115754 0.08034532
vn -0.12606741 0.98703292 0.09936306
vn -0.07560808 0.99551345 0.05688919
vn -0.06633165 0.99752048 0.02351619
vn -0.12606741 0.98703292 0.09936306
vn -0.06633165 0.99752048 0.02351619
vn -0.26404698 0.96115754 0.08034532
vn -0.07560808 0.99551345 0.05688919
vn -0.02010092 0.99974592 0.01020047
vn -0.06633165 0.99752048 0.02351619
vn -0.56453234 0.00000000 0.82541095
vn -0.55831813 -0.00000000 0.82962694
vn -0.56264151 0.07296584 0.82347466
vn -0.67656803 0.00000000 0.73638013
vn -0.56453234 0.00000000 0.82541095
vn -0.56264151 0.07296584 0.82347466
vn -0.67656803 0.00000000 0.73638013
vn -0.56264151 0.07296584 0.82347466
vn -0.24370458 0.94931783 0.19850373
vn -0.67656803 0.00000000 0.73638013
vn -0.24370458 0.94931783 0.19850373
vn -0.26905374 0.94061811 0.20699676
vn -0.84086091 0.00000000 0.54125126
vn -0.67656803 0.00000000 0.73638013
vn -0.26905374 0.94061811 0.20699676
vn -0.84086091 0.00000000 0.54125126
vn -0.26905374 0.94061811 0.20699676
vn -0.70542583 0.62492543 0.33442879
vn -0.93667802 -0.00000000 0.35019178
vn -0.84086091 0.00000000 0.54125126
vn -0.70542583 0.62492543 0.33442879
vn -0.93667802 -0.00000000 0.35019178
vn -0.47031119 0.87142074 0.13940332
vn -0.41231855 0.90948237 0.05324696
vn -0.93667802 -0.00000000 0.35019178
vn -0.41231855 0.90948237 0.05324696
vn -0.63458531 0.76328060 0.12126090
vn -0.41231855 0.90948237 0.05324696
vn -0.37309651 0.92779133 -0.00149999
vn -0.63458531 0.76328060 0.12126090
vn -0.93667802 -0.00000000 0.35019178
vn -0.62468285 -0.00000000 -0.78087857
vn -0.37309651 -0.92779133 -0.00149999
vn -0.93667802 -0.00000000 0.35019178
vn -0.47031119 -0.87142074 0.13940332
vn -0.24370458 -0.94931783 0.19850373
vn 0.57220662 -0.00000000 -0.82010949
vn -0.13329679 -0.00000000 -0.99107616
vn 0.00640026 -0.98013910 -0.19820791
vn 0.20210879 -0.93494068 -0.29161269
vn 0.47041923 -0.81173318 -0.34611415
vn 0.85478118 -0.00000000 -0.51898857
vn 0.85478118 -0.00000000 -0.51898857
vn 0.47041923 0.81173318 -0.34611415
vn 0.20210879 0.93494068 -0.29161269
vn 0.54179009 0.32008493 -0.77718024
vn 0.20210879 0.93494068 -0.29161269
vn 0.17215169 0.94504417 -0.27794842
vn 0.57220662 -0.00000000 -0.82010949
vn 0.54179009 0.32008493 -0.77718024
vn 0.17215169 0.94504417 -0.27794842
vn 0.57220662 -0.00000000 -0.82010949
vn 0.17215169 0.94504417 -0.27794842
vn 0.02571860 0.97782167 -0.20785413
vn 0.57220662 -0.00000000 -0.82010949
vn 0.02571860 0.97782167 -0.20785413
vn 0.07981882 0.95126499 -0.29786552
vn 0.02571860 0.97782167 -0.20785413
vn 0.00640026 0.98013910 -0.19820791
vn 0.07981882 0.95126499 -0.29786552
vn 0.00239999 -0.99999550 0.00179999
vn 0.01710015 -0.99980865 0.00950008
vn 0.22490594 -0.95392519 0.19860525
vn 0.00239999 -0.99999550 0.00179999
vn 0.03309981 -0.98659447 0.15979910
vn -0.00189996 -0.99067992 0.13619724
vn 0.00040000 -0.99999968 -0.00070000
vn 0.01609963 -0.99007754 -0.13959683
vn 0.02169933 -0.98886938 -0.14719544
vn 0.00239999 -0.99999550 0.00179999
vn 0.02169933 -0.98886938 -0.14719544
vn -0.00200008 -0.98044000 -0.19680803
vn 0.00239999 0.99999550 0.00179999
vn 0.01710015 0.99980865 0.00950008
vn 0.00279581 0.98932154 -0.14572257
vn 0.00239999 0.99999550 0.00179999
vn 0.00279581 0.98932154 -0.14572257
vn -0.00107959 0.98469769 -0.17426788
vn 0.00239999 0.99999550 0.00179999
vn -0.00107959 0.98469769 -0.17426788
vn -0.00155628 0.98421503 -0.17696990
vn -0.00164948 0.98117975 -0.19308954
vn -0.00200008 0.98044000 -0.19680803
vn -0.00193270 0.98103937 -0.19379892
vn 0.00148978 0.98716746 -0.15968150
vn -0.00164948 0.98117975 -0.19308954
vn -0.00193270 0.98103937 -0.19379892
vn 0.00148978 0.98716746 -0.15968150
vn -0.00193270 0.98103937 -0.19379892
vn -0.00155628 0.98421503 -0.17696990
vn 0.00279581 0.98932154 -0.14572257
vn 0.00148978 0.98716746 -0.15968150
vn -0.00107959 0.98469769 -0.17426788
vn 0.02169933 0.98886938 -0.14719544
vn 0.01609963 0.99007754 -0.13959683
vn 0.00040000 0.99999968 -0.00070000
vn 0.00239999 0.99999550 0.00179999
vn 0.00040000 0.99999968 -0.00070000
vn -0.00189996 0.99067992 0.13619724
vn 0.00239999 0.99999550 0.00179999
vn 0.01224583 0.99854887 0.05244234
vn 0.01660351 0.99789783 0.06264376
vn 0.00239999 0.99999550 0.00179999
vn 0.01660351 0.99789783 0.06264376
vn 0.04666006 0.99291181 0.10931139
vn 0.00239999 0.99999550 0.00179999
vn 0.04666006 0.99291181 0.10931139
vn 0.08357052 0.98505652 0.15059754
vn 0.00239999 0.99999550 0.00179999
vn 0.08357052 0.98505652 0.15059754
vn 0.11772060 0.97702424 0.17766679
vn 0.00239999 0.99999550 0.00179999
vn 0.11772060 0.97702424 0.17766679
vn 0.22024043 0.95519382 0.19773446
vn 0.00239999 0.99999550 0.00179999
vn 0.22024043 0.95519382 0.19773446
vn 0.22284812 0.95478500 0.19678497
vn 0.22261792 0.95455041 0.19817867
vn 0.22490594 0.95392519 0.19860525
vn 0.22332658 0.95458586 0.19720820
vn 0.22024043 0.95519382 0.19773446
vn 0.22261792 0.95455041 0.19817867
vn 0.22332658 0.95458586 0.19720820
vn 0.22024043 0.95519382 0.19773446
vn 0.22332658 0.95458586 0.19720820
vn 0.22284812 0.95478500 0.19678497
vn 0.02826138 0.99045892 0.13487926
vn 0.03309981 0.98659447 0.15979910
vn 0.11163682 0.97796363 0.17642098
vn 0.02170950 0.99463474 0.10114562
vn 0.02826138 0.99045892 0.13487926
vn 0.11163682 0.97796363 0.17642098
vn 0.02170950 0.99463474 0.10114562
vn 0.11163682 0.97796363 0.17642098
vn 0.11772060 0.97702424 0.17766679
vn 0.01677638 0.99698534 0.07575481
vn 0.02170950 0.99463474 0.10114562
vn 0.08357052 0.98505652 0.15059754
vn 0.01320011 0.99826674 0.05735222
vn 0.01677638 0.99698534 0.07575481
vn 0.04666006 0.99291181 0.10931139
vn 0.01224583 0.99854887 0.05244234
vn 0.01320011 0.99826674 0.05735222
vn 0.01660351 0.99789783 0.06264376
vn 0.22024043 0.95519382 0.19773446
vn 0.11772060 0.97702424 0.17766679
vn 0.16302222 0.95385967 0.25214181
vn 0.22024043 0.95519382 0.19773446
vn 0.16302222 0.95385967 0.25214181
vn 0.36072805 0.75880893 0.54229538
vn 0.22024043 0.95519382 0.19773446
vn 0.36072805 0.75880893 0.54229538
vn 0.37254345 0.78463461 0.49554001
vn 0.55479250 -0.00000000 0.83198875
vn 0.55544705 0.22698013 0.79997412
vn 0.55395175 0.01508357 0.83241213
vn 0.55544705 0.22698013 0.79997412
vn 0.22490594 0.95392519 0.19860525
vn 0.22261792 0.95455041 0.19817867
vn 0.55544705 0.22698013 0.79997412
vn 0.22261792 0.95455041 0.19817867
vn 0.53619464 0.18145620 0.82435973
vn 0.55544705 0.22698013 0.79997412
vn 0.53619464 0.18145620 0.82435973
vn 0.55395175 0.01508357 0.83241213
vn 0.22261792 0.95455041 0.19817867
vn 0.22024043 0.95519382 0.19773446
vn 0.49213956 0.38455603 0.78097075
vn 0.22261792 0.95455041 0.19817867
vn 0.49213956 0.38455603 0.78097075
vn 0.53619464 0.18145620 0.82435973
vn 0.34467363 0.72383994 0.59770882
vn 0.49213956 0.38455603 0.78097075
vn 0.37254345 0.78463461 0.49554001
vn 0.11163682 0.97796363 0.17642098
vn 0.03309981 0.98659447 0.15979910
vn 0.34467363 0.72383994 0.59770882
vn 0.11163682 0.97796363 0.17642098
vn 0.34467363 0.72383994 0.59770882
vn 0.36072805 0.75880893 0.54229538
vn 0.11772060 0.97702424 0.17766679
vn 0.11163682 0.97796363 0.17642098
vn 0.16302222 0.95385967 0.25214181
vn 0.03309981 0.98659447 0.15979910
vn -0.00189996 0.99067992 0.13619724
vn -0.00819972 -0.00000000 0.99996638
vn -0.00819972 -0.00000000 0.99996638
vn -0.00189996 -0.99067992 0.13619724
vn 0.03309981 -0.98659447 0.15979910
vn 0.03309981 -0.98659447 0.15979910
vn 0.22490594 -0.95392519 0.19860525
vn 0.55479250 -0.00000000 0.83198875
vn 0.12300081 -0.00000000 -0.99240657
vn -0.00200008 -0.98044000 -0.19680803
vn 0.02169933 -0.98886938 -0.14719544
vn 0.15719484 -0.00000000 -0.98756761
vn 0.02169933 -0.98886938 -0.14719544
vn 0.01609963 -0.99007754 -0.13959683
vn 0.15719484 -0.00000000 -0.98756761
vn 0.11370171 -0.00000000 -0.99351493
vn 0.01609963 0.99007754 -0.13959683
vn 0.02169933 0.98886938 -0.14719544
vn 0.01801000 0.98775689 -0.15495793
vn 0.04443600 0.94224765 -0.33195603
vn 0.01801000 0.98775689 -0.15495793
vn 0.01408604 0.98649274 -0.16319821
vn 0.07723580 0.79571539 -0.60072593
vn 0.01801000 0.98775689 -0.15495793
vn 0.07723580 0.79571539 -0.60072593
vn 0.04443600 0.94224765 -0.33195603
vn 0.01408604 0.98649274 -0.16319821
vn 0.01057154 0.98528976 -0.17056474
vn 0.10994012 0.47394130 -0.87366631
vn 0.01408604 0.98649274 -0.16319821
vn 0.10994012 0.47394130 -0.87366631
vn 0.07723580 0.79571539 -0.60072593
vn 0.01057154 0.98528976 -0.17056474
vn 0.00675068 0.98390614 -0.17855852
vn 0.11048753 0.28265606 -0.95283685
vn 0.01057154 0.98528976 -0.17056474
vn 0.11048753 0.28265606 -0.95283685
vn 0.12300081 -0.00000000 -0.99240657
vn 0.01057154 0.98528976 -0.17056474
vn 0.12300081 -0.00000000 -0.99240657
vn 0.10994012 0.47394130 -0.87366631
vn 0.00675068 0.98390614 -0.17855852
vn -0.00200008 0.98044000 -0.19680803
vn 0.11048753 0.28265606 -0.95283685
vn 0.00040000 -0.99999968 -0.00070000
vn -0.00189996 -0.99067992 0.13619724
vn -0.00000000 -0.99106295 0.13339501
vn -0.00000000 -0.99106295 0.13339501
vn 0.00169994 -0.99066678 0.13629543
vn -0.00040000 -0.99999974 -0.00060000
vn -0.00000000 -0.99999960 -0.00090000
vn -0.00040000 -0.99999974 -0.00060000
vn -0.01480058 -0.99013884 -0.13930547
vn -0.00000000 -0.99999960 -0.00090000
vn 0.00029999 -0.99026494 -0.13919507
vn 0.01609963 -0.99007754 -0.13959683
vn -0.00229999 -0.99999608 0.00159999
vn -0.00040000 -0.99999974 -0.00060000
vn 0.00169994 -0.99066678 0.13629543
vn -0.00229999 -0.99999608 0.00159999
vn -0.03079994 -0.98679809 0.15899969
vn -0.24370458 -0.94931783 0.19850373
vn -0.00229999 -0.99999608 0.00159999
vn -0.02010092 -0.99974592 0.01020047
vn 0.00640026 -0.98013910 -0.19820791
vn -0.01999980 -0.98888986 -0.14729849
vn -0.01480058 -0.99013884 -0.13930547
vn -0.00040000 -0.99999974 -0.00060000
vn -0.00000000 0.99999960 -0.00090000
vn 0.00040000 0.99999968 -0.00070000
vn 0.01609963 0.99007754 -0.13959683
vn -0.00000000 0.99999960 -0.00090000
vn 0.00029999 0.99026494 -0.13919507
vn -0.01480058 0.99013884 -0.13930547
vn -0.00040000 0.99999974 -0.00060000
vn 0.00169994 0.99066678 0.13629543
vn -0.00000000 0.99106295 0.13339501
vn -0.00000000 0.99106295 0.13339501
vn -0.00189996 0.99067992 0.13619724
vn 0.00040000 0.99999968 -0.00070000
vn -0.00040000 0.99999974 -0.00060000
vn -0.01480058 0.99013884 -0.13930547
vn -0.01907252 0.98911935 -0.14587373
vn -0.00040000 0.99999974 -0.00060000
vn -0.01907252 0.98911935 -0.14587373
vn -0.01653028 0.99247502 -0.12132632
vn -0.01907252 0.98911935 -0.14587373
vn -0.01999980 0.98888986 -0.14729849
vn -0.01745209 0.99159132 -0.12822669
vn -0.01907252 0.98911935 -0.14587373
vn -0.01745209 0.99159132 -0.12822669
vn -0.01710229 0.99177478 -0.12684753
vn -0.01745209 0.99159132 -0.12822669
vn -0.01653028 0.99247502 -0.12132632
vn -0.01710229 0.99177478 -0.12684753
vn -0.00229999 0.99999608 0.00159999
vn -0.01403538 0.99517859 -0.09706996
vn -0.01314460 0.99191226 -0.12624297
vn -0.00229999 0.99999608 0.00159999
vn -0.01314460 0.99191226 -0.12624297
vn -0.01006311 0.98846617 -0.15110716
vn -0.00229999 0.99999608 0.00159999
vn -0.01006311 0.98846617 -0.15110716
vn -0.00526088 0.98642809 -0.16410956
vn -0.00229999 0.99999608 0.00159999
vn -0.00526088 0.98642809 -0.16410956
vn 0.00080000 0.98644708 -0.16407778
vn -0.00229999 0.99999608 0.00159999
vn 0.00080000 0.98644708 -0.16407778
vn 0.00458660 0.98763108 -0.15672844
vn 0.00267651 0.98157373 -0.19106501
vn 0.00640026 0.98013910 -0.19820791
vn 0.00542038 0.98440935 -0.17580911
vn -0.00129244 0.98303042 -0.18343805
vn 0.00267651 0.98157373 -0.19106501
vn 0.00542038 0.98440935 -0.17580911
vn -0.00129244 0.98303042 -0.18343805
vn 0.00542038 0.98440935 -0.17580911
vn 0.00478007 0.98691708 -0.16115779
vn -0.00525589 0.98441053 -0.17580755
vn -0.00129244 0.98303042 -0.18343805
vn 0.00478007 0.98691708 -0.16115779
vn -0.00525589 0.98441053 -0.17580755
vn 0.00478007 0.98691708 -0.16115779
vn 0.00458660 0.98763108 -0.15672844
vn -0.01130462 0.98637306 -0.16413526
vn -0.00525589 0.98441053 -0.17580755
vn 0.00080000 0.98644708 -0.16407778
vn -0.01791829 0.99138311 -0.12976311
vn -0.01999980 0.98888986 -0.14729849
vn -0.01130462 0.98637306 -0.16413526
vn -0.01791829 0.99138311 -0.12976311
vn -0.01130462 0.98637306 -0.16413526
vn -0.00526088 0.98642809 -0.16410956
vn -0.01536331 0.99400518 -0.10824821
vn -0.01791829 0.99138311 -0.12976311
vn -0.01006311 0.98846617 -0.15110716
vn -0.01403538 0.99517859 -0.09706996
vn -0.01536331 0.99400518 -0.10824821
vn -0.01314460 0.99191226 -0.12624297
vn -0.00229999 0.99999608 0.00159999
vn -0.01997718 0.99974901 0.01014068
vn -0.09698782 0.99245467 0.07501399
vn -0.00229999 0.99999608 0.00159999
vn -0.09698782 0.99245467 0.07501399
vn -0.17059366 0.97570642 0.13745832
vn -0.00229999 0.99999608 0.00159999
vn -0.17059366 0.97570642 0.13745832
vn -0.20538478 0.96428517 0.16724594
vn -0.23669811 0.95230330 0.19259396
vn -0.24370458 0.94931783 0.19850373
vn -0.23842075 0.95154841 0.19419362
vn -0.17791397 0.97359501 0.14303627
vn -0.23669811 0.95230330 0.19259396
vn -0.23842075 0.95154841 0.19419362
vn -0.17791397 0.97359501 0.14303627
vn -0.23842075 0.95154841 0.19419362
vn -0.21110983 0.96222532 0.17191587
vn -0.12606741 0.98703292 0.09936306
vn -0.17791397 0.97359501 0.14303627
vn -0.21110983 0.96222532 0.17191587
vn -0.12606741 0.98703292 0.09936306
vn -0.21110983 0.96222532 0.17191587
vn -0.20538478 0.96428517 0.16724594
vn -0.07560808 0.99551345 0.05688919
vn -0.12606741 0.98703292 0.09936306
vn -0.17059366 0.97570642 0.13745832
vn -0.01997718 0.99974901 0.01014068
vn -0.02010092 0.99974592 0.01020047
vn -0.07560808 0.99551345 0.05688919
vn -0.01997718 0.99974901 0.01014068
vn -0.07560808 0.99551345 0.05688919
vn -0.09698782 0.99245467 0.07501399
vn -0.00229999 0.99999608 0.00159999
vn -0.02004793 0.99482711 0.09958460
vn -0.01866348 0.99527118 0.09532548
vn -0.00229999 0.99999608 0.00159999
vn -0.01866348 0.99527118 0.09532548
vn -0.00907035 0.99824563 0.05850972
vn -0.00229999 0.99999608 0.00159999
vn -0.00907035 0.99824563 0.05850972
vn -0.00162873 0.99970325 0.02430563
vn -0.02500525 0.98760306 0.15496754
vn 0.00169994 0.99066678 0.13629543
vn -0.00158858 0.99966941 0.02566232
vn -0.03002106 0.98750617 0.15469422
vn -0.03079994 0.98679809 0.15899969
vn -0.02500525 0.98760306 0.15496754
vn -0.03002106 0.98750617 0.15469422
vn -0.02500525 0.98760306 0.15496754
vn -0.00158858 0.99966941 0.02566232
vn -0.03002106 0.98750617 0.15469422
vn -0.00158858 0.99966941 0.02566232
vn -0.00162873 0.99970325 0.02430563
vn -0.02067034 0.99446419 0.10302288
vn -0.03002106 0.98750617 0.15469422
vn -0.00907035 0.99824563 0.05850972
vn -0.02004793 0.99482711 0.09958460
vn -0.02067034 0.99446419 0.10302288
vn -0.01866348 0.99527118 0.09532548
vn -0.00010000 -0.00000000 1.00000000
vn -0.00819972 -0.00000000 0.99996638
vn -0.00189996 0.99067992 0.13619724
vn -0.00010000 -0.00000000 1.00000000
vn -0.00000000 0.99106295 0.13339501
vn 0.00169994 0.99066678 0.13629543
vn -0.00010000 -0.00000000 1.00000000
vn 0.00749979 -0.00000000 0.99997188
vn 0.00169994 -0.99066678 0.13629543
vn -0.00010000 -0.00000000 1.00000000
vn -0.00000000 -0.99106295 0.13339501
vn -0.00189996 -0.99067992 0.13619724
vn 0.00749979 -0.00000000 0.99997188
vn 0.00169994 0.99066678 0.13629543
vn -0.02500525 0.98760306 0.15496754
vn 0.00749979 -0.00000000 0.99997188
vn -0.02500525 0.98760306 0.15496754
vn -0.02761291 0.93407178 0.35601607
vn -0.02500525 0.98760306 0.15496754
vn -0.03079994 0.98679809 0.15899969
vn -0.02761291 0.93407178 0.35601607
vn -0.11807623 0.97726592 0.17609463
vn -0.17252198 0.96725959 0.18613180
vn -0.18701774 0.95824373 0.21631762
vn -0.11807623 0.97726592 0.17609463
vn -0.18701774 0.95824373 0.21631762
vn -0.17990065 0.94691107 0.26644920
vn -0.03079994 0.98679809 0.15899969
vn -0.03197299 0.98672242 0.15923756
vn -0.03397444 0.98593855 0.16361817
vn -0.03197299 0.98672242 0.15923756
vn -0.06177624 0.98432224 0.16520724
vn -0.13050173 0.94424753 0.30226794
vn -0.03197299 0.98672242 0.15923756
vn -0.13050173 0.94424753 0.30226794
vn -0.03397444 0.98593855 0.16361817
vn -0.06177624 0.98432224 0.16520724
vn -0.08540710 0.98176384 0.16983933
vn -0.23795413 0.85957828 0.45222009
vn -0.06177624 0.98432224 0.16520724
vn -0.23795413 0.85957828 0.45222009
vn -0.13050173 0.94424753 0.30226794
vn -0.08540710 0.98176384 0.16983933
vn -0.10476079 0.97923441 0.17356595
vn -0.37202801 0.68082134 0.63093380
vn -0.08540710 0.98176384 0.16983933
vn -0.37202801 0.68082134 0.63093380
vn -0.23795413 0.85957828 0.45222009
vn -0.10476079 0.97923441 0.17356595
vn -0.11807623 0.97726592 0.17609463
vn -0.56264151 0.07296584 0.82347466
vn -0.10476079 0.97923441 0.17356595
vn -0.56264151 0.07296584 0.82347466
vn -0.55831813 -0.00000000 0.82962694
vn -0.10476079 0.97923441 0.17356595
vn -0.55831813 -0.00000000 0.82962694
vn -0.37202801 0.68082134 0.63093380
vn -0.19060586 0.96323075 0.18935664
vn -0.24370458 0.94931783 0.19850373
vn -0.56264151 0.07296584 0.82347466
vn -0.19060586 0.96323075 0.18935664
vn -0.56264151 0.07296584 0.82347466
vn -0.17990065 0.94691107 0.26644920
vn -0.17252198 0.96725959 0.18613180
vn -0.19060586 0.96323075 0.18935664
vn -0.18701774 0.95824373 0.21631762
vn -0.55831813 -0.00000000 0.82962694
vn -0.24370458 -0.94931783 0.19850373
vn -0.03079994 -0.98679809 0.15899969
vn -0.03079994 -0.98679809 0.15899969
vn 0.00169994 -0.99066678 0.13629543
vn 0.00749979 -0.00000000 0.99997188
vn 0.11370171 -0.00000000 -0.99351493
vn 0.01609963 -0.99007754 -0.13959683
vn 0.00029999 -0.99026494 -0.13919507
vn 0.00029999 -0.99026494 -0.13919507
vn -0.01480058 -0.99013884 -0.13930547
vn -0.10499710 -0.00000000 -0.99447253
vn -0.10499710 -0.00000000 -0.99447253
vn -0.01480058 0.99013884 -0.13930547
vn 0.00029999 0.99026494 -0.13919507
vn 0.00029999 0.99026494 -0.13919507
vn 0.01609963 0.99007754 -0.13959683
vn 0.11370171 -0.00000000 -0.99351493
vn -0.14459860 -0.00000000 -0.98949040
vn -0.10499710 -0.00000000 -0.99447253
vn -0.01480058 -0.99013884 -0.13930547
vn -0.01999980 -0.98888986 -0.14729849
vn 0.00640026 -0.98013910 -0.19820791
vn -0.13329679 -0.00000000 -0.99107616
vn -0.13329679 -0.00000000 -0.99107616
vn 0.00640026 0.98013910 -0.19820791
vn 0.00267651 0.98157373 -0.19106501
vn -0.13329679 -0.00000000 -0.99107616
vn 0.00267651 0.98157373 -0.19106501
vn -0.13053693 0.20381728 -0.97026730
vn 0.00267651 0.98157373 -0.19106501
vn -0.00129244 0.98303042 -0.18343805
vn -0.11774983 0.46992674 -0.87481646
vn 0.00267651 0.98157373 -0.19106501
vn -0.11774983 0.46992674 -0.87481646
vn -0.13053693 0.20381728 -0.97026730
vn -0.00129244 0.98303042 -0.18343805
vn -0.00525589 0.98441053 -0.17580755
vn -0.09221824 0.72303603 -0.68462742
vn -0.00129244 0.98303042 -0.18343805
vn -0.09221824 0.72303603 -0.68462742
vn -0.11774983 0.46992674 -0.87481646
vn -0.00525589 0.98441053 -0.17580755
vn -0.01130462 0.98637306 -0.16413526
vn -0.04896536 0.93060181 -0.36274324
vn -0.00525589 0.98441053 -0.17580755
vn -0.04896536 0.93060181 -0.36274324
vn -0.09221824 0.72303603 -0.68462742
vn -0.01130462 0.98637306 -0.16413526
vn -0.01999980 0.98888986 -0.14729849
vn -0.04896536 0.93060181 -0.36274324
vn -0.01907252 0.98911935 -0.14587373
vn -0.01480058 0.99013884 -0.13930547
vn -0.14042887 0.20422225 -0.96879977
vn -0.14459860 -0.00000000 -0.98949040
vn -0.08023154 0.82612425 -0.55774691
vn -0.11198964 0.61650399 -0.77934662
vn -0.14459860 -0.00000000 -0.98949040
vn -0.11198964 0.61650399 -0.77934662
vn -0.14042887 0.20422225 -0.96879977
vn -0.08023154 0.82612425 -0.55774691
vn -0.01999980 0.98888986 -0.14729849
vn -0.01907252 0.98911935 -0.14587373
vn -0.08023154 0.82612425 -0.55774691
vn -0.01907252 0.98911935 -0.14587373
vn -0.11198964 0.61650399 -0.77934662
vn -0.00000000 -0.99998648 -0.00519993
vn 0.75060513 -0.66000451 0.03140021
vn 0.71699700 -0.65529725 0.23769900
vn -0.00000000 -0.98474427 0.17400782
vn 0.71699700 -0.65529725 0.23769900
vn 0.61287737 -0.54317994 0.57387881
vn -0.00000000 -0.98474427 0.17400782
vn -0.00000000 -0.71481446 0.69931415
vn -0.61287737 -0.54317994 0.57387881
vn -0.71699700 -0.65529725 0.23769900
vn -0.75060513 -0.66000451 0.03140021
vn -0.00000000 -0.99998648 -0.00519993
vn -0.00000000 0.88489219 0.46579589
vn 0.68041331 0.59571165 0.42680835
vn 0.72777752 0.66127958 0.18179439
vn -0.00000000 0.88489219 0.46579589
vn -0.00000000 0.97572367 0.21900531
vn -0.72777752 0.66127958 0.18179439
vn -0.00000000 0.88489219 0.46579589
vn -0.68041331 0.59571165 0.42680835
vn -0.57142247 0.45461788 0.68322687
vn -0.00000000 0.88489219 0.46579589
vn -0.00000000 0.57090919 0.82101321
vn 0.57142247 0.45461788 0.68322687
vn 0.71699700 -0.65529725 0.23769900
vn 0.75060513 -0.66000451 0.03140021
vn 0.95813606 -0.00120005 0.28631077
vn 0.97924905 0.16332242 0.11998787
vn 0.72777752 0.66127958 0.18179439
vn 0.68041331 0.59571165 0.42680835
vn 0.97924905 0.16332242 0.11998787
vn 0.68041331 0.59571165 0.42680835
vn 0.95642003 0.20226098 0.21059732
vn 0.99546762 0.00759975 0.09479692
vn 0.97924905 0.16332242 0.11998787
vn 0.95642003 0.20226098 0.21059732
vn 0.88925063 0.27174980 0.36794750
vn 0.68041331 0.59571165 0.42680835
vn 0.57142247 0.45461788 0.68322687
vn 0.88925063 0.27174980 0.36794750
vn 0.57142247 0.45461788 0.68322687
vn 0.69321698 0.36648220 0.62059731
vn 0.95813606 -0.00120005 0.28631077
vn 0.88925063 0.27174980 0.36794750
vn 0.69321698 0.36648220 0.62059731
vn 0.95813606 -0.00120005 0.28631077
vn 0.68279664 -0.02989985 0.72999640
vn 0.61287737 -0.54317994 0.57387881
vn -0.00000000 -0.03549892 0.99936971
vn -0.00000000 -0.71481446 0.69931415
vn 0.61287737 -0.54317994 0.57387881
vn 0.60199078 0.37625986 0.70429796
vn 0.57142247 0.45461788 0.68322687
vn 0.50167115 0.39305824 0.77060449
vn -0.00000000 -0.03549892 0.99936971
vn 0.68279664 -0.02989985 0.72999640
vn 0.60199078 0.37625986 0.70429796
vn -0.00000000 -0.03549892 0.99936971
vn 0.60199078 0.37625986 0.70429796
vn 0.50167115 0.39305824 0.77060449
vn 0.00000000 0.40828237 0.91285569
vn -0.00000000 0.57090919 0.82101321
vn -0.57142247 0.45461788 0.68322687
vn 0.00000000 0.40828237 0.91285569
vn -0.57142247 0.45461788 0.68322687
vn -0.50167115 0.39305824 0.77060449
vn -0.00000000 -0.03549892 0.99936971
vn 0.00000000 0.40828237 0.91285569
vn -0.50167115 0.39305824 0.77060449
vn -0.00000000 -0.03549892 0.99936971
vn -0.68279664 -0.02989985 0.72999640
vn -0.61287737 -0.54317994 0.57387881
vn -0.95813606 -0.00120005 0.28631077
vn -0.71699700 -0.65529725 0.23769900
vn -0.61287737 -0.54317994 0.57387881
vn -0.60199078 0.37625986 0.70429796
vn -0.57142247 0.45461788 0.68322687
vn -0.69321698 0.36648220 0.62059731
vn -0.95813606 -0.00120005 0.28631077
vn -0.68279664 -0.02989985 0.72999640
vn -0.60199078 0.37625986 0.70429796
vn -0.95813606 -0.00120005 0.28631077
vn -0.60199078 0.37625986 0.70429796
vn -0.69321698 0.36648220 0.62059731
vn -0.68041331 0.59571165 0.42680835
vn -0.72777752 0.66127958 0.18179439
vn -0.97925851 0.16332411 0.11990829
vn -0.68041331 0.59571165 0.42680835
vn -0.97925851 0.16332411 0.11990829
vn -0.95643483 0.20226411 0.21052707
vn -0.97925856 0.16332401 0.11990805
vn -0.99547705 0.00759982 0.09469782
vn -0.95643483 0.20226411 0.21052707
vn -0.72777752 0.66127958 0.18179439
vn -0.97925856 0.16332401 0.11990805
vn -0.97925851 0.16332411 0.11990829
vn -0.95813606 -0.00120005 0.28631077
vn -0.99547705 0.00759982 0.09469782
vn -0.75060513 -0.66000451 0.03140021
vn 0.88096085 0.03303535 -0.47203458
vn 0.88360010 -0.01790000 -0.46790005
vn 0.70777039 0.05766233 -0.70408531
vn -0.00000000 0.21360442 -0.97692024
vn 0.85470068 0.20530016 -0.47680038
vn 0.88096085 0.03303535 -0.47203458
vn -0.00000000 0.21360442 -0.97692024
vn 0.88096085 0.03303535 -0.47203458
vn 0.70777039 0.05766233 -0.70408531
vn -0.00000000 -0.04890018 -0.99880367
vn 0.88360010 -0.01790000 -0.46790005
vn 0.90853530 -0.07980310 -0.41011593
vn -0.00000000 -0.04890018 -0.99880367
vn -0.00000000 -0.46421250 -0.88572386
vn -0.90853530 -0.07980310 -0.41011593
vn -0.88360010 -0.01790000 -0.46790005
vn -0.88096085 0.03303535 -0.47203458
vn -0.70777039 0.05766233 -0.70408531
vn -0.88096085 0.03303535 -0.47203458
vn -0.85470068 0.20530016 -0.47680038
vn -0.00000000 0.21360442 -0.97692024
vn -0.88096085 0.03303535 -0.47203458
vn -0.00000000 0.21360442 -0.97692024
vn -0.70777039 0.05766233 -0.70408531
vn -0.00000000 0.90659657 0.42199840
vn 0.94908826 0.28729645 0.12919840
vn 0.95027326 0.25029296 -0.18529479
vn -0.00000000 0.96670305 -0.25590081
vn 0.95027326 0.25029296 -0.18529479
vn 0.85470068 0.20530016 -0.47680038
vn -0.00000000 0.96670305 -0.25590081
vn -0.00000000 0.21360442 -0.97692024
vn -0.85470068 0.20530016 -0.47680038
vn -0.95027326 0.25029296 -0.18529479
vn -0.94908826 0.28729645 0.12919840
vn -0.00000000 0.90659657 0.42199840
vn -0.99160775 0.00460004 -0.12920101
vn -0.99339582 0.01109995 -0.11419952
vn -0.99505710 0.08571452 -0.05014368
vn -0.99160775 0.00460004 -0.12920101
vn -0.99505710 0.08571452 -0.05014368
vn -0.99498581 0.06086042 -0.07936784
vn -0.99505710 0.08571452 -0.05014368
vn -0.94908826 0.28729645 0.12919840
vn -0.99498581 0.06086042 -0.07936784
vn -0.99160775 0.00460004 -0.12920101
vn -0.98917160 0.04622472 -0.13929399
vn -0.97600580 0.05108218 -0.21166790
vn -0.98917160 0.04622472 -0.13929399
vn -0.95027326 0.25029296 -0.18529479
vn -0.85470068 0.20530016 -0.47680038
vn -0.98917160 0.04622472 -0.13929399
vn -0.85470068 0.20530016 -0.47680038
vn -0.97600580 0.05108218 -0.21166790
vn -0.99160775 0.00460004 -0.12920101
vn -0.88360010 -0.01790000 -0.46790005
vn -0.90853530 -0.07980310 -0.41011593
vn -0.95915758 -0.20651240 -0.19331160
vn -0.96504135 -0.24231038 -0.09990428
vn -0.99339582 0.01109995 -0.11419952
vn 0.99339582 0.01109995 -0.11419952
vn 0.96504135 -0.24231038 -0.09990428
vn 0.95915758 -0.20651240 -0.19331160
vn 0.99160775 0.00460004 -0.12920101
vn 0.95915758 -0.20651240 -0.19331160
vn 0.90853530 -0.07980310 -0.41011593
vn 0.99160775 0.00460004 -0.12920101
vn 0.88360010 -0.01790000 -0.46790005
vn 0.88096085 0.03303535 -0.47203458
vn 0.99160775 0.00460004 -0.12920101
vn 0.88096085 0.03303535 -0.47203458
vn 0.97600580 0.05108218 -0.21166790
vn 0.88096085 0.03303535 -0.47203458
vn 0.85470068 0.20530016 -0.47680038
vn 0.97600580 0.05108218 -0.21166790
vn 0.99160775 0.00460004 -0.12920101
vn 0.98917160 0.04622472 -0.13929399
vn 0.99498581 0.06086042 -0.07936784
vn 0.98917160 0.04622472 -0.13929399
vn 0.95027326 0.25029296 -0.18529479
vn 0.94908826 0.28729645 0.12919840
vn 0.98917160 0.04622472 -0.13929399
vn 0.94908826 0.28729645 0.12919840
vn 0.99498581 0.06086042 -0.07936784
vn -0.00000000 -0.92661688 -0.37600685
vn -0.00000000 -0.99488656 -0.10099864
vn -0.96504135 -0.24231038 -0.09990428
vn -0.95915758 -0.20651240 -0.19331160
vn -0.90853530 -0.07980310 -0.41011593
vn -0.00000000 -0.46421250 -0.88572386
vn -0.00000000 -0.46421250 -0.88572386
vn 0.90853530 -0.07980310 -0.41011593
vn 0.95915758 -0.20651240 -0.19331160
vn -0.00000000 -0.92661688 -0.37600685
vn 0.95915758 -0.20651240 -0.19331160
vn 0.96504135 -0.24231038 -0.09990428
vn 0.38019977 0.90596029 0.18623666
vn 0.86240286 0.50620168 -0.00460002
vn 0.88265266 0.46779420 0.04574777
vn -0.00000000 0.96402620 0.26580722
vn 0.38019977 0.90596029 0.18623666
vn 0.88265266 0.46779420 0.04574777
vn -0.00000000 0.96402620 0.26580722
vn 0.88265266 0.46779420 0.04574777
vn 0.91307746 0.37759068 0.15399620
vn -0.00000000 0.81751346 0.57590949
vn 0.91307746 0.37759068 0.15399620
vn 0.94908826 0.28729645 0.12919840
vn -0.00000000 0.81751346 0.57590949
vn -0.00000000 0.90659657 0.42199840
vn -0.94908826 0.28729645 0.12919840
vn -0.88265266 0.46779420 0.04574777
vn -0.86240286 0.50620168 -0.00460002
vn -0.38019977 0.90596029 0.18623666
vn -0.91307746 0.37759068 0.15399620
vn -0.88265266 0.46779420 0.04574777
vn -0.38019977 0.90596029 0.18623666
vn -0.91307746 0.37759068 0.15399620
vn -0.38019977 0.90596029 0.18623666
vn -0.00000000 0.96402620 0.26580722
vn -0.98752869 0.00330010 -0.15740457
vn -0.98510218 -0.02660006 -0.16990038
vn -0.86240286 0.50620168 -0.00460002
vn -0.99505710 0.08571452 -0.05014368
vn -0.99339582 0.01109995 -0.11419952
vn -0.98068499 0.19486308 0.01689169
vn -0.91307746 0.37759068 0.15399620
vn -0.94908826 0.28729645 0.12919840
vn -0.99505710 0.08571452 -0.05014368
vn -0.91307746 0.37759068 0.15399620
vn -0.99505710 0.08571452 -0.05014368
vn -0.98068499 0.19486308 0.01689169
vn -0.98752869 0.00330010 -0.15740457
vn -0.99339582 0.01109995 -0.11419952
vn -0.96504135 -0.24231038 -0.09990428
vn -0.91086822 -0.39858610 -0.10699627
vn -0.80983812 -0.57352700 -0.12340581
vn -0.98510218 -0.02660006 -0.16990038
vn 0.98510218 -0.02660006 -0.16990038
vn 0.80983812 -0.57352700 -0.12340581
vn 0.91086822 -0.39858610 -0.10699627
vn 0.98752869 0.00330010 -0.15740457
vn 0.91086822 -0.39858610 -0.10699627
vn 0.96504135 -0.24231038 -0.09990428
vn 0.99339582 0.01109995 -0.11419952
vn 0.99505710 0.08571452 -0.05014368
vn 0.98068499 0.19486308 0.01689169
vn 0.99505710 0.08571452 -0.05014368
vn 0.94908826 0.28729645 0.12919840
vn 0.91307746 0.37759068 0.15399620
vn 0.99505710 0.08571452 -0.05014368
vn 0.91307746 0.37759068 0.15399620
vn 0.98068499 0.19486308 0.01689169
vn 0.98752869 0.00330010 -0.15740457
vn 0.96591406 0.25455382 0.04703585
vn 0.88265266 0.46779420 0.04574777
vn 0.98752869 0.00330010 -0.15740457
vn 0.88265266 0.46779420 0.04574777
vn 0.86240286 0.50620168 -0.00460002
vn 0.96591406 0.25455382 0.04703585
vn 0.91307746 0.37759068 0.15399620
vn 0.88265266 0.46779420 0.04574777
vn -0.00000000 -0.99791763 -0.06450114
vn -0.80983812 -0.57352700 -0.12340581
vn -0.91086822 -0.39858610 -0.10699627
vn -0.91086822 -0.39858610 -0.10699627
vn -0.96504135 -0.24231038 -0.09990428
vn -0.00000000 -0.99488656 -0.10099864
vn -0.00000000 -0.99488656 -0.10099864
vn 0.96504135 -0.24231038 -0.09990428
vn 0.91086822 -0.39858610 -0.10699627
vn 0.91086822 -0.39858610 -0.10699627
vn 0.80983812 -0.57352700 -0.12340581
vn -0.00000000 -0.99791763 -0.06450114
vn -0.00000000 0.99143454 -0.13060455
vn -0.00000000 0.97146304 -0.23719098
vn 0.71831936 0.65641769 -0.23050621
vn 0.24109272 0.95759873 -0.15773070
vn 0.76566652 0.61707302 -0.18159206
vn 0.86240286 0.50620168 -0.00460002
vn 0.24109272 0.95759873 -0.15773070
vn 0.86240286 0.50620168 -0.00460002
vn 0.30918112 0.94548558 -0.10229396
vn -0.00000000 0.99143454 -0.13060455
vn 0.24109272 0.95759873 -0.15773070
vn 0.30918112 0.94548558 -0.10229396
vn -0.38019977 0.90596029 0.18623666
vn -0.86240286 0.50620168 -0.00460002
vn -0.30918112 0.94548558 -0.10229396
vn -0.00000000 0.99143454 -0.13060455
vn -0.00000000 0.96402620 0.26580722
vn -0.38019977 0.90596029 0.18623666
vn -0.00000000 0.99143454 -0.13060455
vn -0.38019977 0.90596029 0.18623666
vn -0.30918112 0.94548558 -0.10229396
vn -0.24109272 0.95759873 -0.15773070
vn -0.76566652 0.61707302 -0.18159206
vn -0.73007454 0.64735577 -0.21891019
vn -0.00000000 0.99143454 -0.13060455
vn -0.24109272 0.95759873 -0.15773070
vn -0.73007454 0.64735577 -0.21891019
vn -0.00000000 0.99143454 -0.13060455
vn -0.73007454 0.64735577 -0.21891019
vn -0.71831936 0.65641769 -0.23050621
vn -0.98532328 -0.01840043 -0.16970401
vn -0.74817095 0.62225913 -0.23029071
vn -0.73007454 0.64735577 -0.21891019
vn -0.98532328 -0.01840043 -0.16970401
vn -0.73007454 0.64735577 -0.21891019
vn -0.76566652 0.61707302 -0.18159206
vn -0.74817095 0.62225913 -0.23029071
vn -0.71831936 0.65641769 -0.23050621
vn -0.73007454 0.64735577 -0.21891019
vn -0.76566652 0.61707302 -0.18159206
vn -0.86240286 0.50620168 -0.00460002
vn -0.98510218 -0.02660006 -0.16990038
vn -0.98510218 -0.02660006 -0.16990038
vn -0.80983812 -0.57352700 -0.12340581
vn -0.74941593 -0.65331388 -0.10750228
vn -0.98149696 -0.03249990 -0.18869942
vn -0.74941593 -0.65331388 -0.10750228
vn -0.72459490 -0.68419518 -0.08269942
vn 0.98149696 -0.03249990 -0.18869942
vn 0.98532328 -0.01840043 -0.16970401
vn 0.72459490 -0.68419518 -0.08269942
vn 0.74941593 -0.65331388 -0.10750228
vn 0.80983812 -0.57352700 -0.12340581
vn 0.98510218 -0.02660006 -0.16990038
vn 0.98510218 -0.02660006 -0.16990038
vn 0.86240286 0.50620168 -0.00460002
vn 0.76566652 0.61707302 -0.18159206
vn 0.76566652 0.61707302 -0.18159206
vn 0.73007454 0.64735577 -0.21891019
vn 0.74817095 0.62225913 -0.23029071
vn 0.76566652 0.61707302 -0.18159206
vn 0.74817095 0.62225913 -0.23029071
vn 0.98532328 -0.01840043 -0.16970401
vn 0.73007454 0.64735577 -0.21891019
vn 0.71831936 0.65641769 -0.23050621
vn 0.74817095 0.62225913 -0.23029071
vn -0.00000000 -0.99993949 -0.01100043
vn -0.72459490 -0.68419518 -0.08269942
vn -0.74941593 -0.65331388 -0.10750228
vn -0.00000000 -0.99961903 -0.02760053
vn -0.74941593 -0.65331388 -0.10750228
vn -0.80983812 -0.57352700 -0.12340581
vn -0.00000000 -0.99961903 -0.02760053
vn -0.00000000 -0.99791763 -0.06450114
vn 0.80983812 -0.57352700 -0.12340581
vn 0.74941593 -0.65331388 -0.10750228
vn 0.72459490 -0.68419518 -0.08269942
vn -0.00000000 -0.99993949 -0.01100043
vn -0.00000000 0.96408449 -0.26559573
vn -0.00000000 0.96824922 -0.24998689
vn 0.71383079 0.67232900 -0.19600846
vn 0.70780748 0.66690705 -0.23290246
vn 0.71831936 0.65641769 -0.23050621
vn -0.00000000 0.97146304 -0.23719098
vn -0.00000000 0.97146304 -0.23719098
vn -0.71831936 0.65641769 -0.23050621
vn -0.70780748 0.66690705 -0.23290246
vn -0.00000000 0.96408449 -0.26559573
vn -0.70780748 0.66690705 -0.23290246
vn -0.71383079 0.67232900 -0.19600846
vn -0.99625041 0.00189991 -0.08649569
vn -0.93510992 0.32316006 -0.14538575
vn -0.88448180 0.42766808 -0.18652600
vn -0.93510992 0.32316006 -0.14538575
vn -0.71383079 0.67232900 -0.19600846
vn -0.70780748 0.66690705 -0.23290246
vn -0.93510992 0.32316006 -0.14538575
vn -0.70780748 0.66690705 -0.23290246
vn -0.88448180 0.42766808 -0.18652600
vn -0.99019738 -0.00699998 -0.13949963
vn -0.85706300 0.46831132 -0.21477319
vn -0.75490436 0.61506521 -0.22762732
vn -0.85706300 0.46831132 -0.21477319
vn -0.70780748 0.66690705 -0.23290246
vn -0.71831936 0.65641769 -0.23050621
vn -0.85706300 0.46831132 -0.21477319
vn -0.71831936 0.65641769 -0.23050621
vn -0.75490436 0.61506521 -0.22762732
vn -0.98532328 -0.01840043 -0.16970401
vn -0.72459490 -0.68419518 -0.08269942
vn -0.72017737 -0.69137828 -0.05779818
vn -0.99019738 -0.00699998 -0.13949963
vn -0.72017737 -0.69137828 -0.05779818
vn -0.72624004 -0.68693787 -0.02630145
vn 0.99019738 -0.00699998 -0.13949963
vn 0.99625041 0.00189991 -0.08649569
vn 0.72624004 -0.68693787 -0.02630145
vn 0.72017737 -0.69137828 -0.05779818
vn 0.72459490 -0.68419518 -0.08269942
vn 0.98532328 -0.01840043 -0.16970401
vn 0.99019738 -0.00699998 -0.13949963
vn 0.98532328 -0.01840043 -0.16970401
vn 0.74817095 0.62225913 -0.23029071
vn 0.99019738 -0.00699998 -0.13949963
vn 0.74817095 0.62225913 -0.23029071
vn 0.75490436 0.61506521 -0.22762732
vn 0.74817095 0.62225913 -0.23029071
vn 0.71831936 0.65641769 -0.23050621
vn 0.75490436 0.61506521 -0.22762732
vn 0.93510992 0.32316006 -0.14538575
vn 0.99625041 0.00189991 -0.08649569
vn 0.88448180 0.42766808 -0.18652600
vn 0.70780748 0.66690705 -0.23290246
vn 0.71383079 0.67232900 -0.19600846
vn 0.93510992 0.32316006 -0.14538575
vn 0.70780748 0.66690705 -0.23290246
vn 0.93510992 0.32316006 -0.14538575
vn 0.88448180 0.42766808 -0.18652600
vn -0.00000000 -0.99999976 0.00070000
vn -0.72624004 -0.68693787 -0.02630145
vn -0.72017737 -0.69137828 -0.05779818
vn -0.00000000 -0.99999200 -0.00399997
vn -0.72017737 -0.69137828 -0.05779818
vn -0.72459490 -0.68419518 -0.08269942
vn -0.00000000 -0.99999200 -0.00399997
vn -0.00000000 -0.99993949 -0.01100043
vn 0.72459490 -0.68419518 -0.08269942
vn 0.72017737 -0.69137828 -0.05779818
vn 0.72624004 -0.68693787 -0.02630145
vn -0.00000000 -0.99999976 0.00070000
vn 0.72777752 0.66127958 0.18179439
vn 0.73537785 0.67697961 0.03029909
vn 0.00000000 0.97572367 0.21900531
vn 0.73537785 0.67697961 0.03029909
vn 0.73359009 0.67489089 -0.07979892
vn -0.00000000 0.99284700 -0.11939363
vn -0.00000000 0.99284700 -0.11939363
vn -0.73359009 0.67489089 -0.07979892
vn -0.73537785 0.67697961 0.03029909
vn -0.73537785 0.67697961 0.03029909
vn -0.72777752 0.66127958 0.18179439
vn -0.00000000 0.97572367 0.21900531
vn -0.00000000 0.97955220 -0.20119018
vn -0.00000000 0.99284700 -0.11939363
vn 0.73359009 0.67489089 -0.07979892
vn 0.72549106 0.67359170 -0.14119826
vn 0.71383079 0.67232900 -0.19600846
vn -0.00000000 0.96824922 -0.24998689
vn -0.00000000 0.96824922 -0.24998689
vn -0.71383079 0.67232900 -0.19600846
vn -0.72549106 0.67359170 -0.14119826
vn -0.00000000 0.97955220 -0.20119018
vn -0.72549106 0.67359170 -0.14119826
vn -0.73359009 0.67489089 -0.07979892
vn -0.99968477 0.00909986 0.02339964
vn -0.99547705 0.00759982 0.09469782
vn -0.97925856 0.16332401 0.11990805
vn -0.99968477 0.00909986 0.02339964
vn -0.97925856 0.16332401 0.11990805
vn -0.98935357 0.13481205 0.05481992
vn -0.97925856 0.16332401 0.11990805
vn -0.72777752 0.66127958 0.18179439
vn -0.98935357 0.13481205 0.05481992
vn -0.99968477 0.00909986 0.02339964
vn -0.99166095 0.12632580 0.02550187
vn -0.99129039 0.13158275 0.00541754
vn -0.99166095 0.12632580 0.02550187
vn -0.73537785 0.67697961 0.03029909
vn -0.73359009 0.67489089 -0.07979892
vn -0.99166095 0.12632580 0.02550187
vn -0.73359009 0.67489089 -0.07979892
vn -0.99129039 0.13158275 0.00541754
vn -0.99989541 0.00709997 -0.01259994
vn -0.74298145 -0.66928329 0.00619985
vn -0.74960229 -0.66180202 0.01070003
vn -0.74960229 -0.66180202 0.01070003
vn -0.75060513 -0.66000451 0.03140021
vn -0.99547705 0.00759982 0.09469782
vn -0.99989541 0.00709997 -0.01259994
vn -0.98906323 0.14499976 -0.02700007
vn -0.98495802 0.16708747 -0.04403958
vn -0.98906323 0.14499976 -0.02700007
vn -0.73359009 0.67489089 -0.07979892
vn -0.72549106 0.67359170 -0.14119826
vn -0.98906323 0.14499976 -0.02700007
vn -0.72549106 0.67359170 -0.14119826
vn -0.98495802 0.16708747 -0.04403958
vn -0.99931501 0.00610009 -0.03650055
vn -0.97466259 0.21213241 -0.07094130
vn -0.95838334 0.26686612 -0.10140927
vn -0.97466259 0.21213241 -0.07094130
vn -0.72549106 0.67359170 -0.14119826
vn -0.71383079 0.67232900 -0.19600846
vn -0.97466259 0.21213241 -0.07094130
vn -0.71383079 0.67232900 -0.19600846
vn -0.95838334 0.26686612 -0.10140927
vn -0.99625041 0.00189991 -0.08649569
vn -0.72624004 -0.68693787 -0.02630145
vn -0.73498355 -0.67808482 -0.00039999
vn -0.99931501 0.00610009 -0.03650055
vn -0.73498355 -0.67808482 -0.00039999
vn -0.74298145 -0.66928329 0.00619985
vn 0.99546762 0.00759975 0.09479692
vn 0.75060513 -0.66000451 0.03140021
vn 0.74960229 -0.66180202 0.01070003
vn 0.74960229 -0.66180202 0.01070003
vn 0.74298145 -0.66928329 0.00619985
vn 0.99989541 0.00709997 -0.01259994
vn 0.99968477 0.00909986 0.02339964
vn 0.99989541 0.00709997 -0.01259994
vn 0.98906323 0.14499976 -0.02700007
vn 0.99968477 0.00909986 0.02339964
vn 0.98906323 0.14499976 -0.02700007
vn 0.99129039 0.13158275 0.00541754
vn 0.98906323 0.14499976 -0.02700007
vn 0.73359009 0.67489089 -0.07979892
vn 0.99129039 0.13158275 0.00541754
vn 0.99968477 0.00909986 0.02339964
vn 0.99166095 0.12632580 0.02550187
vn 0.98935357 0.13481205 0.05481992
vn 0.99166095 0.12632580 0.02550187
vn 0.73537785 0.67697961 0.03029909
vn 0.72777752 0.66127958 0.18179439
vn 0.99166095 0.12632580 0.02550187
vn 0.72777752 0.66127958 0.18179439
vn 0.98935357 0.13481205 0.05481992
vn 0.99931501 0.00610009 -0.03650055
vn 0.99989541 0.00709997 -0.01259994
vn 0.74298145 -0.66928329 0.00619985
vn 0.73498355 -0.67808482 -0.00039999
vn 0.72624004 -0.68693787 -0.02630145
vn 0.99625041 0.00189991 -0.08649569
vn 0.99931501 0.00610009 -0.03650055
vn 0.99625041 0.00189991 -0.08649569
vn 0.93510992 0.32316006 -0.14538575
vn 0.99931501 0.00610009 -0.03650055
vn 0.93510992 0.32316006 -0.14538575
vn 0.95838334 0.26686612 -0.10140927
vn 0.93510992 0.32316006 -0.14538575
vn 0.71383079 0.67232900 -0.19600846
vn 0.95838334 0.26686612 -0.10140927
vn 0.98906323 0.14499976 -0.02700007
vn 0.99989541 0.00709997 -0.01259994
vn 0.98495802 0.16708747 -0.04403958
vn 0.72549106 0.67359170 -0.14119826
vn 0.73359009 0.67489089 -0.07979892
vn 0.98906323 0.14499976 -0.02700007
vn 0.72549106 0.67359170 -0.14119826
vn 0.98906323 0.14499976 -0.02700007
vn 0.98495802 0.16708747 -0.04403958
vn -0.00000000 -1.00000000 0.00010000
vn -0.00000000 -0.99999032 0.00439996
vn 0.74298145 -0.66928329 0.00619985
vn -0.00000000 -1.00000000 0.00010000
vn 0.74960229 -0.66180202 0.01070003
vn 0.75060513 -0.66000451 0.03140021
vn -0.00000000 -1.00000000 0.00010000
vn -0.00000000 -0.99998648 -0.00519993
vn -0.75060513 -0.66000451 0.03140021
vn -0.00000000 -1.00000000 0.00010000
vn -0.74960229 -0.66180202 0.01070003
vn -0.74298145 -0.66928329 0.00619985
vn -0.00000000 -0.99999032 0.00439996
vn -0.74298145 -0.66928329 0.00619985
vn -0.73498355 -0.67808482 -0.00039999
vn -0.00000000 -0.99999160 0.00409997
vn -0.73498355 -0.67808482 -0.00039999
vn -0.72624004 -0.68693787 -0.02630145
vn -0.00000000 -0.99999160 0.00409997
vn -0.00000000 -0.99999976 0.00070000
vn 0.72624004 -0.68693787 -0.02630145
vn 0.73498355 -0.67808482 -0.00039999
vn 0.74298145 -0.66928329 0.00619985
vn -0.00000000 -0.99999032 0.00439996
usemtl Goku
s 1
usemtl Goku
f 1/1/1 2/2/2 3/3/3
usemtl Goku
f 4/4/4 5/5/5 6/6/6
usemtl Goku
f 7/7/7 8/8/8 9/9/9
usemtl Goku
f 10/10/10 11/11/11 12/12/12
usemtl Goku
f 13/13/13 14/14/14 15/15/15
usemtl Goku
f 16/16/16 17/17/17 18/18/18
usemtl Goku
f 19/19/19 20/20/20 21/21/21
usemtl Goku
f 22/22/22 23/23/23 24/24/24
usemtl Goku
f 25/25/25 26/26/26 27/27/27
usemtl Goku
f 28/28/28 29/29/29 30/30/30
usemtl Goku
f 31/31/31 32/32/32 33/33/33
usemtl Goku
f 34/34/34 35/35/35 36/36/36
usemtl Goku
f 37/37/37 38/38/38 39/39/39
usemtl Goku
f 40/40/40 41/41/41 42/42/42
usemtl Goku
f 43/43/43 44/44/44 45/45/45
usemtl Goku
f 46/46/46 47/47/47 48/48/48
usemtl Goku
f 49/49/49 50/50/50 51/51/51
usemtl Goku
f 52/52/52 53/53/53 54/54/54
usemtl Goku
f 55/55/55 56/56/56 57/57/57
usemtl Goku
f 58/58/58 59/59/59 60/60/60
usemtl Goku
f 61/61/61 62/62/62 63/63/63
usemtl Goku
f 64/64/64 65/65/65 66/66/66
usemtl Goku
f 67/67/67 68/68/68 69/69/69
usemtl Goku
f 70/70/70 71/71/71 72/72/72
usemtl Goku
f 73/73/73 74/74/74 75/75/75
usemtl Goku
f 76/76/76 77/77/77 78/78/78
usemtl Goku
f 79/79/79 80/80/80 81/81/81
usemtl Goku
f 82/82/82 83/83/83 84/84/84
usemtl Goku
f 85/85/85 86/86/86 87/87/87
usemtl Goku
f 88/88/88 89/89/89 90/90/90
usemtl Goku
f 91/91/91 92/92/92 93/93/93
usemtl Goku
f 94/94/94 95/95/95 96/96/96
usemtl Goku
f 97/97/97 98/98/98 99/99/99
usemtl Goku
f 100/100/100 101/101/101 102/102/102
usemtl Goku
f 103/103/103 104/104/104 105/105/105
usemtl Goku
f 106/106/106 107/107/107 108/108/108
usemtl Goku
f 109/109/109 110/110/110 111/111/111
usemtl Goku
f 112/112/112 113/113/113 114/114/114
usemtl Goku
f 115/115/115 116/116/116 117/117/117
usemtl Goku
f 118/118/118 119/119/119 120/120/120
usemtl Goku
f 121/121/121 122/122/122 123/123/123
usemtl Goku
f 124/124/124 125/125/125 126/126/126
usemtl Goku
f 127/127/127 128/128/128 129/129/129
usemtl Goku
f 130/130/130 131/131/131 132/132/132
usemtl Goku
f 133/133/133 134/134/134 135/135/135
usemtl Goku
f 136/136/136 137/137/137 138/138/138
usemtl Goku
f 139/139/139 140/140/140 141/141/141
usemtl Goku
f 142/142/142 143/143/143 144/144/144
usemtl Goku
f 145/145/145 146/146/146 147/147/147
usemtl Goku
f 148/148/148 149/149/149 150/150/150
usemtl Goku
f 151/151/151 152/152/152 153/153/153
usemtl Goku
f 154/154/154 155/155/155 156/156/156
usemtl Goku
f 157/157/157 158/158/158 159/159/159
usemtl Goku
f 160/160/160 161/161/161 162/162/162
usemtl Goku
f 163/163/163 164/164/164 165/165/165
usemtl Goku
f 166/166/166 167/167/167 168/168/168
usemtl Goku
f 169/169/169 170/170/170 171/171/171
usemtl Goku
f 172/172/172 173/173/173 174/174/174
usemtl Goku
f 175/175/175 176/176/176 177/177/177
usemtl Goku
f 178/178/178 179/179/179 180/180/180
usemtl Goku
f 181/181/181 182/182/182 183/183/183
usemtl Goku
f 184/184/184 185/185/185 186/186/186
usemtl Goku
f 187/187/187 188/188/188 189/189/189
usemtl Goku
f 190/190/190 191/191/191 192/192/192
usemtl Goku
f 193/193/193 194/194/194 195/195/195
usemtl Goku
f 196/196/196 197/197/197 198/198/198
usemtl Goku
f 199/199/199 200/200/200 201/201/201
usemtl Goku
f 202/202/202 203/203/203 204/204/204
usemtl Goku
f 205/205/205 206/206/206 207/207/207
usemtl Goku
f 208/208/208 209/209/209 210/210/210
usemtl Goku
f 211/211/211 212/212/212 213/213/213
usemtl Goku
f 214/214/214 215/215/215 216/216/216
usemtl Goku
f 217/217/217 218/218/218 219/219/219
usemtl Goku
f 220/220/220 221/221/221 222/222/222
usemtl Goku
f 223/223/223 224/224/224 225/225/225
usemtl Goku
f 226/226/226 227/227/227 228/228/228
usemtl Goku
f 229/229/229 230/230/230 231/231/231
usemtl Goku
f 232/232/232 233/233/233 234/234/234
usemtl Goku
f 235/235/235 236/236/236 237/237/237
usemtl Goku
f 238/238/238 239/239/239 240/240/240
usemtl Goku
f 241/241/241 242/242/242 243/243/243
usemtl Goku
f 244/244/244 245/245/245 246/246/246
usemtl Goku
f 247/247/247 248/248/248 249/249/249
usemtl Goku
f 250/250/250 251/251/251 252/252/252
usemtl Goku
f 253/253/253 254/254/254 255/255/255
usemtl Goku
f 256/256/256 257/257/257 258/258/258
usemtl Goku
f 259/259/259 260/260/260 261/261/261
usemtl Goku
f 262/262/262 263/263/263 264/264/264
usemtl Goku
f 265/265/265 266/266/266 267/267/267
usemtl Goku
f 268/268/268 269/269/269 270/270/270
usemtl Goku
f 271/271/271 272/272/272 273/273/273
usemtl Goku
f 274/274/274 275/275/275 276/276/276
usemtl Goku
f 277/277/277 278/278/278 279/279/279
usemtl Goku
f 280/280/280 281/281/281 282/282/282
usemtl Goku
f 283/283/283 284/284/284 285/285/285
usemtl Goku
f 286/286/286 287/287/287 288/288/288
usemtl Goku
f 289/289/289 290/290/290 291/291/291
usemtl Goku
f 292/292/292 293/293/293 294/294/294
usemtl Goku
f 295/295/295 296/296/296 297/297/297
usemtl Goku
f 298/298/298 299/299/299 300/300/300
usemtl Goku
f 301/301/301 302/302/302 303/303/303
usemtl Goku
f 304/304/304 305/305/305 306/306/306
usemtl Goku
f 307/307/307 308/308/308 309/309/309
usemtl Goku
f 310/310/310 311/311/311 312/312/312
usemtl Goku
f 313/313/313 314/314/314 315/315/315
usemtl Goku
f 316/316/316 317/317/317 318/318/318
usemtl Goku
f 319/319/319 320/320/320 321/321/321
usemtl Goku
f 322/322/322 323/323/323 324/324/324
usemtl Goku
f 325/325/325 326/326/326 327/327/327
usemtl Goku
f 328/328/328 329/329/329 330/330/330
usemtl Goku
f 331/331/331 332/332/332 333/333/333
usemtl Goku
f 334/334/334 335/335/335 336/336/336
usemtl Goku
f 337/337/337 338/338/338 339/339/339
usemtl Goku
f 340/340/340 341/341/341 342/342/342
usemtl Goku
f 343/343/343 344/344/344 345/345/345
usemtl Goku
f 346/346/346 347/347/347 348/348/348
usemtl Goku
f 349/349/349 350/350/350 351/351/351
usemtl Goku
f 352/352/352 353/353/353 354/354/354
usemtl Goku
f 355/355/355 356/356/356 357/357/357
usemtl Goku
f 358/358/358 359/359/359 360/360/360
usemtl Goku
f 361/361/361 362/362/362 363/363/363
usemtl Goku
f 364/364/364 365/365/365 366/366/366
usemtl Goku
f 367/367/367 368/368/368 369/369/369
usemtl Goku
f 370/370/370 371/371/371 372/372/372
usemtl Goku
f 373/373/373 374/374/374 375/375/375
usemtl Goku
f 376/376/376 377/377/377 378/378/378
usemtl Goku
f 379/379/379 380/380/380 381/381/381
usemtl Goku
f 382/382/382 383/383/383 384/384/384
usemtl Goku
f 385/385/385 386/386/386 387/387/387
usemtl Goku
f 388/388/388 389/389/389 390/390/390
usemtl Goku
f 391/391/391 392/392/392 393/393/393
usemtl Goku
f 394/394/394 395/395/395 396/396/396
usemtl Goku
f 397/397/397 398/398/398 399/399/399
usemtl Goku
f 400/400/400 401/401/401 402/402/402
usemtl Goku
f 403/403/403 404/404/404 405/405/405
usemtl Goku
f 406/406/406 407/407/407 408/408/408
usemtl Goku
f 409/409/409 410/410/410 411/411/411
usemtl Goku
f 412/412/412 413/413/413 414/414/414
usemtl Goku
f 415/415/415 416/416/416 417/417/417
usemtl Goku
f 418/418/418 419/419/419 420/420/420
usemtl Goku
f 421/421/421 422/422/422 423/423/423
usemtl Goku
f 424/424/424 425/425/425 426/426/426
usemtl Goku
f 427/427/427 428/428/428 429/429/429
usemtl Goku
f 430/430/430 431/431/431 432/432/432
usemtl Goku
f 433/433/433 434/434/434 435/435/435
usemtl Goku
f 436/436/436 437/437/437 438/438/438
usemtl Goku
f 439/439/439 440/440/440 441/441/441
usemtl Goku
f 442/442/442 443/443/443 444/444/444
usemtl Goku
f 445/445/445 446/446/446 447/447/447
usemtl Goku
f 448/448/448 449/449/449 450/450/450
usemtl Goku
f 451/451/451 452/452/452 453/453/453
usemtl Goku
f 454/454/454 455/455/455 456/456/456
usemtl Goku
f 457/457/457 458/458/458 459/459/459
usemtl Goku
f 460/460/460 461/461/461 462/462/462
usemtl Goku
f 463/463/463 464/464/464 465/465/465
usemtl Goku
f 466/466/466 467/467/467 468/468/468
usemtl Goku
f 469/469/469 470/470/470 471/471/471
usemtl Goku
f 472/472/472 473/473/473 474/474/474
usemtl Goku
f 475/475/475 476/476/476 477/477/477
usemtl Goku
f 478/478/478 479/479/479 480/480/480
usemtl Goku
f 481/481/481 482/482/482 483/483/483
usemtl Goku
f 484/484/484 485/485/485 486/486/486
usemtl Goku
f 487/487/487 488/488/488 489/489/489
usemtl Goku
f 490/490/490 491/491/491 492/492/492
usemtl Goku
f 493/493/493 494/494/494 495/495/495
usemtl Goku
f 496/496/496 497/497/497 498/498/498
usemtl Goku
f 499/499/499 500/500/500 501/501/501
usemtl Goku
f 502/502/502 503/503/503 504/504/504
usemtl Goku
f 505/505/505 506/506/506 507/507/507
usemtl Goku
f 508/508/508 509/509/509 510/510/510
usemtl Goku
f 511/511/511 512/512/512 513/513/513
usemtl Goku
f 514/514/514 515/515/515 516/516/516
usemtl Goku
f 517/517/517 518/518/518 519/519/519
usemtl Goku
f 520/520/520 521/521/521 522/522/522
usemtl Goku
f 523/523/523 524/524/524 525/525/525
usemtl Goku
f 526/526/526 527/527/527 528/528/528
usemtl Goku
f 529/529/529 530/530/530 531/531/531
usemtl Goku
f 532/532/532 533/533/533 534/534/534
usemtl Goku
f 535/535/535 536/536/536 537/537/537
usemtl Goku
f 538/538/538 539/539/539 540/540/540
usemtl Goku
f 541/541/541 542/542/542 543/543/543
usemtl Goku
f 544/544/544 545/545/545 546/546/546
usemtl Goku
f 547/547/547 548/548/548 549/549/549
usemtl Goku
f 550/550/550 551/551/551 552/552/552
usemtl Goku
f 553/553/553 554/554/554 555/555/555
usemtl Goku
f 556/556/556 557/557/557 558/558/558
usemtl Goku
f 559/559/559 560/560/560 561/561/561
usemtl Goku
f 562/562/562 563/563/563 564/564/564
usemtl Goku
f 565/565/565 566/566/566 567/567/567
usemtl Goku
f 568/568/568 569/569/569 570/570/570
usemtl Goku
f 571/571/571 572/572/572 573/573/573
usemtl Goku
f 574/574/574 575/575/575 576/576/576
usemtl Goku
f 577/577/577 578/578/578 579/579/579
usemtl Goku
f 580/580/580 581/581/581 582/582/582
usemtl Goku
f 583/583/583 584/584/584 585/585/585
usemtl Goku
f 586/586/586 587/587/587 588/588/588
usemtl Goku
f 589/589/589 590/590/590 591/591/591
usemtl Goku
f 592/592/592 593/593/593 594/594/594
usemtl Goku
f 595/595/595 596/596/596 597/597/597
usemtl Goku
f 598/598/598 599/599/599 600/600/600
usemtl Goku
f 601/601/601 602/602/602 603/603/603
usemtl Goku
f 604/604/604 605/605/605 606/606/606
usemtl Goku
f 607/607/607 608/608/608 609/609/609
usemtl Goku
f 610/610/610 611/611/611 612/612/612
usemtl Goku
f 613/613/613 614/614/614 615/615/615
usemtl Goku
f 616/616/616 617/617/617 618/618/618
usemtl Goku
f 619/619/619 620/620/620 621/621/621
usemtl Goku
f 622/622/622 623/623/623 624/624/624
usemtl Goku
f 625/625/625 626/626/626 627/627/627
usemtl Goku
f 628/628/628 629/629/629 630/630/630
usemtl Goku
f 631/631/631 632/632/632 633/633/633
usemtl Goku
f 634/634/634 635/635/635 636/636/636
usemtl Goku
f 637/637/637 638/638/638 639/639/639
usemtl Goku
f 640/640/640 641/641/641 642/642/642
usemtl Goku
f 643/643/643 644/644/644 645/645/645
usemtl Goku
f 646/646/646 647/647/647 648/648/648
usemtl Goku
f 649/649/649 650/650/650 651/651/651
usemtl Goku
f 652/652/652 653/653/653 654/654/654
usemtl Goku
f 655/655/655 656/656/656 657/657/657
usemtl Goku
f 658/658/658 659/659/659 660/660/660
usemtl Goku
f 661/661/661 662/662/662 663/663/663
usemtl Goku
f 664/664/664 665/665/665 666/666/666
usemtl Goku
f 667/667/667 668/668/668 669/669/669
usemtl Goku
f 670/670/670 671/671/671 672/672/672
usemtl Goku
f 673/673/673 674/674/674 675/675/675
usemtl Goku
f 676/676/676 677/677/677 678/678/678
usemtl Goku
f 679/679/679 680/680/680 681/681/681
usemtl Goku
f 682/682/682 683/683/683 684/684/684
usemtl Goku
f 685/685/685 686/686/686 687/687/687
usemtl Goku
f 688/688/688 689/689/689 690/690/690
usemtl Goku
f 691/691/691 692/692/692 693/693/693
usemtl Goku
f 694/694/694 695/695/695 696/696/696
usemtl Goku
f 697/697/697 698/698/698 699/699/699
usemtl Goku
f 700/700/700 701/701/701 702/702/702
usemtl Goku
f 703/703/703 704/704/704 705/705/705
usemtl Goku
f 706/706/706 707/707/707 708/708/708
usemtl Goku
f 709/709/709 710/710/710 711/711/711
usemtl Goku
f 712/712/712 713/713/713 714/714/714
usemtl Goku
f 715/715/715 716/716/716 717/717/717
usemtl Goku
f 718/718/718 719/719/719 720/720/720
usemtl Goku
f 721/721/721 722/722/722 723/723/723
usemtl Goku
f 724/724/724 725/725/725 726/726/726
usemtl Goku
f 727/727/727 728/728/728 729/729/729
usemtl Goku
f 730/730/730 731/731/731 732/732/732
usemtl Goku
f 733/733/733 734/734/734 735/735/735
usemtl Goku
f 736/736/736 737/737/737 738/738/738
usemtl Goku
f 739/739/739 740/740/740 741/741/741
usemtl Goku
f 742/742/742 743/743/743 744/744/744
usemtl Goku
f 745/745/745 746/746/746 747/747/747
usemtl Goku
f 748/748/748 749/749/749 750/750/750
usemtl Goku
f 751/751/751 752/752/752 753/753/753
usemtl Goku
f 754/754/754 755/755/755 756/756/756
usemtl Goku
f 757/757/757 758/758/758 759/759/759
usemtl Goku
f 760/760/760 761/761/761 762/762/762
usemtl Goku
f 763/763/763 764/764/764 765/765/765
usemtl Goku
f 766/766/766 767/767/767 768/768/768
usemtl Goku
f 769/769/769 770/770/770 771/771/771
usemtl Goku
f 772/772/772 773/773/773 774/774/774
usemtl Goku
f 775/775/775 776/776/776 777/777/777
usemtl Goku
f 778/778/778 779/779/779 780/780/780
usemtl Goku
f 781/781/781 782/782/782 783/783/783
usemtl Goku
f 784/784/784 785/785/785 786/786/786
usemtl Goku
f 787/787/787 788/788/788 789/789/789
usemtl Goku
f 790/790/790 791/791/791 792/792/792
usemtl Goku
f 793/793/793 794/794/794 795/795/795
usemtl Goku
f 796/796/796 797/797/797 798/798/798
usemtl Goku
f 799/799/799 800/800/800 801/801/801
usemtl Goku
f 802/802/802 803/803/803 804/804/804
usemtl Goku
f 805/805/805 806/806/806 807/807/807
usemtl Goku
f 808/808/808 809/809/809 810/810/810
usemtl Goku
f 811/811/811 812/812/812 813/813/813
usemtl Goku
f 814/814/814 815/815/815 816/816/816
usemtl Goku
f 817/817/817 818/818/818 819/819/819
usemtl Goku
f 820/820/820 821/821/821 822/822/822
usemtl Goku
f 823/823/823 824/824/824 825/825/825
usemtl Goku
f 826/826/826 827/827/827 828/828/828
usemtl Goku
f 829/829/829 830/830/830 831/831/831
usemtl Goku
f 832/832/832 833/833/833 834/834/834
usemtl Goku
f 835/835/835 836/836/836 837/837/837
usemtl Goku
f 838/838/838 839/839/839 840/840/840
usemtl Goku
f 841/841/841 842/842/842 843/843/843
usemtl Goku
f 844/844/844 845/845/845 846/846/846
usemtl Goku
f 847/847/847 848/848/848 849/849/849
usemtl Goku
f 850/850/850 851/851/851 852/852/852
usemtl Goku
f 853/853/853 854/854/854 855/855/855
usemtl Goku
f 856/856/856 857/857/857 858/858/858
usemtl Goku
f 859/859/859 860/860/860 861/861/861
usemtl Goku
f 862/862/862 863/863/863 864/864/864
usemtl Goku
f 865/865/865 866/866/866 867/867/867
usemtl Goku
f 868/868/868 869/869/869 870/870/870
usemtl Goku
f 871/871/871 872/872/872 873/873/873
usemtl Goku
f 874/874/874 875/875/875 876/876/876
usemtl Goku
f 877/877/877 878/878/878 879/879/879
usemtl Goku
f 880/880/880 881/881/881 882/882/882
usemtl Goku
f 883/883/883 884/884/884 885/885/885
usemtl Goku
f 886/886/886 887/887/887 888/888/888
usemtl Goku
f 889/889/889 890/890/890 891/891/891
usemtl Goku
f 892/892/892 893/893/893 894/894/894
usemtl Goku
f 895/895/895 896/896/896 897/897/897
usemtl Goku
f 898/898/898 899/899/899 900/900/900
usemtl Goku
f 901/901/901 902/902/902 903/903/903
usemtl Goku
f 904/904/904 905/905/905 906/906/906
usemtl Goku
f 907/907/907 908/908/908 909/909/909
usemtl Goku
f 910/910/910 911/911/911 912/912/912
usemtl Goku
f 913/913/913 914/914/914 915/915/915
usemtl Goku
f 916/916/916 917/917/917 918/918/918
usemtl Goku
f 919/919/919 920/920/920 921/921/921
usemtl Goku
f 922/922/922 923/923/923 924/924/924
usemtl Goku
f 925/925/925 926/926/926 927/927/927
usemtl Goku
f 928/928/928 929/929/929 930/930/930
usemtl Goku
f 931/931/931 932/932/932 933/933/933
usemtl Goku
f 934/934/934 935/935/935 936/936/936
usemtl Goku
f 937/937/937 938/938/938 939/939/939
usemtl Goku
f 940/940/940 941/941/941 942/942/942
usemtl Goku
f 943/943/943 944/944/944 945/945/945
usemtl Goku
f 946/946/946 947/947/947 948/948/948
usemtl Goku
f 949/949/949 950/950/950 951/951/951
usemtl Goku
f 952/952/952 953/953/953 954/954/954
usemtl Goku
f 955/955/955 956/956/956 957/957/957
usemtl Goku
f 958/958/958 959/959/959 960/960/960
usemtl Goku
f 961/961/961 962/962/962 963/963/963
usemtl Goku
f 964/964/964 965/965/965 966/966/966
usemtl Goku
f 967/967/967 968/968/968 969/969/969
usemtl Goku
f 970/970/970 971/971/971 972/972/972
usemtl Goku
f 973/973/973 974/974/974 975/975/975
usemtl Goku
f 976/976/976 977/977/977 978/978/978
usemtl Goku
f 979/979/979 980/980/980 981/981/981
usemtl Goku
f 982/982/982 983/983/983 984/984/984
usemtl Goku
f 985/985/985 986/986/986 987/987/987
usemtl Goku
f 988/988/988 989/989/989 990/990/990
usemtl Goku
f 991/991/991 992/992/992 993/993/993
usemtl Goku
f 994/994/994 995/995/995 996/996/996
usemtl Goku
f 997/997/997 998/998/998 999/999/999
usemtl Goku
f 1000/1000/1000 1001/1001/1001 1002/1002/1002
usemtl Goku
f 1003/1003/1003 1004/1004/1004 1005/1005/1005
usemtl Goku
f 1006/1006/1006 1007/1007/1007 1008/1008/1008
usemtl Goku
f 1009/1009/1009 1010/1010/1010 1011/1011/1011
usemtl Goku
f 1012/1012/1012 1013/1013/1013 1014/1014/1014
usemtl Goku
f 1015/1015/1015 1016/1016/1016 1017/1017/1017
usemtl Goku
f 1018/1018/1018 1019/1019/1019 1020/1020/1020
usemtl Goku
f 1021/1021/1021 1022/1022/1022 1023/1023/1023
usemtl Goku
f 1024/1024/1024 1025/1025/1025 1026/1026/1026
usemtl Goku
f 1027/1027/1027 1028/1028/1028 1029/1029/1029
usemtl Goku
f 1030/1030/1030 1031/1031/1031 1032/1032/1032
usemtl Goku
f 1033/1033/1033 1034/1034/1034 1035/1035/1035
usemtl Goku
f 1036/1036/1036 1037/1037/1037 1038/1038/1038
usemtl Goku
f 1039/1039/1039 1040/1040/1040 1041/1041/1041
usemtl Goku
f 1042/1042/1042 1043/1043/1043 1044/1044/1044
usemtl Goku
f 1045/1045/1045 1046/1046/1046 1047/1047/1047
usemtl Goku
f 1048/1048/1048 1049/1049/1049 1050/1050/1050
usemtl Goku
f 1051/1051/1051 1052/1052/1052 1053/1053/1053
usemtl Goku
f 1054/1054/1054 1055/1055/1055 1056/1056/1056
usemtl Goku
f 1057/1057/1057 1058/1058/1058 1059/1059/1059
usemtl Goku
f 1060/1060/1060 1061/1061/1061 1062/1062/1062
usemtl Goku
f 1063/1063/1063 1064/1064/1064 1065/1065/1065
usemtl Goku
f 1066/1066/1066 1067/1067/1067 1068/1068/1068
usemtl Goku
f 1069/1069/1069 1070/1070/1070 1071/1071/1071
usemtl Goku
f 1072/1072/1072 1073/1073/1073 1074/1074/1074
usemtl Goku
f 1075/1075/1075 1076/1076/1076 1077/1077/1077
usemtl Goku
f 1078/1078/1078 1079/1079/1079 1080/1080/1080
usemtl Goku
f 1081/1081/1081 1082/1082/1082 1083/1083/1083
usemtl Goku
f 1084/1084/1084 1085/1085/1085 1086/1086/1086
usemtl Goku
f 1087/1087/1087 1088/1088/1088 1089/1089/1089
usemtl Goku
f 1090/1090/1090 1091/1091/1091 1092/1092/1092
usemtl Goku
f 1093/1093/1093 1094/1094/1094 1095/1095/1095
usemtl Goku
f 1096/1096/1096 1097/1097/1097 1098/1098/1098
usemtl Goku
f 1099/1099/1099 1100/1100/1100 1101/1101/1101
usemtl Goku
f 1102/1102/1102 1103/1103/1103 1104/1104/1104
usemtl Goku
f 1105/1105/1105 1106/1106/1106 1107/1107/1107
usemtl Goku
f 1108/1108/1108 1109/1109/1109 1110/1110/1110
usemtl Goku
f 1111/1111/1111 1112/1112/1112 1113/1113/1113
usemtl Goku
f 1114/1114/1114 1115/1115/1115 1116/1116/1116
usemtl Goku
f 1117/1117/1117 1118/1118/1118 1119/1119/1119
usemtl Goku
f 1120/1120/1120 1121/1121/1121 1122/1122/1122
usemtl Goku
f 1123/1123/1123 1124/1124/1124 1125/1125/1125
usemtl Goku
f 1126/1126/1126 1127/1127/1127 1128/1128/1128
usemtl Goku
f 1129/1129/1129 1130/1130/1130 1131/1131/1131
usemtl Goku
f 1132/1132/1132 1133/1133/1133 1134/1134/1134
usemtl Goku
f 1135/1135/1135 1136/1136/1136 1137/1137/1137
usemtl Goku
f 1138/1138/1138 1139/1139/1139 1140/1140/1140
usemtl Goku
f 1141/1141/1141 1142/1142/1142 1143/1143/1143
usemtl Goku
f 1144/1144/1144 1145/1145/1145 1146/1146/1146
usemtl Goku
f 1147/1147/1147 1148/1148/1148 1149/1149/1149
usemtl Goku
f 1150/1150/1150 1151/1151/1151 1152/1152/1152
usemtl Goku
f 1153/1153/1153 1154/1154/1154 1155/1155/1155
usemtl Goku
f 1156/1156/1156 1157/1157/1157 1158/1158/1158
usemtl Goku
f 1159/1159/1159 1160/1160/1160 1161/1161/1161
usemtl Goku
f 1162/1162/1162 1163/1163/1163 1164/1164/1164
usemtl Goku
f 1165/1165/1165 1166/1166/1166 1167/1167/1167
usemtl Goku
f 1168/1168/1168 1169/1169/1169 1170/1170/1170
usemtl Cabello_Ojos
f 1171/1171/1171 1172/1172/1172 1173/1173/1173
usemtl Cabello_Ojos
f 1174/1174/1174 1175/1175/1175 1176/1176/1176
usemtl Cabello_Ojos
f 1177/1177/1177 1178/1178/1178 1179/1179/1179
usemtl Cabello_Ojos
f 1180/1180/1180 1181/1181/1181 1182/1182/1182
usemtl Goku
f 1183/1183/1183 1184/1184/1184 1185/1185/1185
usemtl Cabello_Ojos
f 1186/1186/1186 1187/1187/1187 1188/1188/1188
usemtl Goku
f 1189/1189/1189 1190/1190/1190 1191/1191/1191
usemtl Goku
f 1192/1192/1192 1193/1193/1193 1194/1194/1194
usemtl Cabello_Ojos
f 1195/1195/1195 1196/1196/1196 1197/1197/1197
usemtl Goku
f 1198/1198/1198 1199/1199/1199 1200/1200/1200
usemtl Goku
f 1201/1201/1201 1202/1202/1202 1203/1203/1203
usemtl Goku
f 1204/1204/1204 1205/1205/1205 1206/1206/1206
usemtl Goku
f 1207/1207/1207 1208/1208/1208 1209/1209/1209
usemtl Cabello_Ojos
f 1210/1210/1210 1211/1211/1211 1212/1212/1212
usemtl Cabello_Ojos
f 1213/1213/1213 1214/1214/1214 1215/1215/1215
usemtl Goku
f 1216/1216/1216 1217/1217/1217 1218/1218/1218
usemtl Cabello_Ojos
f 1219/1219/1219 1220/1220/1220 1221/1221/1221
usemtl Goku
f 1222/1222/1222 1223/1223/1223 1224/1224/1224
usemtl Goku
f 1225/1225/1225 1226/1226/1226 1227/1227/1227
usemtl Goku
f 1228/1228/1228 1229/1229/1229 1230/1230/1230
usemtl Goku
f 1231/1231/1231 1232/1232/1232 1233/1233/1233
usemtl Cabello_Ojos
f 1234/1234/1234 1235/1235/1235 1236/1236/1236
usemtl Cabello_Ojos
f 1237/1237/1237 1238/1238/1238 1239/1239/1239
usemtl Goku
f 1240/1240/1240 1241/1241/1241 1242/1242/1242
usemtl Cabello_Ojos
f 1243/1243/1243 1244/1244/1244 1245/1245/1245
usemtl Goku
f 1246/1246/1246 1247/1247/1247 1248/1248/1248
usemtl Goku
f 1249/1249/1249 1250/1250/1250 1251/1251/1251
usemtl Goku
f 1252/1252/1252 1253/1253/1253 1254/1254/1254
usemtl Goku
f 1255/1255/1255 1256/1256/1256 1257/1257/1257
usemtl Goku
f 1258/1258/1258 1259/1259/1259 1260/1260/1260
usemtl Goku
f 1261/1261/1261 1262/1262/1262 1263/1263/1263
usemtl Goku
f 1264/1264/1264 1265/1265/1265 1266/1266/1266
usemtl Goku
f 1267/1267/1267 1268/1268/1268 1269/1269/1269
usemtl Goku
f 1270/1270/1270 1271/1271/1271 1272/1272/1272
usemtl Goku
f 1273/1273/1273 1274/1274/1274 1275/1275/1275
usemtl Goku
f 1276/1276/1276 1277/1277/1277 1278/1278/1278
usemtl Goku
f 1279/1279/1279 1280/1280/1280 1281/1281/1281
usemtl Goku
f 1282/1282/1282 1283/1283/1283 1284/1284/1284
usemtl Goku
f 1285/1285/1285 1286/1286/1286 1287/1287/1287
usemtl Goku
f 1288/1288/1288 1289/1289/1289 1290/1290/1290
usemtl Goku
f 1291/1291/1291 1292/1292/1292 1293/1293/1293
usemtl Goku
f 1294/1294/1294 1295/1295/1295 1296/1296/1296
usemtl Goku
f 1297/1297/1297 1298/1298/1298 1299/1299/1299
usemtl Goku
f 1300/1300/1300 1301/1301/1301 1302/1302/1302
usemtl Goku
f 1303/1303/1303 1304/1304/1304 1305/1305/1305
usemtl Goku
f 1306/1306/1306 1307/1307/1307 1308/1308/1308
usemtl Goku
f 1309/1309/1309 1310/1310/1310 1311/1311/1311
usemtl Goku
f 1312/1312/1312 1313/1313/1313 1314/1314/1314
usemtl Goku
f 1315/1315/1315 1316/1316/1316 1317/1317/1317
usemtl Goku
f 1318/1318/1318 1319/1319/1319 1320/1320/1320
usemtl Goku
f 1321/1321/1321 1322/1322/1322 1323/1323/1323
usemtl Goku
f 1324/1324/1324 1325/1325/1325 1326/1326/1326
usemtl Goku
f 1327/1327/1327 1328/1328/1328 1329/1329/1329
usemtl Goku
f 1330/1330/1330 1331/1331/1331 1332/1332/1332
usemtl Goku
f 1333/1333/1333 1334/1334/1334 1335/1335/1335
usemtl Goku
f 1336/1336/1336 1337/1337/1337 1338/1338/1338
usemtl Goku
f 1339/1339/1339 1340/1340/1340 1341/1341/1341
usemtl Goku
f 1342/1342/1342 1343/1343/1343 1344/1344/1344
usemtl Goku
f 1345/1345/1345 1346/1346/1346 1347/1347/1347
usemtl Goku
f 1348/1348/1348 1349/1349/1349 1350/1350/1350
usemtl Goku
f 1351/1351/1351 1352/1352/1352 1353/1353/1353
usemtl Goku
f 1354/1354/1354 1355/1355/1355 1356/1356/1356
usemtl Goku
f 1357/1357/1357 1358/1358/1358 1359/1359/1359
usemtl Goku
f 1360/1360/1360 1361/1361/1361 1362/1362/1362
usemtl Goku
f 1363/1363/1363 1364/1364/1364 1365/1365/1365
usemtl Goku
f 1366/1366/1366 1367/1367/1367 1368/1368/1368
usemtl Goku
f 1369/1369/1369 1370/1370/1370 1371/1371/1371
usemtl Goku
f 1372/1372/1372 1373/1373/1373 1374/1374/1374
usemtl Goku
f 1375/1375/1375 1376/1376/1376 1377/1377/1377
usemtl Goku
f 1378/1378/1378 1379/1379/1379 1380/1380/1380
usemtl Goku
f 1381/1381/1381 1382/1382/1382 1383/1383/1383
usemtl Goku
f 1384/1384/1384 1385/1385/1385 1386/1386/1386
usemtl Goku
f 1387/1387/1387 1388/1388/1388 1389/1389/1389
usemtl Goku
f 1390/1390/1390 1391/1391/1391 1392/1392/1392
usemtl Goku
f 1393/1393/1393 1394/1394/1394 1395/1395/1395
usemtl Goku
f 1396/1396/1396 1397/1397/1397 1398/1398/1398
usemtl Goku
f 1399/1399/1399 1400/1400/1400 1401/1401/1401
usemtl Goku
f 1402/1402/1402 1403/1403/1403 1404/1404/1404
usemtl Goku
f 1405/1405/1405 1406/1406/1406 1407/1407/1407
usemtl Goku
f 1408/1408/1408 1409/1409/1409 1410/1410/1410
usemtl Goku
f 1411/1411/1411 1412/1412/1412 1413/1413/1413
usemtl Goku
f 1414/1414/1414 1415/1415/1415 1416/1416/1416
usemtl Goku
f 1417/1417/1417 1418/1418/1418 1419/1419/1419
usemtl Goku
f 1420/1420/1420 1421/1421/1421 1422/1422/1422
usemtl Goku
f 1423/1423/1423 1424/1424/1424 1425/1425/1425
usemtl Goku
f 1426/1426/1426 1427/1427/1427 1428/1428/1428
usemtl Goku
f 1429/1429/1429 1430/1430/1430 1431/1431/1431
usemtl Goku
f 1432/1432/1432 1433/1433/1433 1434/1434/1434
usemtl Goku
f 1435/1435/1435 1436/1436/1436 1437/1437/1437
usemtl Goku
f 1438/1438/1438 1439/1439/1439 1440/1440/1440
usemtl Goku
f 1441/1441/1441 1442/1442/1442 1443/1443/1443
usemtl Goku
f 1444/1444/1444 1445/1445/1445 1446/1446/1446
usemtl Goku
f 1447/1447/1447 1448/1448/1448 1449/1449/1449
usemtl Goku
f 1450/1450/1450 1451/1451/1451 1452/1452/1452
usemtl Goku
f 1453/1453/1453 1454/1454/1454 1455/1455/1455
usemtl Goku
f 1456/1456/1456 1457/1457/1457 1458/1458/1458
usemtl Goku
f 1459/1459/1459 1460/1460/1460 1461/1461/1461
usemtl Goku
f 1462/1462/1462 1463/1463/1463 1464/1464/1464
usemtl Goku
f 1465/1465/1465 1466/1466/1466 1467/1467/1467
usemtl Goku
f 1468/1468/1468 1469/1469/1469 1470/1470/1470
usemtl Goku
f 1471/1471/1471 1472/1472/1472 1473/1473/1473
usemtl Goku
f 1474/1474/1474 1475/1475/1475 1476/1476/1476
usemtl Goku
f 1477/1477/1477 1478/1478/1478 1479/1479/1479
usemtl Goku
f 1480/1480/1480 1481/1481/1481 1482/1482/1482
usemtl Goku
f 1483/1483/1483 1484/1484/1484 1485/1485/1485
usemtl Goku
f 1486/1486/1486 1487/1487/1487 1488/1488/1488
usemtl Goku
f 1489/1489/1489 1490/1490/1490 1491/1491/1491
usemtl Goku
f 1492/1492/1492 1493/1493/1493 1494/1494/1494
usemtl Goku
f 1495/1495/1495 1496/1496/1496 1497/1497/1497
usemtl Goku
f 1498/1498/1498 1499/1499/1499 1500/1500/1500
usemtl Goku
f 1501/1501/1501 1502/1502/1502 1503/1503/1503
usemtl Goku
f 1504/1504/1504 1505/1505/1505 1506/1506/1506
usemtl Goku
f 1507/1507/1507 1508/1508/1508 1509/1509/1509
usemtl Goku
f 1510/1510/1510 1511/1511/1511 1512/1512/1512
usemtl Goku
f 1513/1513/1513 1514/1514/1514 1515/1515/1515
usemtl Goku
f 1516/1516/1516 1517/1517/1517 1518/1518/1518
usemtl Goku
f 1519/1519/1519 1520/1520/1520 1521/1521/1521
usemtl Goku
f 1522/1522/1522 1523/1523/1523 1524/1524/1524
usemtl Goku
f 1525/1525/1525 1526/1526/1526 1527/1527/1527
usemtl Goku
f 1528/1528/1528 1529/1529/1529 1530/1530/1530
usemtl Goku
f 1531/1531/1531 1532/1532/1532 1533/1533/1533
usemtl Goku
f 1534/1534/1534 1535/1535/1535 1536/1536/1536
usemtl Goku
f 1537/1537/1537 1538/1538/1538 1539/1539/1539
usemtl Goku
f 1540/1540/1540 1541/1541/1541 1542/1542/1542
usemtl Goku
f 1543/1543/1543 1544/1544/1544 1545/1545/1545
usemtl Goku
f 1546/1546/1546 1547/1547/1547 1548/1548/1548
usemtl Goku
f 1549/1549/1549 1550/1550/1550 1551/1551/1551
usemtl Goku
f 1552/1552/1552 1553/1553/1553 1554/1554/1554
usemtl Goku
f 1555/1555/1555 1556/1556/1556 1557/1557/1557
usemtl Goku
f 1558/1558/1558 1559/1559/1559 1560/1560/1560
usemtl Goku
f 1561/1561/1561 1562/1562/1562 1563/1563/1563
usemtl Goku
f 1564/1564/1564 1565/1565/1565 1566/1566/1566
usemtl Goku
f 1567/1567/1567 1568/1568/1568 1569/1569/1569
usemtl Goku
f 1570/1570/1570 1571/1571/1571 1572/1572/1572
usemtl Goku
f 1573/1573/1573 1574/1574/1574 1575/1575/1575
usemtl Goku
f 1576/1576/1576 1577/1577/1577 1578/1578/1578
usemtl Goku
f 1579/1579/1579 1580/1580/1580 1581/1581/1581
usemtl Goku
f 1582/1582/1582 1583/1583/1583 1584/1584/1584
usemtl Goku
f 1585/1585/1585 1586/1586/1586 1587/1587/1587
usemtl Goku
f 1588/1588/1588 1589/1589/1589 1590/1590/1590
usemtl Goku
f 1591/1591/1591 1592/1592/1592 1593/1593/1593
usemtl Goku
f 1594/1594/1594 1595/1595/1595 1596/1596/1596
usemtl Goku
f 1597/1597/1597 1598/1598/1598 1599/1599/1599
usemtl Goku
f 1600/1600/1600 1601/1601/1601 1602/1602/1602
usemtl Goku
f 1603/1603/1603 1604/1604/1604 1605/1605/1605
usemtl Goku
f 1606/1606/1606 1607/1607/1607 1608/1608/1608
usemtl Goku
f 1609/1609/1609 1610/1610/1610 1611/1611/1611
usemtl Goku
f 1612/1612/1612 1613/1613/1613 1614/1614/1614
usemtl Goku
f 1615/1615/1615 1616/1616/1616 1617/1617/1617
usemtl Goku
f 1618/1618/1618 1619/1619/1619 1620/1620/1620
usemtl Goku
f 1621/1621/1621 1622/1622/1622 1623/1623/1623
usemtl Goku
f 1624/1624/1624 1625/1625/1625 1626/1626/1626
usemtl Goku
f 1627/1627/1627 1628/1628/1628 1629/1629/1629
usemtl Goku
f 1630/1630/1630 1631/1631/1631 1632/1632/1632
usemtl Goku
f 1633/1633/1633 1634/1634/1634 1635/1635/1635
usemtl Goku
f 1636/1636/1636 1637/1637/1637 1638/1638/1638
usemtl Goku
f 1639/1639/1639 1640/1640/1640 1641/1641/1641
usemtl Goku
f 1642/1642/1642 1643/1643/1643 1644/1644/1644
usemtl Goku
f 1645/1645/1645 1646/1646/1646 1647/1647/1647
usemtl Goku
f 1648/1648/1648 1649/1649/1649 1650/1650/1650
usemtl Goku
f 1651/1651/1651 1652/1652/1652 1653/1653/1653
usemtl Goku
f 1654/1654/1654 1655/1655/1655 1656/1656/1656
usemtl Goku
f 1657/1657/1657 1658/1658/1658 1659/1659/1659
usemtl Goku
f 1660/1660/1660 1661/1661/1661 1662/1662/1662
usemtl Goku
f 1663/1663/1663 1664/1664/1664 1665/1665/1665
usemtl Goku
f 1666/1666/1666 1667/1667/1667 1668/1668/1668
usemtl Goku
f 1669/1669/1669 1670/1670/1670 1671/1671/1671
usemtl Goku
f 1672/1672/1672 1673/1673/1673 1674/1674/1674
usemtl Goku
f 1675/1675/1675 1676/1676/1676 1677/1677/1677
usemtl Goku
f 1678/1678/1678 1679/1679/1679 1680/1680/1680
usemtl Goku
f 1681/1681/1681 1682/1682/1682 1683/1683/1683
usemtl Goku
f 1684/1684/1684 1685/1685/1685 1686/1686/1686
usemtl Goku
f 1687/1687/1687 1688/1688/1688 1689/1689/1689
usemtl Goku
f 1690/1690/1690 1691/1691/1691 1692/1692/1692
usemtl Goku
f 1693/1693/1693 1694/1694/1694 1695/1695/1695
usemtl Goku
f 1696/1696/1696 1697/1697/1697 1698/1698/1698
usemtl Goku
f 1699/1699/1699 1700/1700/1700 1701/1701/1701
usemtl Goku
f 1702/1702/1702 1703/1703/1703 1704/1704/1704
usemtl Goku
f 1705/1705/1705 1706/1706/1706 1707/1707/1707
usemtl Goku
f 1708/1708/1708 1709/1709/1709 1710/1710/1710
usemtl Goku
f 1711/1711/1711 1712/1712/1712 1713/1713/1713
usemtl Goku
f 1714/1714/1714 1715/1715/1715 1716/1716/1716
usemtl Goku
f 1717/1717/1717 1718/1718/1718 1719/1719/1719
usemtl Goku
f 1720/1720/1720 1721/1721/1721 1722/1722/1722
usemtl Goku
f 1723/1723/1723 1724/1724/1724 1725/1725/1725
usemtl Goku
f 1726/1726/1726 1727/1727/1727 1728/1728/1728
usemtl Goku
f 1729/1729/1729 1730/1730/1730 1731/1731/1731
usemtl Goku
f 1732/1732/1732 1733/1733/1733 1734/1734/1734
usemtl Goku
f 1735/1735/1735 1736/1736/1736 1737/1737/1737
usemtl Goku
f 1738/1738/1738 1739/1739/1739 1740/1740/1740
usemtl Goku
f 1741/1741/1741 1742/1742/1742 1743/1743/1743
usemtl Goku
f 1744/1744/1744 1745/1745/1745 1746/1746/1746
usemtl Goku
f 1747/1747/1747 1748/1748/1748 1749/1749/1749
usemtl Goku
f 1750/1750/1750 1751/1751/1751 1752/1752/1752
usemtl Goku
f 1753/1753/1753 1754/1754/1754 1755/1755/1755
usemtl Goku
f 1756/1756/1756 1757/1757/1757 1758/1758/1758
usemtl Goku
f 1759/1759/1759 1760/1760/1760 1761/1761/1761
usemtl Goku
f 1762/1762/1762 1763/1763/1763 1764/1764/1764
usemtl Goku
f 1765/1765/1765 1766/1766/1766 1767/1767/1767
usemtl Goku
f 1768/1768/1768 1769/1769/1769 1770/1770/1770
usemtl Goku
f 1771/1771/1771 1772/1772/1772 1773/1773/1773
usemtl Goku
f 1774/1774/1774 1775/1775/1775 1776/1776/1776
usemtl Goku
f 1777/1777/1777 1778/1778/1778 1779/1779/1779
usemtl Goku
f 1780/1780/1780 1781/1781/1781 1782/1782/1782
usemtl Goku
f 1783/1783/1783 1784/1784/1784 1785/1785/1785
usemtl Goku
f 1786/1786/1786 1787/1787/1787 1788/1788/1788
usemtl Goku
f 1789/1789/1789 1790/1790/1790 1791/1791/1791
usemtl Goku
f 1792/1792/1792 1793/1793/1793 1794/1794/1794
usemtl Goku
f 1795/1795/1795 1796/1796/1796 1797/1797/1797
usemtl Goku
f 1798/1798/1798 1799/1799/1799 1800/1800/1800
usemtl Goku
f 1801/1801/1801 1802/1802/1802 1803/1803/1803
usemtl Goku
f 1804/1804/1804 1805/1805/1805 1806/1806/1806
usemtl Goku
f 1807/1807/1807 1808/1808/1808 1809/1809/1809
usemtl Goku
f 1810/1810/1810 1811/1811/1811 1812/1812/1812
usemtl Goku
f 1813/1813/1813 1814/1814/1814 1815/1815/1815
usemtl Goku
f 1816/1816/1816 1817/1817/1817 1818/1818/1818
usemtl Goku
f 1819/1819/1819 1820/1820/1820 1821/1821/1821
usemtl Goku
f 1822/1822/1822 1823/1823/1823 1824/1824/1824
usemtl Goku
f 1825/1825/1825 1826/1826/1826 1827/1827/1827
usemtl Goku
f 1828/1828/1828 1829/1829/1829 1830/1830/1830
usemtl Goku
f 1831/1831/1831 1832/1832/1832 1833/1833/1833
usemtl Goku
f 1834/1834/1834 1835/1835/1835 1836/1836/1836
usemtl Goku
f 1837/1837/1837 1838/1838/1838 1839/1839/1839
usemtl Goku
f 1840/1840/1840 1841/1841/1841 1842/1842/1842
usemtl Goku
f 1843/1843/1843 1844/1844/1844 1845/1845/1845
usemtl Goku
f 1846/1846/1846 1847/1847/1847 1848/1848/1848
usemtl Goku
f 1849/1849/1849 1850/1850/1850 1851/1851/1851
usemtl Goku
f 1852/1852/1852 1853/1853/1853 1854/1854/1854
usemtl Goku
f 1855/1855/1855 1856/1856/1856 1857/1857/1857
usemtl Goku
f 1858/1858/1858 1859/1859/1859 1860/1860/1860
usemtl Goku
f 1861/1861/1861 1862/1862/1862 1863/1863/1863
usemtl Goku
f 1864/1864/1864 1865/1865/1865 1866/1866/1866
usemtl Goku
f 1867/1867/1867 1868/1868/1868 1869/1869/1869
usemtl Goku
f 1870/1870/1870 1871/1871/1871 1872/1872/1872
usemtl Goku
f 1873/1873/1873 1874/1874/1874 1875/1875/1875
usemtl Goku
f 1876/1876/1876 1877/1877/1877 1878/1878/1878
usemtl Goku
f 1879/1879/1879 1880/1880/1880 1881/1881/1881
usemtl Goku
f 1882/1882/1882 1883/1883/1883 1884/1884/1884
usemtl Goku
f 1885/1885/1885 1886/1886/1886 1887/1887/1887
usemtl Goku
f 1888/1888/1888 1889/1889/1889 1890/1890/1890
usemtl Goku
f 1891/1891/1891 1892/1892/1892 1893/1893/1893
usemtl Goku
f 1894/1894/1894 1895/1895/1895 1896/1896/1896
usemtl Goku
f 1897/1897/1897 1898/1898/1898 1899/1899/1899
usemtl Goku
f 1900/1900/1900 1901/1901/1901 1902/1902/1902
usemtl Goku
f 1903/1903/1903 1904/1904/1904 1905/1905/1905
usemtl Goku
f 1906/1906/1906 1907/1907/1907 1908/1908/1908
usemtl Goku
f 1909/1909/1909 1910/1910/1910 1911/1911/1911
usemtl Goku
f 1912/1912/1912 1913/1913/1913 1914/1914/1914
usemtl Goku
f 1915/1915/1915 1916/1916/1916 1917/1917/1917
usemtl Goku
f 1918/1918/1918 1919/1919/1919 1920/1920/1920
usemtl Goku
f 1921/1921/1921 1922/1922/1922 1923/1923/1923
usemtl Goku
f 1924/1924/1924 1925/1925/1925 1926/1926/1926
usemtl Goku
f 1927/1927/1927 1928/1928/1928 1929/1929/1929
usemtl Goku
f 1930/1930/1930 1931/1931/1931 1932/1932/1932
usemtl Goku
f 1933/1933/1933 1934/1934/1934 1935/1935/1935
usemtl Goku
f 1936/1936/1936 1937/1937/1937 1938/1938/1938
usemtl Goku
f 1939/1939/1939 1940/1940/1940 1941/1941/1941
usemtl Goku
f 1942/1942/1942 1943/1943/1943 1944/1944/1944
usemtl Goku
f 1945/1945/1945 1946/1946/1946 1947/1947/1947
usemtl Goku
f 1948/1948/1948 1949/1949/1949 1950/1950/1950
usemtl Goku
f 1951/1951/1951 1952/1952/1952 1953/1953/1953
usemtl Goku
f 1954/1954/1954 1955/1955/1955 1956/1956/1956
usemtl Goku
f 1957/1957/1957 1958/1958/1958 1959/1959/1959
usemtl Goku
f 1960/1960/1960 1961/1961/1961 1962/1962/1962
usemtl Goku
f 1963/1963/1963 1964/1964/1964 1965/1965/1965
usemtl Goku
f 1966/1966/1966 1967/1967/1967 1968/1968/1968
usemtl Goku
f 1969/1969/1969 1970/1970/1970 1971/1971/1971
usemtl Goku
f 1972/1972/1972 1973/1973/1973 1974/1974/1974
usemtl Goku
f 1975/1975/1975 1976/1976/1976 1977/1977/1977
usemtl Goku
f 1978/1978/1978 1979/1979/1979 1980/1980/1980
usemtl Goku
f 1981/1981/1981 1982/1982/1982 1983/1983/1983
usemtl Goku
f 1984/1984/1984 1985/1985/1985 1986/1986/1986
usemtl Goku
f 1987/1987/1987 1988/1988/1988 1989/1989/1989
usemtl Goku
f 1990/1990/1990 1991/1991/1991 1992/1992/1992
usemtl Goku
f 1993/1993/1993 1994/1994/1994 1995/1995/1995
usemtl Goku
f 1996/1996/1996 1997/1997/1997 1998/1998/1998
usemtl Goku
f 1999/1999/1999 2000/2000/2000 2001/2001/2001
usemtl Goku
f 2002/2002/2002 2003/2003/2003 2004/2004/2004
usemtl Goku
f 2005/2005/2005 2006/2006/2006 2007/2007/2007
usemtl Goku
f 2008/2008/2008 2009/2009/2009 2010/2010/2010
usemtl Goku
f 2011/2011/2011 2012/2012/2012 2013/2013/2013
usemtl Goku
f 2014/2014/2014 2015/2015/2015 2016/2016/2016
usemtl Goku
f 2017/2017/2017 2018/2018/2018 2019/2019/2019
usemtl Goku
f 2020/2020/2020 2021/2021/2021 2022/2022/2022
usemtl Goku
f 2023/2023/2023 2024/2024/2024 2025/2025/2025
usemtl Goku
f 2026/2026/2026 2027/2027/2027 2028/2028/2028
usemtl Goku
f 2029/2029/2029 2030/2030/2030 2031/2031/2031
usemtl Goku
f 2032/2032/2032 2033/2033/2033 2034/2034/2034
usemtl Goku
f 2035/2035/2035 2036/2036/2036 2037/2037/2037
usemtl Goku
f 2038/2038/2038 2039/2039/2039 2040/2040/2040
usemtl Goku
f 2041/2041/2041 2042/2042/2042 2043/2043/2043
usemtl Goku
f 2044/2044/2044 2045/2045/2045 2046/2046/2046
usemtl Goku
f 2047/2047/2047 2048/2048/2048 2049/2049/2049
usemtl Goku
f 2050/2050/2050 2051/2051/2051 2052/2052/2052
usemtl Goku
f 2053/2053/2053 2054/2054/2054 2055/2055/2055
usemtl Goku
f 2056/2056/2056 2057/2057/2057 2058/2058/2058
usemtl Goku
f 2059/2059/2059 2060/2060/2060 2061/2061/2061
usemtl Goku
f 2062/2062/2062 2063/2063/2063 2064/2064/2064
usemtl Goku
f 2065/2065/2065 2066/2066/2066 2067/2067/2067
usemtl Goku
f 2068/2068/2068 2069/2069/2069 2070/2070/2070
usemtl Goku
f 2071/2071/2071 2072/2072/2072 2073/2073/2073
usemtl Goku
f 2074/2074/2074 2075/2075/2075 2076/2076/2076
usemtl Goku
f 2077/2077/2077 2078/2078/2078 2079/2079/2079
usemtl Goku
f 2080/2080/2080 2081/2081/2081 2082/2082/2082
usemtl Goku
f 2083/2083/2083 2084/2084/2084 2085/2085/2085
usemtl Goku
f 2086/2086/2086 2087/2087/2087 2088/2088/2088
usemtl Goku
f 2089/2089/2089 2090/2090/2090 2091/2091/2091
usemtl Goku
f 2092/2092/2092 2093/2093/2093 2094/2094/2094
usemtl Goku
f 2095/2095/2095 2096/2096/2096 2097/2097/2097
usemtl Goku
f 2098/2098/2098 2099/2099/2099 2100/2100/2100
usemtl Goku
f 2101/2101/2101 2102/2102/2102 2103/2103/2103
usemtl Goku
f 2104/2104/2104 2105/2105/2105 2106/2106/2106
usemtl Goku
f 2107/2107/2107 2108/2108/2108 2109/2109/2109
usemtl Goku
f 2110/2110/2110 2111/2111/2111 2112/2112/2112
usemtl Goku
f 2113/2113/2113 2114/2114/2114 2115/2115/2115
usemtl Goku
f 2116/2116/2116 2117/2117/2117 2118/2118/2118
usemtl Goku
f 2119/2119/2119 2120/2120/2120 2121/2121/2121
usemtl Goku
f 2122/2122/2122 2123/2123/2123 2124/2124/2124
usemtl Goku
f 2125/2125/2125 2126/2126/2126 2127/2127/2127
usemtl Goku
f 2128/2128/2128 2129/2129/2129 2130/2130/2130
usemtl Goku
f 2131/2131/2131 2132/2132/2132 2133/2133/2133
usemtl Goku
f 2134/2134/2134 2135/2135/2135 2136/2136/2136
usemtl Goku
f 2137/2137/2137 2138/2138/2138 2139/2139/2139
usemtl Goku
f 2140/2140/2140 2141/2141/2141 2142/2142/2142
usemtl Goku
f 2143/2143/2143 2144/2144/2144 2145/2145/2145
usemtl Goku
f 2146/2146/2146 2147/2147/2147 2148/2148/2148
usemtl Goku
f 2149/2149/2149 2150/2150/2150 2151/2151/2151
usemtl Goku
f 2152/2152/2152 2153/2153/2153 2154/2154/2154
usemtl Goku
f 2155/2155/2155 2156/2156/2156 2157/2157/2157
usemtl Goku
f 2158/2158/2158 2159/2159/2159 2160/2160/2160
usemtl Goku
f 2161/2161/2161 2162/2162/2162 2163/2163/2163
usemtl Goku
f 2164/2164/2164 2165/2165/2165 2166/2166/2166
usemtl Goku
f 2167/2167/2167 2168/2168/2168 2169/2169/2169
usemtl Goku
f 2170/2170/2170 2171/2171/2171 2172/2172/2172
usemtl Goku
f 2173/2173/2173 2174/2174/2174 2175/2175/2175
usemtl Goku
f 2176/2176/2176 2177/2177/2177 2178/2178/2178
usemtl Goku
f 2179/2179/2179 2180/2180/2180 2181/2181/2181
usemtl Goku
f 2182/2182/2182 2183/2183/2183 2184/2184/2184
usemtl Goku
f 2185/2185/2185 2186/2186/2186 2187/2187/2187
usemtl Goku
f 2188/2188/2188 2189/2189/2189 2190/2190/2190
usemtl Goku
f 2191/2191/2191 2192/2192/2192 2193/2193/2193
usemtl Goku
f 2194/2194/2194 2195/2195/2195 2196/2196/2196
usemtl Goku
f 2197/2197/2197 2198/2198/2198 2199/2199/2199
usemtl Goku
f 2200/2200/2200 2201/2201/2201 2202/2202/2202
usemtl Goku
f 2203/2203/2203 2204/2204/2204 2205/2205/2205
usemtl Goku
f 2206/2206/2206 2207/2207/2207 2208/2208/2208
usemtl Goku
f 2209/2209/2209 2210/2210/2210 2211/2211/2211
usemtl Goku
f 2212/2212/2212 2213/2213/2213 2214/2214/2214
usemtl Goku
f 2215/2215/2215 2216/2216/2216 2217/2217/2217
usemtl Goku
f 2218/2218/2218 2219/2219/2219 2220/2220/2220
usemtl Goku
f 2221/2221/2221 2222/2222/2222 2223/2223/2223
usemtl Goku
f 2224/2224/2224 2225/2225/2225 2226/2226/2226
usemtl Goku
f 2227/2227/2227 2228/2228/2228 2229/2229/2229
usemtl Goku
f 2230/2230/2230 2231/2231/2231 2232/2232/2232
usemtl Goku
f 2233/2233/2233 2234/2234/2234 2235/2235/2235
usemtl Goku
f 2236/2236/2236 2237/2237/2237 2238/2238/2238
usemtl Goku
f 2239/2239/2239 2240/2240/2240 2241/2241/2241
usemtl Goku
f 2242/2242/2242 2243/2243/2243 2244/2244/2244
usemtl Goku
f 2245/2245/2245 2246/2246/2246 2247/2247/2247
usemtl Goku
f 2248/2248/2248 2249/2249/2249 2250/2250/2250
usemtl Goku
f 2251/2251/2251 2252/2252/2252 2253/2253/2253
usemtl Goku
f 2254/2254/2254 2255/2255/2255 2256/2256/2256
usemtl Goku
f 2257/2257/2257 2258/2258/2258 2259/2259/2259
usemtl Goku
f 2260/2260/2260 2261/2261/2261 2262/2262/2262
usemtl Goku
f 2263/2263/2263 2264/2264/2264 2265/2265/2265
usemtl Goku
f 2266/2266/2266 2267/2267/2267 2268/2268/2268
usemtl Goku
f 2269/2269/2269 2270/2270/2270 2271/2271/2271
usemtl Goku
f 2272/2272/2272 2273/2273/2273 2274/2274/2274
usemtl Goku
f 2275/2275/2275 2276/2276/2276 2277/2277/2277
usemtl Goku
f 2278/2278/2278 2279/2279/2279 2280/2280/2280
usemtl Goku
f 2281/2281/2281 2282/2282/2282 2283/2283/2283
usemtl Goku
f 2284/2284/2284 2285/2285/2285 2286/2286/2286
usemtl Goku
f 2287/2287/2287 2288/2288/2288 2289/2289/2289
usemtl Goku
f 2290/2290/2290 2291/2291/2291 2292/2292/2292
usemtl Goku
f 2293/2293/2293 2294/2294/2294 2295/2295/2295
usemtl Goku
f 2296/2296/2296 2297/2297/2297 2298/2298/2298
usemtl Goku
f 2299/2299/2299 2300/2300/2300 2301/2301/2301
usemtl Goku
f 2302/2302/2302 2303/2303/2303 2304/2304/2304
usemtl Goku
f 2305/2305/2305 2306/2306/2306 2307/2307/2307
usemtl Goku
f 2308/2308/2308 2309/2309/2309 2310/2310/2310
usemtl Goku
f 2311/2311/2311 2312/2312/2312 2313/2313/2313
usemtl Goku
f 2314/2314/2314 2315/2315/2315 2316/2316/2316
usemtl Goku
f 2317/2317/2317 2318/2318/2318 2319/2319/2319
usemtl Goku
f 2320/2320/2320 2321/2321/2321 2322/2322/2322
usemtl Goku
f 2323/2323/2323 2324/2324/2324 2325/2325/2325
usemtl Goku
f 2326/2326/2326 2327/2327/2327 2328/2328/2328
usemtl Goku
f 2329/2329/2329 2330/2330/2330 2331/2331/2331
usemtl Goku
f 2332/2332/2332 2333/2333/2333 2334/2334/2334
usemtl Goku
f 2335/2335/2335 2336/2336/2336 2337/2337/2337
usemtl Goku
f 2338/2338/2338 2339/2339/2339 2340/2340/2340
usemtl Goku
f 2341/2341/2341 2342/2342/2342 2343/2343/2343
usemtl Goku
f 2344/2344/2344 2345/2345/2345 2346/2346/2346
usemtl Goku
f 2347/2347/2347 2348/2348/2348 2349/2349/2349
usemtl Goku
f 2350/2350/2350 2351/2351/2351 2352/2352/2352
usemtl Goku
f 2353/2353/2353 2354/2354/2354 2355/2355/2355
usemtl Goku
f 2356/2356/2356 2357/2357/2357 2358/2358/2358
usemtl Goku
f 2359/2359/2359 2360/2360/2360 2361/2361/2361
usemtl Goku
f 2362/2362/2362 2363/2363/2363 2364/2364/2364
usemtl Goku
f 2365/2365/2365 2366/2366/2366 2367/2367/2367
usemtl Goku
f 2368/2368/2368 2369/2369/2369 2370/2370/2370
usemtl Goku
f 2371/2371/2371 2372/2372/2372 2373/2373/2373
usemtl Goku
f 2374/2374/2374 2375/2375/2375 2376/2376/2376
usemtl Goku
f 2377/2377/2377 2378/2378/2378 2379/2379/2379
usemtl Goku
f 2380/2380/2380 2381/2381/2381 2382/2382/2382
usemtl Goku
f 2383/2383/2383 2384/2384/2384 2385/2385/2385
usemtl Goku
f 2386/2386/2386 2387/2387/2387 2388/2388/2388
usemtl Goku
f 2389/2389/2389 2390/2390/2390 2391/2391/2391
usemtl Goku
f 2392/2392/2392 2393/2393/2393 2394/2394/2394
usemtl Goku
f 2395/2395/2395 2396/2396/2396 2397/2397/2397
usemtl Goku
f 2398/2398/2398 2399/2399/2399 2400/2400/2400
usemtl Goku
f 2401/2401/2401 2402/2402/2402 2403/2403/2403
usemtl Goku
f 2404/2404/2404 2405/2405/2405 2406/2406/2406
usemtl Goku
f 2407/2407/2407 2408/2408/2408 2409/2409/2409
usemtl Goku
f 2410/2410/2410 2411/2411/2411 2412/2412/2412
usemtl Goku
f 2413/2413/2413 2414/2414/2414 2415/2415/2415
usemtl Goku
f 2416/2416/2416 2417/2417/2417 2418/2418/2418
usemtl Goku
f 2419/2419/2419 2420/2420/2420 2421/2421/2421
usemtl Goku
f 2422/2422/2422 2423/2423/2423 2424/2424/2424
usemtl Goku
f 2425/2425/2425 2426/2426/2426 2427/2427/2427
usemtl Goku
f 2428/2428/2428 2429/2429/2429 2430/2430/2430
usemtl Goku
f 2431/2431/2431 2432/2432/2432 2433/2433/2433
usemtl Goku
f 2434/2434/2434 2435/2435/2435 2436/2436/2436
usemtl Goku
f 2437/2437/2437 2438/2438/2438 2439/2439/2439
usemtl Goku
f 2440/2440/2440 2441/2441/2441 2442/2442/2442
usemtl Goku
f 2443/2443/2443 2444/2444/2444 2445/2445/2445
usemtl Goku
f 2446/2446/2446 2447/2447/2447 2448/2448/2448
usemtl Goku
f 2449/2449/2449 2450/2450/2450 2451/2451/2451
usemtl Goku
f 2452/2452/2452 2453/2453/2453 2454/2454/2454
usemtl Goku
f 2455/2455/2455 2456/2456/2456 2457/2457/2457
usemtl Goku
f 2458/2458/2458 2459/2459/2459 2460/2460/2460
usemtl Goku
f 2461/2461/2461 2462/2462/2462 2463/2463/2463
usemtl Goku
f 2464/2464/2464 2465/2465/2465 2466/2466/2466
usemtl Goku
f 2467/2467/2467 2468/2468/2468 2469/2469/2469
usemtl Goku
f 2470/2470/2470 2471/2471/2471 2472/2472/2472
usemtl Goku
f 2473/2473/2473 2474/2474/2474 2475/2475/2475
usemtl Goku
f 2476/2476/2476 2477/2477/2477 2478/2478/2478
usemtl Goku
f 2479/2479/2479 2480/2480/2480 2481/2481/2481
usemtl Goku
f 2482/2482/2482 2483/2483/2483 2484/2484/2484
usemtl Goku
f 2485/2485/2485 2486/2486/2486 2487/2487/2487
usemtl Goku
f 2488/2488/2488 2489/2489/2489 2490/2490/2490
usemtl Goku
f 2491/2491/2491 2492/2492/2492 2493/2493/2493
usemtl Goku
f 2494/2494/2494 2495/2495/2495 2496/2496/2496
usemtl Goku
f 2497/2497/2497 2498/2498/2498 2499/2499/2499
usemtl Goku
f 2500/2500/2500 2501/2501/2501 2502/2502/2502
usemtl Goku
f 2503/2503/2503 2504/2504/2504 2505/2505/2505
usemtl Goku
f 2506/2506/2506 2507/2507/2507 2508/2508/2508
usemtl Goku
f 2509/2509/2509 2510/2510/2510 2511/2511/2511
usemtl Goku
f 2512/2512/2512 2513/2513/2513 2514/2514/2514
usemtl Goku
f 2515/2515/2515 2516/2516/2516 2517/2517/2517
usemtl Goku
f 2518/2518/2518 2519/2519/2519 2520/2520/2520
usemtl Goku
f 2521/2521/2521 2522/2522/2522 2523/2523/2523
usemtl Goku
f 2524/2524/2524 2525/2525/2525 2526/2526/2526
usemtl Goku
f 2527/2527/2527 2528/2528/2528 2529/2529/2529
usemtl Goku
f 2530/2530/2530 2531/2531/2531 2532/2532/2532
usemtl Goku
f 2533/2533/2533 2534/2534/2534 2535/2535/2535
usemtl Goku
f 2536/2536/2536 2537/2537/2537 2538/2538/2538
usemtl Goku
f 2539/2539/2539 2540/2540/2540 2541/2541/2541
usemtl Goku
f 2542/2542/2542 2543/2543/2543 2544/2544/2544
usemtl Goku
f 2545/2545/2545 2546/2546/2546 2547/2547/2547
usemtl Goku
f 2548/2548/2548 2549/2549/2549 2550/2550/2550
usemtl Goku
f 2551/2551/2551 2552/2552/2552 2553/2553/2553
usemtl Goku
f 2554/2554/2554 2555/2555/2555 2556/2556/2556
usemtl Goku
f 2557/2557/2557 2558/2558/2558 2559/2559/2559
usemtl Goku
f 2560/2560/2560 2561/2561/2561 2562/2562/2562
usemtl Goku
f 2563/2563/2563 2564/2564/2564 2565/2565/2565
usemtl Goku
f 2566/2566/2566 2567/2567/2567 2568/2568/2568
usemtl Goku
f 2569/2569/2569 2570/2570/2570 2571/2571/2571
usemtl Goku
f 2572/2572/2572 2573/2573/2573 2574/2574/2574
usemtl Goku
f 2575/2575/2575 2576/2576/2576 2577/2577/2577
usemtl Goku
f 2578/2578/2578 2579/2579/2579 2580/2580/2580
usemtl Goku
f 2581/2581/2581 2582/2582/2582 2583/2583/2583
usemtl Goku
f 2584/2584/2584 2585/2585/2585 2586/2586/2586
usemtl Goku
f 2587/2587/2587 2588/2588/2588 2589/2589/2589
usemtl Goku
f 2590/2590/2590 2591/2591/2591 2592/2592/2592
usemtl Goku
f 2593/2593/2593 2594/2594/2594 2595/2595/2595
usemtl Goku
f 2596/2596/2596 2597/2597/2597 2598/2598/2598
usemtl Goku
f 2599/2599/2599 2600/2600/2600 2601/2601/2601
usemtl Goku
f 2602/2602/2602 2603/2603/2603 2604/2604/2604
usemtl Goku
f 2605/2605/2605 2606/2606/2606 2607/2607/2607
usemtl Goku
f 2608/2608/2608 2609/2609/2609 2610/2610/2610
usemtl Goku
f 2611/2611/2611 2612/2612/2612 2613/2613/2613
usemtl Goku
f 2614/2614/2614 2615/2615/2615 2616/2616/2616
usemtl Goku
f 2617/2617/2617 2618/2618/2618 2619/2619/2619
usemtl Goku
f 2620/2620/2620 2621/2621/2621 2622/2622/2622
usemtl Goku
f 2623/2623/2623 2624/2624/2624 2625/2625/2625
usemtl Goku
f 2626/2626/2626 2627/2627/2627 2628/2628/2628
usemtl Goku
f 2629/2629/2629 2630/2630/2630 2631/2631/2631
usemtl Goku
f 2632/2632/2632 2633/2633/2633 2634/2634/2634
usemtl Goku
f 2635/2635/2635 2636/2636/2636 2637/2637/2637
usemtl Goku
f 2638/2638/2638 2639/2639/2639 2640/2640/2640
usemtl Goku
f 2641/2641/2641 2642/2642/2642 2643/2643/2643
usemtl Goku
f 2644/2644/2644 2645/2645/2645 2646/2646/2646
usemtl Goku
f 2647/2647/2647 2648/2648/2648 2649/2649/2649
usemtl Goku
f 2650/2650/2650 2651/2651/2651 2652/2652/2652
usemtl Goku
f 2653/2653/2653 2654/2654/2654 2655/2655/2655
usemtl Goku
f 2656/2656/2656 2657/2657/2657 2658/2658/2658
usemtl Goku
f 2659/2659/2659 2660/2660/2660 2661/2661/2661
usemtl Goku
f 2662/2662/2662 2663/2663/2663 2664/2664/2664
usemtl Goku
f 2665/2665/2665 2666/2666/2666 2667/2667/2667
usemtl Goku
f 2668/2668/2668 2669/2669/2669 2670/2670/2670
usemtl Goku
f 2671/2671/2671 2672/2672/2672 2673/2673/2673
usemtl Goku
f 2674/2674/2674 2675/2675/2675 2676/2676/2676
usemtl Goku
f 2677/2677/2677 2678/2678/2678 2679/2679/2679
usemtl Goku
f 2680/2680/2680 2681/2681/2681 2682/2682/2682
usemtl Goku
f 2683/2683/2683 2684/2684/2684 2685/2685/2685
usemtl Goku
f 2686/2686/2686 2687/2687/2687 2688/2688/2688
usemtl Cabello_Ojos
f 2689/2689/2689 2690/2690/2690 2691/2691/2691
usemtl Cabello_Ojos
f 2692/2692/2692 2693/2693/2693 2694/2694/2694
usemtl Cabello_Ojos
f 2695/2695/2695 2696/2696/2696 2697/2697/2697
usemtl Cabello_Ojos
f 2698/2698/2698 2699/2699/2699 2700/2700/2700
usemtl Goku
f 2701/2701/2701 2702/2702/2702 2703/2703/2703
usemtl Cabello_Ojos
f 2704/2704/2704 2705/2705/2705 2706/2706/2706
usemtl Cabello_Ojos
f 2707/2707/2707 2708/2708/2708 2709/2709/2709
usemtl Goku
f 2710/2710/2710 2711/2711/2711 2712/2712/2712
usemtl Cabello_Ojos
f 2713/2713/2713 2714/2714/2714 2715/2715/2715
usemtl Cabello_Ojos
f 2716/2716/2716 2717/2717/2717 2718/2718/2718
usemtl Goku
f 2719/2719/2719 2720/2720/2720 2721/2721/2721
usemtl Goku
f 2722/2722/2722 2723/2723/2723 2724/2724/2724
usemtl Goku
f 2725/2725/2725 2726/2726/2726 2727/2727/2727
usemtl Cabello_Ojos
f 2728/2728/2728 2729/2729/2729 2730/2730/2730
usemtl Goku
f 2731/2731/2731 2732/2732/2732 2733/2733/2733
usemtl Goku
f 2734/2734/2734 2735/2735/2735 2736/2736/2736
usemtl Cabello_Ojos
f 2737/2737/2737 2738/2738/2738 2739/2739/2739
usemtl Cabello_Ojos
f 2740/2740/2740 2741/2741/2741 2742/2742/2742
usemtl Goku
f 2743/2743/2743 2744/2744/2744 2745/2745/2745
usemtl Goku
f 2746/2746/2746 2747/2747/2747 2748/2748/2748
usemtl Goku
f 2749/2749/2749 2750/2750/2750 2751/2751/2751
usemtl Cabello_Ojos
f 2752/2752/2752 2753/2753/2753 2754/2754/2754
usemtl Goku
f 2755/2755/2755 2756/2756/2756 2757/2757/2757
usemtl Goku
f 2758/2758/2758 2759/2759/2759 2760/2760/2760
usemtl Cabello_Ojos
f 2761/2761/2761 2762/2762/2762 2763/2763/2763
usemtl Cabello_Ojos
f 2764/2764/2764 2765/2765/2765 2766/2766/2766
usemtl Goku
f 2767/2767/2767 2768/2768/2768 2769/2769/2769
usemtl Goku
f 2770/2770/2770 2771/2771/2771 2772/2772/2772
usemtl Goku
f 2773/2773/2773 2774/2774/2774 2775/2775/2775
usemtl Goku
f 2776/2776/2776 2777/2777/2777 2778/2778/2778
usemtl Goku
f 2779/2779/2779 2780/2780/2780 2781/2781/2781
usemtl Goku
f 2782/2782/2782 2783/2783/2783 2784/2784/2784
usemtl Goku
f 2785/2785/2785 2786/2786/2786 2787/2787/2787
usemtl Goku
f 2788/2788/2788 2789/2789/2789 2790/2790/2790
usemtl Goku
f 2791/2791/2791 2792/2792/2792 2793/2793/2793
usemtl Goku
f 2794/2794/2794 2795/2795/2795 2796/2796/2796
usemtl Goku
f 2797/2797/2797 2798/2798/2798 2799/2799/2799
usemtl Goku
f 2800/2800/2800 2801/2801/2801 2802/2802/2802
usemtl Goku
f 2803/2803/2803 2804/2804/2804 2805/2805/2805
usemtl Goku
f 2806/2806/2806 2807/2807/2807 2808/2808/2808
usemtl Goku
f 2809/2809/2809 2810/2810/2810 2811/2811/2811
usemtl Goku
f 2812/2812/2812 2813/2813/2813 2814/2814/2814
usemtl Goku
f 2815/2815/2815 2816/2816/2816 2817/2817/2817
usemtl Goku
f 2818/2818/2818 2819/2819/2819 2820/2820/2820
usemtl Goku
f 2821/2821/2821 2822/2822/2822 2823/2823/2823
usemtl Goku
f 2824/2824/2824 2825/2825/2825 2826/2826/2826
usemtl Goku
f 2827/2827/2827 2828/2828/2828 2829/2829/2829
usemtl Goku
f 2830/2830/2830 2831/2831/2831 2832/2832/2832
usemtl Goku
f 2833/2833/2833 2834/2834/2834 2835/2835/2835
usemtl Goku
f 2836/2836/2836 2837/2837/2837 2838/2838/2838
usemtl Goku
f 2839/2839/2839 2840/2840/2840 2841/2841/2841
usemtl Goku
f 2842/2842/2842 2843/2843/2843 2844/2844/2844
usemtl Goku
f 2845/2845/2845 2846/2846/2846 2847/2847/2847
usemtl Goku
f 2848/2848/2848 2849/2849/2849 2850/2850/2850
usemtl Goku
f 2851/2851/2851 2852/2852/2852 2853/2853/2853
usemtl Goku
f 2854/2854/2854 2855/2855/2855 2856/2856/2856
usemtl Goku
f 2857/2857/2857 2858/2858/2858 2859/2859/2859
usemtl Goku
f 2860/2860/2860 2861/2861/2861 2862/2862/2862
usemtl Goku
f 2863/2863/2863 2864/2864/2864 2865/2865/2865
usemtl Goku
f 2866/2866/2866 2867/2867/2867 2868/2868/2868
usemtl Goku
f 2869/2869/2869 2870/2870/2870 2871/2871/2871
usemtl Goku
f 2872/2872/2872 2873/2873/2873 2874/2874/2874
usemtl Goku
f 2875/2875/2875 2876/2876/2876 2877/2877/2877
usemtl Goku
f 2878/2878/2878 2879/2879/2879 2880/2880/2880
usemtl Goku
f 2881/2881/2881 2882/2882/2882 2883/2883/2883
usemtl Goku
f 2884/2884/2884 2885/2885/2885 2886/2886/2886
usemtl Goku
f 2887/2887/2887 2888/2888/2888 2889/2889/2889
usemtl Goku
f 2890/2890/2890 2891/2891/2891 2892/2892/2892
usemtl Goku
f 2893/2893/2893 2894/2894/2894 2895/2895/2895
usemtl Goku
f 2896/2896/2896 2897/2897/2897 2898/2898/2898
usemtl Goku
f 2899/2899/2899 2900/2900/2900 2901/2901/2901
usemtl Goku
f 2902/2902/2902 2903/2903/2903 2904/2904/2904
usemtl Goku
f 2905/2905/2905 2906/2906/2906 2907/2907/2907
usemtl Goku
f 2908/2908/2908 2909/2909/2909 2910/2910/2910
usemtl Goku
f 2911/2911/2911 2912/2912/2912 2913/2913/2913
usemtl Goku
f 2914/2914/2914 2915/2915/2915 2916/2916/2916
usemtl Goku
f 2917/2917/2917 2918/2918/2918 2919/2919/2919
usemtl Goku
f 2920/2920/2920 2921/2921/2921 2922/2922/2922
usemtl Goku
f 2923/2923/2923 2924/2924/2924 2925/2925/2925
usemtl Goku
f 2926/2926/2926 2927/2927/2927 2928/2928/2928
usemtl Goku
f 2929/2929/2929 2930/2930/2930 2931/2931/2931
usemtl Goku
f 2932/2932/2932 2933/2933/2933 2934/2934/2934
usemtl Goku
f 2935/2935/2935 2936/2936/2936 2937/2937/2937
usemtl Goku
f 2938/2938/2938 2939/2939/2939 2940/2940/2940
usemtl Goku
f 2941/2941/2941 2942/2942/2942 2943/2943/2943
usemtl Goku
f 2944/2944/2944 2945/2945/2945 2946/2946/2946
usemtl Goku
f 2947/2947/2947 2948/2948/2948 2949/2949/2949
usemtl Goku
f 2950/2950/2950 2951/2951/2951 2952/2952/2952
usemtl Goku
f 2953/2953/2953 2954/2954/2954 2955/2955/2955
usemtl Goku
f 2956/2956/2956 2957/2957/2957 2958/2958/2958
usemtl Goku
f 2959/2959/2959 2960/2960/2960 2961/2961/2961
usemtl Goku
f 2962/2962/2962 2963/2963/2963 2964/2964/2964
usemtl Goku
f 2965/2965/2965 2966/2966/2966 2967/2967/2967
usemtl Goku
f 2968/2968/2968 2969/2969/2969 2970/2970/2970
usemtl Goku
f 2971/2971/2971 2972/2972/2972 2973/2973/2973
usemtl Goku
f 2974/2974/2974 2975/2975/2975 2976/2976/2976
usemtl Goku
f 2977/2977/2977 2978/2978/2978 2979/2979/2979
usemtl Goku
f 2980/2980/2980 2981/2981/2981 2982/2982/2982
usemtl Goku
f 2983/2983/2983 2984/2984/2984 2985/2985/2985
usemtl Goku
f 2986/2986/2986 2987/2987/2987 2988/2988/2988
usemtl Goku
f 2989/2989/2989 2990/2990/2990 2991/2991/2991
usemtl Goku
f 2992/2992/2992 2993/2993/2993 2994/2994/2994
usemtl Goku
f 2995/2995/2995 2996/2996/2996 2997/2997/2997
usemtl Goku
f 2998/2998/2998 2999/2999/2999 3000/3000/3000
usemtl Goku
f 3001/3001/3001 3002/3002/3002 3003/3003/3003
usemtl Goku
f 3004/3004/3004 3005/3005/3005 3006/3006/3006
usemtl Goku
f 3007/3007/3007 3008/3008/3008 3009/3009/3009
usemtl Goku
f 3010/3010/3010 3011/3011/3011 3012/3012/3012
usemtl Goku
f 3013/3013/3013 3014/3014/3014 3015/3015/3015
usemtl Goku
f 3016/3016/3016 3017/3017/3017 3018/3018/3018
usemtl Goku
f 3019/3019/3019 3020/3020/3020 3021/3021/3021
usemtl Goku
f 3022/3022/3022 3023/3023/3023 3024/3024/3024
usemtl Goku
f 3025/3025/3025 3026/3026/3026 3027/3027/3027
usemtl Goku
f 3028/3028/3028 3029/3029/3029 3030/3030/3030
usemtl Goku
f 3031/3031/3031 3032/3032/3032 3033/3033/3033
usemtl Goku
f 3034/3034/3034 3035/3035/3035 3036/3036/3036
usemtl Goku
f 3037/3037/3037 3038/3038/3038 3039/3039/3039
usemtl Goku
f 3040/3040/3040 3041/3041/3041 3042/3042/3042
usemtl Goku
f 3043/3043/3043 3044/3044/3044 3045/3045/3045
usemtl Goku
f 3046/3046/3046 3047/3047/3047 3048/3048/3048
usemtl Goku
f 3049/3049/3049 3050/3050/3050 3051/3051/3051
usemtl Goku
f 3052/3052/3052 3053/3053/3053 3054/3054/3054
usemtl Goku
f 3055/3055/3055 3056/3056/3056 3057/3057/3057
usemtl Goku
f 3058/3058/3058 3059/3059/3059 3060/3060/3060
usemtl Goku
f 3061/3061/3061 3062/3062/3062 3063/3063/3063
usemtl Goku
f 3064/3064/3064 3065/3065/3065 3066/3066/3066
usemtl Goku
f 3067/3067/3067 3068/3068/3068 3069/3069/3069
usemtl Goku
f 3070/3070/3070 3071/3071/3071 3072/3072/3072
usemtl Goku
f 3073/3073/3073 3074/3074/3074 3075/3075/3075
usemtl Goku
f 3076/3076/3076 3077/3077/3077 3078/3078/3078
usemtl Goku
f 3079/3079/3079 3080/3080/3080 3081/3081/3081
usemtl Goku
f 3082/3082/3082 3083/3083/3083 3084/3084/3084
usemtl Goku
f 3085/3085/3085 3086/3086/3086 3087/3087/3087
usemtl Goku
f 3088/3088/3088 3089/3089/3089 3090/3090/3090
usemtl Goku
f 3091/3091/3091 3092/3092/3092 3093/3093/3093
usemtl Goku
f 3094/3094/3094 3095/3095/3095 3096/3096/3096
usemtl Goku
f 3097/3097/3097 3098/3098/3098 3099/3099/3099
usemtl Goku
f 3100/3100/3100 3101/3101/3101 3102/3102/3102
usemtl Goku
f 3103/3103/3103 3104/3104/3104 3105/3105/3105
usemtl Goku
f 3106/3106/3106 3107/3107/3107 3108/3108/3108
usemtl Goku
f 3109/3109/3109 3110/3110/3110 3111/3111/3111
usemtl Goku
f 3112/3112/3112 3113/3113/3113 3114/3114/3114
usemtl Goku
f 3115/3115/3115 3116/3116/3116 3117/3117/3117
usemtl Goku
f 3118/3118/3118 3119/3119/3119 3120/3120/3120
usemtl Goku
f 3121/3121/3121 3122/3122/3122 3123/3123/3123
usemtl Goku
f 3124/3124/3124 3125/3125/3125 3126/3126/3126
usemtl Goku
f 3127/3127/3127 3128/3128/3128 3129/3129/3129
usemtl Goku
f 3130/3130/3130 3131/3131/3131 3132/3132/3132
usemtl Goku
f 3133/3133/3133 3134/3134/3134 3135/3135/3135
usemtl Goku
f 3136/3136/3136 3137/3137/3137 3138/3138/3138
usemtl Goku
f 3139/3139/3139 3140/3140/3140 3141/3141/3141
usemtl Goku
f 3142/3142/3142 3143/3143/3143 3144/3144/3144
usemtl Goku
f 3145/3145/3145 3146/3146/3146 3147/3147/3147
usemtl Goku
f 3148/3148/3148 3149/3149/3149 3150/3150/3150
usemtl Goku
f 3151/3151/3151 3152/3152/3152 3153/3153/3153
usemtl Goku
f 3154/3154/3154 3155/3155/3155 3156/3156/3156
usemtl Goku
f 3157/3157/3157 3158/3158/3158 3159/3159/3159
usemtl Goku
f 3160/3160/3160 3161/3161/3161 3162/3162/3162
usemtl Goku
f 3163/3163/3163 3164/3164/3164 3165/3165/3165
usemtl Goku
f 3166/3166/3166 3167/3167/3167 3168/3168/3168
usemtl Goku
f 3169/3169/3169 3170/3170/3170 3171/3171/3171
usemtl Goku
f 3172/3172/3172 3173/3173/3173 3174/3174/3174
usemtl Goku
f 3175/3175/3175 3176/3176/3176 3177/3177/3177
usemtl Goku
f 3178/3178/3178 3179/3179/3179 3180/3180/3180
usemtl Goku
f 3181/3181/3181 3182/3182/3182 3183/3183/3183
usemtl Goku
f 3184/3184/3184 3185/3185/3185 3186/3186/3186
usemtl Goku
f 3187/3187/3187 3188/3188/3188 3189/3189/3189
usemtl Goku
f 3190/3190/3190 3191/3191/3191 3192/3192/3192
usemtl Goku
f 3193/3193/3193 3194/3194/3194 3195/3195/3195
usemtl Goku
f 3196/3196/3196 3197/3197/3197 3198/3198/3198
usemtl Goku
f 3199/3199/3199 3200/3200/3200 3201/3201/3201
usemtl Goku
f 3202/3202/3202 3203/3203/3203 3204/3204/3204
usemtl Goku
f 3205/3205/3205 3206/3206/3206 3207/3207/3207
usemtl Goku
f 3208/3208/3208 3209/3209/3209 3210/3210/3210
usemtl Goku
f 3211/3211/3211 3212/3212/3212 3213/3213/3213
usemtl Goku
f 3214/3214/3214 3215/3215/3215 3216/3216/3216
usemtl Goku
f 3217/3217/3217 3218/3218/3218 3219/3219/3219
usemtl Goku
f 3220/3220/3220 3221/3221/3221 3222/3222/3222
usemtl Goku
f 3223/3223/3223 3224/3224/3224 3225/3225/3225
usemtl Goku
f 3226/3226/3226 3227/3227/3227 3228/3228/3228
usemtl Goku
f 3229/3229/3229 3230/3230/3230 3231/3231/3231
usemtl Goku
f 3232/3232/3232 3233/3233/3233 3234/3234/3234
usemtl Goku
f 3235/3235/3235 3236/3236/3236 3237/3237/3237
usemtl Goku
f 3238/3238/3238 3239/3239/3239 3240/3240/3240
usemtl Goku
f 3241/3241/3241 3242/3242/3242 3243/3243/3243
