# Rover separado para OpenGL
# Punto de giro original: 0.000000 0.000000 0.000000
mtllib RoverSeparado.mtl
o Cuerpo_Rover
v 1.541247 5.211379 0.638197
v 1.541247 5.138724 0.861803
v 1.541247 4.903610 0.861803
v 1.541247 4.830956 0.638197
v 1.541247 5.205828 0.760000
v 1.541247 5.021167 0.894164
v 1.541247 5.135294 0.542918
v 1.541247 4.836507 0.760000
v 1.541247 5.021167 0.500000
v 1.541247 4.907042 0.542918
v 1.541232 5.293170 0.611621
v 1.341365 5.293170 0.611621
v 1.541232 5.189274 0.931379
v 1.341365 5.189274 0.931379
v 1.341365 5.021167 0.414000
v 1.541232 5.021167 0.414000
v 1.541232 5.184369 0.475373
v 1.541232 4.853061 0.931379
v 1.541232 4.757103 0.785800
v 1.541232 4.749166 0.611621
v 1.541232 4.857967 0.475373
v 1.541232 5.021167 0.977655
v 1.541232 5.285233 0.785800
v 1.341365 4.853061 0.931379
v 1.341365 4.749166 0.611621
v 1.341365 5.285233 0.785800
v 1.341365 5.021167 0.977655
v 1.341365 5.184369 0.475373
v 1.341365 4.757103 0.785800
v 1.341365 4.857967 0.475373
v 1.576380 5.097705 0.528782
v 1.601497 5.135294 0.542918
v 1.561156 5.021167 0.500000
v 1.561156 5.021168 0.500000
v 1.576380 4.944633 0.873095
v 1.603789 4.903610 0.861803
v 1.561156 5.021167 0.894164
v 1.561156 5.021168 0.894164
v 1.576380 5.097705 0.873095
v 1.603789 5.138724 0.861803
v 1.684448 4.836507 0.760000
v 1.619735 4.879747 0.825600
v 1.711942 5.211379 0.638197
v 1.684619 5.205944 0.631391
v 1.619735 5.162590 0.577099
v 1.684619 5.205944 0.757464
v 1.684446 5.205828 0.760000
v 1.619735 4.879747 0.577098
v 1.601497 4.907042 0.542918
v 1.684619 4.836393 0.631389
v 1.711948 4.830956 0.638197
v 1.619735 5.162590 0.825598
v 1.684619 4.836393 0.757490
v 1.576380 4.944633 0.528782
v 1.561156 5.021168 0.442360
v 1.561156 5.021168 0.962360
v 1.576380 5.097705 0.442360
v 1.576380 5.097705 0.962360
v 1.619735 5.162590 0.442360
v 1.619735 5.162590 0.962360
v 1.684619 5.205944 0.442360
v 1.684619 5.205944 0.962360
v 1.761156 5.221169 0.442360
v 1.761156 5.221169 0.962360
v 1.837693 5.205944 0.442360
v 1.837693 5.205944 0.962360
v 1.902577 5.162590 0.442360
v 1.902577 5.162590 0.962360
v 1.945932 5.097705 0.442360
v 1.945932 5.097705 0.962360
v 1.961156 5.021168 0.442360
v 1.961156 5.021168 0.962360
v 1.945932 4.944633 0.442360
v 1.945932 4.944633 0.962360
v 1.902577 4.879747 0.442360
v 1.902577 4.879747 0.962360
v 1.837693 4.836392 0.442360
v 1.837693 4.836392 0.962360
v 1.761156 4.821168 0.442360
v 1.761156 4.821168 0.962360
v 1.684619 4.836393 0.442360
v 1.684619 4.836393 0.962360
v 1.619735 4.879747 0.442360
v 1.619735 4.879747 0.962360
v 1.576380 4.944633 0.442360
v 1.576380 4.944633 0.962360
v -0.592854 5.944338 0.700000
v -0.553090 5.944338 0.631126
v -0.473560 5.809339 0.631126
v -0.473560 5.944338 0.631126
v -0.433795 5.944338 0.700000
v -0.473560 5.809339 0.768875
v -0.473560 5.944338 0.768875
v -0.553090 5.809339 0.768875
v -0.553090 5.944338 0.768875
v -0.433795 5.809339 0.700000
v -0.592854 5.809339 0.700000
v -0.553090 5.809339 0.631126
v -0.598882 5.650767 0.776285
v -0.536611 5.650767 0.812237
v -0.490039 5.650767 0.812237
v -0.427768 5.650767 0.776285
v -0.404482 5.650767 0.735952
v -0.404482 5.650767 0.664048
v -0.427768 5.650767 0.623716
v -0.490039 5.650767 0.587763
v -0.622168 5.650767 0.664048
v -0.622168 5.650767 0.735952
v -0.536611 5.650767 0.587763
v -0.598882 5.650767 0.623716
v -0.536611 5.191567 0.812237
v -0.598882 5.191567 0.776285
v -0.427768 5.191567 0.776285
v -0.490039 5.191567 0.812237
v -0.404482 5.191567 0.664048
v -0.404482 5.191567 0.735952
v -0.490039 5.191567 0.587763
v -0.427768 5.191567 0.623716
v -0.598882 5.191567 0.623716
v -0.536611 5.191567 0.587763
v -0.622168 5.191567 0.735952
v -0.622168 5.191567 0.664048
v -0.601476 4.949627 1.409348
v -0.531424 4.909183 1.409348
v -0.495226 4.909183 1.409348
v -0.425174 4.949627 1.409348
v -0.407076 4.980975 1.409348
v -0.407076 5.061864 1.409348
v -0.425174 5.093211 1.409348
v -0.495226 5.133657 1.409348
v -0.619574 5.061864 1.409348
v -0.619574 4.980975 1.409348
v -0.531424 5.133657 1.409348
v -0.601476 5.093211 1.409348
v -0.531424 4.909183 0.850148
v -0.601476 4.949627 0.850148
v -0.425174 4.949627 0.850148
v -0.495226 4.909183 0.850148
v -0.407076 5.061864 0.850148
v -0.407076 4.980975 0.850148
v -0.495226 5.133657 0.850148
v -0.425174 5.093211 0.850148
v -0.601476 5.093211 0.850148
v -0.531424 5.133657 0.850148
v -0.619574 4.980975 0.850148
v -0.619574 5.061864 0.850148
v -0.538505 5.650767 0.776528
v -0.567010 5.650767 0.760070
v -0.459640 5.650767 0.760070
v -0.488145 5.650767 0.776528
v -0.434461 5.650767 0.683543
v -0.434461 5.650767 0.716458
v -0.488145 5.650767 0.623473
v -0.459640 5.650767 0.639931
v -0.567010 5.650767 0.639931
v -0.538505 5.650767 0.623473
v -0.592189 5.650767 0.716458
v -0.592189 5.650767 0.683543
v -0.459640 5.800767 0.639931
v -0.488145 5.800767 0.623473
v -0.473542 5.809303 0.631095
v -0.488145 5.800767 0.776528
v -0.459640 5.800767 0.760070
v -0.473543 5.809303 0.768906
v -0.567010 5.800767 0.760070
v -0.538505 5.800767 0.776528
v -0.553108 5.809303 0.768906
v -0.592189 5.800767 0.683543
v -0.592189 5.800767 0.716458
v -0.592890 5.809303 0.700000
v -0.434461 5.800767 0.716458
v -0.434461 5.800767 0.683543
v -0.433759 5.809303 0.700000
v -0.538505 5.800767 0.623473
v -0.567010 5.800767 0.639931
v -0.553108 5.809303 0.631095
v -0.586028 5.048549 1.809348
v -0.586028 4.994290 1.809348
v -0.526182 5.097946 1.809348
v -0.573171 5.070817 1.809348
v -0.526182 4.944892 1.409348
v -0.573171 4.972022 1.409348
v -0.453479 4.972022 1.409348
v -0.500469 4.944892 1.409348
v -0.440622 5.048549 1.409348
v -0.440622 4.994290 1.409348
v -0.500468 5.097946 1.409348
v -0.453478 5.070817 1.409348
v -0.573171 5.070817 1.409348
v -0.526182 5.097946 1.409348
v -0.586028 4.994290 1.409348
v -0.586028 5.048549 1.409348
v -0.453478 5.070817 1.809348
v -0.500468 5.097946 1.809348
v -0.440622 4.994290 1.809348
v -0.440622 5.048549 1.809348
v -0.500469 4.944892 1.809348
v -0.453479 4.972022 1.809348
v -0.573171 4.972022 1.809348
v -0.526182 4.944892 1.809348
v -1.207734 4.885489 0.834310
v -1.207734 4.935359 0.870543
v -1.207734 5.106977 0.870543
v -1.207734 5.156847 0.834310
v -1.207734 5.209880 0.671091
v -1.207734 5.190831 0.612465
v -1.207734 5.051990 0.511591
v -1.207734 4.990346 0.511591
v -1.207734 4.851504 0.612465
v -1.207734 4.832455 0.671092
v -1.207734 5.187706 0.787494
v -1.207734 5.207328 0.727105
v -1.207734 4.989419 0.885424
v -1.207734 5.052917 0.885424
v -1.207734 5.155842 0.568650
v -1.207734 5.104472 0.531327
v -1.207734 4.937863 0.531327
v -1.207734 4.886493 0.568650
v -1.207734 4.835008 0.727105
v -1.207734 4.854630 0.787494
v 1.341349 5.156847 0.834310
v 1.341349 5.106977 0.870543
v 1.341349 5.190831 0.612465
v 1.341349 5.209880 0.671091
v 1.341349 4.935359 0.870543
v 1.341349 4.885489 0.834310
v 1.341349 4.832455 0.671092
v 1.341349 4.851504 0.612465
v 1.341349 5.207328 0.727105
v 1.341349 5.187706 0.787494
v 1.341349 5.052917 0.885424
v 1.341349 4.989419 0.885424
v 1.341349 5.104472 0.531327
v 1.341349 5.155842 0.568650
v 1.341349 4.854630 0.787494
v 1.341349 4.835008 0.727105
v 1.341349 4.886493 0.568650
v 1.341349 4.937863 0.531327
v 1.341349 4.990346 0.511591
v 1.341349 5.051991 0.511591
v -1.113326 4.847329 0.772005
v -1.113326 4.833007 0.700000
v -1.113326 5.195004 0.627994
v -1.113326 5.209326 0.700000
v -1.113326 4.847329 0.627994
v -1.113326 5.195004 0.772005
v -1.113326 4.888117 0.566950
v -1.113326 5.154216 0.833049
v -1.113326 4.949162 0.526162
v -1.113326 5.093172 0.873837
v -1.113326 5.021166 0.511840
v -1.113326 5.021166 0.888160
v -1.113326 4.949162 0.873837
v -1.113326 5.093172 0.526162
v -1.113326 4.888117 0.833049
v -1.113326 5.154215 0.566950
v -1.398327 4.914265 0.958081
v -1.398327 5.021166 0.979345
v -1.398327 4.823639 0.897527
v -1.398327 4.763084 0.806900
v -1.398327 4.741820 0.699999
v -1.398327 4.763084 0.593098
v -1.398327 4.823639 0.502471
v -1.398327 4.914265 0.441916
v -1.398327 5.021166 0.420652
v -1.398327 5.128068 0.441916
v -1.398327 5.218694 0.502471
v -1.398327 5.279249 0.593098
v -1.398327 5.300513 0.699998
v -1.398327 5.279249 0.806900
v -1.398327 5.218694 0.897527
v -1.398327 5.128068 0.958081
v -1.113327 4.814301 0.785686
v -1.113327 5.228033 0.614313
v -1.113327 5.021166 0.923910
v -1.113327 4.797256 0.700000
v -1.113327 5.245077 0.700000
v -1.113327 4.814301 0.614313
v -1.113327 5.228033 0.785686
v -1.113327 4.862838 0.541671
v -1.113327 5.179495 0.858328
v -1.113327 4.935480 0.493133
v -1.113327 5.106853 0.906866
v -1.113327 5.021166 0.476089
v -1.113327 4.935480 0.906866
v -1.113327 5.106853 0.493133
v -1.113327 4.862838 0.858328
v -1.113327 5.179495 0.541671
v -1.398327 4.935480 0.906866
v -1.398327 5.021166 0.923910
v -1.398327 4.862838 0.858328
v -1.398327 4.814301 0.785686
v -1.398327 4.797256 0.700000
v -1.398327 4.814301 0.614313
v -1.398327 4.862838 0.541671
v -1.398327 4.935480 0.493133
v -1.398327 5.021166 0.476089
v -1.398327 5.106853 0.493133
v -1.398327 5.179495 0.541671
v -1.398327 5.228033 0.614313
v -1.398327 5.245077 0.700000
v -1.398327 5.228033 0.785686
v -1.398327 5.179495 0.858328
v -1.398327 5.106853 0.906866
v -1.852440 5.140400 1.499999
v -1.891182 5.021166 1.499999
v -1.751013 5.214091 1.499999
v -1.625643 5.214091 1.499999
v -1.524216 5.140400 1.499999
v -1.485474 5.021166 1.499999
v -1.524216 4.901931 1.499999
v -1.625643 4.828240 1.499999
v -1.751013 4.828240 1.500000
v -1.852440 4.901931 1.499999
v -1.852440 5.140400 1.699999
v -1.891182 5.021166 1.699999
v -1.719569 5.214091 1.668555
v -1.657087 5.214091 1.668555
v -1.524216 5.140400 1.699999
v -1.485474 5.021166 1.699999
v -1.524216 4.901931 1.699999
v -1.625643 4.828240 1.699999
v -1.751013 4.828240 1.699999
v -1.852440 4.901931 1.699999
v -1.446698 4.903076 0.451215
v -1.461804 4.856586 0.482848
v -1.499314 4.829332 0.502471
v -1.442623 4.915617 0.441916
v -1.446698 5.139257 0.948782
v -1.461803 5.185745 0.917150
v -1.499317 5.213000 0.897527
v -1.442624 5.126716 0.958081
v -1.409444 5.017734 0.421403
v -1.408328 5.021166 0.420653
v -1.408328 5.021166 0.420652
v -1.438619 4.927939 0.960801
v -1.408328 5.021166 0.979345
v -1.408328 5.021166 0.979345
v -1.442623 4.915617 0.958081
v -1.409444 5.024600 0.978595
v -1.438620 5.114393 0.439196
v -1.442624 5.126716 0.441916
v -1.474005 4.847721 0.912075
v -1.461804 4.856586 0.918247
v -1.499314 4.829332 0.897527
v -1.461803 5.185745 0.481749
v -1.474007 5.194613 0.487922
v -1.499317 5.213000 0.502471
v -1.541503 4.798680 0.848092
v -1.572806 4.775938 0.806900
v -1.541505 5.243652 0.551904
v -1.572809 5.266396 0.593098
v -1.583738 4.767995 0.762922
v -1.597865 4.757731 0.699999
v -1.583741 5.274338 0.637075
v -1.597868 5.284602 0.699998
v -1.587315 4.765396 0.657234
v -1.572806 4.775937 0.593098
v -1.587318 5.276937 0.742762
v -1.572809 5.266396 0.806900
v -1.528374 4.808219 0.539886
v -1.528378 5.234114 0.860110
v -1.968328 5.021166 0.086666
v -1.968328 5.021166 1.313333
v -1.914853 5.185745 1.313333
v -1.914853 5.185745 0.086666
v -1.774853 5.287461 1.313333
v -1.774853 5.287461 0.086666
v -1.601803 5.287461 1.313333
v -1.601803 5.287461 0.086666
v -1.461803 5.185745 1.313333
v -1.461803 5.185745 0.086666
v -1.408328 5.021166 1.313333
v -1.408328 5.021166 0.086666
v -1.461804 4.856586 1.313333
v -1.461804 4.856586 0.086666
v -1.601803 4.754870 1.313333
v -1.601803 4.754870 0.086666
v -1.774853 4.754870 1.313333
v -1.774853 4.754870 0.086666
v -1.914853 4.856586 1.313333
v -1.914853 4.856586 0.086666
v -1.719569 5.214091 1.631443
v -1.657087 5.214091 1.631443
v -1.751013 5.214091 1.699999
v -1.625643 5.214091 1.699999
v -1.625643 5.214091 1.599999
v -1.751013 5.214091 1.599999
v -1.713321 5.714091 1.664844
v -1.663335 5.714091 1.664844
v -1.663335 5.714091 1.635154
v -1.713321 5.714091 1.635154
v -2.156041 5.319362 1.412318
v -2.156041 5.213411 1.558000
v -2.156041 5.288329 1.515331
v -2.156041 4.833312 1.558000
v -2.156041 4.727361 1.412318
v -2.156041 4.758394 1.515331
v -2.156041 5.213411 -0.158000
v -2.156041 5.319362 -0.012318
v -2.156041 5.288329 -0.115331
v -2.156041 4.727361 -0.012318
v -2.156041 4.833312 -0.158000
v -2.156041 4.758394 -0.115331
v -2.756041 5.213411 1.558000
v -2.756041 5.319361 1.412318
v -2.756041 5.288329 1.515331
v -2.756041 4.727361 1.412318
v -2.756041 4.833312 1.558000
v -2.756041 4.758394 1.515331
v -2.756041 5.319361 -0.012318
v -2.756041 5.213411 -0.158000
v -2.756041 5.288329 -0.115331
v -2.756041 4.833312 -0.158000
v -2.756041 4.727361 -0.012318
v -2.756041 4.758394 -0.115331
v -3.036040 4.993362 0.067091
v -3.036040 5.059816 0.084897
v -3.036040 5.108464 0.133545
v -3.036040 5.126271 0.200000
v -3.036040 5.108464 0.266455
v -3.036040 5.059816 0.315103
v -3.036040 4.993362 0.332909
v -3.036040 4.926908 0.315103
v -3.036040 4.878259 0.266454
v -3.036040 4.860452 0.200000
v -3.036040 4.878259 0.133545
v -3.036040 4.926908 0.084897
v -2.856040 4.993362 0.018000
v -2.856040 5.084362 0.042383
v -2.856040 5.150978 0.109000
v -2.856040 5.175362 0.200000
v -2.856040 5.150978 0.291000
v -2.856040 5.084362 0.357617
v -2.856040 4.993362 0.382000
v -2.856040 4.902361 0.357617
v -2.856040 4.835745 0.291000
v -2.856040 4.811361 0.200000
v -2.856040 4.835745 0.109000
v -2.856040 4.902361 0.042383
v -2.756040 4.993362 -0.018400
v -2.756040 5.102562 0.010860
v -2.856040 5.102562 0.010860
v -2.756040 5.182501 0.090800
v -2.856040 5.182501 0.090800
v -2.756040 5.211762 0.200000
v -2.856040 5.211762 0.200000
v -2.756040 5.182501 0.309200
v -2.856040 5.182501 0.309200
v -2.756040 5.102562 0.389140
v -2.856040 5.102562 0.389140
v -2.756040 4.993362 0.418400
v -2.856040 4.993362 0.418400
v -2.756040 4.884161 0.389140
v -2.856040 4.884161 0.389140
v -2.756040 4.804220 0.309200
v -2.856040 4.804223 0.309200
v -2.756040 4.774962 0.200000
v -2.856040 4.774962 0.200000
v -2.756040 4.804220 0.090800
v -2.856040 4.804223 0.090800
v -2.756040 4.884161 0.010860
v -2.856040 4.884161 0.010860
v -2.856040 4.993362 -0.018400
v -2.336041 4.787362 -0.316000
v -2.576041 4.787362 -0.316000
v -2.336041 5.027362 -0.156000
v -2.336041 4.787362 -0.156000
v -2.576041 5.027362 -0.156000
v -2.576041 4.787362 -0.156000
v -2.336041 4.907362 -0.316000
v -2.576041 4.907362 -0.316000
v -2.576041 4.907362 -0.156000
v -2.336041 4.907362 -0.156000
v -2.756041 5.143362 1.300000
v -2.756041 4.903362 1.300000
v -2.756041 5.143362 0.500000
v -2.756041 4.903362 0.500000
v -2.856041 5.071821 1.228459
v -2.856041 4.974903 1.228459
v -2.856041 5.071821 0.571541
v -2.856041 4.974903 0.571541
v -3.036040 5.084362 0.042383
v -3.036040 4.993362 0.018000
v -3.036040 5.150978 0.109000
v -3.036040 5.175362 0.200000
v -3.036040 5.150978 0.291000
v -3.036040 5.084362 0.357617
v -3.036040 4.993362 0.382000
v -3.036040 4.902362 0.357617
v -3.036040 4.835745 0.291000
v -3.036040 4.811361 0.200000
v -3.036040 4.835745 0.109000
v -3.036040 4.902362 0.042383
v -2.936041 5.059816 0.084897
v -2.936041 4.993362 0.067091
v -2.936041 5.108464 0.133545
v -2.936041 5.126271 0.200000
v -2.936041 5.108464 0.266455
v -2.936041 5.059816 0.315103
v -2.936041 4.993362 0.332909
v -2.936041 4.926908 0.315103
v -2.936041 4.878259 0.266454
v -2.936041 4.860452 0.200000
v -2.936041 4.878259 0.133545
v -2.936041 4.926908 0.084897
v -2.856041 5.071821 0.900000
v -2.856041 4.974903 0.900000
v -2.856041 4.903362 0.500000
v -2.856041 5.143362 0.500000
v -2.856041 5.143362 0.900000
v -2.856041 4.903362 0.900000
v -2.856041 4.903362 1.300000
v -2.856041 5.143362 1.300000
v -2.856041 4.974903 0.735770
v -2.856041 5.071821 0.735770
v -2.856041 5.071821 1.064229
v -2.856041 4.974903 1.064229
v -2.786040 4.994287 0.604387
v -2.786040 5.052438 0.604387
v -2.786040 5.052438 0.702925
v -2.786040 4.994287 1.097075
v -2.786040 4.994287 1.195613
v -2.786040 5.052438 1.195613
v -2.786040 4.994287 0.702925
v -2.786040 5.052438 1.097075
v -1.706041 4.738361 0.086666
v -1.706041 4.738361 1.313333
v -1.870620 4.791835 1.313333
v -1.870620 4.791835 0.086666
v -1.972336 4.931836 1.313333
v -1.972336 4.931836 0.086666
v -1.972336 5.104885 1.313333
v -1.972336 5.104885 0.086666
v -1.870620 5.244885 1.313333
v -1.870620 5.244885 0.086666
v -1.706041 5.298360 1.313333
v -1.706041 5.298360 0.086666
v -1.541461 5.244885 1.313333
v -1.541461 5.244885 0.086666
v -1.439745 5.104885 1.313333
v -1.439745 5.104885 0.086666
v -1.439745 4.931836 1.313333
v -1.439745 4.931836 0.086666
v -1.541461 4.791836 1.313333
v -1.541461 4.791836 0.086666
v -1.706041 4.710361 -0.100001
v -1.887078 4.769183 -0.100001
v -1.825275 4.854248 1.499999
v -1.706041 4.815507 1.499999
v -1.706041 4.710361 1.313333
v -1.887078 4.769183 0.086666
v -1.998966 4.923183 -0.100001
v -1.898966 4.955675 1.499999
v -1.998966 4.923183 0.086666
v -1.998966 5.113538 -0.100001
v -1.898966 5.081046 1.499999
v -1.998966 5.113538 0.086666
v -1.887078 5.267538 -0.100001
v -1.825275 5.182473 1.499999
v -1.887078 5.267538 0.086666
v -1.706041 5.326361 -0.100001
v -1.706041 5.221214 1.499999
v -1.706041 5.326361 0.086666
v -1.525003 5.267538 -0.100001
v -1.586806 5.182473 1.499999
v -1.525003 5.267538 0.086666
v -1.413115 5.113538 -0.100001
v -1.513115 5.081046 1.499999
v -1.413115 5.113538 0.086666
v -1.413115 4.923183 -0.100001
v -1.513115 4.955675 1.500000
v -1.413115 4.923183 0.086666
v -1.525003 4.769183 -0.100001
v -1.586806 4.854249 1.499999
v -1.525003 4.769183 0.086666
v -1.706041 4.710361 0.086666
v -1.887078 4.769183 1.313333
v -1.998966 4.923183 1.313333
v -1.998966 5.113538 1.313333
v -1.887078 5.267538 1.313333
v -1.706041 5.326361 1.313333
v -1.525003 5.267538 1.313333
v -1.413115 5.113538 1.313333
v -1.413115 4.923183 1.313333
v -1.525003 4.769183 1.313333
v -1.887078 4.769183 1.499999
v -1.706041 4.710361 1.499999
v -1.998966 4.923183 1.499999
v -1.998966 5.113538 1.499999
v -1.887078 5.267538 1.499999
v -1.706041 5.326361 1.499999
v -1.525003 5.267538 1.499999
v -1.413115 5.113538 1.500000
v -1.413115 4.923183 1.500000
v -1.525003 4.769183 1.499999
v -2.156111 4.769183 0.086666
v -2.156111 4.769183 -0.100001
v -2.156111 4.923183 -0.100001
v -2.156111 4.923183 1.499999
v -2.156111 4.769183 1.499999
v -2.156111 4.923183 0.086666
v -2.156111 5.113538 0.086666
v -2.156111 5.113538 -0.100001
v -2.156111 5.267538 -0.100001
v -2.156111 5.267538 1.499999
v -2.156111 5.113538 1.499999
v -2.156111 5.267538 0.086666
v -2.156111 4.769183 1.313333
v -2.156111 4.923183 1.313333
v -2.156111 5.113538 1.313333
v -2.156111 5.267538 1.313333
v -3.498844 4.915747 0.869842
v -3.498844 4.915747 1.039842
v -3.412242 4.865747 0.869842
v -3.412242 4.865747 1.039842
v -3.412242 4.765747 0.869842
v -3.412242 4.765747 1.039842
v -3.498844 4.715747 0.869842
v -3.498844 4.715747 1.039842
v -3.585446 4.765747 0.869842
v -3.585446 4.765747 1.039842
v -3.585446 4.865747 0.869842
v -3.585446 4.865747 1.039842
v -3.498844 4.945747 0.870842
v -3.386261 4.880747 0.870842
v -3.386261 4.750747 0.870842
v -3.498844 4.685747 0.870842
v -3.611427 4.750747 0.870842
v -3.611427 4.880747 0.870842
v -3.498844 4.945747 0.728842
v -3.386261 4.880747 0.728842
v -3.386261 4.750747 0.728842
v -3.498844 4.685747 0.728842
v -3.611427 4.750747 0.728842
v -3.611427 4.880747 0.728842
v -3.663844 4.695747 0.899842
v -3.663844 4.695747 0.699842
v -3.333844 4.695747 0.899842
v -3.333844 4.695747 0.699842
v -3.386259 4.695747 0.699842
v -3.611430 4.695747 0.699842
v -3.611430 4.695747 0.899842
v -3.386259 4.695747 0.899842
v -3.663844 4.862816 0.899842
v -3.663844 4.915747 0.846910
v -3.663844 4.889281 0.892750
v -3.663844 4.908656 0.873376
v -3.663844 4.915747 0.752773
v -3.663844 4.862816 0.699842
v -3.663844 4.908656 0.726308
v -3.663844 4.889281 0.706933
v -3.333844 4.915747 0.846910
v -3.333844 4.862816 0.899842
v -3.333844 4.908656 0.873376
v -3.333844 4.889281 0.892750
v -3.333844 4.862816 0.699842
v -3.333844 4.915747 0.752773
v -3.333844 4.889281 0.706933
v -3.333844 4.908656 0.726308
v -3.611430 4.862816 0.699842
v -3.611430 4.915747 0.752773
v -3.611430 4.889281 0.706933
v -3.611430 4.908656 0.726308
v -3.386259 4.915747 0.752773
v -3.386259 4.862816 0.699842
v -3.386259 4.908656 0.726308
v -3.386259 4.889281 0.706933
v -3.386259 4.862816 0.899842
v -3.386259 4.915747 0.846910
v -3.386259 4.889281 0.892750
v -3.386259 4.908656 0.873376
v -3.611430 4.915747 0.846910
v -3.611430 4.862816 0.899842
v -3.611430 4.908656 0.873376
v -3.611430 4.889281 0.892750
v -3.328844 4.695747 0.699842
v -3.328844 4.695747 0.899842
v -3.668843 4.695747 0.699842
v -3.668843 4.695747 0.899842
v -3.358844 4.635747 0.729842
v -3.358844 4.635747 0.869842
v -3.638844 4.635747 0.869842
v -3.638844 4.635747 0.729842
v -3.328844 4.635747 0.699842
v -3.328844 4.635747 0.899842
v -3.668843 4.635747 0.899842
v -3.668843 4.635747 0.699842
v -3.358844 4.485747 0.729842
v -3.358844 4.485747 0.869842
v -3.638844 4.485747 0.869842
v -3.638844 4.485747 0.729842
v -3.612184 4.461168 -0.327262
v -3.465505 4.461168 -0.327262
v -3.357625 4.461168 -0.282577
v -3.253907 4.461168 -0.178859
v -3.209222 4.461168 -0.070979
v -3.209222 4.461168 0.075699
v -3.253907 4.461168 0.183579
v -3.357625 4.461168 0.287297
v -3.465505 4.461168 0.331982
v -3.612184 4.461168 0.331982
v -3.720063 4.461168 0.287297
v -3.823781 4.461168 0.183579
v -3.868466 4.461168 0.075699
v -3.868466 4.461168 -0.070979
v -3.823781 4.461168 -0.178859
v -3.720063 4.461168 -0.282577
v -3.253907 5.181170 -0.178859
v -3.357625 5.181170 -0.282577
v -3.465505 5.181170 -0.327262
v -3.612184 5.181170 -0.327262
v -3.209222 5.181170 0.075699
v -3.209222 5.181170 -0.070979
v -3.357625 5.181170 0.287297
v -3.253907 5.181170 0.183579
v -3.612184 5.181170 0.331982
v -3.465505 5.181170 0.331982
v -3.823781 5.181170 0.183579
v -3.720063 5.181170 0.287297
v -3.868466 5.181170 -0.070979
v -3.868466 5.181170 0.075699
v -3.720063 5.181170 -0.282577
v -3.823781 5.181170 -0.178859
v -3.491155 5.681170 -0.067288
v -3.469195 5.681170 -0.045329
v -3.554372 5.681170 -0.080610
v -3.523317 5.681170 -0.080610
v -3.455874 5.681170 -0.013168
v -3.455874 5.681170 0.017888
v -3.469195 5.681170 0.050049
v -3.491155 5.681170 0.072009
v -3.523317 5.681170 0.085330
v -3.554372 5.681170 0.085330
v -3.586533 5.681170 0.072009
v -3.608493 5.681170 0.050049
v -3.621814 5.681170 0.017888
v -3.621814 5.681170 -0.013168
v -3.608493 5.681170 -0.045329
v -3.586533 5.681170 -0.067288
v -3.469195 7.681169 -0.045331
v -3.491155 7.681169 -0.067290
v -3.523317 7.681169 -0.080612
v -3.554372 7.681169 -0.080612
v -3.455874 7.681169 0.017886
v -3.455874 7.681169 -0.013170
v -3.491155 7.681169 0.072007
v -3.469195 7.681169 0.050047
v -3.554372 7.681169 0.085328
v -3.523317 7.681169 0.085328
v -3.608493 7.681169 0.050047
v -3.586533 7.681169 0.072007
v -3.621814 7.681169 -0.013170
v -3.621814 7.681169 0.017886
v -3.586533 7.681169 -0.067290
v -3.608493 7.681169 -0.045331
v -3.574477 5.181170 -0.180522
v -3.503212 5.181170 -0.180522
v -3.434724 5.181170 -0.152153
v -3.384331 5.181170 -0.101761
v -3.355962 5.181170 -0.033273
v -3.355962 5.181170 0.037993
v -3.384331 5.181170 0.106481
v -3.434724 5.181170 0.156873
v -3.503212 5.181170 0.185242
v -3.574477 5.181170 0.185242
v -3.642965 5.181170 0.156873
v -3.693357 5.181170 0.106481
v -3.721726 5.181170 0.037993
v -3.721726 5.181170 -0.033273
v -3.693357 5.181170 -0.101761
v -3.642965 5.181170 -0.152153
v -3.384331 5.681170 -0.101761
v -3.434724 5.681170 -0.152153
v -3.503212 5.681170 -0.180522
v -3.574477 5.681170 -0.180522
v -3.355962 5.681170 0.037993
v -3.355962 5.681170 -0.033273
v -3.434724 5.681170 0.156873
v -3.384331 5.681170 0.106481
v -3.574477 5.681170 0.185242
v -3.503212 5.681170 0.185242
v -3.693357 5.681170 0.106481
v -3.642965 5.681170 0.156873
v -3.721726 5.681170 -0.033273
v -3.721726 5.681170 0.037993
v -3.642965 5.681170 -0.152153
v -3.693357 5.681170 -0.101761
v -3.357924 4.883207 1.589842
v -3.496950 4.889959 1.589842
v -3.637775 4.886437 1.589842
v -3.361201 4.735460 1.589842
v -3.501436 4.742272 1.589842
v -3.637775 4.738638 1.589842
v -3.335645 4.697251 1.589842
v -3.330730 4.918855 1.589842
v -3.496728 4.926917 1.589842
v -3.501643 4.705312 1.589842
v -3.664166 4.922730 1.589842
v -3.664166 4.700980 1.589842
v -3.361201 4.735460 1.479842
v -3.357924 4.883207 1.479842
v -3.496950 4.889959 1.479842
v -3.501436 4.742272 1.479842
v -3.637775 4.886437 1.479842
v -3.637775 4.738638 1.479842
v -3.549942 4.911324 2.380660
v -3.447750 4.911324 2.380660
v -3.384623 4.911497 2.368104
v -3.290210 4.912041 2.328999
v -3.236693 4.912539 2.293242
v -3.164433 4.913542 2.220984
v -3.128673 4.914285 2.167470
v -3.089567 4.915597 2.073061
v -3.077010 4.916474 2.009937
v -3.077010 4.917894 1.907752
v -3.089567 4.918771 1.844626
v -3.121491 4.919934 1.746201
v -3.171614 4.920976 1.637177
v -3.245473 4.920452 1.589842
v -3.752219 4.921912 1.589842
v -3.826078 4.920976 1.637177
v -3.876201 4.919934 1.746201
v -3.908126 4.918771 1.844626
v -3.920683 4.917894 1.907752
v -3.920683 4.916474 2.009937
v -3.908126 4.915597 2.073061
v -3.869019 4.914285 2.167470
v -3.833259 4.913542 2.220984
v -3.760999 4.912539 2.293242
v -3.707482 4.912041 2.328999
v -3.613070 4.911497 2.368104
v -3.290210 4.690292 2.327427
v -3.384623 4.689748 2.366532
v -3.447750 4.689574 2.379088
v -3.549942 4.689574 2.379088
v -3.164433 4.691793 2.219414
v -3.236693 4.690788 2.291670
v -3.089567 4.693848 2.071491
v -3.128673 4.692536 2.165898
v -3.077010 4.696145 1.906180
v -3.077010 4.694725 2.008365
v -3.121631 4.698187 1.744693
v -3.089567 4.697022 1.843054
v -3.245473 4.698791 1.589842
v -3.171475 4.699224 1.637112
v -3.826217 4.699224 1.637112
v -3.752219 4.700163 1.589842
v -3.908126 4.697022 1.843054
v -3.876062 4.698187 1.744693
v -3.920683 4.694725 2.008365
v -3.920683 4.696145 1.906180
v -3.869019 4.692536 2.165898
v -3.908126 4.693848 2.071491
v -3.760999 4.690788 2.291670
v -3.833259 4.691793 2.219413
v -3.613070 4.689748 2.366532
v -3.707482 4.690292 2.327427
v -3.519593 4.760822 1.479842
v -3.478095 4.760822 1.479842
v -3.478095 4.760822 1.039842
v -3.519593 4.760822 1.039842
v -3.453019 4.779040 1.479842
v -3.440195 4.818508 1.479842
v -3.440195 4.818508 1.039842
v -3.453019 4.779040 1.039842
v -3.449773 4.847986 1.479842
v -3.483346 4.872378 1.479842
v -3.483346 4.872378 1.039842
v -3.449773 4.847986 1.039842
v -3.514341 4.872378 1.479842
v -3.547914 4.847986 1.479842
v -3.547914 4.847986 1.039842
v -3.514341 4.872378 1.039842
v -3.557492 4.818508 1.479842
v -3.544669 4.779040 1.479842
v -3.544669 4.779040 1.039842
v -3.557492 4.818508 1.039842
v -0.821497 4.484652 -0.560000
v -0.829549 4.484652 -1.000000
v -0.766898 4.734652 -1.000000
v -0.766898 4.734652 -0.560000
v 0.366154 4.734652 -0.560000
v 0.441154 4.484652 -0.560000
v 0.441154 4.484652 -1.000000
v 0.371154 4.734652 -1.000000
v 0.121154 4.484652 -1.000000
v 0.041154 4.484652 -0.560000
v 0.116154 4.734652 -0.560000
v 0.121154 4.734652 -1.000000
v 0.041154 4.484652 1.800000
v 0.116154 4.734652 1.800000
v 0.366154 4.734652 1.800000
v 0.441154 4.484652 1.800000
v 0.041154 4.084651 1.800000
v 0.441154 4.084651 1.800000
v 0.430469 4.520267 2.091563
v 0.441154 4.427869 2.120240
v 0.041154 4.427869 2.120240
v 0.051839 4.520267 2.091563
v 0.441154 4.381935 2.104254
v 0.441154 4.286339 2.038580
v 0.041154 4.286339 2.038580
v 0.041154 4.381935 2.104254
v -5.422008 3.525409 -1.300000
v -5.422008 3.525409 -0.000000
v -6.309893 4.588183 -0.000000
v -6.309893 4.588183 -1.300000
v -5.958952 4.777477 -1.029163
v -5.825126 4.849662 -1.247175
v -5.752498 4.888837 -1.300000
v -5.182338 5.192558 -0.151153
v -6.005946 4.752131 -0.772000
v -5.958952 4.777477 -0.514837
v -5.624842 4.957694 -0.151153
v -5.388590 5.085126 -0.100000
v -5.825126 4.849662 -0.296824
v -5.044171 3.790355 -0.772000
v -5.001648 3.820173 -0.514837
v -5.001648 3.820173 -1.029163
v -4.814833 3.951172 -1.300000
v -4.880552 3.905088 -1.247175
v -4.880552 3.905088 -0.296824
v -4.485541 4.182078 -0.100000
v -4.699320 4.032172 -0.151153
v -4.301763 4.311983 -0.151153
v -6.011680 4.747824 -0.000000
v -6.011680 4.747824 1.600000
v -5.066008 3.775409 1.600000
v -5.066008 3.775409 -0.000000
v -6.011680 4.747824 0.650000
v -5.066008 3.775409 0.650000
v -6.326749 4.538671 0.650000
v -6.326749 4.538671 1.600000
v -5.381076 3.566255 1.600000
v -5.381076 3.566255 0.650000
v -5.213109 5.179536 -0.000000
v -5.213109 5.179536 1.600000
v -4.301208 4.311409 1.600000
v -4.301208 4.311409 -0.000000
v -4.301208 4.311409 0.650000
v -5.213109 5.179536 0.650000
v -1.374344 4.486169 1.102360
v -1.374344 4.486169 0.302360
v -1.143344 4.486169 1.102360
v -1.143344 4.486169 0.302360
v -1.374344 4.920357 0.943374
v -1.374344 4.777793 0.800810
v -1.374344 4.834896 0.886271
v -1.374344 4.757741 0.700002
v -1.374344 4.777793 0.599194
v -1.374344 4.920357 0.456630
v -1.374344 4.834896 0.513733
v -1.143344 4.777793 0.599194
v -1.143344 4.834896 0.513733
v -1.143344 4.920357 0.456630
v -1.143344 4.920357 0.943374
v -1.143344 4.834896 0.886271
v -1.143344 4.757741 0.700002
v -1.143344 4.777793 0.800810
v 2.027669 2.885409 -1.200000
v 3.061155 4.485409 -1.800000
v 2.027669 2.885409 -0.000000
v 3.061155 4.485409 -0.000000
v 0.981154 2.885409 -1.200000
v -0.498846 2.885409 -1.200000
v -1.578846 2.885409 -1.200000
v -3.458846 2.885409 -1.200000
v -4.058846 4.485409 -1.800000
v -1.578846 4.485409 -1.800000
v -0.498846 4.485409 -1.800000
v 0.981154 4.485409 -1.800000
v -4.058846 4.485409 -0.000000
v -1.578846 4.485409 -0.000000
v -0.498846 4.485409 -0.000000
v 0.981154 4.485409 -0.000000
v -3.458846 2.885409 -0.000000
v 2.021154 4.485409 -1.800000
v 2.021154 4.485409 -0.000000
v -4.781232 2.932592 -1.650000
v -5.438846 3.525409 -1.800000
v -5.062145 3.025678 -1.650000
v -5.438846 3.525409 -0.000000
v -4.781232 2.932592 -0.000000
v -5.062145 3.025678 -0.000000
v 2.027669 2.885409 1.200000
v 3.061155 4.485409 1.800000
v 0.981154 2.885409 1.200000
v -0.498846 2.885409 1.200000
v -1.578846 2.885409 1.200000
v -3.458846 2.885409 1.200000
v -4.058846 4.485409 1.800000
v -1.578846 4.485409 1.800000
v -0.498846 4.485409 1.800000
v 0.981154 4.485409 1.800000
v 2.021154 4.485409 1.800000
v -4.781232 2.932592 1.650000
v -5.438846 3.525409 1.800000
v -5.062145 3.025678 1.650000
v 3.061155 3.502409 0.400000
v 3.061155 3.268409 0.400000
v 3.061155 3.502409 -1.600000
v 3.061155 3.268409 -1.600000
v 3.561155 3.437791 0.335382
v 3.561155 3.333028 0.335382
v 3.561155 3.502409 -1.600000
v 3.561155 3.268409 -1.600000
v 3.561155 3.333028 -0.535382
v 3.561155 3.437791 -0.535382
v 3.561155 3.268409 -0.600000
v 3.561155 3.268409 0.400000
v 3.561155 3.502409 0.400000
v 3.561155 3.502409 -0.600000
v 3.361154 3.333028 -0.535382
v 3.361154 3.333028 0.335382
v 3.361154 3.437791 0.335382
v 3.361154 3.437791 -0.535382
v -5.204531 3.072860 -1.800000
v -4.638846 2.885409 -1.800000
v -4.638846 2.885409 -0.000000
v -5.204531 3.072860 -0.000000
v -5.204531 3.072860 1.800000
v -4.638846 2.885409 1.800000
v -5.093600 2.930754 -1.650000
v -4.812687 2.837668 -1.650000
v -4.812687 2.837668 -0.000000
v -5.093600 2.930754 -0.000000
v -5.093600 2.930754 1.650000
v -4.812687 2.837668 1.650000
v 3.061155 2.885409 -0.000000
v 3.061155 2.885409 -1.800000
v 2.021154 2.885409 -1.800000
v 0.981154 2.885409 -1.800000
v -0.498846 2.885409 -1.800000
v -1.578846 2.885409 -1.800000
v -4.058846 2.885409 -1.800000
v -4.058846 2.885409 -0.000000
v 3.061155 2.885409 1.800000
v 2.021154 2.885409 1.800000
v 0.981154 2.885409 1.800000
v -0.498846 2.885409 1.800000
v -1.578846 2.885409 1.800000
v -4.058846 2.885409 1.800000
v 2.027669 3.085409 -0.000000
v 2.027669 3.085409 -1.200000
v 0.981154 3.085409 -1.200000
v -0.498846 3.085409 -1.200000
v -1.578846 3.085409 -1.200000
v -3.458846 3.085409 -1.200000
v -3.458846 3.085409 -0.000000
v 2.027669 3.085409 1.200000
v 0.981154 3.085409 1.200000
v -0.498846 3.085409 1.200000
v -1.578846 3.085409 1.200000
v -3.458846 3.085409 1.200000
v -2.818846 2.885409 -1.800000
v -2.818846 4.485409 -1.800000
v -2.818846 4.485409 -0.000000
v -2.818846 2.885409 1.800000
v -2.818846 4.485409 1.800000
v -2.518846 2.885409 -1.200000
v -2.518846 2.885409 1.200000
v -2.518846 3.085409 -1.200000
v -2.518846 3.085409 1.200000
v -2.818846 4.185410 -0.000000
v -1.578846 4.185410 -0.000000
v -2.818846 4.185410 1.800000
v -1.578846 4.185410 1.800000
v 3.061157 3.661169 1.502360
v 3.061157 3.661169 1.102360
v 3.170278 2.581169 1.457616
v 3.105899 2.581169 1.393239
v 3.105899 2.581169 1.211482
v 3.170278 2.581169 1.147104
v 3.416412 2.581169 1.393239
v 3.352035 2.581169 1.457616
v 3.352035 2.581169 1.147104
v 3.416412 2.581169 1.211482
v 3.061157 2.959169 1.411772
v 3.151744 2.959169 1.502360
v 3.061157 3.049757 1.502360
v 3.151744 2.959169 1.102360
v 3.061157 2.959169 1.192948
v 3.061157 3.049757 1.102360
v 3.461156 2.959169 1.192948
v 3.370568 2.959169 1.102360
v 3.461156 3.049757 1.102360
v 3.370568 2.959169 1.502360
v 3.461156 2.959169 1.411772
v 3.461156 3.049757 1.502360
v 3.461156 3.427587 1.430236
v 3.461156 3.427587 1.174484
v 3.461156 3.661169 1.102360
v 3.461156 3.661169 1.502360
v 3.461156 3.355463 1.502360
v 3.461156 3.355463 1.102360
v 3.661155 3.589046 1.174484
v 3.661155 3.589046 1.430236
v 3.561156 3.589046 1.174484
v 3.561156 3.589046 1.430236
v -5.438846 3.525409 0.900000
v -5.204531 3.072860 0.900000
v -5.619150 3.003683 1.029207
v -5.619150 3.003683 1.670793
v -5.734648 3.226753 1.029207
v -5.734648 3.226753 1.670793
v -1.143344 4.916168 0.302360
v -1.143344 4.916168 1.102360
v -1.374344 4.916168 0.302360
v -1.374344 4.916168 1.102360
v 3.634294 3.427587 1.430236
v 3.661155 3.427587 1.403375
v 3.661155 3.454448 1.430236
v 3.661155 3.427587 1.201345
v 3.634294 3.427587 1.174484
v 3.661155 3.454448 1.174484
v 3.588017 3.427587 1.174484
v 3.561156 3.427587 1.201345
v 3.534295 3.427587 1.174484
v 3.561156 3.454448 1.174484
v 3.561156 3.427587 1.403375
v 3.588017 3.427587 1.430236
v 3.561156 3.454448 1.430236
v 3.534295 3.427587 1.430236
v 3.634294 2.727587 1.174484
v 3.661155 2.727587 1.201345
v 3.661155 2.727587 1.403375
v 3.634294 2.727587 1.430236
v 3.561156 2.727587 1.201345
v 3.588017 2.727587 1.174484
v 3.588017 2.727587 1.430236
v 3.561156 2.727587 1.403375
v 3.151744 2.581169 1.102360
v 3.061157 2.581169 1.192948
v 3.461156 2.581169 1.192948
v 3.370568 2.581169 1.102360
v 3.370568 2.581169 1.502360
v 3.461156 2.581169 1.411772
v 3.061157 2.581169 1.411772
v 3.151744 2.581169 1.502360
v 3.170278 2.641169 1.147104
v 3.105899 2.641169 1.211482
v 3.416412 2.641169 1.211482
v 3.352035 2.641169 1.147104
v 3.352035 2.641169 1.457616
v 3.416412 2.641169 1.393239
v 3.105899 2.641169 1.393239
v 3.170278 2.641169 1.457616
v -5.559742 2.888944 0.900000
v -5.559742 2.888944 1.800000
v -5.794057 3.341492 0.900000
v -5.794057 3.341492 1.800000
v -5.530347 3.049662 1.029207
v -5.530347 3.049662 1.670793
v -5.645846 3.272732 1.029207
v -5.645846 3.272732 1.670793
v -4.590086 4.467057 -0.489219
v -4.554731 4.502413 -0.507387
v -5.332548 5.280231 -0.507387
v -5.367904 5.244875 -0.489219
v -4.520946 4.536198 -0.486613
v -4.508769 4.548375 -0.439219
v -5.286587 5.326193 -0.439219
v -5.298763 5.314016 -0.486613
v -4.538623 4.518521 -0.354780
v -4.573979 4.483165 -0.336613
v -5.351796 5.260983 -0.336613
v -5.316440 5.296339 -0.354780
v -4.607763 4.449381 -0.357387
v -4.619940 4.437204 -0.404781
v -5.397758 5.215022 -0.404781
v -5.385581 5.227198 -0.357387
v 1.563157 5.021169 1.123561
v 1.563157 5.021169 0.181161
v 1.578229 4.945398 1.123561
v 1.578229 4.945398 0.181161
v 1.621150 4.881162 1.123561
v 1.621150 4.881162 0.181161
v 1.685385 4.833217 1.123561
v 1.685385 4.833217 0.181161
v 1.761157 4.813217 1.123561
v 1.761157 4.833217 0.181161
v 1.836928 4.833217 1.123561
v 1.836928 4.833217 0.181161
v 1.901164 4.881162 1.123561
v 1.901164 4.881162 0.181161
v 1.944085 4.945398 1.123561
v 1.944085 4.945398 0.181161
v 1.959157 5.021169 1.123561
v 1.959157 5.021169 0.181161
v 1.944085 5.096940 1.123561
v 1.944085 5.096940 0.181161
v 1.901164 5.161176 1.123561
v 1.901164 5.161176 0.181161
v 1.836928 5.204097 1.123561
v 1.836928 5.204097 0.181161
v 1.761157 5.219169 1.123561
v 1.761157 5.219169 0.181161
v 1.685385 5.204097 1.123561
v 1.685385 5.204097 0.181161
v 1.621150 5.161176 1.123561
v 1.621150 5.161176 0.181161
v 1.578229 5.096940 1.123561
v 1.578229 5.096940 0.181161
v 1.563157 5.021169 0.962360
v 1.563157 5.021169 0.442360
v 1.578229 4.945398 0.442360
v 1.578229 4.945398 0.962360
v 1.621150 4.881162 0.962360
v 1.621150 4.881162 0.442360
v 1.685385 4.833217 0.962360
v 1.685385 4.833217 0.442360
v 1.761157 4.813217 0.962360
v 1.761157 4.833217 0.442360
v 1.836928 4.833217 0.962360
v 1.836928 4.833217 0.442360
v 1.901164 4.881162 0.962360
v 1.901164 4.881162 0.442360
v 1.944085 4.945398 0.442360
v 1.944085 4.945398 0.962360
v 1.959157 5.021169 0.442360
v 1.959157 5.021169 0.962360
v 1.944085 5.096940 0.442360
v 1.944085 5.096940 0.962360
v 1.901164 5.161176 0.442360
v 1.901164 5.161176 0.962360
v 1.836928 5.204097 0.962360
v 1.836928 5.204097 0.442360
v 1.761157 5.219169 0.962360
v 1.761157 5.219169 0.442360
v 1.685385 5.204097 0.962360
v 1.685385 5.204097 0.442360
v 1.621150 5.161176 0.962360
v 1.621150 5.161176 0.442360
v 1.578229 5.096940 0.962360
v 1.578229 5.096940 0.442360
v 1.685385 4.483217 0.181161
v 1.761157 4.483217 0.181161
v 1.836928 4.483217 0.181161
v 1.685385 4.483217 0.442360
v 1.761157 4.483217 0.442360
v 1.836928 4.483217 0.442360
v 1.615070 4.483567 1.123561
v 1.681843 4.483567 1.123561
v 1.760608 4.483567 1.123561
v 1.839372 4.483567 1.123561
v 1.906145 4.483567 1.123561
v 1.950761 4.483567 1.123561
v 1.760608 4.483567 0.962360
v 1.839372 4.483567 0.962360
v 1.681843 4.483567 0.962360
v 1.906145 4.483567 0.962360
v 1.950761 4.483567 0.962360
v 1.615070 4.483567 0.962360
v 2.536928 4.483217 0.442360
v 2.536928 4.483217 0.181161
v 2.536928 4.833217 0.442360
v 2.536928 4.833217 0.181161
v 0.889907 5.016259 0.081161
v 0.889907 5.092031 0.081161
v 0.889907 5.016259 0.342360
v 0.889907 5.092031 0.342360
v 1.185385 4.833217 0.181161
v 1.185385 4.833217 0.442360
v 1.185385 4.483217 0.181161
v 1.185385 4.483217 0.442360
v 1.461156 4.481168 1.362360
v 1.461156 5.281169 1.362360
v 1.461156 4.481168 1.122360
v 1.461156 5.281169 1.122360
v 2.261156 4.481168 1.362360
v 2.261156 5.281169 1.362360
v 2.261156 4.481168 1.122360
v 2.261156 5.281169 1.122360
v 0.717030 4.487568 0.034638
v 0.805282 4.487568 0.034638
v 0.805282 5.214768 0.034638
v 0.717030 5.214768 0.034638
v 0.855622 4.487568 0.055490
v 0.918026 4.487568 0.117893
v 0.918026 5.214768 0.117893
v 0.855622 5.214768 0.055490
v 0.938878 4.487568 0.168234
v 0.938878 4.487568 0.256486
v 0.938878 5.214768 0.256486
v 0.938878 5.214768 0.168234
v 0.918026 4.487568 0.306827
v 0.855622 4.487568 0.369231
v 0.855622 5.214768 0.369231
v 0.918026 5.214768 0.306827
v 0.805282 4.487568 0.390083
v 0.717030 4.487568 0.390083
v 0.717030 5.214768 0.390083
v 0.805282 5.214768 0.390083
v 0.666689 4.487568 0.369231
v 0.604285 4.487568 0.306827
v 0.604285 5.214768 0.306827
v 0.666689 5.214768 0.369231
v 0.583433 4.487568 0.256486
v 0.583433 4.487568 0.168234
v 0.583433 5.214768 0.168234
v 0.583433 5.214768 0.256486
v 0.604285 4.487568 0.117893
v 0.666689 4.487568 0.055490
v 0.666689 5.214768 0.055490
v 0.604285 5.214768 0.117893
v -5.998529 5.230088 0.840547
v -6.097440 5.173013 0.916851
v -6.163532 5.134877 1.031048
v -6.186739 5.121485 1.165753
v -6.163532 5.134877 1.300457
v -6.097440 5.173013 1.414654
v -5.998529 5.230088 1.490958
v -5.881855 5.297413 1.517753
v -5.765182 5.364738 1.490958
v -5.666270 5.421812 1.414654
v -5.600181 5.459949 1.300457
v -5.576973 5.473339 1.165753
v -5.600181 5.459949 1.031048
v -5.666270 5.421812 0.916851
v -5.765182 5.364738 0.840547
v -5.881855 5.297413 0.813753
v -6.119480 5.439695 0.840547
v -6.218390 5.382621 0.916851
v -6.284481 5.344484 1.031048
v -6.307689 5.331093 1.165753
v -6.284481 5.344484 1.300457
v -6.218390 5.382621 1.414654
v -6.119480 5.439695 1.490958
v -6.002806 5.507020 1.517753
v -5.886131 5.574344 1.490957
v -5.787221 5.631419 1.414654
v -5.721130 5.669555 1.300457
v -5.697923 5.682947 1.165753
v -5.721130 5.669555 1.031048
v -5.787221 5.631419 0.916851
v -5.886131 5.574344 0.840547
v -6.002806 5.507020 0.813753
v -6.103376 5.436288 0.870111
v -6.193294 5.384401 0.939479
v -6.253376 5.349733 1.043294
v -6.274475 5.337558 1.165753
v -6.253376 5.349733 1.288211
v -6.193294 5.384401 1.392027
v -6.103376 5.436288 1.461394
v -5.997308 5.497492 1.485753
v -5.891240 5.558696 1.461393
v -5.801322 5.610582 1.392027
v -5.741240 5.645251 1.288211
v -5.720142 5.657426 1.165753
v -5.741240 5.645251 1.043293
v -5.801322 5.610582 0.939479
v -5.891240 5.558696 0.870111
v -5.997308 5.497492 0.845753
v -5.859964 5.308615 0.907585
v -6.327171 6.069148 0.845752
v -5.817286 5.333238 0.913858
v -6.221104 6.130352 0.870109
v -6.131186 6.182239 0.939478
v -6.071103 6.216908 1.043293
v -5.662718 5.422432 1.200714
v -6.050005 6.229081 1.165753
v -5.671208 5.417534 1.232248
v -6.071103 6.216908 1.288211
v -6.131186 6.182239 1.392027
v -6.221104 6.130352 1.461393
v -5.902534 5.284046 1.423920
v -6.327171 6.069148 1.485753
v -5.945213 5.259424 1.417647
v -6.433238 6.007944 1.461393
v -6.523157 5.956059 1.392027
v -6.583240 5.921389 1.288211
v -6.099780 5.170231 1.130791
v -6.604337 5.909215 1.165753
v -6.091292 5.175128 1.099257
v -6.583240 5.921389 1.043293
v -6.523157 5.956059 0.939479
v -6.433238 6.007944 0.870109
v -5.859964 5.308615 0.879396
v -5.802686 5.341661 0.887814
v -5.624565 5.444442 1.200714
v -5.635959 5.437870 1.243036
v -5.902534 5.284046 1.452109
v -5.959813 5.251000 1.443691
v -6.137933 5.148219 1.130791
v -6.126540 5.154792 1.088469
v -5.650230 4.945193 0.879396
v -5.592951 4.978239 0.887814
v -5.414830 5.081021 1.200714
v -5.426224 5.074448 1.243036
v -5.692800 4.920624 1.452109
v -5.750078 4.887579 1.443691
v -5.928198 4.784797 1.130791
v -5.916804 4.791370 1.088469
v -5.650230 4.945193 0.907585
v -5.607551 4.969816 0.913858
v -5.452983 5.059011 1.200714
v -5.461472 5.054112 1.232248
v -5.692800 4.920624 1.423920
v -5.735478 4.896002 1.417647
v -5.890045 4.806808 1.130791
v -5.881556 4.811707 1.099257
v -4.252521 4.542858 -0.647087
v -5.266770 5.697447 -0.623676
v -4.302410 4.492970 -0.492442
v -5.328336 5.635882 -0.432838
v -4.390348 4.405031 -0.376569
v -5.436855 5.527362 -0.289846
v -4.502948 4.292431 -0.317109
v -5.575808 5.388411 -0.216468
v -4.623065 4.172314 -0.323112
v -5.724039 5.240179 -0.223877
v -4.732415 4.062964 -0.393666
v -5.858981 5.105236 -0.310944
v -4.814350 3.981029 -0.518030
v -5.960093 5.004125 -0.464414
v -4.856395 3.938984 -0.677269
v -6.011978 4.952240 -0.660922
v -4.852150 3.943229 -0.847142
v -6.006739 4.957479 -0.870553
v -4.802261 3.993119 -1.001786
v -5.945174 5.019045 -1.061390
v -4.714322 4.081058 -1.117659
v -5.836654 5.127564 -1.204383
v -4.601724 4.193656 -1.177120
v -5.697702 5.266516 -1.277760
v -4.481605 4.313774 -1.171116
v -5.549471 5.414747 -1.270351
v -4.372255 4.423123 -1.100562
v -5.414528 5.549690 -1.183285
v -4.290321 4.505058 -0.976199
v -5.313417 5.650801 -1.029815
v -4.248275 4.547104 -0.816959
v -5.261531 5.702686 -0.833306
v -4.375947 4.683495 -0.432838
v -4.314382 4.745059 -0.623676
v -4.182351 4.613029 -0.623676
v -4.243917 4.551463 -0.432838
v -4.352436 4.442944 -0.289846
v -4.491388 4.303991 -0.216468
v -4.639619 4.155760 -0.223877
v -4.774562 4.020817 -0.310944
v -4.875673 3.919706 -0.464414
v -4.927558 3.867821 -0.660922
v -4.922320 3.873059 -0.870553
v -4.860754 3.934625 -1.061390
v -4.752235 4.043144 -1.204383
v -4.613282 4.182097 -1.277760
v -4.465051 4.330328 -1.270351
v -4.330109 4.465271 -1.183285
v -4.228998 4.566382 -1.029815
v -4.177112 4.618267 -0.833306
v -4.040930 4.471607 -0.623676
v -4.102495 4.410041 -0.432838
v -4.498198 4.014339 -0.223877
v -4.633141 3.879396 -0.310944
v -4.780898 3.731638 -0.870553
v -4.719333 3.793204 -1.061390
v -4.323630 4.188906 -1.270351
v -4.188687 4.323849 -1.183285
v -4.111099 4.401437 -0.647087
v -4.160989 4.351548 -0.492442
v -4.481644 4.030893 -0.323112
v -4.590994 3.921542 -0.393666
v -4.710729 3.801808 -0.847142
v -4.660839 3.851698 -1.001786
v -4.340184 4.172352 -1.171116
v -4.230834 4.281702 -1.100562
v -4.484467 4.574974 -0.289846
v -4.623419 4.436022 -0.216468
v -4.771650 4.287791 -0.223877
v -4.884266 4.175175 -1.204383
v -4.992785 4.066656 -1.061390
v -4.906593 4.152848 -0.310944
v -5.007704 4.051737 -0.464414
v -4.309143 4.750299 -0.833306
v -4.361029 4.698412 -1.029815
v -4.462139 4.597302 -1.183285
v -4.745314 4.314128 -1.277760
v -4.597082 4.462359 -1.270351
v -5.054351 4.005090 -0.870553
v -5.059590 3.999852 -0.660922
v -5.090435 5.521112 -0.623676
v -5.152000 5.459547 -0.432838
v -5.260520 5.351027 -0.289846
v -5.399472 5.212074 -0.216468
v -5.547703 5.063843 -0.223877
v -5.660319 4.951228 -1.204383
v -5.768838 4.842710 -1.061390
v -5.682646 4.928901 -0.310944
v -5.783757 4.827790 -0.464414
v -5.085196 5.526351 -0.833306
v -5.137081 5.474465 -1.029815
v -5.238193 5.373354 -1.183285
v -5.521366 5.090181 -1.277760
v -5.373135 5.238412 -1.270351
v -5.830403 4.781143 -0.870553
v -5.835642 4.775905 -0.660922
v -5.392948 5.218599 -0.703581
v -4.616895 4.442546 -0.703581
v -4.269145 4.790298 -1.058762
v -5.045198 5.566349 -1.058762
v -5.058531 5.553015 -0.579058
v -4.282478 4.776962 -0.579058
v -5.447616 4.387878 -0.660922
v -5.442377 4.393117 -0.870553
v -5.641629 4.581891 -0.660922
v -5.636390 4.587131 -0.870553
v -5.159677 4.675817 -0.223877
v -5.294620 4.540875 -0.310944
v -5.353690 4.869830 -0.223877
v -5.488632 4.734888 -0.310944
v -5.588949 4.246545 -0.667986
v -5.583710 4.251784 -0.877616
v -5.782962 4.440558 -0.667986
v -5.777723 4.445797 -0.877616
v -5.353320 4.482174 -0.128986
v -5.218377 4.617117 -0.041920
v -5.412391 4.811131 -0.041920
v -5.547333 4.676188 -0.128986
v -5.417945 5.848622 -0.623676
v -5.479510 5.787057 -0.432838
v -5.588030 5.678537 -0.289846
v -5.726982 5.539584 -0.216468
v -5.875213 5.391355 -0.223877
v -6.010156 5.256412 -0.310944
v -6.111267 5.155300 -0.464414
v -6.163152 5.103415 -0.660922
v -6.157914 5.108653 -0.870552
v -6.096348 5.170219 -1.061390
v -5.987829 5.278738 -1.204382
v -5.848876 5.417690 -1.277760
v -5.700645 5.565922 -1.270352
v -5.565703 5.700864 -1.183285
v -5.528846 5.681651 -0.950000
v -5.528846 5.725586 -0.843934
v -5.528846 5.737721 -1.127344
v -5.413538 5.853028 -0.800000
v -5.528846 5.737721 -0.838908
v -5.434916 5.831651 -0.800000
v -5.302119 5.681651 -0.950000
v -5.344267 5.681651 -1.029815
v -5.290043 5.725586 -0.843934
v -5.310088 5.751243 -0.833306
v -5.528846 5.681651 -1.169896
v -5.392161 5.831651 -0.800000
v 1.701154 5.181651 -1.400000
v 1.815959 5.181651 -1.377164
v 1.913286 5.181651 -1.312132
v 1.978318 5.181651 -1.214805
v 2.001154 5.181651 -1.100000
v 1.978318 5.181651 -0.985195
v 1.913286 5.181651 -0.887868
v 1.815959 5.181651 -0.822836
v 1.701154 5.181651 -0.800000
v 1.586349 5.181651 -0.822836
v 1.489022 5.181651 -0.887868
v 1.423990 5.181651 -0.985195
v 1.401154 5.181651 -1.100000
v 1.423990 5.181651 -1.214805
v 1.489022 5.181651 -1.312132
v 1.586349 5.181651 -1.377164
v 1.701154 4.981651 -1.400000
v 1.815959 4.981651 -1.377164
v 1.913286 4.981651 -1.312132
v 1.978318 4.981651 -1.214805
v 2.001154 4.981651 -1.100000
v 1.978318 4.981651 -0.985195
v 1.913286 4.981651 -0.887868
v 1.815959 4.981651 -0.822836
v 1.701154 4.981651 -0.800000
v 1.586349 4.981651 -0.822836
v 1.489022 4.981651 -0.887868
v 1.423990 4.981651 -0.985195
v 1.401154 4.981651 -1.100000
v 1.423990 4.981651 -1.214805
v 1.489022 4.981651 -1.312132
v 1.586349 4.981651 -1.377164
v 1.701154 4.481650 -1.400000
v 1.815959 4.481650 -1.377164
v 1.913286 4.481650 -1.312132
v 1.978318 4.481650 -1.214805
v 2.001154 4.481650 -1.100000
v 1.978318 4.481650 -0.985195
v 1.913286 4.481650 -0.887868
v 1.815959 4.481650 -0.822836
v 1.701154 4.481650 -0.800000
v 1.586349 4.481650 -0.822836
v 1.489022 4.481650 -0.887868
v 1.423990 4.481650 -0.985195
v 1.401154 4.481650 -1.100000
v 1.423990 4.481650 -1.214805
v 1.489022 4.481650 -1.312132
v 1.586349 4.481650 -1.377164
v 1.701154 4.981651 -1.400000
v 1.815959 4.981651 -1.377164
v 1.913286 4.981651 -1.312132
v 1.978318 4.981651 -1.214805
v 2.001154 4.981651 -1.100000
v 1.978318 4.981651 -0.985195
v 1.913286 4.981651 -0.887868
v 1.815959 4.981651 -0.822836
v 1.701154 4.981651 -0.800000
v 1.586349 4.981651 -0.822836
v 1.489022 4.981651 -0.887868
v 1.423990 4.981651 -0.985195
v 1.401154 4.981651 -1.100000
v 1.423990 4.981651 -1.214805
v 1.489022 4.981651 -1.312132
v 1.586349 4.981651 -1.377164
v 1.873361 5.106651 -1.515746
v 1.873361 4.486652 -1.515746
v 2.019352 4.486652 -1.418198
v 2.019352 5.106651 -1.418198
v 2.116900 5.106651 -0.927793
v 2.116900 4.486652 -0.927793
v 2.019352 4.486652 -0.781802
v 2.019352 5.106651 -0.781802
v 1.528946 5.106651 -0.684254
v 1.528946 4.486652 -0.684254
v 1.382956 4.486652 -0.781802
v 1.382956 5.106651 -0.781802
v 1.285408 5.106651 -1.272208
v 1.285408 4.486652 -1.272208
v 1.382956 4.486652 -1.418198
v 1.382956 5.106651 -1.418198
v 1.959465 5.101651 -1.723619
v 1.959465 4.481651 -1.723619
v 2.178451 4.481651 -1.577297
v 2.178451 5.101651 -1.577297
v 2.324772 5.101651 -0.841689
v 2.324772 4.481651 -0.841689
v 2.178451 4.481651 -0.622703
v 2.178451 5.101651 -0.622703
v 1.442843 5.101651 -0.476382
v 1.442843 4.481651 -0.476382
v 1.223857 4.481651 -0.622703
v 1.223857 5.101651 -0.622703
v 1.077535 5.101651 -1.358312
v 1.077535 4.481651 -1.358311
v 1.223857 4.481651 -1.577297
v 1.223857 5.101651 -1.577297
v 1.815959 4.656651 -1.377164
v 1.913286 4.656651 -1.312132
v 1.978318 4.656651 -1.214805
v 2.001154 4.656651 -1.100000
v 1.978318 4.656651 -0.985195
v 1.913286 4.656651 -0.887868
v 1.815959 4.656651 -0.822836
v 1.701154 4.656651 -0.800000
v 1.586349 4.656651 -0.822836
v 1.489022 4.656651 -0.887868
v 1.423990 4.656651 -0.985195
v 1.401154 4.656651 -1.100000
v 1.423990 4.656651 -1.214805
v 1.489022 4.656651 -1.312132
v 1.586349 4.656651 -1.377164
v 1.701154 4.656651 -1.400000
v 1.873361 4.703652 -1.515746
v 2.019352 4.703652 -1.418198
v 2.116900 4.703652 -0.927793
v 2.019352 4.703652 -0.781802
v 1.528946 4.703652 -0.684254
v 1.382956 4.703652 -0.781802
v 1.285408 4.703652 -1.272208
v 1.382956 4.703652 -1.418198
v 1.959465 4.698651 -1.723619
v 2.178451 4.698651 -1.577297
v 2.324772 4.698651 -0.841689
v 2.178451 4.698651 -0.622703
v 1.442843 4.698651 -0.476382
v 1.223857 4.698651 -0.622703
v 1.077535 4.698651 -1.358312
v 1.223857 4.698651 -1.577297
vt 0.392537 0.758622
vt 0.291720 0.768847
vt 0.291720 0.758622
vt 0.392537 0.732610
vt 0.291720 0.742835
vt 0.291720 0.732610
vt 0.291720 0.862667
vt 0.392537 0.872892
vt 0.291720 0.872892
vt 0.392537 0.784633
vt 0.291720 0.794858
vt 0.291720 0.784633
vt 0.004109 0.663742
vt 0.493790 0.674512
vt 0.004109 0.674513
vt 0.004109 0.651898
vt 0.493789 0.641126
vt 0.493789 0.651898
vt 0.004109 0.537759
vt 0.493789 0.526988
vt 0.493789 0.537760
vt 0.392537 0.836656
vt 0.291720 0.846881
vt 0.291720 0.836656
vt 0.392537 0.810645
vt 0.291720 0.820869
vt 0.291720 0.810645
vt 0.301302 0.471804
vt 0.277569 0.472260
vt 0.301228 0.467929
vt 0.493790 0.515146
vt 0.004109 0.504372
vt 0.493790 0.504375
vt 0.004109 0.595542
vt 0.493789 0.606314
vt 0.004109 0.606313
vt 0.004109 0.481403
vt 0.493790 0.492177
vt 0.004109 0.492174
vt 0.004109 0.686711
vt 0.493790 0.697482
vt 0.004109 0.697482
vt 0.004109 0.549958
vt 0.493789 0.560730
vt 0.004109 0.560729
vt 0.004109 0.572572
vt 0.493789 0.583344
vt 0.004109 0.583344
vt 0.420326 0.471597
vt 0.396522 0.471638
vt 0.404816 0.464764
vt 0.444129 0.471970
vt 0.420320 0.467710
vt 0.420388 0.467710
vt 0.372717 0.471679
vt 0.388029 0.456329
vt 0.396500 0.459428
vt 0.253836 0.472716
vt 0.254995 0.444777
vt 0.491733 0.472716
vt 0.468369 0.444389
vt 0.468865 0.444363
vt 0.348912 0.471721
vt 0.333620 0.456424
vt 0.347162 0.443733
vt 0.467931 0.472343
vt 0.444320 0.459761
vt 0.452834 0.456781
vt 0.372177 0.443689
vt 0.372668 0.443722
vt 0.325107 0.471763
vt 0.301295 0.467917
vt 0.317254 0.464917
vt 0.165313 0.795121
vt 0.288084 0.787174
vt 0.288084 0.795121
vt 0.165313 0.820827
vt 0.288084 0.812880
vt 0.288084 0.820827
vt 0.288084 0.846533
vt 0.165313 0.838586
vt 0.288084 0.838586
vt 0.165313 0.769414
vt 0.288084 0.761467
vt 0.288084 0.769415
vt 0.165313 0.872239
vt 0.288084 0.864292
vt 0.288084 0.872239
vt 0.165313 0.743708
vt 0.288084 0.735761
vt 0.288084 0.743708
vt 0.392537 0.820869
vt 0.392537 0.768847
vt 0.392537 0.846881
vt 0.392537 0.862667
vt 0.392537 0.794858
vt 0.392537 0.742835
vt 0.291720 0.716824
vt 0.392537 0.716824
vt 0.288084 0.718002
vt 0.165313 0.735761
vt 0.165313 0.718002
vt 0.165313 0.787173
vt 0.165313 0.864292
vt 0.165313 0.846533
vt 0.165313 0.761467
vt 0.165313 0.812880
vt 0.186087 0.946254
vt 0.195229 0.940309
vt 0.202907 0.953608
vt 0.252466 0.946254
vt 0.243325 0.940309
vt 0.252466 0.924328
vt 0.241683 0.945015
vt 0.246393 0.958634
vt 0.237762 0.951806
vt 0.192634 0.914851
vt 0.213994 0.902519
vt 0.215593 0.913407
vt 0.251912 0.949076
vt 0.251912 0.924410
vt 0.004109 0.709326
vt 0.004109 0.618157
vt 0.004109 0.515144
vt 0.004109 0.526988
vt 0.493789 0.628928
vt 0.004109 0.641127
vt 0.004109 0.628928
vt 0.186087 0.924328
vt 0.193188 0.912029
vt 0.202907 0.916974
vt 0.235647 0.953608
vt 0.226377 0.969515
vt 0.226955 0.958626
vt 0.245366 0.958552
vt 0.226377 0.901067
vt 0.245366 0.912029
vt 0.235647 0.916974
vt 0.243325 0.930273
vt 0.226955 0.911955
vt 0.211599 0.958626
vt 0.211599 0.911955
vt 0.212176 0.969515
vt 0.212176 0.901067
vt 0.193188 0.958552
vt 0.195229 0.930273
vt 0.225032 0.970967
vt 0.225032 0.902519
vt 0.246393 0.914851
vt 0.237762 0.921680
vt 0.241682 0.928470
vt 0.223434 0.960078
vt 0.223434 0.913407
vt 0.213994 0.970967
vt 0.215593 0.960078
vt 0.201264 0.921680
vt 0.201264 0.951806
vt 0.192634 0.958634
vt 0.197344 0.928470
vt 0.197344 0.945015
vt 0.187115 0.924410
vt 0.187115 0.949075
vt 0.493790 0.663740
vt 0.493789 0.595542
vt 0.493790 0.481405
vt 0.493790 0.686710
vt 0.493789 0.549958
vt 0.493789 0.572572
vt 0.493790 0.709324
vt 0.493789 0.618156
vt 0.155895 0.173063
vt 0.160594 0.183837
vt 0.155895 0.182902
vt 0.126244 0.153251
vt 0.137017 0.148552
vt 0.136083 0.153251
vt 0.152130 0.191992
vt 0.156113 0.194654
vt 0.106431 0.173063
vt 0.101732 0.183837
vt 0.101732 0.172128
vt 0.117154 0.198949
vt 0.125309 0.207413
vt 0.114492 0.202933
vt 0.110196 0.163973
vt 0.106213 0.161311
vt 0.145172 0.157016
vt 0.156113 0.161311
vt 0.152130 0.163973
vt 0.145172 0.198949
vt 0.147834 0.202933
vt 0.147834 0.153032
vt 0.117154 0.157016
vt 0.114492 0.153032
vt 0.110196 0.191992
vt 0.106213 0.194654
vt 0.137017 0.207413
vt 0.136083 0.202714
vt 0.160594 0.172128
vt 0.125309 0.148552
vt 0.106431 0.182902
vt 0.126244 0.202714
vt 0.065109 0.422735
vt 0.005089 0.404337
vt 0.065109 0.404337
vt 0.069165 0.223033
vt 0.078882 0.228850
vt 0.076601 0.237444
vt 0.065109 0.275545
vt 0.005089 0.257147
vt 0.065109 0.257147
vt 0.005089 0.385938
vt 0.065109 0.385938
vt 0.005089 0.238748
vt 0.065109 0.238748
vt 0.005089 0.367539
vt 0.065109 0.367539
vt 0.065109 0.220349
vt 0.005089 0.220349
vt 0.005089 0.349140
vt 0.065109 0.349140
vt 0.005089 0.201950
vt 0.065109 0.201950
vt 0.005089 0.330742
vt 0.065109 0.330742
vt 0.065109 0.183551
vt 0.005089 0.165153
vt 0.065109 0.165153
vt 0.005089 0.183551
vt 0.065109 0.312343
vt 0.005089 0.312343
vt 0.065109 0.146754
vt 0.005089 0.146754
vt 0.005089 0.293944
vt 0.065109 0.293944
vt 0.005089 0.441134
vt 0.005089 0.422736
vt 0.005089 0.275545
vt 0.092451 0.231988
vt 0.105912 0.228122
vt 0.098203 0.235831
vt 0.102069 0.222370
vt 0.115985 0.223949
vt 0.114636 0.217164
vt 0.126888 0.223949
vt 0.128238 0.217164
vt 0.136961 0.228122
vt 0.140805 0.222370
vt 0.144671 0.235831
vt 0.150423 0.231988
vt 0.148843 0.245904
vt 0.155629 0.244555
vt 0.148843 0.256807
vt 0.150423 0.270724
vt 0.155629 0.258157
vt 0.140805 0.280342
vt 0.144671 0.266880
vt 0.128238 0.285548
vt 0.136961 0.274590
vt 0.114636 0.285548
vt 0.126888 0.278762
vt 0.102069 0.280342
vt 0.115985 0.278762
vt 0.092451 0.270724
vt 0.105912 0.274590
vt 0.087245 0.258157
vt 0.098203 0.266880
vt 0.087245 0.244555
vt 0.094030 0.256807
vt 0.094030 0.245904
vt 0.072517 0.356599
vt 0.082846 0.361387
vt 0.081476 0.370220
vt 0.069343 0.256321
vt 0.071036 0.255772
vt 0.070870 0.256310
vt 0.077810 0.406516
vt 0.076216 0.389861
vt 0.077744 0.389714
vt 0.081111 0.372670
vt 0.077851 0.389132
vt 0.075382 0.270976
vt 0.075977 0.272919
vt 0.079480 0.423165
vt 0.084560 0.405666
vt 0.088581 0.416250
vt 0.069082 0.289787
vt 0.078861 0.283868
vt 0.084598 0.289151
vt 0.072759 0.156585
vt 0.093745 0.167033
vt 0.097844 0.174628
vt 0.069244 0.306520
vt 0.091168 0.298013
vt 0.071168 0.173154
vt 0.099039 0.181551
vt 0.100535 0.191410
vt 0.069844 0.323242
vt 0.096069 0.305172
vt 0.097997 0.311967
vt 0.070012 0.189758
vt 0.098664 0.197976
vt 0.096049 0.207804
vt 0.070961 0.339938
vt 0.100535 0.321666
vt 0.099359 0.328428
vt 0.069370 0.206390
vt 0.089136 0.217216
vt 0.084596 0.223706
vt 0.097784 0.338530
vt 0.091868 0.348671
vt 0.196142 0.175568
vt 0.164234 0.155566
vt 0.196143 0.155566
vt 0.114432 0.319400
vt 0.164234 0.355584
vt 0.133454 0.377947
vt 0.196143 0.235573
vt 0.164234 0.215571
vt 0.196143 0.215571
vt 0.196143 0.295579
vt 0.180188 0.275577
vt 0.196143 0.275577
vt 0.196143 0.355584
vt 0.164234 0.335582
vt 0.196143 0.335582
vt 0.196143 0.195570
vt 0.164234 0.195570
vt 0.196143 0.255575
vt 0.164234 0.255575
vt 0.196143 0.315581
vt 0.164234 0.315581
vt 0.164234 0.175568
vt 0.164234 0.235573
vt 0.180188 0.295579
vt 0.200912 0.003544
vt 0.181279 0.142712
vt 0.181279 0.003544
vt 0.024216 0.142712
vt 0.004584 0.003544
vt 0.024216 0.003544
vt 0.043849 0.142712
vt 0.043849 0.003544
vt 0.063482 0.142712
vt 0.063482 0.003544
vt 0.083115 0.142712
vt 0.083115 0.003544
vt 0.102748 0.142712
vt 0.102748 0.003544
vt 0.122381 0.142712
vt 0.122381 0.003544
vt 0.142013 0.142712
vt 0.142013 0.003544
vt 0.161646 0.142712
vt 0.161646 0.003544
vt 0.164234 0.275577
vt 0.164234 0.295579
vt 0.169251 0.290562
vt 0.169251 0.280593
vt 0.175172 0.280593
vt 0.175172 0.290562
vt 0.665727 0.005684
vt 0.611350 0.091520
vt 0.611350 0.005684
vt 0.918102 0.331582
vt 0.678715 0.342299
vt 0.693452 0.262047
vt 0.897260 0.091520
vt 0.693452 0.005684
vt 0.897260 0.005684
vt 0.672611 0.106677
vt 0.911997 0.095960
vt 0.897260 0.176212
vt 0.979363 0.091520
vt 0.924986 0.005684
vt 0.979363 0.005684
vt 0.912652 0.262047
vt 0.897260 0.262047
vt 0.991697 0.091520
vt 0.991697 0.005684
vt 0.912652 0.091520
vt 0.912652 0.005684
vt 0.924986 0.091520
vt 0.678061 0.176211
vt 0.693452 0.176211
vt 0.599016 0.005684
vt 0.599016 0.091520
vt 0.678061 0.091520
vt 0.678061 0.005684
vt 0.258875 0.357840
vt 0.285331 0.408386
vt 0.258875 0.408386
vt 0.285331 0.357840
vt 0.311786 0.408386
vt 0.311786 0.357840
vt 0.338242 0.408386
vt 0.338242 0.357840
vt 0.364697 0.408386
vt 0.364697 0.357840
vt 0.391153 0.408386
vt 0.391153 0.357840
vt 0.417608 0.408386
vt 0.444064 0.357840
vt 0.444064 0.408386
vt 0.470519 0.357840
vt 0.470519 0.408386
vt 0.496975 0.408386
vt 0.523431 0.357839
vt 0.523431 0.408386
vt 0.924365 0.100143
vt 0.955999 0.121907
vt 0.924365 0.121907
vt 0.205964 0.357839
vt 0.232419 0.408386
vt 0.205964 0.408386
vt 0.232420 0.357840
vt 0.883271 0.568775
vt 0.921231 0.492855
vt 0.921231 0.568775
vt 0.883271 0.492855
vt 0.921231 0.442241
vt 0.883271 0.619389
vt 0.921231 0.619389
vt 0.832657 0.568775
vt 0.832657 0.492855
vt 0.984498 0.492855
vt 0.959192 0.442241
vt 0.959192 0.619389
vt 0.589823 0.263610
vt 0.559994 0.263709
vt 0.570975 0.252729
vt 0.615606 0.278610
vt 0.585804 0.278610
vt 0.630434 0.252728
vt 0.611586 0.263610
vt 0.656316 0.237900
vt 0.641415 0.263709
vt 0.641316 0.212117
vt 0.641316 0.233880
vt 0.630434 0.193269
vt 0.656316 0.208098
vt 0.615605 0.167388
vt 0.641415 0.182288
vt 0.589823 0.182388
vt 0.611586 0.182388
vt 0.570975 0.193269
vt 0.585803 0.167388
vt 0.545093 0.208098
vt 0.559994 0.182289
vt 0.560093 0.212117
vt 0.545093 0.237900
vt 0.560093 0.233881
vt 0.924365 0.143670
vt 0.955999 0.165434
vt 0.924365 0.165434
vt 0.924365 0.296015
vt 0.955999 0.317778
vt 0.924365 0.317778
vt 0.924365 0.230724
vt 0.955999 0.252488
vt 0.924365 0.252488
vt 0.955999 0.143670
vt 0.955999 0.187197
vt 0.924365 0.187197
vt 0.955999 0.339542
vt 0.924365 0.339542
vt 0.955999 0.274251
vt 0.924365 0.274251
vt 0.955998 0.208961
vt 0.924365 0.208961
vt 0.955999 0.361305
vt 0.924365 0.361305
vt 0.955999 0.296015
vt 0.955998 0.230724
vt 0.541738 0.087194
vt 0.588977 0.039021
vt 0.588977 0.087194
vt 0.541738 0.039021
vt 0.588977 -0.000747
vt 0.541572 0.087669
vt 0.588812 0.039497
vt 0.588812 0.087669
vt 0.541572 0.127438
vt 0.541572 0.039497
vt 0.588812 -0.000272
vt 0.541738 0.126962
vt 0.466339 0.122937
vt 0.408615 0.105003
vt 0.421944 0.097306
vt 0.524066 0.105004
vt 0.466340 0.138329
vt 0.408617 0.038349
vt 0.421947 0.046045
vt 0.510736 0.097309
vt 0.524066 0.038350
vt 0.315163 0.413381
vt 0.242367 0.346737
vt 0.315163 0.346737
vt 0.315163 0.146804
vt 0.242367 0.080160
vt 0.315163 0.080160
vt 0.315163 0.280093
vt 0.242367 0.213449
vt 0.315163 0.213449
vt 0.315163 0.013516
vt 0.242367 0.013516
vt 0.242367 0.280093
vt 0.242367 0.146804
vt 0.466342 0.020415
vt 0.466342 0.005023
vt 0.468574 0.380887
vt 0.395853 0.506845
vt 0.323131 0.380887
vt 0.510737 0.046047
vt 0.486496 0.626068
vt 0.480132 0.990685
vt 0.480132 0.626068
vt 0.511954 0.626046
vt 0.505589 0.990662
vt 0.505589 0.626045
vt 0.499225 0.626057
vt 0.492861 0.990673
vt 0.492861 0.626056
vt 0.448311 0.626102
vt 0.441946 0.990718
vt 0.441946 0.626102
vt 0.473768 0.626079
vt 0.467403 0.990696
vt 0.467403 0.626079
vt 0.435582 0.626113
vt 0.429218 0.990730
vt 0.429218 0.626113
vt 0.564851 0.531597
vt 0.586265 0.498749
vt 0.619113 0.520163
vt 0.461039 0.626091
vt 0.454675 0.990707
vt 0.454675 0.626090
vt 0.486496 0.990685
vt 0.422853 0.626124
vt 0.410125 0.626136
vt 0.416489 0.990741
vt 0.410125 0.990752
vt 0.448311 0.990719
vt 0.473768 0.990696
vt 0.416489 0.626124
vt 0.391310 0.910403
vt 0.354254 0.987590
vt 0.346175 0.907063
vt 0.470647 0.909563
vt 0.392204 0.994918
vt 0.837308 0.139058
vt 0.800775 0.057390
vt 0.837308 0.001534
vt 0.892731 0.669393
vt 0.813291 0.722828
vt 0.807900 0.659726
vt 0.908246 0.926509
vt 0.972668 0.988069
vt 0.908246 0.988069
vt 0.604479 0.528444
vt 0.695349 0.540291
vt 0.600238 0.545692
vt 0.693094 0.560009
vt 0.595616 0.565545
vt 0.691351 0.579698
vt 0.591867 0.585348
vt 0.690555 0.599334
vt 0.589730 0.605059
vt 0.690995 0.618899
vt 0.589699 0.624651
vt 0.591948 0.644114
vt 0.692773 0.638388
vt 0.596303 0.663456
vt 0.695787 0.657807
vt 0.598466 0.670437
vt 0.697223 0.664829
vt 0.972668 0.900864
vt 0.972668 0.926509
vt 0.491709 0.989673
vt 0.471541 0.994078
vt 0.122729 0.877190
vt 0.166807 0.785207
vt 0.166807 0.877190
vt 0.864167 0.926509
vt 0.864167 0.988069
vt 0.033102 0.872462
vt 0.097524 0.780480
vt 0.097524 0.872462
vt 0.122729 0.785207
vt 0.007897 0.785207
vt 0.007897 0.877190
vt 0.478816 0.715652
vt 0.627495 0.697245
vt 0.627445 0.715285
vt 0.296707 0.149042
vt 0.383974 0.092318
vt 0.383974 0.149042
vt 0.296707 0.092318
vt 0.198531 0.005051
vt 0.296707 0.005051
vt 0.296707 0.205765
vt 0.198531 0.149042
vt 0.296707 0.286488
vt 0.198531 0.205765
vt 0.296707 0.345393
vt 0.198531 0.286488
vt 0.296707 0.480657
vt 0.198531 0.413025
vt 0.296707 0.413025
vt 0.383974 0.480657
vt 0.482150 0.512292
vt 0.383974 0.512292
vt 0.383974 0.345393
vt 0.383974 0.413025
vt 0.383974 0.286488
vt 0.383974 0.205766
vt 0.198531 0.092318
vt 0.198531 0.600142
vt 0.296707 0.572346
vt 0.296707 0.600142
vt 0.349067 0.555925
vt 0.198531 0.480657
vt 0.013088 0.092318
vt 0.100356 0.149042
vt 0.013088 0.149042
vt 0.980486 0.820928
vt 0.994048 0.902303
vt 0.980486 0.902303
vt 0.100356 0.092318
vt 0.100356 0.005051
vt 0.100356 0.205765
vt 0.100356 0.286488
vt 0.100356 0.345393
vt 0.100355 0.480657
vt 0.100355 0.413025
vt 0.580325 0.480657
vt 0.580325 0.512292
vt 0.013088 0.413025
vt 0.056721 0.412263
vt 0.013088 0.286488
vt 0.013088 0.345393
vt 0.013088 0.205765
vt 0.837625 0.500712
vt 0.799650 0.415268
vt 0.837625 0.415268
vt 0.023312 0.543145
vt 0.013088 0.512292
vt 0.149443 0.572346
vt 0.100355 0.572346
vt 0.198531 0.632645
vt 0.100355 0.632645
vt 0.416699 0.148686
vt 0.482150 0.092318
vt 0.482150 0.148686
vt 0.416699 0.205766
vt 0.416699 0.286488
vt 0.416699 0.345393
vt 0.416699 0.447932
vt 0.416699 0.396663
vt 0.482150 0.480657
vt 0.547600 0.148686
vt 0.580325 0.092318
vt 0.547600 0.205766
vt 0.580325 0.149042
vt 0.580325 0.205766
vt 0.580325 0.286488
vt 0.547600 0.286488
vt 0.580325 0.345393
vt 0.547600 0.345393
vt 0.547600 0.396663
vt 0.580325 0.413025
vt 0.547600 0.447932
vt 0.482150 0.447932
vt 0.433026 0.213139
vt 0.481851 0.213139
vt 0.530677 0.251385
vt 0.994048 0.983678
vt 0.980486 0.983678
vt 0.424889 0.393792
vt 0.433027 0.436372
vt 0.424889 0.436372
vt 0.538814 0.436372
vt 0.530676 0.393792
vt 0.538814 0.393792
vt 0.424889 0.333574
vt 0.433026 0.393792
vt 0.530676 0.333574
vt 0.538814 0.333574
vt 0.424889 0.289632
vt 0.433026 0.333574
vt 0.530677 0.289632
vt 0.538814 0.289632
vt 0.424889 0.213139
vt 0.433026 0.251385
vt 0.424889 0.251385
vt 0.538814 0.251385
vt 0.481851 0.205002
vt 0.433026 0.205002
vt 0.530677 0.205002
vt 0.530677 0.213139
vt 0.538814 0.213139
vt 0.433026 0.289632
vt 0.433026 0.436372
vt 0.013088 0.480657
vt 0.198531 0.345393
vt 0.100356 0.361756
vt 0.198531 0.396663
vt 0.424802 0.886410
vt 0.464277 0.886410
vt 0.455337 0.895350
vt 0.503752 0.856240
vt 0.494812 0.895350
vt 0.385326 0.886410
vt 0.424802 0.826071
vt 0.415862 0.895350
vt 0.464277 0.786596
vt 0.503752 0.826071
vt 0.464277 0.826071
vt 0.345851 0.886410
vt 0.376386 0.895350
vt 0.662199 0.966832
vt 0.680356 0.966832
vt 0.671278 0.982557
vt 0.613029 0.966832
vt 0.631186 0.966832
vt 0.622107 0.982557
vt 0.563858 0.966832
vt 0.582015 0.966833
vt 0.572937 0.982557
vt 0.514688 0.966833
vt 0.532845 0.966832
vt 0.523766 0.982557
vt 0.464277 0.856240
vt 0.345851 0.856240
vt 0.385326 0.826071
vt 0.815814 0.940444
vt 0.763091 0.961059
vt 0.763091 0.940444
vt 0.810277 0.994344
vt 0.763091 0.988807
vt 0.815814 0.961059
vt 0.768317 0.219865
vt 0.744250 0.213401
vt 0.750715 0.158314
vt 0.742476 0.988807
vt 0.757553 0.994344
vt 0.777890 0.418041
vt 0.754042 0.427535
vt 0.754042 0.418041
vt 0.149443 0.600142
vt 0.790157 0.367800
vt 0.741775 0.405775
vt 0.741775 0.367800
vt 0.741775 0.548181
vt 0.790157 0.510206
vt 0.790157 0.548181
vt 0.694306 0.415268
vt 0.732282 0.500712
vt 0.694306 0.500712
vt 0.836429 0.988806
vt 0.821351 0.994344
vt 0.051925 0.701531
vt 0.069241 0.708806
vt 0.062141 0.711747
vt 0.062141 0.740588
vt 0.054866 0.757903
vt 0.051925 0.750803
vt 0.012868 0.740588
vt 0.020143 0.757903
vt 0.005768 0.743529
vt 0.023084 0.701531
vt 0.005768 0.708805
vt 0.020143 0.694431
vt 0.054866 0.694431
vt 0.069241 0.743529
vt 0.023084 0.750803
vt 0.012868 0.711746
vt 0.744548 0.488445
vt 0.732282 0.415268
vt 0.744548 0.427535
vt 0.787384 0.488445
vt 0.799650 0.500712
vt 0.790157 0.405775
vt 0.777890 0.497939
vt 0.741775 0.510206
vt 0.754042 0.497939
vt 0.754042 0.488445
vt 0.777890 0.488445
vt 0.777890 0.427535
vt 0.787384 0.427535
vt 0.085764 0.014738
vt 0.076632 0.047932
vt 0.054516 0.039971
vt 0.888628 0.532791
vt 0.905351 0.476252
vt 0.905351 0.532791
vt 0.345735 0.676943
vt 0.361767 0.642446
vt 0.362175 0.676748
vt 0.871906 0.476252
vt 0.888628 0.476252
vt 0.378614 0.676552
vt 0.378206 0.642250
vt 0.854555 0.532791
vt 0.871906 0.532791
vt 0.184358 0.688194
vt 0.099498 0.679872
vt 0.197782 0.678703
vt 0.533212 0.193759
vt 0.523167 0.161026
vt 0.533212 0.161026
vt 0.376586 0.582683
vt 0.460879 0.569833
vt 0.461137 0.579324
vt 0.523167 0.193759
vt 0.513485 0.161026
vt 0.170689 0.718359
vt 0.100123 0.703568
vt 0.174518 0.702128
vt 0.213813 0.644205
vt 0.214221 0.678507
vt 0.503804 0.161026
vt 0.494123 0.193759
vt 0.494123 0.161026
vt 0.230253 0.644010
vt 0.230661 0.678312
vt 0.484441 0.161026
vt 0.246692 0.643814
vt 0.247100 0.678117
vt 0.484441 0.193759
vt 0.474760 0.161026
vt 0.263539 0.677921
vt 0.263131 0.643619
vt 0.474760 0.193759
vt 0.465078 0.161026
vt 0.279571 0.643423
vt 0.279978 0.677725
vt 0.455397 0.193759
vt 0.455397 0.161026
vt 0.296010 0.643228
vt 0.296418 0.677530
vt 0.445715 0.193759
vt 0.312857 0.677334
vt 0.312449 0.643032
vt 0.020014 0.685762
vt 0.019128 0.634840
vt 0.062707 0.643508
vt 0.436034 0.161026
vt 0.445715 0.161026
vt 0.329296 0.677139
vt 0.328888 0.642837
vt 0.595360 0.341931
vt 0.623385 0.411622
vt 0.595352 0.415782
vt 0.345327 0.642641
vt 0.243926 0.686624
vt 0.245496 0.746192
vt 0.317020 0.584303
vt 0.011122 0.614799
vt 0.054702 0.571220
vt 0.063370 0.614799
vt 0.387157 0.596071
vt 0.461523 0.593529
vt 0.391850 0.612074
vt 0.461979 0.610284
vt 0.463229 0.675546
vt 0.101006 0.737080
vt 0.100564 0.720324
vt 0.099748 0.689363
vt 0.388034 0.628308
vt 0.462820 0.641244
vt 0.462434 0.627039
vt 0.175368 0.734366
vt 0.101380 0.751284
vt 0.513486 0.193759
vt 0.503804 0.193759
vt 0.587131 0.415722
vt 0.587148 0.340253
vt 0.623393 0.337771
vt 0.631606 0.411563
vt 0.659652 0.340169
vt 0.631606 0.336094
vt 0.099090 0.645569
vt 0.197374 0.644401
vt 0.133057 0.903186
vt 0.153401 0.987274
vt 0.133057 0.987274
vt 0.010995 0.987274
vt 0.010995 0.903186
vt 0.795126 0.030185
vt 0.779041 0.007122
vt 0.770311 0.001534
vt 0.801525 0.139058
vt 0.795126 0.084595
vt 0.705491 0.139058
vt 0.726571 0.128479
vt 0.754968 0.123068
vt 0.779041 0.107658
vt 0.701970 0.123065
vt 0.900025 0.605386
vt 0.815194 0.595718
vt 0.530677 0.436372
vt 0.155728 0.259891
vt 0.011634 0.287151
vt 0.011635 0.259891
vt 0.155728 0.287150
vt 0.011635 0.314410
vt 0.155728 0.314410
vt 0.011635 0.341669
vt 0.155728 0.368929
vt 0.011635 0.368929
vt 0.011635 0.396188
vt 0.155728 0.423447
vt 0.011635 0.423447
vt 0.155728 0.450707
vt 0.011635 0.450707
vt 0.155728 0.014557
vt 0.011635 0.041816
vt 0.011635 0.014556
vt 0.155728 0.041816
vt 0.011635 0.069076
vt 0.155728 0.096335
vt 0.011635 0.096335
vt 0.011635 0.123594
vt 0.155728 0.123594
vt 0.011635 0.150854
vt 0.155728 0.150854
vt 0.011634 0.178113
vt 0.155728 0.205372
vt 0.011635 0.205372
vt 0.120784 0.707421
vt 0.075041 0.775880
vt 0.006583 0.730138
vt 0.011634 0.232632
vt 0.054419 0.596423
vt 0.063324 0.641192
vt 0.018555 0.650097
vt 0.645962 0.300180
vt 0.677706 0.273478
vt 0.677706 0.300180
vt 0.677706 0.246777
vt 0.645962 0.220075
vt 0.677706 0.220075
vt 0.645961 0.193374
vt 0.677706 0.193374
vt 0.645961 0.620598
vt 0.677706 0.593896
vt 0.677706 0.620598
vt 0.645962 0.593896
vt 0.677706 0.567195
vt 0.841181 0.540493
vt 0.817412 0.567195
vt 0.817412 0.540493
vt 0.677706 0.460389
vt 0.645962 0.433687
vt 0.677706 0.433687
vt 0.645962 0.567195
vt 0.645962 0.540493
vt 0.645962 0.326881
vt 0.677706 0.326881
vt 0.444899 0.504076
vt 0.509510 0.491224
vt 0.522362 0.555835
vt 0.645962 0.273478
vt 0.645962 0.246777
vt 0.444899 0.555835
vt 0.451694 0.577752
vt 0.435834 0.561892
vt 0.427251 0.541170
vt 0.437943 0.539043
vt 0.427251 0.518741
vt 0.437943 0.520868
vt 0.457751 0.491224
vt 0.435834 0.498019
vt 0.451694 0.482159
vt 0.472416 0.473576
vt 0.474543 0.484268
vt 0.492718 0.484268
vt 0.494845 0.473576
vt 0.531427 0.498019
vt 0.522362 0.504076
vt 0.529317 0.520868
vt 0.540010 0.518741
vt 0.529317 0.539043
vt 0.540010 0.541170
vt 0.509510 0.568687
vt 0.531427 0.561892
vt 0.515567 0.577752
vt 0.492718 0.575642
vt 0.494845 0.586335
vt 0.472416 0.586335
vt 0.474543 0.575642
vt 0.677706 0.353583
vt 0.677706 0.380284
vt 0.645962 0.353583
vt 0.677706 0.487090
vt 0.645962 0.513792
vt 0.645962 0.487090
vt 0.645962 0.406986
vt 0.677706 0.406986
vt 0.645962 0.380284
vt 0.645962 0.460389
vt 0.677706 0.513792
vt 0.677706 0.540493
vt 0.841181 0.513792
vt 0.817412 0.513792
vt 0.841181 0.460389
vt 0.817412 0.487090
vt 0.817412 0.460389
vt 0.841181 0.380284
vt 0.817413 0.406986
vt 0.817412 0.380284
vt 0.841181 0.433687
vt 0.841181 0.406986
vt 0.841181 0.487090
vt 0.817412 0.353583
vt 0.841181 0.353583
vt 0.817412 0.326881
vt 0.841181 0.326881
vt 0.841181 0.273478
vt 0.817412 0.246777
vt 0.841181 0.246777
vt 0.817412 0.300180
vt 0.841181 0.300180
vt 0.817412 0.433687
vt 0.817412 0.593896
vt 0.841181 0.567195
vt 0.841181 0.593896
vt 0.817412 0.620598
vt 0.841181 0.620598
vt 0.841181 0.220075
vt 0.817412 0.193374
vt 0.841181 0.193374
vt 0.817412 0.220075
vt 0.817412 0.273478
vt 0.712632 0.540493
vt 0.747559 0.513792
vt 0.712632 0.513792
vt 0.747559 0.593896
vt 0.847814 0.400649
vt 0.878367 0.358739
vt 0.878364 0.400651
vt 0.878368 0.328188
vt 0.910408 0.358741
vt 0.712632 0.593896
vt 0.910406 0.400653
vt 0.909701 0.402017
vt 0.877662 0.360103
vt 0.909704 0.360105
vt 0.940252 0.402019
vt 0.940254 0.360107
vt 0.877658 0.432566
vt 0.909699 0.432568
vt 0.940957 0.400654
vt 0.940959 0.358742
vt 0.878363 0.431201
vt 0.910405 0.431203
vt 0.909705 0.329554
vt 0.877664 0.329552
vt 0.847111 0.360101
vt 0.877659 0.402015
vt 0.847109 0.402013
vt 0.579990 0.333555
vt 0.600674 0.346618
vt 0.597961 0.365454
vt 0.645962 0.342738
vt 0.645962 0.328325
vt 0.645962 0.377955
vt 0.645962 0.322639
vt 0.536160 0.045764
vt 0.538589 0.051381
vt 0.542852 0.045764
vt 0.528086 0.040549
vt 0.527436 0.041199
vt 0.528737 0.041199
vt 0.532932 0.044427
vt 0.541557 0.044058
vt 0.536160 0.052664
vt 0.532666 0.045764
vt 0.532666 0.053031
vt 0.532267 0.045764
vt 0.529173 0.049924
vt 0.634037 0.381913
vt 0.638059 0.391624
vt 0.638059 0.420462
vt 0.627024 0.447104
vt 0.606632 0.467496
vt 0.579990 0.478531
vt 0.551152 0.478531
vt 0.524510 0.467496
vt 0.504119 0.447104
vt 0.493083 0.420462
vt 0.493083 0.391624
vt 0.504119 0.364982
vt 0.524510 0.344590
vt 0.551152 0.333555
vt 0.602400 0.342837
vt 0.277344 0.460533
vt 0.285254 0.465272
vt 0.435931 0.464981
vt 0.268761 0.457147
vt 0.253197 0.439491
vt 0.492255 0.439395
vt 0.325086 0.460000
vt 0.348854 0.438394
vt 0.075984 0.239829
vt 0.069218 0.239677
vt 0.065109 0.441134
vt 0.074331 0.373234
vt 0.088016 0.355640
vt 0.070878 0.256337
vt 0.083763 0.403796
vt 0.077741 0.389688
vt 0.069175 0.273054
vt 0.090610 0.417712
vt 0.094841 0.420899
vt 0.080726 0.285536
vt 0.088173 0.157580
vt 0.114432 0.371766
vt 0.102675 0.355584
vt 0.102675 0.335582
vt 0.133455 0.313220
vt 0.152477 0.319400
vt 0.152477 0.371766
vt 0.200912 0.142712
vt 0.004584 0.142712
vt 0.665727 0.091520
vt 0.911997 0.266487
vt 0.918102 0.277205
vt 0.911997 0.342299
vt 0.897260 0.346739
vt 0.693452 0.346739
vt 0.672611 0.331581
vt 0.672611 0.277204
vt 0.678715 0.266487
vt 0.693452 0.091520
vt 0.678715 0.171772
vt 0.672611 0.161054
vt 0.678715 0.095960
vt 0.918102 0.106677
vt 0.918102 0.161054
vt 0.911997 0.171772
vt 0.912652 0.176212
vt 0.678061 0.262047
vt 0.417608 0.357840
vt 0.496975 0.357839
vt 0.955999 0.100143
vt 0.883271 0.442241
vt 0.984499 0.568775
vt 0.541738 -0.000747
vt 0.588812 0.127438
vt 0.541572 -0.000272
vt 0.588977 0.126962
vt 0.242367 0.413381
vt 0.395853 0.338902
vt 0.468574 0.464859
vt 0.323131 0.464859
vt 0.511954 0.990662
vt 0.499225 0.990674
vt 0.435582 0.990730
vt 0.619113 0.531597
vt 0.615209 0.541022
vt 0.607124 0.549107
vt 0.597699 0.553011
vt 0.586265 0.553011
vt 0.576840 0.549107
vt 0.568755 0.541022
vt 0.564851 0.520163
vt 0.568755 0.510739
vt 0.576840 0.502653
vt 0.597699 0.498749
vt 0.607123 0.502653
vt 0.615209 0.510738
vt 0.461039 0.990707
vt 0.422853 0.990741
vt 0.905016 0.729715
vt 0.697223 0.523178
vt 0.908246 0.900864
vt 0.497078 0.907063
vt 0.033102 0.780480
vt 0.477228 0.697245
vt 0.198531 0.572346
vt 0.373750 0.543145
vt 0.994048 0.820928
vt 0.012362 0.371406
vt 0.055995 0.370644
vt 0.047995 0.555925
vt 0.100355 0.600142
vt 0.296707 0.632645
vt 0.530676 0.436372
vt 0.198531 0.361756
vt 0.100355 0.396662
vt 0.433742 0.895350
vt 0.473217 0.895350
vt 0.503752 0.886410
vt 0.394266 0.895350
vt 0.503752 0.786596
vt 0.354791 0.895350
vt 0.345851 0.826071
vt 0.815814 0.988806
vt 0.768628 0.994344
vt 0.768317 0.158314
vt 0.750715 0.219865
vt 0.744250 0.164779
vt 0.748013 0.994344
vt 0.742476 0.961059
vt 0.836429 0.961059
vt 0.830891 0.994344
vt 0.054516 0.016412
vt 0.063649 0.006777
vt 0.076632 0.006081
vt 0.085764 0.038297
vt 0.063649 0.048628
vt 0.854555 0.476252
vt 0.362673 0.573925
vt 0.465078 0.193759
vt 0.067399 0.654834
vt 0.067399 0.667093
vt 0.062707 0.678419
vt 0.054039 0.687088
vt 0.042713 0.691779
vt 0.030011 0.692442
vt 0.010017 0.679082
vt 0.005768 0.667093
vt 0.042713 0.630148
vt 0.054039 0.634840
vt 0.030454 0.630148
vt 0.005768 0.654834
vt 0.010460 0.643508
vt 0.436034 0.193759
vt 0.232071 0.755683
vt 0.216037 0.759314
vt 0.199833 0.756532
vt 0.185928 0.747762
vt 0.213816 0.675072
vt 0.230020 0.677853
vt 0.253416 0.700048
vt 0.257048 0.716083
vt 0.254266 0.732286
vt 0.364790 0.651752
vt 0.348758 0.655397
vt 0.332552 0.652629
vt 0.318639 0.643870
vt 0.309137 0.630453
vt 0.305493 0.614422
vt 0.308261 0.598216
vt 0.330436 0.574801
vt 0.346468 0.571157
vt 0.031117 0.628159
vt 0.019791 0.623468
vt 0.006431 0.603473
vt 0.005768 0.590771
vt 0.012448 0.580774
vt 0.019128 0.570777
vt 0.031117 0.566529
vt 0.043376 0.628159
vt 0.054702 0.623468
vt 0.068061 0.591214
vt 0.068061 0.603473
vt 0.063370 0.579889
vt 0.043376 0.566529
vt 0.659652 0.415638
vt 0.153401 0.903186
vt 0.820185 0.551924
vt 0.905016 0.561591
vt 0.155728 0.341669
vt 0.155728 0.396188
vt 0.155728 0.069076
vt 0.155728 0.178113
vt 0.006583 0.707421
vt 0.015276 0.686435
vt 0.031339 0.670372
vt 0.052325 0.661679
vt 0.075042 0.661679
vt 0.096028 0.670372
vt 0.112091 0.686434
vt 0.120784 0.730138
vt 0.112091 0.751125
vt 0.096028 0.767187
vt 0.052325 0.775880
vt 0.031338 0.767187
vt 0.015276 0.751124
vt 0.155728 0.232632
vt 0.009649 0.641192
vt 0.004830 0.629557
vt 0.004830 0.616963
vt 0.009649 0.605328
vt 0.018554 0.596423
vt 0.030190 0.591603
vt 0.042783 0.591603
vt 0.063324 0.605328
vt 0.068143 0.616963
vt 0.068143 0.629557
vt 0.054419 0.650097
vt 0.042783 0.654917
vt 0.030190 0.654917
vt 0.457751 0.568687
vt 0.515567 0.482159
vt 0.747559 0.540493
vt 0.747559 0.620598
vt 0.847816 0.358737
vt 0.910410 0.328190
vt 0.712632 0.620598
vt 0.645962 0.370551
vt 0.532779 0.044058
vt 0.531821 0.052421
vt 0.529173 0.048623
vt 0.206120 0.265816
vt 0.190699 0.283868
vt 0.190699 0.265816
vt 0.206120 0.283868
vt 0.190699 0.301919
vt 0.206120 0.301919
vt 0.190699 0.319971
vt 0.206120 0.319971
vt 0.190699 0.338023
vt 0.206120 0.338023
vt 0.190699 0.356074
vt 0.206120 0.356074
vt 0.190699 0.374126
vt 0.206120 0.374126
vt 0.190699 0.392177
vt 0.206120 0.392177
vt 0.190699 0.410229
vt 0.206120 0.410229
vt 0.190699 0.428280
vt 0.206120 0.428280
vt 0.190699 0.446332
vt 0.206120 0.446332
vt 0.190699 0.464384
vt 0.206120 0.464384
vt 0.190699 0.482435
vt 0.206120 0.482435
vt 0.190699 0.500487
vt 0.206120 0.500487
vt 0.190699 0.518538
vt 0.206120 0.518538
vt 0.190699 0.536590
vt 0.206120 0.536590
vt 0.190699 0.554642
vt 0.300277 0.221770
vt 0.270920 0.140260
vt 0.300277 0.140260
vt 0.329634 0.221770
vt 0.329634 0.140260
vt 0.232095 0.197909
vt 0.199160 0.136912
vt 0.232075 0.126588
vt 0.178839 0.028623
vt 0.260349 -0.000735
vt 0.260349 0.028623
vt 0.178839 0.057980
vt 0.260349 0.057980
vt 0.178839 0.087337
vt 0.260349 0.087337
vt 0.135972 0.316915
vt 0.103851 0.274559
vt 0.142382 0.274548
vt 0.301090 0.057980
vt 0.219580 0.087337
vt 0.219580 0.057980
vt 0.301090 0.028623
vt 0.219580 0.028623
vt 0.301090 -0.000735
vt 0.219580 -0.000735
vt 0.234287 0.199748
vt 0.201352 0.138751
vt 0.234266 0.128427
vt 0.270138 0.221403
vt 0.240781 0.139894
vt 0.270138 0.139893
vt 0.299496 0.221403
vt 0.299496 0.139893
vt 0.328853 0.221403
vt 0.328853 0.139893
vt 0.109535 0.317816
vt 0.141632 0.275441
vt 0.135223 0.317808
vt 0.270920 0.221770
vt 0.241563 0.140260
vt 0.198411 0.137805
vt 0.149060 0.225160
vt 0.149034 0.136722
vt 0.233537 0.200641
vt 0.200603 0.139644
vt 0.233517 0.129320
vt 0.231346 0.198802
vt 0.231325 0.127481
vt 0.133031 0.315969
vt 0.100910 0.273613
vt 0.139441 0.273602
vt 0.108093 0.315083
vt 0.140190 0.272709
vt 0.133780 0.315076
vt 0.091238 0.136738
vt 0.151251 0.226999
vt 0.093429 0.138577
vt 0.151226 0.138561
vt 0.149809 0.224267
vt 0.091987 0.135845
vt 0.149784 0.135829
vt 0.152001 0.226106
vt 0.094179 0.137684
vt 0.151975 0.137668
vt 0.103101 0.275452
vt 0.101659 0.272720
vt 0.044054 0.139689
vt 0.093455 0.227015
vt 0.044079 0.228127
vt 0.042611 0.136956
vt 0.092012 0.224283
vt 0.042636 0.225395
vt 0.041862 0.137850
vt 0.091263 0.225176
vt 0.041887 0.226288
vt 0.008962 0.198866
vt 0.011154 0.200705
vt 0.009711 0.197973
vt 0.011903 0.199812
vt 0.044803 0.138796
vt 0.044828 0.227234
vt 0.094204 0.226122
vt 0.201338 0.091130
vt 0.234255 0.090023
vt 0.206120 0.554642
vt 0.199186 0.225350
vt 0.178839 -0.000735
vt 0.110285 0.316922
vt 0.301090 0.087337
vt 0.201377 0.227189
vt 0.240781 0.221403
vt 0.241563 0.221770
vt 0.198436 0.226243
vt 0.200628 0.228082
vt 0.107344 0.315976
vt 0.008941 0.127545
vt 0.011133 0.129384
vt 0.009691 0.126652
vt 0.011883 0.128491
vt 0.121108 0.926152
vt 0.006943 0.943285
vt 0.006943 0.926152
vt 0.121108 0.960418
vt 0.006943 0.960418
vt 0.006943 0.977551
vt 0.121108 0.977550
vt 0.006943 0.994683
vt 0.121108 0.720560
vt 0.006943 0.737692
vt 0.006943 0.720560
vt 0.121108 0.737693
vt 0.006943 0.754825
vt 0.121108 0.754825
vt 0.006943 0.771958
vt 0.121108 0.771958
vt 0.006943 0.789090
vt 0.121108 0.789091
vt 0.006943 0.806223
vt 0.121108 0.806223
vt 0.006943 0.823356
vt 0.121108 0.823356
vt 0.006943 0.840489
vt 0.121108 0.840489
vt 0.006943 0.857621
vt 0.121108 0.857621
vt 0.006943 0.874754
vt 0.121108 0.874754
vt 0.006943 0.891887
vt 0.121108 0.891887
vt 0.006943 0.909020
vt 0.121108 0.909020
vt 0.661280 0.239191
vt 0.673515 0.203130
vt 0.673515 0.242469
vt 0.555326 0.267580
vt 0.580438 0.296206
vt 0.546370 0.276536
vt 0.644890 0.178018
vt 0.661280 0.206408
vt 0.616499 0.161627
vt 0.653846 0.169062
vt 0.583717 0.161626
vt 0.619778 0.149392
vt 0.546371 0.169061
vt 0.580439 0.149392
vt 0.992853 0.453888
vt 0.964383 0.421702
vt 0.992853 0.421702
vt 0.964383 0.486074
vt 0.992853 0.486075
vt 0.964383 0.132027
vt 0.992853 0.099840
vt 0.992853 0.132027
vt 0.992853 0.164213
vt 0.992853 0.196399
vt 0.964383 0.164213
vt 0.964383 0.228585
vt 0.992853 0.228585
vt 0.964383 0.260771
vt 0.992853 0.260771
vt 0.964383 0.292957
vt 0.992853 0.292957
vt 0.964383 0.325144
vt 0.992853 0.325144
vt 0.964383 0.357330
vt 0.992853 0.357330
vt 0.964383 0.389516
vt 0.992853 0.389516
vt 0.526701 0.242468
vt 0.538935 0.239190
vt 0.653845 0.276537
vt 0.644889 0.267581
vt 0.526701 0.203129
vt 0.538936 0.206407
vt 0.616498 0.283972
vt 0.619777 0.296206
vt 0.555327 0.178017
vt 0.583716 0.283971
vt 0.482416 0.200277
vt 0.436433 0.207016
vt 0.438622 0.200277
vt 0.402573 0.091427
vt 0.435813 0.058946
vt 0.438003 0.065686
vt 0.403193 0.091236
vt 0.382574 0.132886
vt 0.397460 0.087071
vt 0.438002 0.200468
vt 0.483985 0.207207
vt 0.435813 0.207207
vt 0.531378 0.132886
vt 0.523578 0.087071
vt 0.538464 0.132886
vt 0.517226 0.091427
vt 0.537844 0.133077
vt 0.530758 0.133077
vt 0.397460 0.178701
vt 0.403193 0.174536
vt 0.389040 0.133077
vt 0.396840 0.087262
vt 0.438622 0.065495
vt 0.436433 0.058756
vt 0.481796 0.200468
vt 0.522958 0.178892
vt 0.523578 0.178701
vt 0.517845 0.174536
vt 0.481796 0.065686
vt 0.522958 0.087262
vt 0.389660 0.132886
vt 0.396840 0.178892
vt 0.381954 0.133077
vt 0.482416 0.065495
vt 0.484606 0.058756
vt 0.517225 0.174727
vt 0.484605 0.207016
vt 0.483986 0.058946
vt 0.402573 0.174727
vt 0.517846 0.091236
vt 0.637868 0.373338
vt 0.594512 0.415854
vt 0.594512 0.373338
vt 0.272507 0.058756
vt 0.233535 0.018988
vt 0.272507 0.018988
vt 0.272507 0.058678
vt 0.233535 0.018909
vt 0.272507 0.018909
vt 0.898000 0.415854
vt 0.854645 0.373338
vt 0.898000 0.373338
vt 0.854645 0.415854
vt 0.811289 0.373338
vt 0.811289 0.415854
vt 0.767934 0.373339
vt 0.767934 0.415854
vt 0.724578 0.373339
vt 0.681223 0.415854
vt 0.681223 0.373338
vt 0.637868 0.415854
vt 0.320680 0.058756
vt 0.320680 0.207016
vt 0.233535 0.178701
vt 0.808881 0.415431
vt 0.852567 0.372591
vt 0.852567 0.415431
vt 0.765195 0.372591
vt 0.765195 0.415431
vt 0.721509 0.372591
vt 0.721509 0.415431
vt 0.677823 0.372591
vt 0.677823 0.415431
vt 0.634137 0.372591
vt 0.634137 0.415431
vt 0.590451 0.372591
vt 0.590451 0.415431
vt 0.896253 0.372591
vt 0.957996 0.415431
vt 0.896253 0.415431
vt 0.338125 0.102633
vt 0.374538 0.132808
vt 0.347929 0.132808
vt 0.320680 0.058678
vt 0.359652 0.086993
vt 0.312457 0.083985
vt 0.255062 0.102633
vt 0.280730 0.083985
vt 0.245258 0.132808
vt 0.233535 0.086993
vt 0.255062 0.162982
vt 0.218648 0.132808
vt 0.280730 0.181631
vt 0.233535 0.178623
vt 0.320680 0.206938
vt 0.272507 0.206938
vt 0.312457 0.181631
vt 0.359652 0.178623
vt 0.338125 0.162982
vt 0.522958 0.019178
vt 0.959276 0.415854
vt 0.528708 0.372591
vt 0.359652 0.018909
vt 0.397460 0.018988
vt 0.436433 0.018988
vt 0.396840 0.019178
vt 0.435813 0.019178
vt 0.523578 0.018988
vt 0.533237 0.373338
vt 0.359652 0.018988
vt 0.359652 0.087071
vt 0.541312 0.703998
vt 0.530876 0.774385
vt 0.530876 0.703998
vt 0.582248 0.703998
vt 0.571812 0.774385
vt 0.571812 0.703998
vt 0.623184 0.703998
vt 0.612748 0.774385
vt 0.612748 0.703998
vt 0.664120 0.703998
vt 0.653684 0.774385
vt 0.653684 0.703998
vt 0.328154 0.784583
vt 0.324808 0.792661
vt 0.296653 0.787126
vt 0.643652 0.703998
vt 0.633216 0.774385
vt 0.633216 0.703998
vt 0.684588 0.703998
vt 0.674152 0.774385
vt 0.674152 0.703998
vt 0.602716 0.703998
vt 0.592280 0.774385
vt 0.592280 0.703998
vt 0.561780 0.703998
vt 0.551344 0.774385
vt 0.551344 0.703998
vt 0.541312 0.774385
vt 0.582248 0.774385
vt 0.623184 0.774385
vt 0.520844 0.703998
vt 0.664120 0.774385
vt 0.337627 0.746152
vt 0.343163 0.774306
vt 0.319090 0.753830
vt 0.335085 0.777652
vt 0.304332 0.768588
vt 0.399473 0.787126
vt 0.371318 0.792661
vt 0.367972 0.784583
vt 0.367972 0.810540
vt 0.371318 0.802462
vt 0.399473 0.807997
vt 0.324808 0.802462
vt 0.328154 0.810540
vt 0.296653 0.807997
vt 0.391794 0.768588
vt 0.361042 0.777652
vt 0.352964 0.774306
vt 0.319090 0.841293
vt 0.304332 0.826534
vt 0.335084 0.817470
vt 0.377036 0.753830
vt 0.358499 0.746152
vt 0.337627 0.848971
vt 0.343163 0.820816
vt 0.352964 0.820816
vt 0.358499 0.848971
vt 0.361042 0.817470
vt 0.377036 0.841293
vt 0.391794 0.826534
vt 0.948019 0.228502
vt 0.985539 0.217620
vt 0.985550 0.228514
vt 0.985746 0.143946
vt 0.948279 0.133040
vt 0.985811 0.133052
vt 0.985925 0.115756
vt 0.948469 0.104850
vt 0.986001 0.104862
vt 0.986124 0.087566
vt 0.948669 0.076660
vt 0.986200 0.076672
vt 0.986284 0.059159
vt 0.948804 0.039082
vt 0.986334 0.038849
vt 0.948644 0.024222
vt 0.985805 0.009575
vt 0.986159 0.024003
vt 0.948805 0.408606
vt 0.986292 0.393944
vt 0.986334 0.408848
vt 0.948699 0.378840
vt 0.986192 0.358787
vt 0.986230 0.379096
vt 0.948587 0.341262
vt 0.986049 0.330379
vt 0.986119 0.341273
vt 0.948405 0.313072
vt 0.985867 0.302189
vt 0.985937 0.313083
vt 0.948232 0.284882
vt 0.985706 0.273999
vt 0.985764 0.284893
vt 0.948096 0.256692
vt 0.985590 0.245810
vt 0.985628 0.256703
vt 0.768998 0.109947
vt 0.884175 0.013099
vt 0.933585 0.109997
vt 0.985613 0.172135
vt 0.948126 0.161230
vt 0.985657 0.161242
vt 0.985544 0.200325
vt 0.948031 0.189419
vt 0.985562 0.189431
vt 0.717778 0.061312
vt 0.734477 0.017107
vt 0.757271 0.035365
vt 0.948008 0.217609
vt 0.948081 0.172124
vt 0.948214 0.143934
vt 0.948393 0.115745
vt 0.948592 0.087555
vt 0.948753 0.059150
vt 0.948762 0.393702
vt 0.948661 0.358772
vt 0.948518 0.330367
vt 0.948336 0.302177
vt 0.948174 0.273988
vt 0.948058 0.245798
vt 0.772731 0.043641
vt 0.914422 0.021679
vt 0.901367 0.153609
vt 0.581573 0.040485
vt 0.447303 0.048622
vt 0.447303 0.040485
vt 0.447304 0.072704
vt 0.313035 0.048622
vt 0.589710 0.048622
vt 0.581573 0.072704
vt 0.581573 0.048622
vt 0.313035 0.040485
vt 0.304897 0.048622
vt 0.313035 0.072704
vt 0.304897 0.072704
vt 0.447304 0.080841
vt 0.581573 0.080841
vt 0.313035 0.080841
vt 0.634152 0.094807
vt 0.598550 0.087100
vt 0.634152 0.087100
vt 0.634152 0.036240
vt 0.696322 0.102514
vt 0.660721 0.173718
vt 0.660721 0.102514
vt 0.660721 0.094807
vt 0.660721 0.087100
vt 0.696322 0.094807
vt 0.634152 0.102515
vt 0.598550 0.094807
vt 0.634152 0.173718
vt 0.598550 0.173718
vt 0.598550 0.102514
vt 0.634152 0.200287
vt 0.931302 0.536102
vt 0.995310 0.472094
vt 0.995310 0.536102
vt 0.598550 0.009672
vt 0.634152 0.009672
vt 0.660721 0.036240
vt 0.696322 0.036240
vt 0.696322 0.087100
vt 0.931302 0.555304
vt 0.995310 0.555304
vt 0.931302 0.472094
vt 0.995310 0.452891
vt 0.931302 0.619313
vt 0.995310 0.619313
vt 0.912100 0.555304
vt 0.912100 0.619313
vt 0.121108 0.943285
vt 0.121108 0.994683
vt 0.964383 0.453888
vt 0.964382 0.099841
vt 0.964383 0.196399
vt 0.233535 0.087071
vt 0.724578 0.415854
vt 0.218648 0.132886
vt 0.374539 0.132886
vt 0.359652 0.178701
vt 0.272507 0.207016
vt 0.808881 0.372591
vt 0.957996 0.372591
vt 0.483986 0.019178
vt 0.959276 0.373338
vt 0.528708 0.415431
vt 0.320680 0.018909
vt 0.484606 0.018988
vt 0.533237 0.415854
vt 0.320680 0.018988
vt 0.643652 0.774385
vt 0.684588 0.774385
vt 0.602716 0.774385
vt 0.561780 0.774385
vt 0.520844 0.774385
vt 0.948294 0.008962
vt 0.903989 0.154262
vt 0.893226 0.161449
vt 0.874240 0.169307
vt 0.861547 0.171828
vt 0.840999 0.171821
vt 0.828307 0.169293
vt 0.809326 0.161424
vt 0.798568 0.154230
vt 0.784043 0.139696
vt 0.776856 0.128933
vt 0.766477 0.097252
vt 0.766482 0.076704
vt 0.769010 0.064011
vt 0.775460 0.044234
vt 0.785484 0.022603
vt 0.800364 0.013099
vt 0.818069 0.013100
vt 0.850759 0.013102
vt 0.918522 0.139737
vt 0.925716 0.128978
vt 0.936122 0.076756
vt 0.936114 0.097304
vt 0.927176 0.044276
vt 0.933601 0.064061
vt 0.902308 0.013114
vt 0.917178 0.022633
vt 0.948013 0.200313
vt 0.757271 0.048480
vt 0.746950 0.062685
vt 0.734477 0.066738
vt 0.710069 0.050702
vt 0.710069 0.033143
vt 0.717778 0.022533
vt 0.746950 0.021160
vt 0.871627 0.168672
vt 0.858935 0.171200
vt 0.838388 0.171206
vt 0.825694 0.168685
vt 0.806708 0.160828
vt 0.795946 0.153641
vt 0.781412 0.139115
vt 0.774219 0.128357
vt 0.766349 0.109375
vt 0.763820 0.096682
vt 0.763813 0.076134
vt 0.766334 0.063440
vt 0.782785 0.021708
vt 0.797627 0.012177
vt 0.814772 0.012162
vt 0.848188 0.012165
vt 0.881865 0.012163
vt 0.890608 0.160803
vt 0.923079 0.128312
vt 0.915892 0.139075
vt 0.933458 0.096632
vt 0.930936 0.109326
vt 0.930925 0.063390
vt 0.933453 0.076084
vt 0.924503 0.043600
vt 0.899570 0.012162
vt 0.589710 0.072704
vt 0.598550 0.036240
vt 0.696322 0.173718
vt 0.598550 0.200286
vt 0.931302 0.452891
vt 0.396920 0.828353
vt 0.442660 0.843709
vt 0.396920 0.843709
vt 0.396920 0.752175
vt 0.442660 0.767531
vt 0.396920 0.767531
vt 0.396920 0.726782
vt 0.442660 0.742139
vt 0.396920 0.742138
vt 0.396920 0.853746
vt 0.442660 0.869102
vt 0.396920 0.869102
vt 0.357783 0.927167
vt 0.354196 0.948810
vt 0.353965 0.924203
vt 0.314094 0.917876
vt 0.334093 0.911652
vt 0.313270 0.922945
vt 0.338830 0.909901
vt 0.354042 0.924157
vt 0.334094 0.911744
vt 0.353705 0.954167
vt 0.330732 0.959224
vt 0.354100 0.948786
vt 0.325726 0.960657
vt 0.311569 0.945697
vt 0.330739 0.959126
vt 0.307924 0.942370
vt 0.313190 0.922899
vt 0.311649 0.945655
vt 0.356001 0.904757
vt 0.334660 0.881718
vt 0.366213 0.891970
vt 0.367875 0.947889
vt 0.361330 0.978604
vt 0.352588 0.965340
vt 0.160064 0.952397
vt 0.181894 0.953211
vt 0.181940 0.982506
vt 0.311311 0.902721
vt 0.282805 0.915898
vt 0.302306 0.889058
vt 0.295565 0.944594
vt 0.297675 0.921490
vt 0.213954 0.896348
vt 0.221620 0.876991
vt 0.227493 0.896965
vt 0.383191 0.920473
vt 0.383191 0.953649
vt 0.188929 0.962894
vt 0.199520 0.971351
vt 0.238876 0.900664
vt 0.330523 0.972510
vt 0.329778 0.988856
vt 0.299289 0.975777
vt 0.309201 0.963363
vt 0.210519 0.976069
vt 0.279788 0.948937
vt 0.223663 0.976668
vt 0.216143 0.997178
vt 0.276062 0.957682
vt 0.254248 0.956508
vt 0.258880 0.944192
vt 0.367875 0.924689
vt 0.249158 0.908874
vt 0.257015 0.888491
vt 0.311312 0.902721
vt 0.333937 0.897588
vt 0.276062 0.920465
vt 0.157783 0.800077
vt 0.127310 0.826661
vt 0.127310 0.800077
vt 0.157783 0.826661
vt 0.127310 0.853245
vt 0.127310 0.879828
vt 0.157783 0.906412
vt 0.127310 0.906412
vt 0.157783 0.853245
vt 0.127310 0.959579
vt 0.157783 0.932995
vt 0.157783 0.959579
vt 0.127310 0.932995
vt 0.157783 0.720327
vt 0.127310 0.746910
vt 0.127310 0.720327
vt 0.127310 0.986163
vt 0.157783 0.746910
vt 0.127310 0.773494
vt 0.157783 0.773494
vt 0.392349 0.955643
vt 0.489927 0.961916
vt 0.392349 0.961916
vt 0.352036 0.920215
vt 0.337707 0.958613
vt 0.311618 0.927005
vt 0.392349 0.936135
vt 0.489927 0.942407
vt 0.392349 0.942407
vt 0.392349 0.916626
vt 0.489927 0.922899
vt 0.392349 0.922898
vt 0.392349 0.877609
vt 0.489927 0.883881
vt 0.392349 0.883881
vt 0.396920 0.777568
vt 0.442660 0.792924
vt 0.396920 0.792924
vt 0.488860 0.768378
vt 0.447695 0.744128
vt 0.488860 0.744128
vt 0.333755 0.912079
vt 0.354757 0.948455
vt 0.312753 0.948455
vt 0.488860 0.816880
vt 0.447695 0.792629
vt 0.488860 0.792629
vt 0.488860 0.865382
vt 0.447695 0.841131
vt 0.488860 0.841131
vt 0.447695 0.768378
vt 0.447695 0.816880
vt 0.488861 0.719877
vt 0.447695 0.719877
vt 0.396920 0.802960
vt 0.442660 0.818316
vt 0.396920 0.818316
vt 0.392349 0.975152
vt 0.489927 0.981424
vt 0.392349 0.981424
vt 0.353117 0.919356
vt 0.309403 0.926019
vt 0.312213 0.950554
vt 0.335686 0.961422
vt 0.329395 0.910035
vt 0.357783 0.944913
vt 0.442659 0.853746
vt 0.442660 0.716746
vt 0.442660 0.726782
vt 0.392349 0.994660
vt 0.392349 0.897117
vt 0.489927 0.897117
vt 0.489927 0.955643
vt 0.489927 0.903390
vt 0.489927 0.916626
vt 0.392349 0.903390
vt 0.235046 0.972970
vt 0.251538 0.985677
vt 0.163449 0.915334
vt 0.184261 0.915920
vt 0.179491 0.928606
vt 0.185325 0.885225
vt 0.191296 0.906238
vt 0.258880 0.932224
vt 0.255283 0.919157
vt 0.246362 0.965511
vt 0.202282 0.898996
vt 0.178402 0.940525
vt 0.200033 0.417325
vt 0.100760 0.406160
vt 0.200033 0.404920
vt 0.100760 0.416084
vt 0.094866 0.406160
vt 0.100643 0.400267
vt 0.199887 0.397553
vt 0.199393 0.385157
vt 0.099896 0.384466
vt 0.198953 0.377802
vt 0.100248 0.390350
vt 0.094866 0.416084
vt 0.610720 0.186725
vt 0.627684 0.250032
vt 0.564377 0.233069
vt 0.573143 0.161190
vt 0.521605 0.203915
vt 0.521647 0.162115
vt 0.425837 0.203103
vt 0.416027 0.273165
vt 0.415744 0.188816
vt 0.467257 0.301399
vt 0.520982 0.316425
vt 0.457280 0.315395
vt 0.468519 0.160713
vt 0.521631 0.148121
vt 0.574808 0.300607
vt 0.520799 0.302255
vt 0.583270 0.146995
vt 0.615594 0.202863
vt 0.625621 0.272811
vt 0.615594 0.259021
vt 0.573798 0.259021
vt 0.520622 0.260287
vt 0.467696 0.202963
vt 0.467885 0.259199
vt 0.426026 0.259339
vt 0.573798 0.202863
vt 0.688532 0.034593
vt 0.539593 0.045084
vt 0.539593 0.034593
vt 0.688532 0.108209
vt 0.539593 0.118701
vt 0.539593 0.108209
vt 0.688532 0.010054
vt 0.539593 0.020546
vt 0.539593 0.010054
vt 0.688531 0.083670
vt 0.539593 0.094162
vt 0.539593 0.083670
vt 0.688532 0.059131
vt 0.539593 0.069623
vt 0.539593 0.059131
vt 0.688532 0.045084
vt 0.688532 0.069623
vt 0.688532 0.094162
vt 0.539593 0.132748
vt 0.688532 0.118701
vt 0.688532 0.132748
vt 0.688532 0.020546
vt 0.458500 0.146404
vt 0.584985 0.314418
vt 0.625621 0.188555
vt 0.868433 0.032759
vt 0.841675 0.078905
vt 0.841327 0.032964
vt 0.894515 0.032750
vt 0.868945 0.078731
vt 0.862554 0.423086
vt 0.904203 0.390277
vt 0.904339 0.422911
vt 0.894504 0.006665
vt 0.861118 0.006680
vt 0.987189 0.032699
vt 0.987174 0.006611
vt 0.987217 0.078616
vt 0.902909 0.104757
vt 0.895066 0.078673
vt 0.862346 0.373255
vt 0.833911 0.354661
vt 0.863420 0.363144
vt 0.937697 0.378333
vt 0.904152 0.378161
vt 0.904131 0.373080
vt 0.869980 0.325312
vt 0.842747 0.325428
vt 0.922331 0.078559
vt 0.896096 0.325202
vt 0.845834 0.337975
vt 0.936463 0.387179
vt 0.862367 0.378336
vt 0.986393 0.104705
vt 0.830531 0.396243
vt 0.862418 0.390451
vt 0.936136 0.395802
vt 0.902972 0.362979
vt 0.932409 0.354249
vt 0.920347 0.337664
vt 0.830133 0.387623
vt 0.828825 0.378788
vt 0.835935 0.900096
vt 0.851803 0.934003
vt 0.835935 0.934003
vt 0.835935 0.832284
vt 0.851803 0.900096
vt 0.835935 0.730565
vt 0.851803 0.764471
vt 0.835935 0.764471
vt 0.802028 0.900096
vt 0.851803 0.832284
vt 0.885709 0.764471
vt 0.967356 0.253568
vt 0.990412 0.153185
vt 0.990412 0.253568
vt 0.847421 0.827902
vt 0.847421 0.768853
vt 0.840316 0.768853
vt 0.840316 0.827902
vt 0.955278 0.153185
vt 0.932222 0.253568
vt 0.932222 0.153185
vt 0.967356 0.153185
vt 0.955278 0.130129
vt 0.967356 0.130129
vt 0.955278 0.253568
vt 0.967356 0.276625
vt 0.955278 0.276625
vt 0.711370 0.966832
vt 0.680356 0.913259
vt 0.711370 0.913259
vt 0.582015 0.913259
vt 0.613029 0.913259
vt 0.532845 0.913259
vt 0.563858 0.913259
vt 0.608893 0.496238
vt 0.625841 0.499721
vt 0.619108 0.506454
vt 0.514688 0.913259
vt 0.662199 0.913259
vt 0.631186 0.913259
vt 0.625841 0.450449
vt 0.664898 0.460664
vt 0.654682 0.499721
vt 0.674419 0.489506
vt 0.674419 0.460664
vt 0.606104 0.460664
vt 0.615625 0.489506
vt 0.606104 0.489506
vt 0.661415 0.506454
vt 0.664898 0.489506
vt 0.671630 0.496238
vt 0.619109 0.443717
vt 0.615625 0.460664
vt 0.608893 0.453932
vt 0.654682 0.440928
vt 0.625841 0.440928
vt 0.625841 0.509242
vt 0.654682 0.509242
vt 0.671630 0.453932
vt 0.654682 0.450449
vt 0.661415 0.443717
vt 0.123374 0.554135
vt 0.138090 0.534367
vt 0.128508 0.557555
vt 0.107348 0.570198
vt 0.110801 0.575329
vt 0.086391 0.578927
vt 0.087620 0.584992
vt 0.063692 0.578969
vt 0.062504 0.585043
vt 0.026661 0.554280
vt 0.011920 0.534526
vt 0.017987 0.533314
vt 0.039290 0.575467
vt 0.042714 0.570314
vt 0.011948 0.509416
vt 0.018021 0.510607
vt 0.021523 0.557726
vt 0.155963 0.254439
vt 0.208798 0.224453
vt 0.208798 0.254439
vt 0.155963 0.284424
vt 0.208798 0.284424
vt 0.208798 0.314409
vt 0.208798 0.344395
vt 0.155963 0.314409
vt 0.208798 0.374380
vt 0.155963 0.344395
vt 0.155963 0.404366
vt 0.208798 0.404365
vt 0.208797 0.434351
vt 0.208798 0.464336
vt 0.155963 0.434351
vt 0.208798 0.494321
vt 0.155963 0.464336
vt 0.208798 0.044542
vt 0.155964 0.014556
vt 0.208798 0.014557
vt 0.155964 0.074527
vt 0.208798 0.074527
vt 0.208798 0.104512
vt 0.208798 0.134498
vt 0.155963 0.104512
vt 0.155963 0.164483
vt 0.208798 0.164483
vt 0.155963 0.194468
vt 0.208798 0.194468
vt 0.155963 0.224454
vt 0.021458 0.486175
vt 0.026626 0.489589
vt 0.042641 0.473479
vt 0.039176 0.468320
vt 0.062408 0.458662
vt 0.063615 0.464739
vt 0.086313 0.464721
vt 0.087528 0.458652
vt 0.107281 0.473405
vt 0.110729 0.468265
vt 0.123330 0.489462
vt 0.128484 0.486032
vt 0.132017 0.510445
vt 0.138090 0.509247
vt 0.132023 0.533156
vt 0.069332 0.787158
vt 0.096752 0.958924
vt 0.069332 0.958924
vt 0.095074 0.784054
vt 0.067654 0.955821
vt 0.067654 0.784055
vt 0.045291 0.787158
vt 0.008491 0.958924
vt 0.008491 0.787158
vt 0.044847 0.784209
vt 0.008047 0.955975
vt 0.008047 0.784209
vt 0.090959 0.982868
vt 0.120349 0.955975
vt 0.113170 0.992068
vt 0.095074 0.955820
vt 0.111936 0.991913
vt 0.089725 0.982714
vt 0.090525 0.987198
vt 0.119915 0.960305
vt 0.112735 0.996398
vt 0.113614 0.995017
vt 0.091403 0.985817
vt 0.119115 0.784054
vt 0.096752 0.787158
vt 0.120793 0.958924
vt 0.043613 0.784055
vt 0.043613 0.955821
vt 0.007613 0.788539
vt 0.044413 0.960305
vt 0.007613 0.960305
vt 0.045291 0.958924
vt 0.068888 0.784209
vt 0.096308 0.955975
vt 0.068888 0.955975
vt 0.095874 0.788539
vt 0.068454 0.960305
vt 0.068454 0.788540
vt 0.044848 0.955975
vt 0.119914 0.788540
vt 0.095874 0.960305
vt 0.006813 0.784055
vt 0.006813 0.955820
vt 0.120349 0.784210
vt 0.096308 0.784210
vt 0.044413 0.788540
vt 0.155963 0.374380
vt 0.155963 0.494321
vt 0.155964 0.044542
vt 0.155963 0.134498
vt 0.119115 0.955820
vt 0.120793 0.787158
vt 0.442660 0.828353
vt 0.442660 0.752175
vt 0.354100 0.948784
vt 0.157783 0.879828
vt 0.157783 0.986163
vt 0.315538 0.920215
vt 0.329867 0.911942
vt 0.337707 0.911943
vt 0.355956 0.927005
vt 0.355956 0.943550
vt 0.352036 0.950341
vt 0.329867 0.958613
vt 0.315538 0.950341
vt 0.311618 0.943550
vt 0.489927 0.936135
vt 0.489927 0.877609
vt 0.442660 0.777568
vt 0.312753 0.924205
vt 0.354757 0.924205
vt 0.333755 0.960581
vt 0.447695 0.865382
vt 0.442660 0.802960
vt 0.489927 0.975152
vt 0.396920 0.716746
vt 0.489927 0.994660
vt 0.564377 0.213482
vt 0.574170 0.196519
vt 0.591133 0.186725
vt 0.627684 0.196518
vt 0.637477 0.213481
vt 0.637477 0.233069
vt 0.610721 0.259825
vt 0.591134 0.259825
vt 0.574170 0.250032
vt 0.923361 0.325089
vt 0.851803 0.730565
vt 0.802028 0.764471
vt 0.885709 0.900096
vt 0.044789 0.091175
vt 0.042598 0.089336
vt 0.044040 0.092068
vt 0.041848 0.090229
vt 0.151962 0.090047
vt 0.200589 0.092023
vt 0.151213 0.090940
vt 0.199147 0.089291
vt 0.149770 0.088208
vt 0.094165 0.090064
vt 0.091973 0.088225
vt 0.093416 0.090957
vt 0.091224 0.089118
vt 0.149021 0.089101
vt 0.198397 0.090184
vt 0.231314 0.089077
vt 0.233506 0.090917
vt 0.241563 0.096370
vt 0.270920 0.096370
vt 0.299496 0.096004
vt 0.328853 0.096004
vt 0.270138 0.096004
vt 0.240781 0.096004
vt 0.175690 0.028623
vt 0.175690 -0.000735
vt 0.175690 0.057980
vt 0.175690 0.087337
vt 0.304239 0.057980
vt 0.304239 0.087337
vt 0.304239 0.028623
vt 0.304239 -0.000735
vt 0.232064 0.088184
vt 0.300277 0.096370
vt 0.329634 0.096370
vt 0.011872 0.090087
vt 0.009680 0.088248
vt 0.011122 0.090980
vt 0.008930 0.089141
vt 0.223514 0.259927
vt 0.249137 0.321423
vt 0.223514 0.321423
vt 0.707610 0.535890
vt 0.779524 0.496134
vt 0.797502 0.535890
vt 0.454123 0.321423
vt 0.479746 0.259927
vt 0.479746 0.321423
vt 0.351630 0.321423
vt 0.454123 0.347046
vt 0.249137 0.234304
vt 0.454123 0.259927
vt 0.351630 0.259927
vt 0.351630 0.278258
vt 0.393711 0.303092
vt 0.351630 0.303092
vt 0.267468 0.303092
vt 0.249137 0.259927
vt 0.267468 0.278258
vt 0.309549 0.303092
vt 0.393711 0.278258
vt 0.435792 0.278258
vt 0.435792 0.303092
vt 0.309549 0.278258
vt 0.725589 0.464304
vt 0.725589 0.496134
vt 0.797502 0.424548
vt 0.707610 0.424548
vt 0.781373 0.495759
vt 0.727437 0.463930
vt 0.781373 0.463930
vt 0.823696 0.453320
vt 0.799351 0.424173
vt 0.709459 0.424173
vt 0.709459 0.535515
vt 0.799351 0.535515
vt 0.683265 0.506743
vt 0.821847 0.506743
vt 0.779524 0.464304
vt 0.821847 0.453695
vt 0.685114 0.453320
vt 0.727437 0.495759
vt 0.685114 0.506368
vt 0.315299 0.269840
vt 0.402449 0.218575
vt 0.402449 0.269840
vt 0.315299 0.218575
vt 0.402449 0.167310
vt 0.315299 0.167310
vt 0.402448 0.116046
vt 0.315299 0.116046
vt 0.402448 0.064781
vt 0.466641 0.019616
vt 0.511038 0.096513
vt 0.422245 0.096513
vt 0.315299 0.064781
vt 0.402448 0.013516
vt 0.315299 0.321104
vt 0.402449 0.321104
vt 0.422245 0.045248
vt 0.511038 0.045248
vt 0.466641 0.122145
vt 0.315299 0.013516
vt 0.182229 0.989027
vt 0.192835 0.828601
vt 0.192835 0.989027
vt 0.256549 0.989027
vt 0.267154 0.828601
vt 0.267155 0.989027
vt 0.275861 0.989027
vt 0.322162 0.828601
vt 0.322162 0.989027
vt 0.328318 0.811839
vt 0.269704 0.822445
vt 0.201541 0.989027
vt 0.247842 0.828601
vt 0.247843 0.989027
vt 0.271508 0.996567
vt 0.173523 0.989027
vt 0.177877 0.996567
vt 0.197188 0.996567
vt 0.252196 0.996567
vt 0.243490 0.996567
vt 0.275861 0.828601
vt 0.173523 0.828601
vt 0.201541 0.828601
vt 0.771602 0.765619
vt 0.789014 0.562724
vt 0.789014 0.765620
vt 0.752691 0.562724
vt 0.762300 0.765620
vt 0.752691 0.765620
vt 0.725465 0.562724
vt 0.742878 0.765620
vt 0.725465 0.765620
vt 0.015916 0.060143
vt 0.025049 0.027927
vt 0.047165 0.038258
vt 0.706554 0.562724
vt 0.716164 0.765619
vt 0.706554 0.765620
vt 0.798827 0.765619
vt 0.716164 0.562724
vt 0.742878 0.562724
vt 0.762300 0.562724
vt 0.771601 0.562724
vt 0.472590 0.536835
vt 0.561354 0.530184
vt 0.561354 0.536835
vt 0.472590 0.623951
vt 0.561354 0.617300
vt 0.561354 0.623951
vt 0.472590 0.606528
vt 0.561354 0.599877
vt 0.561354 0.606528
vt 0.472590 0.589105
vt 0.561354 0.582454
vt 0.561354 0.589105
vt 0.472590 0.571681
vt 0.561354 0.565030
vt 0.561354 0.571681
vt 0.472590 0.554258
vt 0.561354 0.547607
vt 0.561354 0.554258
vt 0.472590 0.641374
vt 0.561354 0.634724
vt 0.561354 0.641374
vt 0.929062 0.632286
vt 0.986275 0.646491
vt 0.972070 0.703704
vt 0.472590 0.658798
vt 0.561354 0.652147
vt 0.561354 0.658798
vt 0.472590 0.669570
vt 0.561354 0.669570
vt 0.472590 0.652147
vt 0.472590 0.634724
vt 0.472590 0.617300
vt 0.472590 0.599877
vt 0.472590 0.582454
vt 0.472590 0.565030
vt 0.472590 0.547607
vt 0.249137 0.347046
vt 0.454123 0.234304
vt 0.823696 0.506368
vt 0.683265 0.453695
vt 0.182229 0.828601
vt 0.256549 0.828601
vt 0.269704 0.811839
vt 0.275861 0.805683
vt 0.322162 0.805683
vt 0.328318 0.822445
vt 0.205894 0.996567
vt 0.047165 0.061817
vt 0.038033 0.070473
vt 0.025050 0.069778
vt 0.015916 0.036584
vt 0.038032 0.028623
vt 0.798827 0.562724
vt 0.472590 0.530184
vt 0.960611 0.708450
vt 0.940521 0.708450
vt 0.929062 0.703704
vt 0.914857 0.689499
vt 0.910111 0.678039
vt 0.910111 0.657950
vt 0.914857 0.646491
vt 0.940521 0.627539
vt 0.960611 0.627539
vt 0.972070 0.632286
vt 0.991022 0.657950
vt 0.991022 0.678039
vt 0.986275 0.689499
vt 0.247664 0.864747
vt 0.273802 0.817802
vt 0.273802 0.864747
vt 0.373539 0.905738
vt 0.277338 0.892540
vt 0.300198 0.879342
vt 0.272497 0.776353
vt 0.246358 0.693038
vt 0.272497 0.693038
vt 0.247664 0.905738
vt 0.147927 0.905738
vt 0.221267 0.879342
vt 0.273802 0.989052
vt 0.247664 0.989052
vt 0.285695 0.882420
vt 0.368697 0.892082
vt 0.372234 0.988595
vt 0.246358 0.905280
vt 0.272497 0.988595
vt 0.246358 0.988595
vt 0.246358 0.864289
vt 0.272497 0.817344
vt 0.272497 0.864289
vt 0.173017 0.878884
vt 0.146621 0.988595
vt 0.246358 0.877953
vt 0.272497 0.891616
vt 0.246358 0.891616
vt 0.272497 0.905280
vt 0.247664 0.817802
vt 0.273802 0.804138
vt 0.247664 0.804138
vt 0.273802 0.790475
vt 0.247663 0.790475
vt 0.273802 0.776811
vt 0.247664 0.878410
vt 0.273802 0.878410
vt 0.247664 0.892074
vt 0.273802 0.892074
vt 0.246358 0.817344
vt 0.272497 0.803680
vt 0.246358 0.803680
vt 0.272497 0.790017
vt 0.246358 0.790017
vt 0.247663 0.693496
vt 0.273802 0.693496
vt 0.288910 0.539023
vt 0.369697 0.514787
vt 0.369697 0.539023
vt 0.288910 0.676361
vt 0.264674 0.539023
vt 0.369697 0.676361
vt 0.288910 0.700597
vt 0.393933 0.676361
vt 0.199014 0.867087
vt 0.231329 0.806766
vt 0.231329 0.867087
vt 0.183886 0.539023
vt 0.252556 0.551141
vt 0.196005 0.551141
vt 0.264674 0.676361
vt 0.252556 0.664243
vt 0.196005 0.664243
vt 0.183886 0.676361
vt 0.199014 0.806766
vt 0.138693 0.776605
vt 0.199014 0.776605
vt 0.199014 0.716285
vt 0.231329 0.686124
vt 0.231329 0.716285
vt 0.231329 0.776605
vt 0.147927 0.989052
vt 0.151463 0.892540
vt 0.161125 0.882878
vt 0.174323 0.879342
vt 0.234465 0.882878
vt 0.244127 0.892540
vt 0.247663 0.776811
vt 0.369697 0.700597
vt 0.520802 0.837074
vt 0.591752 0.825568
vt 0.591752 0.837074
vt 0.520802 0.966877
vt 0.591752 0.955370
vt 0.591752 0.966877
vt 0.520802 0.940916
vt 0.591752 0.929410
vt 0.591752 0.940916
vt 0.520802 0.914956
vt 0.591752 0.903449
vt 0.591752 0.914956
vt 0.520802 0.888995
vt 0.591752 0.877489
vt 0.591752 0.888995
vt 0.520802 0.863035
vt 0.591752 0.851528
vt 0.591752 0.863035
vt 0.520802 0.992837
vt 0.591752 0.981331
vt 0.591752 0.992837
vt 0.520802 0.811114
vt 0.591752 0.799607
vt 0.591752 0.811114
vt 0.611820 0.681751
vt 0.591571 0.690139
vt 0.584494 0.662596
vt 0.612132 0.634957
vt 0.631288 0.662284
vt 0.606807 0.647812
vt 0.612132 0.621581
vt 0.606807 0.608726
vt 0.631288 0.594254
vt 0.520802 0.825568
vt 0.591752 0.785153
vt 0.520802 0.799607
vt 0.520802 0.785153
vt 0.520802 0.981331
vt 0.520802 0.955370
vt 0.520802 0.929410
vt 0.520802 0.903449
vt 0.520802 0.877489
vt 0.520802 0.851528
vt 0.611820 0.574787
vt 0.597349 0.599267
vt 0.584494 0.593942
vt 0.639675 0.614503
vt 0.524323 0.662284
vt 0.543479 0.634957
vt 0.548804 0.647812
vt 0.543479 0.621581
vt 0.515936 0.614503
vt 0.639675 0.642035
vt 0.543791 0.574787
vt 0.564040 0.566399
vt 0.571117 0.593942
vt 0.543791 0.681751
vt 0.558262 0.657271
vt 0.571117 0.662596
vt 0.597349 0.657271
vt 0.591571 0.566399
vt 0.564040 0.690139
vt 0.558262 0.599267
vt 0.548804 0.608726
vt 0.524323 0.594254
vt 0.515936 0.642035
vt 0.796681 0.310266
vt 0.824878 0.362752
vt 0.796681 0.362752
vt 0.995218 0.379673
vt 0.964763 0.348182
vt 0.966857 0.337654
vt 0.824878 0.196739
vt 0.796681 0.144252
vt 0.824878 0.144252
vt 0.796681 0.196739
vt 0.824878 0.216152
vt 0.796681 0.216152
vt 0.796681 0.241244
vt 0.824878 0.253790
vt 0.796681 0.253790
vt 0.824878 0.266336
vt 0.796681 0.266336
vt 0.824878 0.278882
vt 0.796681 0.278882
vt 0.824878 0.291428
vt 0.796681 0.291428
vt 0.796681 0.228698
vt 0.824878 0.228698
vt 0.824878 0.241244
vt 0.994173 0.378343
vt 0.963718 0.347345
vt 0.965812 0.336817
vt 0.824878 0.310265
vt 0.938621 0.324429
vt 0.887703 0.271026
vt 0.938621 0.271026
vt 0.938724 0.201870
vt 0.887806 0.175912
vt 0.938724 0.175913
vt 0.887703 0.245068
vt 0.938621 0.245068
vt 0.937785 0.269082
vt 0.886867 0.322485
vt 0.886868 0.269082
vt 0.861888 0.316488
vt 0.887347 0.268149
vt 0.887347 0.321553
vt 0.862347 0.276167
vt 0.887806 0.324506
vt 0.862347 0.319442
vt 0.861408 0.274146
vt 0.861408 0.317421
vt 0.862244 0.276090
vt 0.887703 0.324429
vt 0.862244 0.319364
vt 0.938621 0.201793
vt 0.887703 0.175835
vt 0.938621 0.175835
vt 0.938265 0.242192
vt 0.887347 0.198917
vt 0.938265 0.198917
vt 0.937785 0.199849
vt 0.886868 0.243124
vt 0.886867 0.199849
vt 0.938265 0.172959
vt 0.887347 0.172959
vt 0.937785 0.243124
vt 0.887347 0.242192
vt 0.886867 0.173891
vt 0.937785 0.173891
vt 0.887806 0.245145
vt 0.887806 0.201870
vt 0.938265 0.268149
vt 0.887703 0.201793
vt 0.938724 0.324506
vt 0.887806 0.271103
vt 0.938724 0.271103
vt 0.938724 0.245145
vt 0.901023 0.438538
vt 0.951318 0.486863
vt 0.850729 0.438538
vt 0.742233 0.325376
vt 0.685726 0.223914
vt 0.752503 0.256767
vt 0.682785 0.240865
vt 0.768386 0.162380
vt 0.751905 0.234954
vt 0.951318 0.531686
vt 0.850729 0.575686
vt 0.850729 0.531686
vt 0.850729 0.603182
vt 0.951317 0.575686
vt 0.951318 0.603182
vt 0.850729 0.486863
vt 0.741263 0.327008
vt 0.704299 0.299921
vt 0.735256 0.165719
vt 0.800384 0.199424
vt 0.347143 0.879342
vt 0.360341 0.882878
vt 0.370002 0.892540
vt 0.373539 0.989052
vt 0.273802 0.905738
vt 0.287000 0.882878
vt 0.246358 0.776353
vt 0.276033 0.892082
vt 0.298893 0.878884
vt 0.345838 0.878884
vt 0.359036 0.882420
vt 0.372234 0.905280
vt 0.146621 0.905280
vt 0.150158 0.892082
vt 0.159819 0.882420
vt 0.219962 0.878884
vt 0.233160 0.882420
vt 0.242822 0.892082
vt 0.272497 0.877953
vt 0.288910 0.514787
vt 0.393933 0.539023
vt 0.138693 0.806766
vt 0.199014 0.686124
vt 0.958800 0.318202
vt 0.949875 0.312239
vt 0.950313 0.296128
vt 0.995218 0.296128
vt 0.950313 0.379673
vt 0.949875 0.363070
vt 0.958800 0.357107
vt 0.964763 0.327127
vt 0.957755 0.317365
vt 0.948830 0.311401
vt 0.949267 0.294798
vt 0.994173 0.294798
vt 0.949267 0.378343
vt 0.948830 0.362233
vt 0.957755 0.356269
vt 0.963718 0.326290
vt 0.937785 0.322485
vt 0.861888 0.273214
vt 0.938265 0.321553
vt 0.951318 0.438538
vt 0.875876 0.438538
vt 0.804666 0.318135
vt 0.774170 0.327965
vt 0.713717 0.310762
vt 0.692966 0.286348
vt 0.683136 0.255851
vt 0.700339 0.195399
vt 0.687668 0.272533
vt 0.690391 0.209740
vt 0.709331 0.183894
vt 0.736719 0.167264
vt 0.799512 0.169987
vt 0.803794 0.288698
vn 0.707100 -0.000000 -0.707100
vn 0.965900 -0.000000 -0.258800
vn -0.258800 -0.000000 -0.965900
vn 0.258800 -0.000000 -0.965900
vn -0.965900 -0.000000 -0.258800
vn -0.707100 -0.000000 -0.707100
vn 0.965900 -0.000000 0.258800
vn 0.707100 -0.000000 0.707100
vn -0.000000 0.723000 0.690800
vn -0.000000 0.901100 0.433600
vn -0.000000 0.433600 0.901100
vn -0.000000 0.133900 0.991000
vn -0.000000 -0.474200 -0.880400
vn -0.000000 -0.178900 -0.983900
vn -0.707100 -0.000000 0.707100
vn -0.965900 -0.000000 0.258800
vn 0.258800 -0.000000 0.965900
vn -0.258800 -0.000000 0.965900
vn -0.000000 0.352000 -0.936000
vn -0.000000 0.587800 -0.809000
vn -0.000000 0.348600 -0.937300
vn -0.000000 0.178900 -0.983900
vn -0.000000 0.474200 -0.880400
vn -0.000000 -0.901100 0.433600
vn -0.000000 -0.723000 0.690800
vn -0.000000 0.880400 -0.474200
vn -0.000000 0.690800 -0.723000
vn -0.000000 0.983900 0.178900
vn -0.000000 0.991000 -0.133900
vn -0.000000 -0.690800 -0.723000
vn -0.000000 -0.880400 -0.474200
vn -0.000000 -0.991000 -0.133900
vn -0.000000 -0.983900 0.178900
vn -0.000000 -0.000000 1.000000
vn -0.000000 -0.265400 0.964100
vn -0.000000 0.265400 0.964100
vn 0.025600 -0.024000 0.999400
vn 0.641800 -0.014600 0.766700
vn -0.000000 -0.951100 0.309000
vn -0.000000 -0.834900 0.550400
vn -0.000000 0.781400 -0.624000
vn -0.000000 0.999000 0.045500
vn -0.000000 0.973300 0.229600
vn -0.000100 0.999000 0.045400
vn -0.000000 -0.781400 -0.624000
vn -0.000000 0.951100 0.309000
vn -0.000000 0.834900 0.550400
vn -0.000000 -0.999000 0.045500
vn 0.000100 -0.999000 0.045600
vn 0.000100 -0.973300 0.229700
vn -0.000000 -0.587800 -0.809000
vn -0.000000 -0.352000 -0.936000
vn 0.707100 0.707100 -0.000000
vn 0.965900 0.258800 -0.000000
vn -0.258800 0.965900 -0.000000
vn 0.258800 0.965900 -0.000000
vn -0.965900 0.258800 -0.000000
vn -0.707100 0.707100 -0.000000
vn 0.965900 -0.258800 -0.000000
vn 0.707100 -0.707100 -0.000000
vn -0.707100 -0.707100 -0.000000
vn -0.965900 -0.258800 -0.000000
vn 0.258800 -0.965900 -0.000000
vn -0.258800 -0.965900 -0.000000
vn -0.000000 1.000000 -0.000000
vn -0.000000 -0.433600 0.901100
vn -0.000000 -0.133900 0.991000
vn 1.000000 -0.000000 -0.000000
vn -0.000000 -0.923900 0.382700
vn -0.000000 -1.000000 -0.000000
vn -0.039800 -0.710600 -0.702500
vn -0.031300 -0.555300 -0.831100
vn -0.071600 -0.571200 -0.817700
vn -0.000000 0.923900 -0.382700
vn -0.000000 -0.923900 -0.382700
vn -0.000000 0.923900 0.382700
vn -0.000000 -0.707100 -0.707100
vn -0.000000 0.707100 0.707100
vn -0.000000 -0.382700 -0.923900
vn -0.000000 0.382700 0.923900
vn -0.000000 -0.000000 -1.000000
vn -0.000000 -0.382700 0.923900
vn -0.000000 0.382700 -0.923900
vn -0.000000 -0.707100 0.707100
vn -0.000000 0.707100 -0.707100
vn -0.045900 0.713500 0.699200
vn -0.031300 0.555300 0.831100
vn -0.071600 0.571200 0.817700
vn -0.002600 -0.001500 -1.000000
vn -0.004200 -0.200700 -0.979600
vn -0.000000 -0.216600 -0.976300
vn -0.009400 -0.387600 0.921800
vn -0.002400 0.001700 1.000000
vn -0.000000 -0.170600 0.985300
vn -0.002400 0.002000 1.000000
vn -0.026700 0.417600 0.908200
vn -0.004100 0.200700 0.979600
vn 0.186300 0.268400 -0.945100
vn -0.007100 0.415000 -0.909800
vn -0.038000 -0.715700 0.697400
vn -0.012800 -0.420000 0.907400
vn -0.016900 -0.555500 0.831400
vn -0.035400 0.713000 -0.700300
vn -0.019600 0.570700 -0.821000
vn -0.040400 0.774800 -0.630900
vn -0.024300 -0.862300 0.505800
vn -0.062300 -0.945300 0.320300
vn -0.062500 0.925000 -0.374800
vn -0.056100 0.843600 -0.534000
vn -0.069700 -0.923600 0.377100
vn -0.069200 -0.980800 0.182200
vn -0.076000 -0.997100 -0.004800
vn -0.077100 0.997000 0.001800
vn -0.069700 0.946100 -0.316400
vn -0.074900 0.979600 -0.186700
vn -0.077900 -0.997000 0.001600
vn -0.079800 -0.979100 -0.187000
vn -0.073800 -0.943600 -0.322700
vn -0.070500 0.923600 0.376900
vn -0.079500 0.996800 0.007300
vn -0.076100 0.979000 0.189000
vn -0.066000 -0.924200 -0.376100
vn -0.067200 -0.835900 -0.544700
vn -0.056200 -0.775500 -0.628900
vn -0.069600 0.945300 0.318600
vn -0.058400 0.835100 0.547000
vn -0.587800 -0.809000 -0.000000
vn 0.951100 -0.309000 -0.000000
vn -0.951100 -0.309000 -0.000000
vn 0.587800 -0.809000 -0.000000
vn 0.587800 0.809000 -0.000000
vn -0.951100 0.309000 -0.000000
vn 0.951100 0.309000 -0.000000
vn -0.587800 0.809000 -0.000000
vn -0.000000 -0.256000 0.966700
vn -0.000000 0.256000 0.966700
vn -1.000000 -0.000000 -0.000000
vn -0.000000 -0.989300 -0.145800
vn -0.000000 -0.989300 0.145800
vn -0.000000 0.256000 -0.966700
vn -0.000000 -0.256000 -0.966700
vn -0.000000 0.989300 -0.145800
vn -0.000000 0.957500 -0.288400
vn -0.000000 0.494900 -0.868900
vn -0.000000 -0.957500 -0.288400
vn -0.000000 -0.494900 -0.869000
vn -0.000000 -0.494900 -0.868900
vn -0.000000 0.989300 0.145800
vn -0.000000 0.957500 0.288400
vn -0.000000 0.494900 0.868900
vn -0.000000 -0.957500 0.288400
vn -0.000000 -0.494900 0.869000
vn -0.000000 -0.494900 0.868900
vn -0.000000 0.500000 -0.866000
vn -0.000000 0.866000 -0.500000
vn -0.000000 0.866000 0.500000
vn -0.000000 0.500000 0.866000
vn -0.000000 -0.500000 0.866000
vn -0.000000 -0.866000 0.500000
vn -0.000000 -0.866000 -0.500000
vn -0.000000 -0.500000 -0.866000
vn -0.000000 0.800000 -0.600000
vn -0.028900 0.016700 0.999400
vn -0.028900 -0.016700 0.999400
vn -0.000000 0.033300 0.999400
vn -0.000000 -0.033300 0.999400
vn 0.028900 0.016700 0.999400
vn 0.500000 0.866000 -0.000000
vn 0.500000 -0.866000 -0.000000
vn -0.500000 0.866000 -0.000000
vn -0.500000 -0.866000 -0.000000
vn 0.028900 -0.016700 0.999400
vn 0.555600 -0.000000 0.831500
vn 0.195100 -0.000000 0.980800
vn 0.831500 -0.000000 -0.555600
vn 0.980800 -0.000000 -0.195100
vn 0.980800 -0.000000 0.195100
vn 0.831500 -0.000000 0.555600
vn -0.980800 -0.000000 -0.195100
vn -0.831500 -0.000000 -0.555600
vn -0.195100 -0.000000 0.980800
vn -0.555600 -0.000000 0.831500
vn -0.555600 -0.000000 -0.831500
vn -0.195100 -0.000000 -0.980800
vn -0.831500 -0.000000 0.555600
vn -0.980800 -0.000000 0.195100
vn 0.195100 -0.000000 -0.980800
vn 0.555600 -0.000000 -0.831500
vn 0.923900 -0.000000 -0.382700
vn 0.382700 -0.000000 -0.923900
vn -0.382700 -0.000000 -0.923900
vn -0.923900 -0.000000 -0.382700
vn 0.923900 -0.000000 0.382700
vn 0.382700 -0.000000 0.923900
vn -0.382700 -0.000000 0.923900
vn -0.923900 -0.000000 0.382700
vn -0.767400 -0.641100 -0.000000
vn -0.473100 0.881000 0.001400
vn -0.474700 0.880100 -0.000000
vn -0.501900 0.865000 -0.000000
vn -0.475600 0.879700 -0.000000
vn -0.158900 -0.158900 -0.974400
vn -0.027000 -0.027000 -0.999300
vn 0.017600 0.017600 -0.999700
vn 0.257600 0.257600 -0.931300
vn 0.292600 0.292600 -0.910400
vn 0.492400 0.492400 -0.717700
vn 0.513100 0.513100 -0.688100
vn 0.651100 0.651100 -0.390200
vn 0.657200 0.657200 -0.369100
vn 0.657200 0.657200 0.369100
vn 0.651100 0.651100 0.390200
vn 0.513100 0.513100 0.688100
vn 0.492400 0.492400 0.717700
vn 0.392900 0.392900 0.831500
vn -0.553100 0.833100 -0.000000
vn -0.514800 0.857300 -0.000000
vn -0.716900 -0.697200 -0.000000
vn -0.474500 0.880300 0.001700
vn -0.471600 0.881800 -0.006700
vn 0.679000 0.710600 0.184500
vn 0.697600 0.716400 0.007800
vn 0.707100 0.707100 0.000100
vn -0.299200 0.954200 -0.000000
vn -0.159300 -0.987200 -0.000000
vn -0.888000 -0.459800 -0.000000
vn -0.571100 0.820900 -0.000000
vn -0.000000 -1.000000 -0.000100
vn -0.000000 1.000000 0.000100
vn -0.535000 0.844900 -0.000000
vn -0.459800 0.888000 -0.000000
vn -0.516500 0.856300 -0.000000
vn -0.314500 -0.949200 -0.000000
vn -0.577400 -0.577300 0.577300
vn -0.577400 -0.577300 -0.577300
vn 0.577400 -0.577300 -0.577400
vn 0.577400 -0.577300 0.577400
vn 0.459800 -0.888000 -0.000000
vn -0.923900 -0.382700 -0.000000
vn -0.980800 -0.195100 -0.000000
vn -0.725300 -0.688400 -0.000000
vn -0.959100 -0.283000 -0.000000
vn -0.598200 -0.801400 -0.000000
vn 0.598100 -0.801400 -0.000000
vn 0.725300 -0.688400 -0.000000
vn 0.923900 -0.382700 -0.000000
vn 0.995900 -0.090800 -0.000000
vn 0.923900 0.382700 -0.000000
vn 0.382700 0.923900 -0.000000
vn -0.382700 0.923900 -0.000000
vn 0.048000 -0.009500 -0.998800
vn -0.831500 0.555600 -0.000000
vn -0.923900 0.382700 -0.000000
vn 0.007300 -1.000000 -0.000000
vn -0.999900 0.015300 -0.000000
vn 0.056600 -0.010500 -0.998300
vn 0.146700 -0.002000 -0.989200
vn -0.056600 0.010500 0.998300
vn -0.146700 0.002000 0.989200
vn -0.146900 -0.000000 0.989100
vn -0.007100 1.000000 -0.000000
vn 0.999900 0.014500 -0.000000
vn -0.474800 0.880100 0.000700
vn -0.473600 0.880700 -0.000300
vn -0.475700 0.879600 0.004000
vn -0.476600 0.879100 0.002100
vn -0.465500 0.884900 -0.018500
vn 0.689500 0.724300 -0.000000
vn 0.331500 0.191300 -0.923900
vn 0.612500 0.353400 -0.707100
vn 0.800200 0.461700 -0.382700
vn 0.866100 0.499800 -0.000000
vn 0.800200 0.461700 0.382700
vn 0.612500 0.353400 0.707100
vn 0.331500 0.191300 0.923900
vn -0.331500 -0.191300 0.923900
vn -0.612500 -0.353400 0.707100
vn -0.800200 -0.461700 0.382700
vn -0.866100 -0.499800 -0.000000
vn -0.800200 -0.461700 -0.382700
vn -0.612500 -0.353400 -0.707100
vn -0.499800 0.866100 -0.000000
vn -0.331500 -0.191300 -0.923900
vn 0.499800 -0.866100 -0.000000
vn 0.688200 0.688200 0.229600
vn 0.573700 0.573700 0.584600
vn 0.371800 0.371800 0.850600
vn 0.113400 0.113400 0.987100
vn -0.162400 -0.162400 0.973300
vn -0.207500 -0.207500 0.956000
vn -0.413400 -0.413400 0.811300
vn -0.601400 -0.601400 0.525900
vn -0.698000 -0.698000 0.160300
vn -0.601400 -0.601500 0.525800
vn -0.371800 -0.371800 -0.850600
vn -0.113400 -0.113400 -0.987100
vn 0.698000 0.698000 -0.160300
vn 0.601400 0.601400 -0.525900
vn 0.354600 0.354600 -0.865200
vn -0.573700 -0.573700 -0.584600
vn -0.688200 -0.688200 -0.229600
vn 0.162400 0.162400 -0.973300
vn 0.413400 0.413400 -0.811300
vn -0.676000 -0.676000 -0.293500
vn 0.374500 0.374500 -0.848200
vn 0.207500 0.207500 -0.956000
vn -0.599800 -0.599800 -0.529600
vn 0.599800 0.599800 0.529600
vn 0.676000 0.676000 0.293500
vn -0.374500 -0.374500 0.848200
vn -0.688900 -0.688900 0.225300
vn -0.450400 -0.450400 0.770900
vn -0.025000 -0.025000 0.999400
vn -0.099900 -0.099900 0.990000
vn -0.706700 -0.706700 -0.035300
vn -0.293500 -0.293500 0.909800
vn -0.643300 -0.643300 -0.415100
vn 0.025000 0.025000 -0.999400
vn 0.222700 0.310000 0.924300
vn 0.643300 0.643300 0.415100
vn 0.662400 0.662400 -0.349800
vn 0.413300 0.413400 -0.811300
vn 0.517300 0.517300 -0.681700
vn 0.707100 0.707100 -0.005400
vn 0.706700 0.706700 0.035300
vn -0.000000 0.980800 -0.195100
vn -0.000000 0.290300 -0.956900
vn -0.000000 0.290000 -0.957000
vn -0.000000 0.971600 -0.236600
vn -0.000000 0.656600 -0.754300
vn -0.000000 0.345700 -0.938400
vn -0.000000 -0.834900 0.550300
vn -0.000000 -0.951000 0.309100
vn -0.000000 -0.656600 -0.754300
vn -0.026700 -0.417600 -0.908200
vn -0.011800 -0.385900 -0.922500
vn -0.011800 0.385900 0.922500
vn -0.044500 0.788500 0.613400
vn -0.000000 0.027600 -0.999600
vn -0.003200 -0.204200 0.978900
vn -0.000000 0.067900 0.997700
vn -0.011800 0.385900 -0.922500
vn -0.027700 -0.579200 0.814700
vn -0.043700 -0.775800 0.629500
vn 0.587700 0.809100 -0.000100
vn -0.000000 1.000000 -0.000100
vn 0.686300 0.720900 0.097100
vn -0.048000 0.009500 0.998800
vn -0.959200 -0.282800 -0.000000
vn 0.146900 -0.000000 -0.989100
vn 0.995900 -0.090700 -0.000000
vn -0.499800 0.866200 -0.000000
vn 0.499900 -0.866100 -0.000000
vn 0.499800 -0.866200 -0.000000
vn -0.311700 -0.311700 -0.897600
vn -0.100000 -0.100000 0.990000
vn -0.207600 -0.207600 0.955900
vn 0.580300 0.580300 -0.571500
vn 0.517300 0.517400 -0.681700
vn 0.000100 0.382600 -0.923900
vn 0.382700 -0.923900 -0.000000
vn -0.382700 -0.923900 -0.000000
vn -0.359700 0.762100 0.538400
vn 0.359700 0.762100 -0.538400
vn 0.538400 0.762100 0.359700
vn -0.538400 0.762100 -0.359700
vn -0.018800 0.999700 -0.012600
vn -0.012600 0.999700 0.018800
vn 0.018800 0.999700 0.012600
vn 0.012600 0.999700 -0.018800
vn -0.309000 -0.951100 -0.000000
vn -0.156400 -0.987700 -0.000000
vn -0.156400 0.987700 -0.000000
vn -0.309000 0.951100 -0.000000
vn 0.309000 0.951100 -0.000000
vn 0.809000 0.587800 -0.000000
vn 0.809000 -0.587800 -0.000000
vn 0.309000 -0.951100 -0.000000
vn -0.290200 -0.006800 0.957000
vn -0.098100 -0.007100 0.995200
vn -0.290400 -0.006800 0.956900
vn 0.773200 -0.004500 0.634100
vn 0.881800 -0.003300 0.471700
vn 0.882100 -0.003300 0.471100
vn 0.957100 -0.002100 0.289900
vn 0.995100 -0.000700 0.098400
vn 0.995200 -0.000700 0.097600
vn 0.995100 0.000700 -0.098400
vn 0.967500 0.001800 -0.252700
vn 0.967600 0.001500 -0.252600
vn 0.931300 0.001300 -0.364300
vn 0.753700 0.001000 -0.657200
vn 0.754300 0.000700 -0.656500
vn 0.278500 -0.000000 -0.960400
vn 0.283200 0.000200 -0.959100
vn -0.279300 -0.000000 -0.960200
vn -0.754600 0.001200 -0.656200
vn -0.931300 0.001300 -0.364300
vn -0.753200 0.000400 -0.657800
vn -0.967500 0.001800 -0.252700
vn -0.995100 0.000700 -0.098400
vn -0.967600 0.001500 -0.252600
vn -0.995100 -0.000700 0.098400
vn -0.957100 -0.002100 0.289900
vn -0.995200 -0.000700 0.097600
vn -0.881700 -0.003300 0.471700
vn -0.773200 -0.004500 0.634100
vn -0.882100 -0.003300 0.471100
vn -0.634200 -0.005500 0.773200
vn -0.471600 -0.006300 0.881800
vn -0.634600 -0.005500 0.772800
vn -0.001700 -0.999900 -0.012200
vn 0.003900 -0.999700 -0.025400
vn 0.002100 -0.999900 -0.011400
vn 0.471600 -0.006300 0.881800
vn 0.634200 -0.005500 0.773200
vn 0.634600 -0.005500 0.772800
vn 0.098100 -0.007100 0.995200
vn 0.290200 -0.006800 0.956900
vn 0.290400 -0.006800 0.956900
vn -0.098000 -0.007100 0.995200
vn 0.471200 -0.006300 0.882000
vn 0.772800 -0.004500 0.634600
vn 0.956800 -0.002100 0.290700
vn 0.995200 0.000700 -0.097600
vn 0.930800 0.002100 -0.365500
vn -0.282400 0.000200 -0.959300
vn -0.930800 0.002200 -0.365500
vn -0.995200 0.000700 -0.097600
vn -0.956800 -0.002100 0.290700
vn -0.772800 -0.004500 0.634600
vn -0.471200 -0.006300 0.882000
vn -0.002500 0.999900 0.010500
vn -0.000600 0.999900 0.014700
vn 0.000100 0.999900 0.013300
vn -0.949200 0.314600 -0.000000
vn -0.314600 -0.949200 -0.000000
vn 0.949200 -0.314600 -0.000000
vn -0.156300 -0.987700 -0.000000
vn -0.156300 0.987700 -0.000000
vn -0.000000 -0.999900 -0.013900
vn -0.000000 -0.999900 -0.013800
vn 0.000100 -0.999900 -0.013900
vn -0.003800 -0.999900 -0.013700
vn -0.016100 -0.999700 -0.017100
vn -0.003900 -0.999900 -0.014700
vn 0.009300 -0.999900 -0.005300
vn -0.007200 -0.999200 -0.040000
vn -0.000100 -0.999900 -0.013900
vn 0.003800 -0.999900 -0.013700
vn 0.014700 -0.999800 -0.015200
vn 0.016100 -0.999700 -0.017100
vn 0.017100 -0.999700 -0.017600
vn 0.017100 -0.999700 -0.017500
vn 0.098000 -0.007100 0.995200
vn -0.000000 0.999900 0.013900
vn -0.000000 0.999900 0.013800
vn -0.000100 0.999900 0.013700
vn -0.000100 0.999900 0.013600
vn -0.000800 0.999900 0.013400
vn -0.003800 0.999900 0.013700
vn -0.016100 0.999700 0.017200
vn -0.018700 0.999700 0.018200
vn 0.005400 1.000000 -0.002400
vn -0.002100 0.999500 0.032700
vn -0.000000 0.999900 0.014000
vn 0.002400 0.999900 0.012900
vn 0.009900 0.999800 0.014700
vn 0.016700 0.999700 0.017200
vn -0.009300 0.999900 0.005300
vn 0.866000 -0.000000 -0.500000
vn 0.866000 -0.000000 0.500000
vn -0.866000 -0.000000 0.500000
vn -0.866000 -0.000000 -0.500000
vn -0.974400 -0.011200 0.224500
vn 0.974400 -0.011200 -0.224500
vn 0.292800 -0.011200 -0.956100
vn -0.681600 -0.011200 -0.731600
vn -0.000000 0.666000 -0.746000
vn -0.000000 0.671000 -0.741400
vn -0.000700 0.665600 -0.746300
vn 0.646000 0.666000 0.373000
vn 0.647400 0.667100 0.368500
vn 0.647300 0.664500 0.373400
vn 0.646100 0.665900 -0.373000
vn 0.648100 0.666200 -0.368900
vn 0.645400 0.668100 -0.370300
vn -0.646000 0.666000 -0.373000
vn -0.647300 0.664400 -0.373600
vn -0.650200 0.671100 -0.356100
vn -0.646000 0.666000 0.373000
vn -0.645200 0.664200 0.377600
vn -0.642900 0.669100 0.372900
vn -0.000000 0.666000 0.745900
vn -0.000000 0.661000 0.750400
vn -0.000000 0.666300 0.745700
vn 1.000000 0.000100 0.000100
vn 1.000000 0.000200 0.000100
vn 1.000000 -0.000100 0.000100
vn 1.000000 -0.000200 0.000100
vn -1.000000 -0.000100 0.000100
vn -1.000000 -0.000200 0.000100
vn 1.000000 0.000200 -0.000100
vn 1.000000 0.000100 -0.000100
vn 1.000000 -0.000000 -0.000200
vn -1.000000 0.000200 0.000100
vn -1.000000 0.000200 -0.000000
vn 1.000000 -0.000000 0.000200
vn -1.000000 -0.000200 -0.000000
vn 1.000000 -0.000200 -0.000100
vn 1.000000 -0.000100 -0.000100
vn -1.000000 -0.000200 -0.000100
vn -1.000000 -0.000000 -0.000200
vn -1.000000 0.000200 -0.000100
vn -1.000000 0.000100 -0.000200
vn -0.000000 0.834900 0.550300
vn 0.681600 -0.011200 0.731600
vn -0.292800 -0.011200 0.956100
vn 0.681600 -0.011200 -0.731600
vn 0.498400 -0.081900 -0.863100
vn 0.292800 -0.011200 0.956100
vn 0.498400 -0.081800 0.863100
vn -0.681600 -0.011200 0.731600
vn -0.498400 -0.081800 0.863100
vn -0.974400 -0.011200 -0.224500
vn -0.996600 -0.081900 -0.000000
vn 0.974400 -0.011200 0.224500
vn 0.996600 -0.082000 -0.000000
vn -0.292800 -0.011200 -0.956100
vn -0.498400 -0.081800 -0.863100
vn -1.000000 -0.000100 -0.000100
vn -1.000000 -0.000100 -0.000200
vn -1.000000 -0.000000 0.000200
vn -1.000000 0.000100 0.000100
vn -1.000000 0.000100 0.000200
vn -1.000000 0.000100 -0.000100
vn -1.000000 -0.000100 0.000200
vn -0.000000 0.007400 -1.000000
vn 0.999900 0.012500 -0.000000
vn -0.999900 0.012500 -0.000000
vn -0.000000 0.007400 1.000000
vn 0.026600 -0.999600 -0.000000
vn -0.010900 -0.999900 -0.000000
vn -0.048500 -0.998800 -0.000000
vn 0.999800 -0.022200 -0.000000
vn 0.011800 0.999900 -0.000000
vn -0.025000 0.999700 -0.000000
vn 0.048500 0.998800 -0.000000
vn 0.961200 0.275700 0.003700
vn 0.958700 0.284300 0.003600
vn 0.963000 0.269600 -0.000000
vn -0.000000 -0.763700 0.645600
vn -0.000100 -0.671100 0.741400
vn 0.998500 0.053200 0.009400
vn 0.981100 0.193400 0.001400
vn 0.984800 0.173300 0.014900
vn -0.981100 0.193400 0.001400
vn -0.998500 0.053200 0.009400
vn 0.957800 0.287300 0.005400
vn -0.957800 0.287300 -0.000000
vn 0.957800 0.287300 -0.000000
vn -0.000000 -0.328700 0.944400
vn -0.000000 -0.451500 0.892300
vn -0.974700 0.223400 0.006000
vn -0.972400 0.233100 0.011800
vn -0.969900 0.243000 0.017700
vn -0.000000 0.296400 0.955100
vn -0.000000 -0.670900 0.741500
vn -0.000000 0.805700 0.592400
vn -0.984800 0.173300 0.014900
vn -0.732800 0.669000 -0.124400
vn -0.671800 0.704200 -0.229900
vn -0.754200 0.656600 -0.000000
vn -0.732800 0.669000 0.124400
vn -0.671800 0.704200 0.229900
vn -0.472600 0.819100 0.325100
vn -0.364900 0.881300 0.300300
vn -0.580400 0.756900 0.300300
vn -0.273500 0.934000 0.229900
vn -0.212500 0.969200 0.124400
vn -0.191100 0.981600 -0.000000
vn -0.212500 0.969200 -0.124400
vn -0.273500 0.934000 -0.229900
vn -0.364900 0.881300 -0.300300
vn -0.472600 0.819100 -0.325100
vn -0.580400 0.756900 -0.300300
vn 0.827100 0.477300 0.296700
vn 0.827100 0.477300 0.296800
vn -0.827100 -0.477300 -0.296800
vn 0.109400 0.063100 -0.992000
vn 0.499700 -0.866200 -0.000000
vn -0.221900 -0.128100 0.966600
vn -0.109400 -0.063100 0.992000
vn 0.221900 0.128100 -0.966600
vn 0.727100 0.419600 0.543300
vn -0.727100 -0.419600 -0.543400
vn -0.727100 -0.419600 -0.543300
vn -0.001000 0.665300 -0.746600
vn -0.000000 0.666100 -0.745900
vn -0.000000 0.673800 -0.738900
vn 0.647900 0.663800 0.373600
vn 0.648200 0.667800 0.366000
vn 0.645000 0.669200 -0.369000
vn 0.646000 0.666000 -0.373000
vn 0.649200 0.666400 -0.366600
vn -0.652300 0.673600 -0.347400
vn -0.646000 0.666000 -0.372900
vn -0.648000 0.663600 -0.373900
vn -0.641200 0.670700 0.373000
vn -0.646000 0.666000 0.372900
vn -0.644700 0.663300 0.379900
vn -0.000000 0.666500 0.745500
vn -0.000000 0.666100 0.745900
vn -0.000000 0.658300 0.752800
vn -0.977000 0.213400 -0.000000
vn -0.266900 -0.963700 -0.000000
vn -0.266900 0.963700 -0.000000
vn -0.424800 -0.000000 0.905300
vn -0.424800 -0.000000 -0.905300
vn 0.577300 -0.577400 0.577400
vn 0.577400 -0.577400 -0.577400
vn 0.000100 -0.707100 -0.707100
vn -0.577400 -0.577300 -0.577400
vn -0.632500 -0.632500 -0.447200
vn -0.281900 -0.281900 0.917100
vn -0.282000 -0.282000 0.917100
vn 0.632500 0.632500 0.447200
vn 0.281900 0.281900 -0.917100
vn -0.241500 -0.241500 -0.939900
vn 0.664600 0.664600 -0.341500
vn 0.241500 0.241500 0.939900
vn -0.664600 -0.664600 0.341500
vn -0.000200 -0.707100 -0.707100
vn -0.577400 -0.577300 0.577400
vn -0.000000 0.965900 -0.258800
vn -0.000000 0.258800 -0.965900
vn -0.000000 0.965900 0.258800
vn -0.000000 0.258800 0.965900
vn -0.000000 0.999700 0.026300
vn -0.000000 0.555600 0.831500
vn -0.000000 0.555600 -0.831500
vn -0.000000 0.999600 -0.027100
vn 0.293500 0.293500 -0.909800
vn 0.706600 0.706600 0.039300
vn -0.180000 -0.180000 0.967000
vn -0.000000 0.258900 0.965900
vn -0.706600 0.707000 0.029400
vn -0.706900 0.707200 0.014700
usemtl SpacialRoverExploreralumWhite
f 105/1/1 115/2/2 118/3/1
f 109/4/3 117/5/4 120/6/3
f 122/7/5 110/8/6 119/9/6
f 103/10/7 113/11/8 116/12/7
f 204/13/9 230/14/10 211/15/10
f 203/16/11 231/17/12 222/18/11
f 217/19/13 239/20/14 238/21/13
f 99/22/15 121/23/16 112/24/15
f 101/25/17 111/26/18 114/27/17
f 9/28/19 7/29/20 34/30/21
f 240/31/22 216/32/23 233/33/23
f 220/34/24 226/35/25 201/36/25
f 206/37/26 234/38/27 215/39/27
f 212/40/28 224/41/29 205/42/29
f 218/43/30 228/44/31 209/45/31
f 210/46/32 236/47/33 219/48/33
f 6/49/34 3/50/35 35/51/35
f 2/52/36 37/53/37 38/54/38
f 8/55/39 42/56/40 36/57/40
f 7/29/20 1/58/41 44/59/41
f 1/60/42 47/61/43 46/62/44
f 4/63/45 48/64/45 50/65/45
f 5/66/46 40/67/47 52/68/47
f 4/63/48 53/69/49 41/70/50
f 10/71/51 33/72/52 54/73/52
f 129/74/53 139/75/54 142/76/53
f 133/77/55 141/78/56 144/79/55
f 146/80/57 134/81/58 143/82/58
f 127/83/59 137/84/60 140/85/59
f 123/86/61 145/87/62 136/88/61
f 125/89/63 135/90/64 138/91/63
f 112/24/15 100/92/18 99/22/15
f 116/12/7 104/93/2 103/10/7
f 122/7/5 108/94/16 107/95/5
f 114/27/17 102/96/8 101/25/17
f 118/3/1 106/97/4 105/1/1
f 109/4/3 119/98/6 110/99/6
f 136/100/61 124/101/64 123/102/61
f 140/85/59 128/103/54 127/83/59
f 146/80/57 132/104/62 131/105/57
f 138/91/63 126/106/60 125/89/63
f 142/76/53 130/107/56 129/74/53
f 144/79/55 134/81/58 133/77/55
f 107/108/65 158/109/65 155/110/65
f 104/111/65 151/112/65 103/113/65
f 185/114/34 129/115/34 188/116/34
f 123/117/34 124/118/34 181/119/34
f 129/115/34 185/114/34 128/120/34
f 128/120/34 185/114/34 127/121/34
f 224/41/29 206/122/26 205/42/29
f 226/35/25 202/123/66 201/36/25
f 228/44/31 210/46/32 209/45/31
f 238/21/13 218/43/30 217/19/13
f 234/38/27 216/32/23 215/39/27
f 236/47/33 220/34/24 219/48/33
f 222/18/11 204/13/9 203/16/11
f 230/14/10 212/40/28 211/15/10
f 207/124/22 239/20/14 208/125/14
f 232/126/67 214/127/12 213/128/67
f 202/123/66 232/126/67 213/128/67
f 108/129/65 99/130/65 148/131/65
f 151/112/65 104/111/65 154/132/65
f 106/133/65 153/134/65 105/135/65
f 101/136/65 102/137/65 149/138/65
f 149/138/65 102/137/65 152/139/65
f 102/137/65 103/113/65 152/139/65
f 104/111/65 105/135/65 154/132/65
f 101/136/65 149/138/65 150/140/65
f 156/141/65 153/134/65 106/133/65
f 101/136/65 150/140/65 147/142/65
f 156/141/65 106/133/65 109/143/65
f 100/144/65 101/136/65 147/142/65
f 99/130/65 100/144/65 147/142/65
f 156/141/65 109/143/65 110/145/65
f 99/130/65 147/142/65 148/131/65
f 155/110/65 156/141/65 110/145/65
f 157/146/65 108/129/65 148/131/65
f 110/145/65 107/108/65 155/110/65
f 158/109/65 108/129/65 157/146/65
f 153/134/65 154/132/65 105/135/65
f 188/116/34 129/115/34 130/147/34
f 108/129/65 158/109/65 107/108/65
f 103/113/65 151/112/65 152/139/65
f 125/148/34 126/149/34 183/150/34
f 183/150/34 126/149/34 186/151/34
f 126/149/34 127/121/34 186/151/34
f 187/152/34 188/116/34 130/147/34
f 125/148/34 183/150/34 184/153/34
f 187/152/34 130/147/34 133/154/34
f 124/118/34 125/148/34 184/153/34
f 190/155/34 187/152/34 133/154/34
f 124/118/34 184/153/34 181/119/34
f 182/156/34 123/117/34 181/119/34
f 189/157/34 190/155/34 133/154/34
f 189/157/34 133/154/34 134/158/34
f 123/117/34 182/156/34 191/159/34
f 192/160/34 189/157/34 134/158/34
f 192/160/34 132/161/34 191/159/34
f 132/161/34 123/117/34 191/159/34
f 192/160/34 134/158/34 131/162/34
f 132/161/34 192/160/34 131/162/34
f 127/121/34 185/114/34 186/151/34
f 204/13/9 221/163/9 230/14/10
f 203/16/11 214/127/12 231/17/12
f 217/19/13 208/125/14 239/20/14
f 240/31/22 207/124/22 216/32/23
f 220/34/24 235/164/24 226/35/25
f 206/37/26 223/165/26 234/38/27
f 212/40/28 229/166/28 224/41/29
f 218/43/30 237/167/30 228/44/31
f 210/46/32 227/168/32 236/47/33
f 224/41/29 223/169/26 206/122/26
f 226/35/25 225/170/66 202/123/66
f 228/44/31 227/168/32 210/46/32
f 238/21/13 237/167/30 218/43/30
f 234/38/27 233/33/23 216/32/23
f 236/47/33 235/164/24 220/34/24
f 222/18/11 221/163/9 204/13/9
f 230/14/10 229/166/28 212/40/28
f 207/124/22 240/31/22 239/20/14
f 232/126/67 231/17/12 214/127/12
f 202/123/66 225/170/66 232/126/67
f 255/171/68 273/172/68 241/173/68
f 248/174/68 283/175/68 250/176/68
f 242/177/68 273/172/68 276/178/68
f 243/179/68 288/180/68 274/181/68
f 251/182/68 282/183/68 284/184/68
f 244/185/68 274/181/68 277/186/68
f 252/187/68 285/188/68 253/189/68
f 245/190/68 276/178/68 278/191/68
f 250/176/68 275/192/68 252/187/68
f 246/193/68 277/186/68 279/194/68
f 254/195/68 284/184/68 286/196/68
f 245/190/68 280/197/68 247/198/68
f 253/189/68 287/199/68 255/171/68
f 246/193/68 281/200/68 248/174/68
f 256/201/68 286/196/68 288/180/68
f 249/202/68 280/197/68 282/183/68
f 273/203/69 293/204/70 276/205/70
f 263/206/71 326/207/72 325/208/73
f 274/209/74 301/210/65 277/211/65
f 276/205/70 294/212/75 278/213/75
f 277/211/65 302/214/76 279/215/76
f 278/213/75 295/216/77 280/217/77
f 281/218/78 302/214/76 303/219/78
f 280/217/77 296/220/79 282/221/79
f 281/218/78 304/222/80 283/223/80
f 282/221/79 297/224/81 284/225/81
f 275/226/34 289/227/82 285/228/82
f 283/223/80 290/229/34 275/226/34
f 286/230/83 297/224/81 298/231/83
f 287/232/84 289/227/82 291/233/84
f 286/230/83 299/234/85 288/235/85
f 273/203/69 291/236/84 292/237/69
f 288/235/85 300/238/74 274/209/74
f 258/239/68 289/240/68 290/241/68
f 257/242/68 291/243/68 289/240/68
f 259/244/68 292/245/68 291/243/68
f 260/246/68 293/247/68 292/245/68
f 261/248/68 294/249/68 293/247/68
f 262/250/68 295/251/68 294/249/68
f 263/252/68 296/253/68 295/251/68
f 265/254/68 296/253/68 264/255/68
f 266/256/68 297/257/68 265/254/68
f 267/258/68 298/259/68 266/256/68
f 268/260/68 299/261/68 267/258/68
f 269/262/68 300/263/68 268/260/68
f 270/264/68 301/265/68 269/262/68
f 271/266/68 302/267/68 270/264/68
f 272/268/68 303/269/68 271/266/68
f 272/268/68 290/241/68 304/270/68
f 271/271/86 330/272/87 329/273/88
f 265/274/89 333/275/90 334/276/91
f 257/277/92 258/278/93 337/279/94
f 258/278/95 332/280/96 340/281/97
f 265/274/89 341/282/98 342/283/99
f 259/284/100 339/285/101 344/286/102
f 267/287/103 346/288/104 348/289/105
f 259/290/100 349/291/106 350/292/107
f 268/293/108 348/289/105 351/294/109
f 260/295/110 353/296/111 354/297/112
f 269/298/113 352/299/114 355/300/115
f 261/301/116 357/302/117 358/303/118
f 270/304/119 356/305/120 359/306/121
f 262/307/122 361/308/123 327/309/124
f 271/271/86 360/310/125 362/311/126
f 313/312/127 324/313/127 314/314/127
f 386/315/34 324/316/34 322/317/34
f 310/318/128 321/319/128 311/320/128
f 307/321/65 387/322/65 308/323/65
f 314/324/129 316/325/129 306/326/129
f 312/327/130 321/319/130 322/328/130
f 309/329/131 387/322/131 319/330/131
f 305/331/132 316/325/132 315/332/132
f 313/312/70 322/328/70 323/333/70
f 309/329/133 320/334/133 310/318/133
f 305/331/134 388/335/134 307/321/134
f 382/336/129 364/337/129 363/338/129
f 379/339/127 382/340/127 380/341/127
f 377/342/70 380/341/70 378/343/70
f 375/344/130 378/343/130 376/345/130
f 373/346/128 376/345/128 374/347/128
f 371/348/133 374/347/133 372/349/133
f 369/350/131 372/349/131 370/351/131
f 367/352/65 370/351/65 368/353/65
f 365/354/134 368/353/134 366/355/134
f 364/337/132 366/355/132 363/338/132
f 319/330/131 387/322/131 386/356/131
f 388/335/134 315/332/134 385/357/134
f 317/358/65 386/356/65 318/359/65
f 318/359/65 387/322/65 384/360/65
f 383/361/65 385/357/65 317/358/65
f 384/360/65 388/335/65 383/361/65
f 409/362/135 394/363/136 405/364/136
f 414/365/137 410/366/137 406/367/137
f 402/368/138 408/369/139 415/370/138
f 396/371/68 404/372/68 400/373/68
f 399/374/140 414/375/141 412/376/140
f 400/373/142 413/377/143 411/378/142
f 401/379/144 412/376/140 413/380/144
f 415/370/138 404/381/145 402/368/138
f 416/382/146 403/383/141 404/381/147
f 406/367/148 395/384/149 393/385/148
f 407/386/150 394/363/136 395/387/150
f 408/369/139 398/388/151 410/389/151
f 398/388/152 409/362/135 410/389/153
f 411/378/142 393/385/148 400/373/142
f 484/390/81 430/391/154 429/392/81
f 483/393/154 431/394/155 430/391/154
f 485/395/155 432/396/65 431/394/155
f 486/397/65 433/398/156 432/396/65
f 487/399/156 434/400/157 433/398/156
f 488/401/157 435/402/34 434/400/157
f 435/402/34 490/403/158 436/404/158
f 436/404/158 491/405/159 437/406/159
f 491/405/159 438/407/70 437/406/159
f 438/407/70 493/408/160 439/409/160
f 427/410/156 506/411/157 428/412/157
f 493/413/160 440/414/161 439/415/160
f 494/416/161 429/392/81 440/414/161
f 465/417/81 472/418/81 471/419/81
f 466/420/137 473/421/137 472/418/137
f 468/422/68 471/419/68 474/423/68
f 466/420/70 468/424/70 470/425/70
f 469/426/162 471/419/162 472/418/162
f 469/427/137 472/418/137 473/421/137
f 471/419/68 467/428/68 474/423/68
f 418/429/137 484/430/137 417/431/137
f 418/429/137 485/432/137 483/433/137
f 420/434/137 485/432/137 419/435/137
f 420/434/137 487/436/137 486/437/137
f 422/438/137 487/436/137 421/439/137
f 423/440/137 488/441/137 422/438/137
f 423/440/137 490/442/137 489/443/137
f 425/444/137 490/442/137 424/445/137
f 426/446/137 491/447/137 425/444/137
f 426/446/137 493/448/137 492/449/137
f 427/450/137 494/451/137 493/448/137
f 417/431/137 494/451/137 428/452/137
f 417/453/34 495/454/158 418/455/158
f 424/456/154 503/457/155 425/458/155
f 421/459/160 500/460/161 422/461/161
f 428/412/157 496/462/34 417/453/34
f 418/455/158 497/463/159 419/464/159
f 425/458/155 504/465/65 426/466/65
f 422/461/161 501/467/81 423/468/81
f 419/464/159 498/469/70 420/470/70
f 426/466/65 505/471/156 427/472/156
f 423/468/81 502/473/154 424/456/154
f 420/470/70 499/474/160 421/459/160
f 589/475/137 580/476/137 579/477/137
f 590/478/70 611/479/70 580/476/70
f 555/480/137 556/481/137 553/482/137
f 553/482/65 602/483/65 555/480/65
f 558/484/70 604/485/70 556/481/70
f 579/477/65 600/486/65 589/475/65
f 617/487/163 626/488/164 615/489/164
f 617/487/163 628/490/165 627/491/163
f 615/489/164 625/492/166 613/493/166
f 619/494/165 629/495/167 628/490/165
f 630/496/137 635/497/137 629/498/137
f 626/499/168 631/500/168 625/501/168
f 628/502/169 633/503/169 627/504/169
f 630/505/170 631/500/170 636/506/170
f 629/498/171 634/507/171 628/502/171
f 627/504/68 632/508/68 626/499/68
f 623/509/172 625/492/166 630/510/172
f 632/511/81 634/512/81 636/513/81
f 623/509/172 629/495/167 621/514/167
f 732/515/173 750/516/174 733/517/174
f 726/518/175 746/519/176 729/520/176
f 730/521/177 748/522/178 731/523/178
f 738/524/179 756/525/180 739/526/180
f 734/527/181 752/528/182 735/529/182
f 740/530/183 744/531/184 727/532/184
f 754/533/65 750/534/65 746/535/65
f 736/536/185 754/537/186 737/538/186
f 746/519/176 730/521/177 729/520/176
f 732/515/173 748/522/178 747/539/173
f 744/531/184 728/540/187 727/532/184
f 726/541/175 742/542/188 741/543/175
f 756/525/180 740/530/183 739/526/180
f 752/528/182 736/536/185 735/529/182
f 738/524/179 754/537/186 753/544/179
f 734/527/181 750/516/174 749/545/181
f 728/540/187 742/542/188 725/546/188
f 905/547/81 911/548/81 921/549/81
f 906/550/197 908/551/197 905/547/197
f 907/552/198 913/553/199 908/554/199
f 938/555/34 929/556/34 939/557/34
f 931/558/200 938/559/201 942/560/201
f 912/561/202 924/562/203 916/563/204
f 916/563/204 925/564/205 915/565/206
f 915/565/206 923/566/207 917/567/208
f 919/568/209 917/567/208 923/566/207
f 914/569/210 918/570/53 913/571/53
f 909/572/211 918/570/53 920/573/212
f 910/574/213 920/573/212 922/575/214
f 911/576/215 922/575/214 921/577/215
f 931/558/200 934/578/216 928/579/217
f 906/550/34 927/580/34 907/581/34
f 932/582/218 927/583/218 930/584/218
f 927/585/219 942/560/201 937/586/220
f 935/587/218 933/588/218 936/589/218
f 931/590/81 936/589/81 933/588/81
f 928/591/34 935/587/34 929/592/34
f 912/593/221 940/594/222 926/595/223
f 978/596/81 1031/597/81 1032/598/81
f 962/599/68 1030/600/68 1031/601/68
f 972/602/65 979/603/65 978/596/65
f 971/604/65 976/605/65 972/602/65
f 970/606/65 975/607/65 971/604/65
f 969/608/224 1058/609/65 1057/610/65
f 1036/611/70 1020/612/225 1019/613/225
f 1057/610/81 1035/614/81 1056/615/81
f 970/606/81 1034/616/81 1035/614/81
f 971/604/81 1033/617/81 1034/616/81
f 978/596/65 964/618/65 962/599/65
f 972/602/81 1032/598/81 1033/617/81
f 1021/619/226 981/620/226 1018/621/226
f 1019/613/81 981/622/81 969/608/81
f 981/620/227 973/623/224 969/608/224
f 1038/624/34 996/625/34 1039/626/34
f 986/627/137 1044/628/137 963/629/137
f 1030/600/68 987/630/68 1038/631/68
f 979/603/65 995/632/65 996/625/65
f 976/605/65 994/633/65 995/632/65
f 975/607/65 993/634/65 994/633/65
f 1058/609/65 992/635/224 1060/636/65
f 1020/612/225 1043/637/70 1023/638/225
f 1059/639/228 1067/640/70 1060/636/229
f 1041/641/34 993/634/34 1042/642/34
f 1040/643/34 994/633/34 1041/641/34
f 964/618/65 996/625/65 987/630/65
f 1039/626/34 995/632/34 1040/643/34
f 1101/644/230 1152/645/231 998/646/232
f 992/635/34 1022/647/34 1023/648/34
f 973/623/224 1101/649/230 998/650/232
f 1021/619/233 1020/651/225 1023/652/225
f 961/653/70 1030/654/70 963/655/70
f 965/656/70 1032/598/70 961/653/70
f 966/657/70 1033/617/70 965/656/70
f 967/658/70 1034/616/70 966/657/70
f 968/659/70 1056/615/70 1061/660/70
f 968/659/70 1037/661/70 1036/611/70
f 961/653/70 1032/598/70 1031/597/70
f 986/662/70 1030/654/70 1038/663/70
f 988/664/70 1039/665/70 1040/666/70
f 988/664/70 1041/667/70 989/668/70
f 989/668/70 1042/669/70 990/670/70
f 1062/671/70 1042/669/70 1059/672/70
f 991/673/70 1037/661/70 977/674/70
f 986/662/70 1038/663/70 1039/665/70
f 1055/675/70 1050/676/70 1063/677/70
f 963/629/137 1045/678/137 961/679/137
f 988/680/81 1051/681/81 986/682/81
f 961/683/34 1046/684/34 965/685/34
f 989/686/81 1052/687/81 988/680/81
f 965/685/34 1047/688/34 966/689/34
f 990/690/81 1053/691/81 989/686/81
f 966/689/34 1048/692/34 967/693/34
f 991/694/81 1064/695/81 1062/696/81
f 967/693/34 1063/677/34 1061/697/34
f 977/698/68 1055/675/68 991/699/68
f 968/700/68 1050/676/68 977/698/68
f 1061/697/34 1049/701/34 968/702/34
f 1062/696/81 1054/703/81 990/690/81
f 1054/703/70 1048/692/70 1051/704/70
f 991/673/70 1059/672/70 1043/637/70
f 1061/660/70 1035/614/70 967/658/70
f 1059/639/34 992/635/34 1043/705/34
f 974/706/137 1068/707/137 993/634/137
f 969/608/81 1056/615/81 1036/611/81
f 1060/636/68 1065/708/68 1058/609/68
f 970/606/65 1058/609/65 974/706/65
f 1084/709/81 1087/710/81 1086/711/81
f 1087/710/68 1095/712/68 1089/713/68
f 1081/714/137 1070/715/137 1083/716/137
f 1070/717/65 1094/718/65 1093/719/65
f 1090/720/34 1081/714/34 1080/721/34
f 1079/722/234 1080/723/234 1081/724/234
f 1082/725/235 1083/726/235 1084/727/235
f 1085/728/236 1086/729/236 1087/730/236
f 1088/731/237 1089/732/237 1090/733/237
f 1096/734/81 1070/715/81 1093/719/81
f 1095/735/34 1069/736/34 1081/714/34
f 1095/712/68 1093/719/68 1094/718/68
f 1100/737/65 1097/738/65 1099/739/65
f 1112/740/68 1116/741/68 1098/742/68
f 1092/743/70 1118/744/70 1124/745/70
f 1120/746/81 1097/738/81 1115/747/81
f 1106/748/81 1154/749/81 1104/750/81
f 1101/649/226 1021/619/226 1102/751/226
f 998/752/34 1150/753/34 1022/754/34
f 1102/755/81 1151/756/81 1101/757/81
f 1022/758/238 1149/759/238 1102/760/238
f 1123/761/34 1111/762/34 1098/742/34
f 1073/763/70 1133/764/70 1074/765/70
f 1077/766/70 1135/767/70 1078/768/70
f 1076/769/70 1138/770/70 1137/771/70
f 1072/772/70 1140/773/70 1139/774/70
f 1072/772/70 1134/775/70 1073/763/70
f 1074/765/70 1136/776/70 1077/766/70
f 1078/768/70 1138/770/70 1075/777/70
f 1071/778/70 1137/771/70 1140/773/70
f 1103/779/226 1150/780/226 1104/781/226
f 1105/782/226 1152/645/226 1151/783/226
f 1106/748/226 1150/753/226 1152/784/226
f 1105/785/226 1149/786/226 1103/787/226
f 1104/781/231 1153/788/231 1103/779/231
f 1105/785/34 1153/788/34 1155/789/34
f 1105/782/238 1156/790/238 1106/791/238
f 1162/792/60 1166/793/60 1170/794/60
f 1176/795/239 1206/796/240 1174/797/240
f 1173/798/137 1208/799/239 1175/800/239
f 1176/795/239 1210/801/241 1207/802/239
f 1177/803/242 1208/799/239 1209/804/242
f 1180/805/243 1210/801/241 1178/806/241
f 1185/807/34 1248/808/34 1187/809/34
f 1184/810/244 1218/811/245 1216/812/244
f 1217/813/81 1253/814/81 1252/815/81
f 1186/816/245 1219/817/246 1218/811/245
f 1181/818/34 1246/819/34 1183/820/34
f 1187/809/247 1222/821/68 1189/822/68
f 1221/823/68 1192/824/248 1223/825/248
f 1189/822/68 1224/826/248 1191/827/248
f 1192/824/248 1225/828/53 1223/825/248
f 1191/827/248 1226/829/53 1193/830/53
f 1194/831/53 1228/832/249 1225/828/53
f 1195/833/249 1226/829/53 1227/834/249
f 1196/835/249 1230/836/65 1228/832/249
f 1195/833/249 1229/837/65 1197/838/65
f 1230/836/65 1200/839/250 1232/840/250
f 1197/838/65 1231/841/250 1199/842/250
f 1202/843/58 1232/840/250 1200/839/250
f 1201/844/58 1231/841/250 1233/845/58
f 1182/846/81 1204/847/251 1196/848/81
f 1202/843/58 1236/849/252 1234/850/58
f 1203/851/253 1233/845/58 1235/852/253
f 1174/853/254 1261/854/254 1259/855/254
f 1173/798/137 1235/852/253 1205/856/137
f 1185/807/34 1193/857/34 1201/858/34
f 1226/859/81 1217/813/81 1209/804/81
f 1207/860/34 1221/861/34 1230/862/34
f 1215/863/81 1252/815/81 1250/864/81
f 1213/865/81 1250/864/81 1249/866/81
f 1209/804/242 1243/867/255 1177/803/242
f 1181/818/34 1244/868/34 1245/869/34
f 1183/820/34 1247/870/34 1185/807/34
f 1211/871/81 1254/872/81 1209/804/81
f 1213/865/81 1251/873/81 1211/871/81
f 1179/874/34 1243/875/34 1244/868/34
f 1221/823/68 1188/876/246 1190/877/68
f 1174/853/256 1260/878/257 1204/879/251
f 1206/880/258 1262/881/259 1261/854/260
f 1204/882/261 1262/881/261 1236/883/261
f 1187/809/247 1253/884/262 1220/885/247
f 1066/886/34 1058/887/34 1065/888/34
f 1066/886/65 1067/889/65 1068/890/65
f 909/891/199 910/892/199 908/554/199
f 910/892/199 911/893/199 908/554/199
f 927/894/219 914/895/263 907/552/198
f 914/895/263 913/553/199 907/552/198
f 937/896/220 916/897/264 927/894/219
f 915/898/265 917/899/266 927/894/219
f 917/899/266 914/895/263 927/894/219
f 916/897/264 915/898/265 927/894/219
f 937/896/220 912/900/267 916/897/264
f 913/553/199 909/891/199 908/554/199
f 942/901/268 939/557/268 941/902/268
f 1054/703/70 1064/695/70 1063/677/70
f 1048/692/70 1045/903/70 1051/704/70
f 1054/703/70 1063/677/70 1048/692/70
f 1356/904/81 1353/905/269 1354/906/81
f 1358/907/269 1352/908/270 1353/905/269
f 1359/909/270 1351/910/271 1352/908/270
f 1351/910/271 1362/911/272 1350/912/272
f 1362/911/272 1349/913/273 1350/912/272
f 1349/913/273 1365/914/274 1348/915/274
f 1348/915/274 1366/916/275 1347/917/275
f 1366/918/275 1346/919/34 1347/920/275
f 1368/921/34 1345/922/276 1346/919/34
f 1345/922/276 1371/923/277 1344/924/277
f 1371/923/277 1343/925/278 1344/924/277
f 1372/926/278 1342/927/279 1343/925/278
f 1374/928/279 1341/929/280 1342/927/279
f 1341/929/280 1377/930/281 1340/931/281
f 1371/932/282 1365/933/282 1359/934/282
f 1377/930/281 1339/935/283 1340/931/281
f 1339/935/283 1356/904/81 1354/906/81
f 1316/936/284 1312/937/284 1308/938/284
f 1404/939/285 1484/940/286 1483/941/285
f 1485/942/287 1410/943/288 1486/944/288
f 1486/944/288 1412/945/289 1487/946/290
f 1412/947/289 1490/948/291 1487/949/290
f 1414/950/291 1491/951/292 1490/948/291
f 1444/952/293 1475/953/294 1482/954/293
f 1488/955/295 1426/956/296 1495/957/296
f 1416/958/292 1528/959/293 1418/959/293
f 1434/960/297 1483/941/285 1492/961/297
f 1413/962/60 1421/963/60 1429/964/60
f 1485/942/287 1406/965/286 1408/966/287
f 1407/967/60 1438/968/60 1439/969/60
f 1407/967/60 1440/970/60 1409/971/60
f 1409/971/60 1441/972/60 1411/973/60
f 1415/974/60 1442/975/60 1443/976/60
f 1415/974/60 1444/977/60 1417/978/60
f 1419/979/60 1444/977/60 1445/980/60
f 1421/963/60 1447/981/60 1423/982/60
f 1425/983/60 1447/981/60 1448/984/60
f 1427/985/60 1448/984/60 1449/986/60
f 1431/987/60 1450/988/60 1451/989/60
f 1433/990/60 1451/989/60 1452/991/60
f 1433/990/60 1437/992/60 1403/993/60
f 1493/994/298 1434/960/297 1492/961/297
f 1494/995/299 1432/996/298 1493/994/298
f 1489/997/300 1420/998/301 1422/999/300
f 1495/957/296 1428/1000/302 1496/1001/302
f 1494/995/299 1428/1000/302 1430/1002/303
f 1488/955/295 1422/999/300 1424/1003/295
f 1497/1004/301 1418/959/293 1420/998/301
f 1491/951/292 1418/959/293 1498/1005/293
f 1445/1006/304 1482/954/293 1481/1007/301
f 1447/1008/295 1473/1009/300 1472/1010/295
f 1450/1011/305 1480/1012/302 1478/1013/299
f 1448/1014/296 1480/1012/302 1449/1015/306
f 1446/1016/307 1481/1007/301 1473/1009/300
f 1450/1011/305 1477/1017/298 1451/1018/298
f 1451/1018/298 1476/1019/297 1452/1020/297
f 1438/1021/308 1469/1022/287 1439/1023/287
f 1452/1020/297 1436/1024/285 1437/1025/309
f 1447/1008/295 1479/1026/296 1448/1014/296
f 1474/1027/291 1443/1028/292 1442/1029/310
f 1471/1030/290 1442/1029/310 1441/1031/290
f 1440/1032/288 1471/1033/290 1441/1034/290
f 1439/1023/287 1470/1035/288 1440/1032/288
f 1437/1025/309 1435/1036/286 1438/1021/308
f 1482/954/293 1491/951/292 1507/1037/311
f 1482/954/293 1506/1038/304 1481/1007/301
f 1473/1009/300 1488/955/295 1472/1010/295
f 1480/1012/302 1494/995/299 1478/1013/299
f 1479/1026/296 1496/1001/302 1480/1012/302
f 1473/1009/300 1506/1038/304 1508/1039/304
f 1472/1010/295 1495/957/296 1479/1026/296
f 1490/948/291 1475/953/294 1510/1040/312
f 1471/1030/290 1510/1040/312 1474/1027/291
f 1505/1041/313 1515/1042/313 1513/1043/313
f 1507/1037/311 1497/1004/301 1508/1039/304
f 1507/1044/58 1516/1045/58 1515/1042/58
f 1512/1046/314 1487/949/290 1490/948/291
f 1513/1043/315 1516/1045/315 1514/1047/315
f 1517/1048/316 1519/1049/316 1520/1050/316
f 1510/1051/317 1520/1050/317 1512/1052/317
f 1509/1053/60 1517/1048/60 1510/1054/60
f 1506/1055/318 1516/1045/318 1508/1056/318
f 1505/1057/60 1514/1047/60 1506/1058/60
f 1512/1059/58 1519/1049/58 1511/1060/58
f 1511/1061/319 1518/1062/320 1509/1063/320
f 1521/1064/58 1540/1065/58 1539/1066/58
f 1424/1003/295 1532/956/296 1426/956/296
f 1434/960/297 1541/1067/321 1543/1068/321
f 1412/945/289 1524/943/288 1525/945/289
f 1418/959/293 1529/998/301 1420/998/301
f 1428/1000/302 1532/956/296 1533/1000/302
f 1406/965/286 1521/939/285 1522/965/286
f 1412/947/289 1526/950/291 1414/950/291
f 1422/999/300 1529/998/301 1530/999/300
f 1430/1002/303 1533/1000/302 1534/1002/322
f 1406/965/286 1523/966/287 1408/966/287
f 1416/958/292 1526/950/291 1527/958/292
f 1422/999/300 1531/1003/295 1424/1003/295
f 1430/1002/303 1534/1002/322 1545/1069/323
f 1404/939/285 1544/960/324 1546/1070/325
f 1408/966/287 1524/943/288 1410/943/288
f 1535/1071/326 1542/1072/65 1545/1073/65
f 1538/1074/81 1546/1075/327 1540/1076/328
f 1536/1077/68 1545/1073/68 1537/1078/68
f 1541/1079/329 1536/1080/74 1543/1081/74
f 1543/1081/83 1539/1082/83 1546/1083/327
f 1539/1066/58 1537/1084/58 1534/1085/58
f 1534/1085/58 1533/1086/58 1539/1066/58
f 1533/1086/58 1532/1087/58 1539/1066/58
f 1532/1087/58 1531/1088/58 1539/1066/58
f 1531/1088/58 1530/1089/58 1539/1066/58
f 1530/1089/58 1529/1090/58 1539/1066/58
f 1529/1090/58 1528/1091/58 1539/1066/58
f 1528/1091/58 1527/1092/58 1539/1066/58
f 1527/1092/58 1526/1093/58 1539/1066/58
f 1526/1093/58 1525/1094/58 1539/1066/58
f 1525/1094/58 1524/1095/58 1539/1066/58
f 1524/1095/58 1523/1096/58 1539/1066/58
f 1523/1096/58 1522/1097/58 1539/1066/58
f 1522/1097/58 1521/1064/58 1539/1066/58
f 1521/1064/58 1538/1098/58 1540/1065/58
f 105/1/1 104/93/2 115/2/2
f 109/4/3 106/97/4 117/5/4
f 122/7/5 107/95/5 110/8/6
f 103/10/7 102/96/8 113/11/8
f 99/22/15 108/94/16 121/23/16
f 101/25/17 100/92/18 111/26/18
f 7/29/20 32/1099/330 31/1100/19
f 34/30/21 33/72/331 9/28/19
f 7/29/20 31/1100/19 34/30/21
f 35/51/35 37/53/37 6/49/34
f 3/50/35 36/57/35 35/51/35
f 39/1101/36 40/67/36 2/52/36
f 2/52/36 6/49/34 37/53/37
f 38/54/38 39/1101/36 2/52/36
f 36/57/332 3/50/332 8/55/333
f 8/55/39 41/70/50 42/56/40
f 45/1102/41 32/1099/330 7/29/20
f 1/58/41 43/1103/41 44/59/41
f 44/59/41 45/1102/41 7/29/20
f 46/62/44 43/1104/42 1/60/42
f 1/60/42 5/66/46 47/61/43
f 4/63/45 10/71/51 49/1105/334
f 4/63/45 49/1105/334 48/64/45
f 50/65/45 51/1106/45 4/63/45
f 52/68/47 47/61/43 5/66/46
f 5/66/46 2/52/47 40/67/47
f 41/70/50 8/55/39 4/63/48
f 4/63/48 51/1106/48 53/69/49
f 54/73/52 49/1105/334 10/71/51
f 10/71/51 9/28/52 33/72/52
f 129/74/53 128/103/54 139/75/54
f 133/77/55 130/107/56 141/78/56
f 146/80/57 131/105/57 134/81/58
f 127/83/59 126/106/60 137/84/60
f 123/86/61 132/104/62 145/87/62
f 125/89/63 124/101/64 135/90/64
f 112/24/15 111/26/18 100/92/18
f 116/12/7 115/2/2 104/93/2
f 122/7/5 121/23/16 108/94/16
f 114/27/17 113/11/8 102/96/8
f 118/3/1 117/5/4 106/97/4
f 109/4/3 120/6/3 119/98/6
f 136/100/61 135/90/64 124/101/64
f 140/85/59 139/75/54 128/103/54
f 146/80/57 145/87/62 132/104/62
f 138/91/63 137/84/60 126/106/60
f 142/76/53 141/78/56 130/107/56
f 144/79/55 143/82/58 134/81/58
f 255/171/68 287/199/68 273/172/68
f 248/174/68 281/200/68 283/175/68
f 242/177/68 241/173/68 273/172/68
f 243/179/68 256/201/68 288/180/68
f 251/182/68 249/202/68 282/183/68
f 244/185/68 243/179/68 274/181/68
f 252/187/68 275/192/68 285/188/68
f 245/190/68 242/177/68 276/178/68
f 250/176/68 283/175/68 275/192/68
f 246/193/68 244/185/68 277/186/68
f 254/195/68 251/182/68 284/184/68
f 245/190/68 278/191/68 280/197/68
f 253/189/68 285/188/68 287/199/68
f 246/193/68 279/194/68 281/200/68
f 256/201/68 254/195/68 286/196/68
f 249/202/68 247/198/68 280/197/68
f 273/203/69 292/237/69 293/204/70
f 328/1107/335 264/1108/336 263/206/71
f 263/206/71 327/309/124 326/207/72
f 325/208/73 328/1107/335 263/206/71
f 274/209/74 300/238/74 301/210/65
f 276/205/70 293/204/70 294/212/75
f 277/211/65 301/210/65 302/214/76
f 278/213/75 294/212/75 295/216/77
f 281/218/78 279/215/76 302/214/76
f 280/217/77 295/216/77 296/220/79
f 281/218/78 303/219/78 304/222/80
f 282/221/79 296/220/79 297/224/81
f 275/226/34 290/229/34 289/227/82
f 283/223/80 304/222/80 290/229/34
f 286/230/83 284/225/81 297/224/81
f 287/232/84 285/228/82 289/227/82
f 286/230/83 298/231/83 299/234/85
f 273/203/69 287/1109/84 291/236/84
f 288/235/85 299/234/85 300/238/74
f 258/239/68 257/242/68 289/240/68
f 257/242/68 259/244/68 291/243/68
f 259/244/68 260/246/68 292/245/68
f 260/246/68 261/248/68 293/247/68
f 261/248/68 262/250/68 294/249/68
f 262/250/68 263/252/68 295/251/68
f 263/252/68 264/255/68 296/253/68
f 265/254/68 297/257/68 296/253/68
f 266/256/68 298/259/68 297/257/68
f 267/258/68 299/261/68 298/259/68
f 268/260/68 300/263/68 299/261/68
f 269/262/68 301/265/68 300/263/68
f 270/264/68 302/267/68 301/265/68
f 271/266/68 303/269/68 302/267/68
f 272/268/68 304/270/68 303/269/68
f 272/268/68 258/239/68 290/241/68
f 332/280/96 272/1110/337 271/271/86
f 271/271/86 331/1111/338 330/272/87
f 329/273/88 332/280/96 271/271/86
f 265/274/89 264/1108/336 328/1107/335
f 265/274/89 328/1107/335 333/275/90
f 334/276/91 335/1112/339 265/274/89
f 336/1113/340 339/285/101 257/277/92
f 258/278/137 338/1114/34 337/279/68
f 337/279/94 336/1113/340 257/277/92
f 340/281/97 338/1114/341 258/278/95
f 258/278/95 272/1110/337 332/280/96
f 342/283/99 266/1115/342 265/274/89
f 265/274/89 335/1112/339 341/282/98
f 343/1116/343 345/1117/344 259/284/100
f 259/284/100 257/277/92 339/285/101
f 344/286/102 343/1116/343 259/284/100
f 267/287/103 266/1115/342 342/283/99
f 346/288/104 347/1118/345 348/289/105
f 267/287/103 342/283/99 346/288/104
f 350/292/107 260/295/110 259/290/100
f 259/290/100 345/1119/344 349/291/106
f 351/294/109 352/299/114 268/293/108
f 268/293/108 267/287/103 348/289/105
f 354/297/112 261/301/116 260/295/110
f 260/295/110 350/292/107 353/296/111
f 355/300/115 356/305/120 269/298/113
f 269/298/113 268/293/108 352/299/114
f 358/303/118 262/307/122 261/301/116
f 261/301/116 354/297/112 357/302/117
f 359/306/121 360/310/125 270/304/119
f 270/304/119 269/298/113 356/305/120
f 327/309/124 263/206/71 262/307/122
f 262/307/122 358/303/118 361/308/123
f 362/311/126 331/1111/338 271/271/86
f 271/271/86 270/304/119 360/310/125
f 313/312/127 323/333/127 324/313/127
f 322/317/34 321/1120/34 320/1121/34
f 320/1121/34 319/1122/34 386/315/34
f 386/315/34 385/1123/34 315/1124/34
f 315/1124/34 316/325/34 324/316/34
f 324/316/34 323/1125/34 322/317/34
f 322/317/34 320/1121/34 386/315/34
f 386/315/34 315/1124/34 324/316/34
f 310/318/128 320/334/128 321/319/128
f 307/321/65 388/335/65 387/322/65
f 314/324/129 324/316/129 316/325/129
f 312/327/130 311/320/130 321/319/130
f 309/329/131 308/323/131 387/322/131
f 305/331/132 306/326/132 316/325/132
f 313/312/70 312/327/70 322/328/70
f 309/329/133 319/330/133 320/334/133
f 305/331/134 315/332/134 388/335/134
f 382/336/129 381/1126/129 364/337/129
f 379/339/127 381/1127/127 382/340/127
f 377/342/70 379/339/70 380/341/70
f 375/344/130 377/342/130 378/343/130
f 373/346/128 375/344/128 376/345/128
f 371/348/133 373/346/133 374/347/133
f 369/350/131 371/348/131 372/349/131
f 367/352/65 369/350/65 370/351/65
f 365/354/134 367/352/134 368/353/134
f 364/337/132 365/354/132 366/355/132
f 317/358/65 385/357/65 386/356/65
f 318/359/65 386/356/65 387/322/65
f 383/361/65 388/335/65 385/357/65
f 384/360/65 387/322/65 388/335/65
f 409/362/135 396/1128/135 394/363/136
f 406/367/137 411/378/137 413/1129/137
f 413/1129/137 412/1130/137 414/365/137
f 414/365/137 416/1131/137 415/1132/137
f 415/1132/137 408/1133/137 410/366/137
f 410/366/137 409/1134/137 405/1135/137
f 405/1135/137 407/1136/137 406/367/137
f 406/367/137 413/1129/137 414/365/137
f 414/365/137 415/1132/137 410/366/137
f 410/366/137 405/1135/137 406/367/137
f 402/368/138 397/1137/139 408/369/139
f 400/373/68 393/385/68 395/1138/68
f 395/1138/68 394/1139/68 396/371/68
f 396/371/68 398/1140/68 397/1137/68
f 397/1137/68 402/368/68 404/372/68
f 404/372/68 403/1141/68 399/1142/68
f 399/1142/68 401/1143/68 400/373/68
f 400/373/68 395/1138/68 396/371/68
f 396/371/68 397/1137/68 404/372/68
f 404/372/68 399/1142/68 400/373/68
f 399/374/140 403/383/141 414/375/141
f 400/373/142 401/1144/143 413/377/143
f 401/379/144 399/374/140 412/376/140
f 415/370/138 416/382/145 404/381/145
f 416/382/146 414/375/141 403/383/141
f 406/367/148 407/1145/149 395/384/149
f 407/386/150 405/364/136 394/363/136
f 408/369/139 397/1137/139 398/388/151
f 398/388/152 396/1128/135 409/362/135
f 411/378/142 406/367/148 393/385/148
f 484/390/81 483/393/154 430/391/154
f 483/393/154 485/395/155 431/394/155
f 485/395/155 486/397/65 432/396/65
f 486/397/65 487/399/156 433/398/156
f 487/399/156 488/401/157 434/400/157
f 488/401/157 489/1146/34 435/402/34
f 435/402/34 489/1146/34 490/403/158
f 436/404/158 490/403/158 491/405/159
f 491/405/159 492/1147/70 438/407/70
f 438/407/70 492/1147/70 493/408/160
f 427/410/156 505/1148/156 506/411/157
f 493/413/160 494/416/161 440/414/161
f 494/416/161 484/390/81 429/392/81
f 465/417/81 466/420/81 472/418/81
f 466/420/137 470/1149/137 473/421/137
f 468/422/68 465/417/68 471/419/68
f 466/420/70 465/417/70 468/424/70
f 469/426/162 467/1150/162 471/419/162
f 418/429/137 483/433/137 484/430/137
f 418/429/137 419/435/137 485/432/137
f 420/434/137 486/437/137 485/432/137
f 420/434/137 421/439/137 487/436/137
f 422/438/137 488/441/137 487/436/137
f 423/440/137 489/443/137 488/441/137
f 423/440/137 424/445/137 490/442/137
f 425/444/137 491/447/137 490/442/137
f 426/446/137 492/449/137 491/447/137
f 426/446/137 427/450/137 493/448/137
f 427/450/137 428/452/137 494/451/137
f 417/431/137 484/430/137 494/451/137
f 417/453/34 496/462/34 495/454/158
f 424/456/154 502/473/154 503/457/155
f 421/459/160 499/474/160 500/460/161
f 428/412/157 506/411/157 496/462/34
f 418/455/158 495/454/158 497/463/159
f 425/458/155 503/457/155 504/465/65
f 422/461/161 500/460/161 501/467/81
f 419/464/159 497/463/159 498/469/70
f 426/466/65 504/465/65 505/471/156
f 423/468/81 501/467/81 502/473/154
f 420/470/70 498/469/70 499/474/160
f 589/475/137 590/478/137 580/476/137
f 590/478/70 607/1151/70 611/479/70
f 555/480/137 558/484/137 556/481/137
f 553/482/65 599/1152/65 602/483/65
f 558/484/70 603/1153/70 604/485/70
f 579/477/65 610/1154/65 600/486/65
f 617/487/163 627/491/163 626/488/164
f 617/487/163 619/494/165 628/490/165
f 615/489/164 626/488/164 625/492/166
f 619/494/165 621/514/167 629/495/167
f 630/496/137 636/1155/137 635/497/137
f 626/499/168 632/508/168 631/500/168
f 628/502/169 634/507/169 633/503/169
f 630/505/170 625/501/170 631/500/170
f 629/498/171 635/497/171 634/507/171
f 627/504/68 633/503/68 632/508/68
f 623/509/172 613/493/166 625/492/166
f 636/513/81 631/1156/81 632/511/81
f 632/511/81 633/1157/81 634/512/81
f 634/512/81 635/1158/81 636/513/81
f 623/509/172 630/510/172 629/495/167
f 732/515/173 747/539/173 750/516/174
f 726/518/175 741/1159/175 746/519/176
f 730/521/177 745/1160/177 748/522/178
f 738/524/179 753/544/179 756/525/180
f 734/527/181 749/545/181 752/528/182
f 740/530/183 755/1161/183 744/531/184
f 746/535/65 741/1162/346 742/1163/65
f 742/1163/65 743/1164/346 744/1165/65
f 744/1165/65 755/1166/65 756/1167/65
f 756/1167/65 753/1168/65 754/533/65
f 754/533/65 751/1169/229 752/1170/65
f 752/1170/65 749/1171/346 750/534/65
f 750/534/65 747/1172/65 748/1173/65
f 748/1173/65 745/1174/65 746/535/65
f 746/535/65 742/1163/65 744/1165/65
f 744/1165/65 756/1167/65 754/533/65
f 754/533/65 752/1170/65 750/534/65
f 750/534/65 748/1173/65 746/535/65
f 746/535/65 744/1165/65 754/533/65
f 736/536/185 751/1175/185 754/537/186
f 746/519/176 745/1160/177 730/521/177
f 732/515/173 731/523/178 748/522/178
f 744/531/184 743/1176/187 728/540/187
f 726/541/175 725/546/188 742/542/188
f 756/525/180 755/1161/183 740/530/183
f 752/528/182 751/1175/185 736/536/185
f 738/524/179 737/538/186 754/537/186
f 734/527/181 733/517/174 750/516/174
f 728/540/187 743/1176/187 742/542/188
f 905/547/81 908/551/81 911/548/81
f 906/550/197 907/581/197 908/551/197
f 938/555/34 928/1177/34 929/556/34
f 931/558/200 928/579/217 938/559/201
f 912/561/202 926/1178/202 924/562/203
f 916/563/204 924/562/203 925/564/205
f 915/565/206 925/564/205 923/566/207
f 919/568/209 914/569/210 917/567/208
f 914/569/210 919/568/209 918/570/53
f 909/572/211 913/571/53 918/570/53
f 910/574/213 909/572/211 920/573/212
f 911/576/215 910/574/213 922/575/214
f 931/558/200 933/1179/216 934/578/216
f 906/550/34 930/1180/34 927/580/34
f 932/582/218 931/590/218 927/583/218
f 927/585/219 931/558/200 942/560/201
f 935/587/218 934/1181/218 933/588/218
f 931/590/81 932/582/81 936/589/81
f 928/591/34 934/1181/34 935/587/34
f 912/593/221 937/1182/347 940/594/222
f 978/596/81 962/599/81 1031/597/81
f 962/599/68 964/618/68 1030/600/68
f 972/602/65 976/605/65 979/603/65
f 971/604/65 975/607/65 976/605/65
f 970/606/65 974/706/65 975/607/65
f 969/608/224 973/623/224 1058/609/65
f 1036/611/70 1037/661/70 1020/612/225
f 1057/610/81 970/606/81 1035/614/81
f 970/606/81 971/604/81 1034/616/81
f 971/604/81 972/602/81 1033/617/81
f 978/596/65 979/603/65 964/618/65
f 972/602/81 978/596/81 1032/598/81
f 1021/619/226 983/1183/226 981/620/226
f 969/608/81 1036/611/81 1019/613/81
f 1019/613/81 1018/1184/81 981/622/81
f 981/620/227 983/1183/227 973/623/224
f 1038/624/34 987/630/34 996/625/34
f 986/627/137 1051/1185/137 1044/628/137
f 1030/600/68 964/618/68 987/630/68
f 979/603/65 976/605/65 995/632/65
f 976/605/65 975/607/65 994/633/65
f 975/607/65 974/706/65 993/634/65
f 1058/609/65 973/623/224 992/635/224
f 1020/612/225 1037/661/70 1043/637/70
f 1059/639/34 1042/1186/34 1068/1187/34
f 1059/639/34 1068/1187/34 1067/640/81
f 1041/641/34 994/633/34 993/634/34
f 1040/643/34 995/632/34 994/633/34
f 964/618/65 979/603/65 996/625/65
f 1039/626/34 996/625/34 995/632/34
f 1101/644/230 1151/783/231 1152/645/231
f 1023/648/34 1043/705/34 992/635/34
f 992/635/34 998/1188/34 1022/647/34
f 998/650/232 992/635/224 973/623/224
f 973/623/224 983/1183/227 1101/649/230
f 1023/652/225 1022/1189/233 1102/751/233
f 1021/619/233 1018/621/233 1019/1190/225
f 1023/652/225 1102/751/233 1021/619/233
f 1021/619/233 1019/1190/225 1020/651/225
f 961/653/70 1031/597/70 1030/654/70
f 965/656/70 1033/617/70 1032/598/70
f 966/657/70 1034/616/70 1033/617/70
f 967/658/70 1035/614/70 1034/616/70
f 968/659/70 1036/611/70 1056/615/70
f 968/659/70 977/674/70 1037/661/70
f 986/662/70 963/655/70 1030/654/70
f 988/664/70 986/662/70 1039/665/70
f 988/664/70 1040/666/70 1041/667/70
f 989/668/70 1041/667/70 1042/669/70
f 1062/671/70 990/670/70 1042/669/70
f 991/673/70 1043/637/70 1037/661/70
f 1063/677/70 1064/695/70 1055/675/70
f 1050/676/70 1049/701/70 1063/677/70
f 963/629/137 1044/628/137 1045/678/137
f 988/680/81 1052/687/81 1051/681/81
f 961/683/34 1045/1191/34 1046/684/34
f 989/686/81 1053/691/81 1052/687/81
f 965/685/34 1046/684/34 1047/688/34
f 990/690/81 1054/703/81 1053/691/81
f 966/689/34 1047/688/34 1048/692/34
f 991/694/81 1055/675/81 1064/695/81
f 967/693/34 1048/692/34 1063/677/34
f 977/698/68 1050/676/68 1055/675/68
f 968/700/68 1049/701/68 1050/676/68
f 1061/697/34 1063/677/34 1049/701/34
f 1062/696/81 1064/695/81 1054/703/81
f 991/673/70 1062/671/70 1059/672/70
f 1061/660/70 1056/615/70 1035/614/70
f 1059/639/34 1060/636/34 992/635/34
f 974/706/137 1066/1192/137 1068/707/137
f 969/608/81 1057/610/81 1056/615/81
f 1060/636/68 1067/1193/68 1065/708/68
f 970/606/65 1057/610/65 1058/609/65
f 1086/711/81 1082/1194/81 1084/709/81
f 1084/709/81 1096/734/81 1087/710/81
f 1089/713/68 1085/1195/68 1087/710/68
f 1087/710/68 1096/734/68 1095/712/68
f 1095/712/68 1090/1196/68 1089/713/68
f 1083/716/137 1079/1197/137 1081/714/137
f 1081/714/137 1069/736/137 1070/715/137
f 1070/715/137 1084/709/137 1083/716/137
f 1070/717/65 1069/1198/65 1094/718/65
f 1080/721/34 1088/1199/34 1090/720/34
f 1090/720/34 1095/735/34 1081/714/34
f 1096/734/81 1084/709/81 1070/715/81
f 1095/735/34 1094/1200/34 1069/736/34
f 1095/712/68 1096/734/68 1093/719/68
f 1100/737/65 1098/742/65 1097/738/65
f 1098/742/68 1113/1201/68 1112/740/68
f 1112/740/68 1114/1202/68 1116/741/68
f 1116/741/68 1097/738/68 1098/742/68
f 1124/745/70 1091/1203/70 1092/743/70
f 1092/743/70 1119/1204/70 1118/744/70
f 1118/744/70 1121/1205/70 1124/745/70
f 1115/747/81 1117/1206/81 1120/746/81
f 1120/746/81 1099/1207/81 1097/738/81
f 1097/738/81 1116/741/81 1115/747/81
f 1106/748/81 1156/790/81 1154/749/81
f 1101/649/226 983/1183/226 1021/619/226
f 998/752/34 1152/784/34 1150/753/34
f 1102/755/81 1149/786/81 1151/756/81
f 1022/758/238 1150/780/238 1149/759/238
f 1098/742/34 1100/1208/34 1123/761/34
f 1123/761/34 1122/1209/34 1111/762/34
f 1111/762/34 1113/1201/34 1098/742/34
f 1073/763/70 1134/775/70 1133/764/70
f 1077/766/70 1136/776/70 1135/767/70
f 1076/769/70 1075/777/70 1138/770/70
f 1072/772/70 1071/778/70 1140/773/70
f 1072/772/70 1139/774/70 1134/775/70
f 1074/765/70 1133/764/70 1136/776/70
f 1078/768/70 1135/767/70 1138/770/70
f 1071/778/70 1076/769/70 1137/771/70
f 1103/779/226 1149/759/226 1150/780/226
f 1105/782/226 1106/791/226 1152/645/226
f 1106/748/226 1104/750/226 1150/753/226
f 1105/785/226 1151/756/226 1149/786/226
f 1104/781/231 1154/749/231 1153/788/231
f 1105/785/34 1103/787/34 1153/788/34
f 1105/782/238 1155/789/238 1156/790/238
f 1170/794/60 1157/1210/60 1158/1211/60
f 1158/1211/60 1161/1212/60 1162/792/60
f 1162/792/60 1165/1213/60 1166/793/60
f 1166/793/60 1169/1214/60 1170/794/60
f 1170/794/60 1158/1211/60 1162/792/60
f 1176/795/239 1207/802/239 1206/796/240
f 1173/798/137 1205/856/137 1208/799/239
f 1176/795/239 1178/806/241 1210/801/241
f 1177/803/242 1175/800/239 1208/799/239
f 1180/805/243 1212/1215/243 1210/801/241
f 1185/807/34 1247/870/34 1248/808/34
f 1184/810/244 1186/816/245 1218/811/245
f 1217/813/81 1220/1216/81 1253/814/81
f 1186/816/245 1188/876/246 1219/817/246
f 1181/818/34 1245/869/34 1246/819/34
f 1187/809/247 1220/885/247 1222/821/68
f 1221/823/68 1190/877/68 1192/824/248
f 1189/822/68 1222/821/68 1224/826/248
f 1192/824/248 1194/831/53 1225/828/53
f 1191/827/248 1224/826/248 1226/829/53
f 1194/831/53 1196/835/249 1228/832/249
f 1195/833/249 1193/830/53 1226/829/53
f 1196/835/249 1198/1217/65 1230/836/65
f 1195/833/249 1227/834/249 1229/837/65
f 1230/836/65 1198/1217/65 1200/839/250
f 1197/838/65 1229/837/65 1231/841/250
f 1202/843/58 1234/850/58 1232/840/250
f 1201/844/58 1199/842/250 1231/841/250
f 1196/848/81 1194/1218/81 1192/1219/81
f 1192/1219/81 1190/1220/81 1188/1221/81
f 1188/1221/81 1186/1222/81 1184/1223/81
f 1182/846/81 1180/1224/81 1178/1225/81
f 1188/1221/81 1184/1223/81 1182/846/81
f 1196/848/81 1192/1219/81 1188/1221/81
f 1200/1226/81 1198/1227/81 1196/848/81
f 1204/847/251 1202/1228/81 1200/1226/81
f 1176/1229/81 1174/1230/256 1204/847/251
f 1182/846/81 1178/1225/81 1176/1229/81
f 1196/848/81 1188/1221/81 1182/846/81
f 1204/847/251 1200/1226/81 1196/848/81
f 1182/846/81 1176/1229/81 1204/847/251
f 1202/843/58 1204/1231/252 1236/849/252
f 1203/851/253 1201/844/58 1233/845/58
f 1174/853/254 1206/880/254 1261/854/254
f 1173/798/137 1203/851/253 1235/852/253
f 1201/858/34 1203/1232/34 1173/1233/34
f 1173/1233/34 1175/1234/34 1177/1235/34
f 1177/1235/34 1179/874/34 1181/818/34
f 1181/818/34 1183/820/34 1185/807/34
f 1185/807/34 1187/809/34 1189/1236/34
f 1189/1236/34 1191/1237/34 1193/857/34
f 1193/857/34 1195/1238/34 1197/1239/34
f 1197/1239/34 1199/1240/34 1201/858/34
f 1201/858/34 1173/1233/34 1177/1235/34
f 1177/1235/34 1181/818/34 1185/807/34
f 1185/807/34 1189/1236/34 1193/857/34
f 1193/857/34 1197/1239/34 1201/858/34
f 1201/858/34 1177/1235/34 1185/807/34
f 1209/804/81 1208/1241/81 1205/1242/81
f 1205/1242/81 1235/1243/81 1233/1244/81
f 1233/1244/81 1231/1245/81 1229/1246/81
f 1229/1246/81 1227/1247/81 1226/859/81
f 1226/859/81 1224/1248/81 1222/1249/81
f 1222/1249/81 1220/1216/81 1217/813/81
f 1217/813/81 1215/863/81 1213/865/81
f 1213/865/81 1211/871/81 1209/804/81
f 1209/804/81 1205/1242/81 1233/1244/81
f 1233/1244/81 1229/1246/81 1226/859/81
f 1226/859/81 1222/1249/81 1217/813/81
f 1217/813/81 1213/865/81 1209/804/81
f 1209/804/81 1233/1244/81 1226/859/81
f 1236/1250/348 1206/1251/258 1207/860/34
f 1207/860/34 1210/1252/34 1212/1253/34
f 1214/1254/34 1216/1255/34 1218/1256/34
f 1207/860/34 1212/1253/34 1214/1254/34
f 1234/1257/34 1236/1250/348 1207/860/34
f 1230/862/34 1232/1258/34 1234/1257/34
f 1225/1259/34 1228/1260/34 1230/862/34
f 1221/861/34 1223/1261/34 1225/1259/34
f 1218/1256/34 1219/1262/34 1221/861/34
f 1207/860/34 1214/1254/34 1218/1256/34
f 1230/862/34 1234/1257/34 1207/860/34
f 1221/861/34 1225/1259/34 1230/862/34
f 1207/860/34 1218/1256/34 1221/861/34
f 1215/863/81 1217/813/81 1252/815/81
f 1213/865/81 1215/863/81 1250/864/81
f 1209/804/349 1254/872/255 1243/867/255
f 1181/818/34 1179/874/34 1244/868/34
f 1183/820/34 1246/819/34 1247/870/34
f 1211/871/81 1251/873/81 1254/872/81
f 1213/865/81 1249/866/81 1251/873/81
f 1179/874/34 1177/1235/34 1243/875/34
f 1221/823/68 1219/817/246 1188/876/246
f 1174/853/256 1259/855/350 1260/878/257
f 1206/880/258 1236/883/348 1262/881/259
f 1204/882/261 1260/1263/261 1262/881/261
f 1187/809/351 1248/808/262 1253/884/262
f 1066/886/34 974/1264/34 1058/887/34
f 1066/886/65 1065/888/65 1067/889/65
f 941/902/268 940/1265/222 937/1266/347
f 942/901/268 938/555/268 939/557/268
f 941/902/268 937/1266/347 942/901/268
f 1356/904/81 1358/907/269 1353/905/269
f 1358/907/269 1359/909/270 1352/908/270
f 1359/909/270 1360/1267/271 1351/910/271
f 1351/910/271 1360/1267/271 1362/911/272
f 1362/911/272 1364/1268/273 1349/913/273
f 1349/913/273 1364/1268/273 1365/914/274
f 1348/915/274 1365/914/274 1366/916/275
f 1366/918/275 1368/921/34 1346/919/34
f 1368/921/34 1370/1269/276 1345/922/276
f 1345/922/276 1370/1269/276 1371/923/277
f 1371/923/277 1372/926/278 1343/925/278
f 1372/926/278 1374/928/279 1342/927/279
f 1374/928/279 1376/1270/280 1341/929/280
f 1341/929/280 1376/1270/280 1377/930/281
f 1359/934/282 1358/1271/282 1356/1272/282
f 1356/1272/282 1378/1273/282 1377/1274/282
f 1377/1274/282 1376/1275/282 1374/1276/282
f 1374/1276/282 1372/1277/282 1371/932/282
f 1371/932/282 1370/1278/282 1368/1279/282
f 1368/1279/282 1366/1280/282 1365/933/282
f 1365/933/282 1364/1281/282 1362/1282/352
f 1362/1282/352 1360/1283/282 1359/934/282
f 1359/934/282 1356/1272/282 1377/1274/282
f 1377/1274/282 1374/1276/282 1371/932/282
f 1371/932/282 1368/1279/282 1365/933/282
f 1365/933/282 1362/1282/352 1359/934/282
f 1359/934/282 1377/1274/282 1371/932/282
f 1377/930/281 1378/1284/283 1339/935/283
f 1339/935/283 1378/1284/283 1356/904/81
f 1308/938/284 1307/1285/284 1322/1286/284
f 1322/1286/284 1321/1287/284 1320/1288/284
f 1320/1288/284 1319/1289/284 1318/1290/284
f 1318/1290/284 1317/1291/353 1316/936/284
f 1316/936/284 1315/1292/284 1314/1293/284
f 1314/1293/284 1313/1294/284 1312/937/284
f 1312/937/284 1311/1295/354 1310/1296/284
f 1310/1296/284 1309/1297/354 1308/938/284
f 1308/938/284 1322/1286/284 1320/1288/284
f 1320/1288/284 1318/1290/284 1316/936/284
f 1316/936/284 1314/1293/284 1312/937/284
f 1312/937/284 1310/1296/284 1308/938/284
f 1308/938/284 1320/1288/284 1316/936/284
f 1404/939/285 1406/965/286 1484/940/286
f 1485/942/287 1408/966/287 1410/943/288
f 1486/944/288 1410/943/288 1412/945/289
f 1412/947/289 1414/950/291 1490/948/291
f 1414/950/291 1416/958/292 1491/951/292
f 1444/952/293 1443/1028/292 1475/953/294
f 1488/955/295 1424/1003/295 1426/956/296
f 1416/958/292 1527/958/292 1528/959/293
f 1434/960/297 1404/939/285 1483/941/285
f 1429/964/60 1431/987/60 1433/990/60
f 1433/990/60 1403/993/60 1405/1298/60
f 1405/1298/60 1407/967/60 1409/971/60
f 1409/971/60 1411/973/60 1413/962/60
f 1413/962/60 1415/974/60 1417/978/60
f 1417/978/60 1419/979/60 1421/963/60
f 1421/963/60 1423/982/60 1425/983/60
f 1425/983/60 1427/985/60 1429/964/60
f 1429/964/60 1433/990/60 1405/1298/60
f 1405/1298/60 1409/971/60 1413/962/60
f 1413/962/60 1417/978/60 1421/963/60
f 1421/963/60 1425/983/60 1429/964/60
f 1429/964/60 1405/1298/60 1413/962/60
f 1485/942/287 1484/940/286 1406/965/286
f 1407/967/60 1405/1298/60 1438/968/60
f 1407/967/60 1439/969/60 1440/970/60
f 1409/971/60 1440/970/60 1441/972/60
f 1415/974/60 1413/962/60 1442/975/60
f 1415/974/60 1443/976/60 1444/977/60
f 1419/979/60 1417/978/60 1444/977/60
f 1421/963/60 1446/1299/60 1447/981/60
f 1425/983/60 1423/982/60 1447/981/60
f 1427/985/60 1425/983/60 1448/984/60
f 1431/987/60 1429/964/60 1450/988/60
f 1433/990/60 1431/987/60 1451/989/60
f 1433/990/60 1452/991/60 1437/992/60
f 1493/994/298 1432/996/298 1434/960/297
f 1494/995/299 1430/1002/303 1432/996/298
f 1489/997/300 1497/1004/301 1420/998/301
f 1495/957/296 1426/956/296 1428/1000/302
f 1494/995/299 1496/1001/302 1428/1000/302
f 1488/955/295 1489/997/300 1422/999/300
f 1497/1004/301 1498/1005/293 1418/959/293
f 1491/951/292 1416/958/292 1418/959/293
f 1445/1006/304 1444/952/293 1482/954/293
f 1447/1008/295 1446/1016/307 1473/1009/300
f 1450/1011/305 1449/1015/306 1480/1012/302
f 1448/1014/296 1479/1026/296 1480/1012/302
f 1446/1016/307 1445/1006/304 1481/1007/301
f 1450/1011/305 1478/1013/299 1477/1017/298
f 1451/1018/298 1477/1017/298 1476/1019/297
f 1438/1021/308 1435/1036/286 1469/1022/287
f 1452/1020/297 1476/1019/297 1436/1024/285
f 1447/1008/295 1472/1010/295 1479/1026/296
f 1474/1027/291 1475/953/294 1443/1028/292
f 1471/1030/290 1474/1027/291 1442/1029/310
f 1440/1032/288 1470/1035/288 1471/1033/290
f 1439/1023/287 1469/1022/287 1470/1035/288
f 1437/1025/309 1436/1024/285 1435/1036/286
f 1507/1037/311 1505/1300/355 1482/954/293
f 1482/954/293 1475/953/294 1491/951/292
f 1491/951/292 1498/1005/293 1507/1037/311
f 1482/954/293 1505/1300/355 1506/1038/304
f 1473/1009/300 1489/997/300 1488/955/295
f 1480/1012/302 1496/1001/302 1494/995/299
f 1479/1026/296 1495/957/296 1496/1001/302
f 1497/1004/301 1489/997/300 1473/1009/300
f 1473/1009/300 1481/1007/301 1506/1038/304
f 1508/1039/304 1497/1004/301 1473/1009/300
f 1472/1010/295 1488/955/295 1495/957/296
f 1510/1040/312 1512/1046/314 1490/948/291
f 1490/948/291 1491/951/292 1475/953/294
f 1475/953/294 1474/1027/291 1510/1040/312
f 1471/1030/290 1509/1301/316 1510/1040/312
f 1505/1041/313 1507/1302/313 1515/1042/313
f 1507/1037/311 1498/1005/293 1497/1004/301
f 1507/1044/58 1508/1303/58 1516/1045/58
f 1512/1046/356 1511/1304/316 1487/949/357
f 1513/1043/315 1515/1042/315 1516/1045/315
f 1517/1048/316 1518/1062/316 1519/1049/316
f 1510/1051/317 1517/1048/317 1520/1050/317
f 1509/1053/60 1518/1062/60 1517/1048/60
f 1506/1055/318 1514/1047/318 1516/1045/318
f 1505/1057/60 1513/1043/60 1514/1047/60
f 1512/1059/58 1520/1050/58 1519/1049/58
f 1511/1061/319 1519/1049/320 1518/1062/320
f 1424/1003/295 1531/1003/295 1532/956/296
f 1432/996/298 1542/996/358 1541/1067/321
f 1543/1068/321 1544/960/324 1434/960/297
f 1434/960/297 1432/996/298 1541/1067/321
f 1412/945/289 1410/943/288 1524/943/288
f 1418/959/293 1528/959/293 1529/998/301
f 1428/1000/302 1426/956/296 1532/956/296
f 1406/965/286 1404/939/285 1521/939/285
f 1412/947/289 1525/947/289 1526/950/291
f 1422/999/300 1420/998/301 1529/998/301
f 1430/1002/303 1428/1000/302 1533/1000/302
f 1406/965/286 1522/965/286 1523/966/287
f 1416/958/292 1414/950/291 1526/950/291
f 1422/999/300 1530/999/300 1531/1003/295
f 1542/996/358 1432/996/298 1430/1002/303
f 1534/1002/322 1537/1305/359 1545/1069/323
f 1545/1069/323 1542/996/358 1430/1002/303
f 1538/1070/325 1521/939/285 1404/939/285
f 1404/939/285 1434/960/297 1544/960/324
f 1546/1070/325 1538/1070/325 1404/939/285
f 1408/966/287 1523/966/287 1524/943/288
f 1535/1071/326 1541/1079/329 1542/1072/65
f 1537/1078/68 1539/1306/68 1536/1077/68
f 1536/1077/68 1535/1071/68 1545/1073/68
f 1541/1079/329 1535/1071/326 1536/1080/74
f 1546/1083/327 1544/1307/360 1543/1081/83
f 1543/1081/83 1536/1080/83 1539/1082/83
f 1539/1082/83 1540/1308/328 1546/1083/327
f 1547/1309/81 1564/1310/190 1563/1311/81
f 1548/1312/190 1565/1313/1 1564/1310/190
f 1549/1314/1 1566/1315/189 1565/1313/1
f 1550/1316/189 1567/1317/68 1566/1315/189
f 1551/1318/68 1568/1319/193 1567/1317/68
f 1552/1320/193 1569/1321/8 1568/1319/193
f 1553/1322/8 1570/1323/194 1569/1321/8
f 1554/1324/194 1571/1325/34 1570/1323/194
f 1555/1326/34 1572/1327/195 1571/1325/34
f 1556/1328/195 1573/1329/15 1572/1327/195
f 1557/1330/15 1574/1331/196 1573/1329/15
f 1558/1332/196 1575/1333/137 1574/1331/196
f 1559/1334/137 1576/1335/192 1575/1333/137
f 1560/1336/192 1577/1337/6 1576/1335/192
f 1561/1338/6 1578/1339/191 1577/1337/6
f 1562/1340/191 1563/1341/81 1578/1339/191
f 1610/1342/191 1658/1343/81 1657/1344/191
f 1609/1345/183 1657/1344/191 1656/1346/183
f 1600/1347/190 1661/1348/190 1647/1349/190
f 1607/1350/137 1655/1351/179 1654/1352/137
f 1606/1353/196 1654/1352/137 1653/1354/196
f 1605/1355/185 1653/1354/196 1652/1356/185
f 1596/1357/363 1614/1358/363 1611/1359/363
f 1603/1360/34 1651/1361/181 1650/1362/34
f 1602/1363/194 1650/1362/34 1649/1364/194
f 1601/1365/173 1649/1364/194 1648/1366/173
f 1596/1367/192 1659/1368/192 1643/1369/192
f 1599/1370/68 1647/1371/177 1646/1372/68
f 1598/1373/189 1646/1372/68 1645/1374/189
f 1597/1375/175 1645/1374/189 1644/1376/175
f 1605/1377/364 1619/1378/364 1604/1379/364
f 1595/1380/81 1643/1381/187 1658/1343/81
f 1665/1382/195 1639/1383/195 1673/1384/195
f 1604/1385/193 1663/1386/193 1651/1387/193
f 1608/1388/195 1665/1382/195 1655/1389/195
f 1608/1390/365 1626/1391/365 1623/1392/365
f 1601/1393/366 1615/1394/366 1600/1395/366
f 1639/1383/180 1674/1396/180 1673/1384/180
f 1635/1397/182 1672/1398/182 1671/1399/182
f 1631/1400/178 1670/1401/178 1669/1402/178
f 1627/1403/188 1668/1404/188 1667/1405/188
f 1661/1348/190 1631/1400/190 1669/1402/190
f 1626/1391/367 1639/1383/367 1623/1392/367
f 1622/1406/368 1635/1397/368 1619/1378/368
f 1663/1386/193 1635/1397/193 1671/1399/193
f 1618/1407/369 1631/1400/369 1615/1394/369
f 1659/1368/192 1627/1403/192 1667/1405/192
f 1614/1358/370 1627/1403/370 1611/1359/370
f 1664/1408/6 1638/1409/6 1622/1410/6
f 1662/1411/15 1634/1412/15 1618/1413/15
f 1666/1414/1 1642/1415/1 1626/1416/1
f 1609/1417/1 1666/1414/1 1626/1416/1
f 1605/1418/6 1664/1408/6 1622/1410/6
f 1601/1419/15 1662/1411/15 1618/1413/15
f 1597/1420/8 1660/1421/8 1614/1422/8
f 1660/1421/8 1630/1423/8 1614/1422/8
f 1643/1369/192 1612/1424/192 1580/1425/192
f 1547/1309/81 1548/1312/190 1564/1310/190
f 1548/1312/190 1549/1314/1 1565/1313/1
f 1549/1314/1 1550/1316/189 1566/1315/189
f 1550/1316/189 1551/1318/68 1567/1317/68
f 1551/1318/68 1552/1320/193 1568/1319/193
f 1552/1320/193 1553/1322/8 1569/1321/8
f 1553/1322/8 1554/1324/194 1570/1323/194
f 1554/1324/194 1555/1326/34 1571/1325/34
f 1555/1326/34 1556/1328/195 1572/1327/195
f 1556/1328/195 1557/1330/15 1573/1329/15
f 1557/1330/15 1558/1332/196 1574/1331/196
f 1558/1332/196 1559/1334/137 1575/1333/137
f 1559/1334/137 1560/1336/192 1576/1335/192
f 1560/1336/192 1561/1338/6 1577/1337/6
f 1561/1338/6 1562/1340/191 1578/1339/191
f 1562/1340/191 1547/1426/81 1563/1341/81
f 1610/1342/191 1595/1380/81 1658/1343/81
f 1609/1345/183 1610/1342/191 1657/1344/191
f 1600/1347/190 1615/1427/190 1661/1348/190
f 1607/1350/137 1608/1428/179 1655/1351/179
f 1606/1353/196 1607/1350/137 1654/1352/137
f 1605/1355/185 1606/1353/196 1653/1354/196
f 1596/1357/363 1597/1429/363 1614/1358/363
f 1603/1360/34 1604/1430/181 1651/1361/181
f 1602/1363/194 1603/1360/34 1650/1362/34
f 1601/1365/173 1602/1363/194 1649/1364/194
f 1596/1367/192 1611/1431/192 1659/1368/192
f 1599/1370/68 1600/1432/177 1647/1371/177
f 1598/1373/189 1599/1370/68 1646/1372/68
f 1597/1375/175 1598/1373/189 1645/1374/189
f 1605/1377/364 1622/1406/364 1619/1378/364
f 1595/1380/81 1596/1433/187 1643/1381/187
f 1665/1382/195 1623/1434/195 1639/1383/195
f 1604/1385/193 1619/1435/193 1663/1386/193
f 1608/1388/195 1623/1434/195 1665/1382/195
f 1608/1390/365 1609/1436/365 1626/1391/365
f 1601/1393/366 1618/1407/366 1615/1394/366
f 1639/1383/180 1642/1415/180 1674/1396/180
f 1635/1397/182 1638/1409/182 1672/1398/182
f 1631/1400/178 1634/1412/178 1670/1401/178
f 1627/1403/188 1630/1423/188 1668/1404/188
f 1661/1348/190 1615/1427/190 1631/1400/190
f 1626/1391/367 1642/1415/367 1639/1383/367
f 1622/1406/368 1638/1409/368 1635/1397/368
f 1663/1386/193 1619/1435/193 1635/1397/193
f 1618/1407/369 1634/1412/369 1631/1400/369
f 1659/1368/192 1611/1431/192 1627/1403/192
f 1614/1358/370 1630/1423/370 1627/1403/370
f 1664/1408/6 1672/1398/6 1638/1409/6
f 1662/1411/15 1670/1401/15 1634/1412/15
f 1666/1414/1 1674/1396/1 1642/1415/1
f 1609/1417/1 1656/1437/1 1666/1414/1
f 1605/1418/6 1652/1438/6 1664/1408/6
f 1601/1419/15 1648/1439/15 1662/1411/15
f 1597/1420/8 1644/1440/8 1660/1421/8
f 1660/1421/8 1668/1404/8 1630/1423/8
f 1643/1369/192 1659/1368/192 1612/1424/192
usemtl SpacialRoverExploreralumGray
f 56/1441/137 57/1442/253 55/1443/137
f 57/1442/253 60/1444/58 59/1445/58
f 60/1444/58 61/1446/250 59/1445/58
f 62/1447/250 63/1448/65 61/1446/250
f 64/1449/65 65/1450/249 63/1451/65
f 66/1452/249 67/1453/53 65/1450/249
f 68/1454/53 69/1455/248 67/1453/53
f 70/1456/248 71/1457/68 69/1455/248
f 72/1458/68 73/1459/246 71/1457/68
f 74/1460/246 75/1461/60 73/1459/246
f 76/1462/60 77/1463/361 75/1461/60
f 78/1464/361 79/1465/70 77/1463/361
f 80/1466/70 81/1467/362 79/1465/70
f 82/1468/362 83/1469/61 81/1467/362
f 84/1470/61 85/1471/239 83/1469/61
f 86/1472/239 55/1443/137 85/1471/239
f 432/1473/137 449/1474/137 447/1475/137
f 440/1476/137 464/1477/137 463/1478/137
f 434/1479/137 449/1474/137 433/1480/137
f 435/1481/137 451/1482/137 434/1479/137
f 436/1483/137 453/1484/137 435/1481/137
f 436/1483/137 457/1485/137 455/1486/137
f 462/1487/161 464/1488/81 441/1489/81
f 461/1490/160 462/1487/161 460/1491/160
f 459/1492/70 460/1493/160 458/1494/70
f 456/1495/159 459/1492/70 458/1494/70
f 454/1496/158 457/1497/159 456/1495/159
f 453/1498/34 454/1496/158 452/1499/34
f 451/1500/157 452/1499/34 450/1501/157
f 449/1502/156 450/1501/157 448/1503/156
f 447/1504/65 448/1503/156 446/1505/65
f 445/1506/155 446/1505/65 444/1507/155
f 443/1508/154 444/1507/155 442/1509/154
f 441/1489/81 443/1508/154 442/1509/154
f 440/1476/137 461/1510/137 439/1511/137
f 432/1473/137 445/1512/137 431/1513/137
f 439/1511/137 459/1514/137 438/1515/137
f 430/1516/137 445/1512/137 443/1517/137
f 437/1518/137 459/1514/137 457/1485/137
f 429/1519/137 443/1517/137 464/1477/137
f 541/1520/81 585/1521/81 543/1522/81
f 536/1523/34 558/1524/34 534/1525/34
f 529/1526/81 551/1527/81 578/1528/81
f 542/1529/34 573/1530/34 570/1531/34
f 537/1532/81 581/1533/81 582/1534/81
f 530/1535/34 577/1536/34 527/1537/34
f 543/1522/81 586/1538/81 545/1539/81
f 538/1540/34 561/1541/34 536/1523/34
f 531/1542/81 578/1528/81 579/1543/81
f 544/1544/34 576/1545/34 573/1530/34
f 537/1532/81 583/1546/81 539/1547/81
f 532/1548/34 552/1549/34 530/1535/34
f 528/1550/81 586/1538/81 551/1527/81
f 538/1540/34 567/1551/34 564/1552/34
f 533/1553/81 579/1543/81 580/1554/81
f 527/1537/34 576/1545/34 546/1555/34
f 539/1547/81 584/1556/81 541/1520/81
f 534/1525/34 555/1557/34 532/1548/34
f 540/1558/34 570/1531/34 567/1551/34
f 535/1559/81 580/1554/81 581/1533/81
f 551/1560/371 587/1561/372 578/1562/372
f 553/1563/81 598/1564/81 599/1565/81
f 590/1566/34 606/1567/34 607/1568/34
f 591/1569/373 582/1570/374 581/1571/373
f 592/1572/375 583/1573/375 582/1570/375
f 593/1574/376 584/1575/376 583/1573/376
f 594/1576/68 585/1577/68 584/1575/68
f 585/1577/377 596/1578/377 586/1579/377
f 586/1579/378 588/1580/378 551/1560/378
f 556/1581/81 568/1582/81 574/1583/81
f 574/1584/378 577/1585/378 547/1586/378
f 573/1587/377 574/1584/377 571/1588/377
f 570/1589/68 571/1588/68 568/1590/68
f 567/1591/376 568/1590/376 565/1592/376
f 564/1593/375 565/1592/375 562/1594/375
f 561/1595/373 562/1594/374 559/1596/373
f 552/1597/372 598/1598/70 548/1599/372
f 577/1585/371 548/1599/372 547/1586/371
f 549/1600/34 588/1601/34 550/1602/34
f 549/1600/34 589/1603/34 587/1604/34
f 554/1605/34 590/1566/34 589/1603/34
f 560/1606/34 590/1566/34 557/1607/34
f 563/1608/34 591/1609/34 560/1606/34
f 566/1610/34 592/1611/34 563/1608/34
f 569/1612/34 593/1613/34 566/1610/34
f 569/1612/34 595/1614/34 594/1615/34
f 572/1616/34 596/1617/34 595/1614/34
f 550/1602/34 596/1617/34 575/1618/34
f 555/1557/34 597/1619/34 552/1549/34
f 581/1571/373 606/1620/65 591/1569/373
f 559/1596/373 608/1621/65 561/1595/373
f 589/1603/34 601/1622/34 587/1604/34
f 579/1543/81 609/1623/81 610/1624/81
f 558/1524/34 608/1625/34 603/1626/34
f 580/1554/81 612/1627/81 581/1533/81
f 587/1561/372 609/1628/70 578/1562/372
f 556/1581/81 605/1629/81 559/1630/81
f 758/1631/187 774/1632/188 759/1633/188
f 770/1634/179 788/1635/180 771/1636/180
f 766/1637/181 784/1638/182 767/1639/182
f 762/1640/177 780/1641/178 763/1642/178
f 727/1643/65 728/1644/65 775/1645/65
f 764/1646/173 782/1647/174 765/1648/174
f 760/1649/175 778/1650/176 761/1651/176
f 768/1652/185 786/1653/186 769/1654/186
f 772/1655/183 776/1656/184 757/1657/184
f 788/1635/180 772/1655/183 771/1636/180
f 758/1631/187 776/1656/184 775/1658/187
f 784/1638/182 768/1652/185 767/1639/182
f 770/1634/179 786/1653/186 785/1659/179
f 780/1641/178 764/1646/173 763/1642/178
f 766/1637/181 782/1647/174 781/1660/181
f 774/1632/188 760/1661/175 759/1633/188
f 762/1640/177 778/1650/176 777/1662/177
f 788/1663/65 739/1664/65 787/1665/65
f 739/1664/65 740/1666/65 787/1665/65
f 787/1665/65 727/1643/65 776/1667/65
f 784/1668/65 735/1669/65 736/1670/65
f 733/1671/65 734/1672/65 781/1673/65
f 784/1668/65 734/1672/65 735/1669/65
f 725/1674/65 726/1675/65 774/1676/65
f 734/1672/65 784/1668/65 781/1673/65
f 728/1644/65 774/1676/65 775/1645/65
f 783/1677/65 736/1670/65 737/1678/65
f 739/1664/65 788/1663/65 738/1679/65
f 778/1680/65 773/1681/65 729/1682/65
f 786/1683/65 738/1679/65 785/1684/65
f 729/1682/65 777/1685/65 778/1680/65
f 730/1686/65 777/1685/65 729/1682/65
f 786/1683/65 737/1678/65 738/1679/65
f 731/1687/65 780/1688/65 730/1686/65
f 786/1683/65 783/1677/65 737/1678/65
f 726/1675/65 773/1681/65 774/1676/65
f 773/1681/65 726/1675/65 729/1682/65
f 783/1677/65 784/1668/65 736/1670/65
f 732/1689/65 779/1690/65 731/1687/65
f 779/1690/65 780/1688/65 731/1687/65
f 733/1671/65 779/1690/65 732/1689/65
f 740/1666/65 727/1643/65 787/1665/65
f 788/1663/65 785/1684/65 738/1679/65
f 733/1671/65 781/1673/65 782/1691/65
f 780/1688/65 777/1685/65 730/1686/65
f 727/1643/65 775/1645/65 776/1667/65
f 779/1690/65 733/1671/65 782/1691/65
f 774/1676/65 728/1644/65 725/1674/65
f 857/1692/379 807/1693/380 832/1694/381
f 812/1695/382 840/1696/383 813/1697/384
f 814/1698/385 842/1699/386 815/1700/387
f 816/1701/388 844/1702/389 817/1703/390
f 818/1704/391 846/1705/392 819/1706/393
f 845/1707/394 796/1708/81 820/1709/395
f 800/1710/81 821/1711/396 799/1712/81
f 847/1713/397 823/1714/398 822/1715/399
f 849/1716/400 825/1717/401 824/1718/402
f 851/1719/403 827/1720/404 826/1721/405
f 853/1722/406 829/1723/407 828/1724/408
f 855/1725/409 831/1726/410 830/1727/411
f 854/1728/412 795/1729/413 839/1730/414
f 810/1731/415 838/1732/416 811/1733/417
f 808/1734/418 834/1735/419 809/1736/420
f 862/1737/81 874/1738/81 870/1739/81
f 836/1740/421 808/1734/418 807/1693/380
f 833/1741/422 809/1736/420 834/1735/419
f 837/1742/423 811/1733/417 838/1732/416
f 839/1743/424 813/1697/384 840/1696/383
f 841/1744/425 815/1700/387 842/1699/386
f 843/1745/426 817/1703/390 844/1702/389
f 820/1709/395 846/1705/392 845/1707/394
f 822/1715/399 848/1746/427 847/1713/397
f 824/1718/402 850/1747/428 849/1716/400
f 826/1721/405 852/1748/429 851/1719/403
f 828/1724/408 854/1749/430 853/1722/406
f 830/1727/411 856/1750/431 855/1725/409
f 832/1694/381 858/1751/432 857/1692/379
f 818/1752/433 822/1753/434 830/1754/435
f 982/1755/436 1027/1756/436 985/1757/436
f 1027/1756/233 1026/1758/233 1028/1759/437
f 982/1760/81 1025/1761/81 1024/1762/81
f 985/1757/436 1028/1759/436 999/1763/436
f 999/1764/34 1029/1765/34 997/1766/34
f 984/1767/438 1025/1761/438 980/1768/438
f 997/1769/438 1026/1758/438 984/1767/438
f 1182/1770/81 1237/1771/81 1180/1772/81
f 1237/1771/81 1263/1773/81 1180/1772/81
f 1242/1774/34 1257/1775/34 1216/1776/34
f 1214/1777/34 1242/1774/34 1216/1776/34
f 1212/1778/34 1241/1779/34 1214/1777/34
f 1184/1780/81 1238/1781/81 1182/1770/81
f 1216/1776/65 1258/1782/65 1184/1780/65
f 1184/1780/81 1256/1783/81 1239/1784/81
f 1257/1785/68 1256/1783/68 1258/1782/68
f 1270/1786/81 1273/1787/81 1269/1788/81
f 1263/1773/137 1266/1789/137 1264/1790/137
f 1180/1772/65 1264/1791/65 1212/1778/65
f 1212/1778/34 1266/1792/34 1240/1793/34
f 1268/1794/137 1269/1788/137 1267/1795/137
f 1274/1796/68 1271/1797/68 1273/1787/68
f 1272/1798/34 1267/1795/34 1271/1799/34
f 1270/1800/65 1272/1798/65 1274/1801/65
f 56/1441/137 58/1802/253 57/1442/253
f 57/1442/253 58/1802/253 60/1444/58
f 60/1444/58 62/1447/250 61/1446/250
f 62/1447/250 64/1803/65 63/1448/65
f 64/1449/65 66/1452/249 65/1450/249
f 66/1452/249 68/1454/53 67/1453/53
f 68/1454/53 70/1456/248 69/1455/248
f 70/1456/248 72/1458/68 71/1457/68
f 72/1458/68 74/1460/246 73/1459/246
f 74/1460/246 76/1462/60 75/1461/60
f 76/1462/60 78/1464/361 77/1463/361
f 78/1464/361 80/1466/70 79/1465/70
f 80/1466/70 82/1468/362 81/1467/362
f 82/1468/362 84/1470/61 83/1469/61
f 84/1470/61 86/1472/239 85/1471/239
f 86/1472/239 56/1441/137 55/1443/137
f 432/1473/137 433/1480/137 449/1474/137
f 440/1476/137 429/1519/137 464/1477/137
f 434/1479/137 451/1482/137 449/1474/137
f 435/1481/137 453/1484/137 451/1482/137
f 436/1483/137 455/1486/137 453/1484/137
f 436/1483/137 437/1518/137 457/1485/137
f 462/1487/161 463/1804/161 464/1488/81
f 461/1490/160 463/1804/161 462/1487/161
f 459/1492/70 461/1805/160 460/1493/160
f 456/1495/159 457/1497/159 459/1492/70
f 454/1496/158 455/1806/158 457/1497/159
f 453/1498/34 455/1806/158 454/1496/158
f 451/1500/157 453/1498/34 452/1499/34
f 449/1502/156 451/1500/157 450/1501/157
f 447/1504/65 449/1502/156 448/1503/156
f 445/1506/155 447/1504/65 446/1505/65
f 443/1508/154 445/1506/155 444/1507/155
f 441/1489/81 464/1488/81 443/1508/154
f 440/1476/137 463/1478/137 461/1510/137
f 432/1473/137 447/1475/137 445/1512/137
f 439/1511/137 461/1510/137 459/1514/137
f 430/1516/137 431/1513/137 445/1512/137
f 437/1518/137 438/1515/137 459/1514/137
f 429/1519/137 430/1516/137 443/1517/137
f 541/1520/81 584/1556/81 585/1521/81
f 536/1523/34 561/1541/34 558/1524/34
f 529/1526/81 528/1550/81 551/1527/81
f 542/1529/34 544/1544/34 573/1530/34
f 537/1532/81 535/1559/81 581/1533/81
f 530/1535/34 552/1549/34 577/1536/34
f 543/1522/81 585/1521/81 586/1538/81
f 538/1540/34 564/1552/34 561/1541/34
f 531/1542/81 529/1526/81 578/1528/81
f 544/1544/34 546/1555/34 576/1545/34
f 537/1532/81 582/1534/81 583/1546/81
f 532/1548/34 555/1557/34 552/1549/34
f 528/1550/81 545/1539/81 586/1538/81
f 538/1540/34 540/1558/34 567/1551/34
f 533/1553/81 531/1542/81 579/1543/81
f 527/1537/34 577/1536/34 576/1545/34
f 539/1547/81 583/1546/81 584/1556/81
f 534/1525/34 558/1524/34 555/1557/34
f 540/1558/34 542/1529/34 570/1531/34
f 535/1559/81 533/1553/81 580/1554/81
f 551/1560/371 588/1580/371 587/1561/372
f 553/1563/81 548/1807/81 598/1564/81
f 590/1566/34 591/1609/34 606/1567/34
f 591/1569/373 592/1572/374 582/1570/374
f 592/1572/375 593/1574/375 583/1573/375
f 593/1574/376 594/1576/376 584/1575/376
f 594/1576/68 595/1808/68 585/1577/68
f 585/1577/377 595/1808/377 596/1578/377
f 586/1579/378 596/1578/378 588/1580/378
f 574/1583/81 547/1809/81 548/1807/81
f 548/1807/81 553/1563/81 556/1581/81
f 556/1581/81 559/1630/81 562/1810/81
f 562/1810/81 565/1811/81 568/1582/81
f 568/1582/81 571/1812/81 574/1583/81
f 574/1583/81 548/1807/81 556/1581/81
f 556/1581/81 562/1810/81 568/1582/81
f 574/1584/378 576/1813/378 577/1585/378
f 573/1587/377 576/1813/377 574/1584/377
f 570/1589/68 573/1587/68 571/1588/68
f 567/1591/376 570/1589/376 568/1590/376
f 564/1593/375 567/1591/375 565/1592/375
f 561/1595/373 564/1593/374 562/1594/374
f 552/1597/439 597/1814/70 598/1598/70
f 577/1585/371 552/1597/372 548/1599/372
f 549/1600/34 587/1604/34 588/1601/34
f 549/1600/34 554/1605/34 589/1603/34
f 554/1605/34 557/1607/34 590/1566/34
f 560/1606/34 591/1609/34 590/1566/34
f 563/1608/34 592/1611/34 591/1609/34
f 566/1610/34 593/1613/34 592/1611/34
f 569/1612/34 594/1615/34 593/1613/34
f 569/1612/34 572/1616/34 595/1614/34
f 572/1616/34 575/1618/34 596/1617/34
f 550/1602/34 588/1601/34 596/1617/34
f 555/1557/34 602/1815/34 597/1619/34
f 581/1571/440 612/1816/65 606/1620/65
f 559/1596/440 605/1817/65 608/1621/65
f 589/1603/34 600/1818/34 601/1622/34
f 579/1543/81 578/1528/81 609/1623/81
f 558/1524/34 561/1541/34 608/1625/34
f 580/1554/81 611/1819/81 612/1627/81
f 587/1561/439 601/1820/70 609/1628/70
f 556/1581/81 604/1821/81 605/1629/81
f 758/1631/187 775/1658/187 774/1632/188
f 770/1634/179 785/1659/179 788/1635/180
f 766/1637/181 781/1660/181 784/1638/182
f 762/1640/177 777/1662/177 780/1641/178
f 764/1646/173 779/1822/173 782/1647/174
f 760/1649/175 773/1823/175 778/1650/176
f 768/1652/185 783/1824/185 786/1653/186
f 772/1655/183 787/1825/183 776/1656/184
f 788/1635/180 787/1825/183 772/1655/183
f 758/1631/187 757/1657/184 776/1656/184
f 784/1638/182 783/1824/185 768/1652/185
f 770/1634/179 769/1654/186 786/1653/186
f 780/1641/178 779/1822/173 764/1646/173
f 766/1637/181 765/1648/174 782/1647/174
f 774/1632/188 773/1826/175 760/1661/175
f 762/1640/177 761/1651/176 778/1650/176
f 857/1692/379 836/1740/421 807/1693/380
f 812/1695/382 837/1742/423 840/1696/383
f 814/1698/385 839/1743/424 842/1699/386
f 816/1701/388 841/1744/425 844/1702/389
f 818/1704/391 843/1745/426 846/1705/392
f 845/1707/394 795/1827/81 796/1708/81
f 800/1710/81 848/1746/427 821/1711/396
f 847/1713/397 850/1747/428 823/1714/398
f 849/1716/400 852/1748/429 825/1717/401
f 851/1719/403 854/1749/430 827/1720/404
f 853/1722/406 856/1750/431 829/1723/407
f 855/1725/409 858/1751/432 831/1726/410
f 838/1828/441 833/1829/442 834/1830/441
f 834/1830/441 835/1831/441 836/1832/441
f 836/1832/441 857/1833/441 858/1834/441
f 858/1834/441 855/1835/443 856/1836/441
f 856/1836/441 853/1837/443 854/1728/412
f 854/1728/412 851/1838/441 852/1839/444
f 852/1839/444 849/1840/445 850/1841/446
f 850/1841/446 847/1842/447 848/1843/447
f 800/1844/448 798/1845/81 795/1729/413
f 850/1841/446 848/1843/447 800/1844/448
f 854/1728/412 852/1839/444 850/1841/446
f 858/1834/441 856/1836/441 854/1728/412
f 834/1830/441 836/1832/441 858/1834/441
f 837/1846/441 838/1828/441 834/1830/441
f 839/1730/414 840/1847/449 837/1846/441
f 841/1848/450 842/1849/441 839/1730/414
f 843/1850/451 844/1851/452 841/1848/450
f 845/1852/453 846/1853/454 843/1850/451
f 850/1841/446 800/1844/448 795/1729/413
f 795/1729/413 845/1852/453 843/1850/451
f 843/1850/451 841/1848/450 839/1730/414
f 839/1730/414 837/1846/441 834/1830/441
f 834/1830/441 858/1834/441 854/1728/412
f 854/1728/412 850/1841/446 795/1729/413
f 795/1729/413 843/1850/451 839/1730/414
f 839/1730/414 834/1830/441 854/1728/412
f 810/1731/415 833/1741/422 838/1732/416
f 808/1734/418 835/1854/455 834/1735/419
f 870/1739/81 865/1855/81 866/1856/81
f 866/1856/81 861/1857/81 862/1737/81
f 862/1737/81 877/1858/81 878/1859/81
f 878/1859/81 873/1860/81 874/1738/81
f 874/1738/81 869/1861/81 870/1739/81
f 870/1739/81 866/1856/81 862/1737/81
f 862/1737/81 878/1859/81 874/1738/81
f 836/1740/421 835/1854/455 808/1734/418
f 833/1741/422 810/1731/415 809/1736/420
f 837/1742/423 812/1695/382 811/1733/417
f 839/1743/424 814/1698/385 813/1697/384
f 841/1744/425 816/1701/388 815/1700/387
f 843/1745/426 818/1704/391 817/1703/390
f 820/1709/395 819/1706/393 846/1705/392
f 822/1715/399 821/1711/396 848/1746/427
f 824/1718/402 823/1714/398 850/1747/428
f 826/1721/405 825/1717/401 852/1748/429
f 828/1724/408 827/1720/404 854/1749/430
f 830/1727/411 829/1723/407 856/1750/431
f 832/1694/381 831/1726/410 858/1751/432
f 832/1862/456 807/1863/457 808/1864/456
f 808/1864/456 809/1865/458 810/1866/459
f 810/1866/459 811/1867/458 812/1868/456
f 812/1868/456 813/1869/456 814/1870/460
f 814/1870/460 815/1871/456 816/1872/461
f 816/1872/461 817/1873/462 818/1752/433
f 818/1752/433 819/1874/463 820/1875/463
f 796/1876/464 797/1877/34 799/1878/465
f 818/1752/433 820/1875/463 796/1876/464
f 814/1870/460 816/1872/461 818/1752/433
f 810/1866/459 812/1868/456 814/1870/460
f 832/1862/456 808/1864/456 810/1866/459
f 830/1754/435 831/1879/456 832/1862/456
f 828/1880/456 829/1881/466 830/1754/435
f 826/1882/467 827/1883/456 828/1880/456
f 824/1884/468 825/1885/456 826/1882/467
f 822/1753/434 823/1886/469 824/1884/468
f 799/1878/465 821/1887/470 822/1753/434
f 818/1752/433 796/1876/464 799/1878/465
f 810/1866/459 814/1870/460 818/1752/433
f 830/1754/435 832/1862/456 810/1866/459
f 826/1882/467 828/1880/456 830/1754/435
f 822/1753/434 824/1884/468 826/1882/467
f 818/1752/433 799/1878/465 822/1753/434
f 830/1754/435 810/1866/459 818/1752/433
f 822/1753/434 826/1882/467 830/1754/435
f 982/1755/436 1024/1762/436 1027/1756/436
f 1027/1756/233 1024/1762/233 1025/1761/233
f 1026/1758/233 1029/1765/437 1028/1759/437
f 1027/1756/233 1025/1761/233 1026/1758/233
f 982/1760/81 980/1888/81 1025/1761/81
f 985/1757/436 1027/1756/436 1028/1759/436
f 999/1764/34 1028/1759/34 1029/1765/34
f 984/1767/438 1026/1758/438 1025/1761/438
f 997/1769/438 1029/1765/438 1026/1758/438
f 1182/1770/81 1238/1781/81 1237/1771/81
f 1237/1771/81 1265/1889/81 1263/1773/81
f 1242/1774/34 1255/1890/34 1257/1775/34
f 1214/1777/34 1241/1779/34 1242/1774/34
f 1212/1778/34 1240/1793/34 1241/1779/34
f 1184/1780/81 1239/1784/81 1238/1781/81
f 1216/1776/65 1257/1775/65 1258/1782/65
f 1184/1780/81 1258/1782/81 1256/1783/81
f 1257/1785/68 1255/1891/68 1256/1783/68
f 1270/1786/81 1274/1796/81 1273/1787/81
f 1263/1773/137 1265/1889/137 1266/1789/137
f 1180/1772/65 1263/1773/65 1264/1791/65
f 1212/1778/34 1264/1791/34 1266/1792/34
f 1268/1794/137 1270/1786/137 1269/1788/137
f 1274/1796/68 1272/1892/68 1271/1797/68
f 1272/1798/34 1268/1794/34 1267/1795/34
f 1270/1800/65 1268/1794/65 1272/1798/65
usemtl SpacialRoverExploreralumBlack
f 148/1893/15 169/1894/475 157/1895/16
f 154/1896/1 172/1897/476 151/1898/2
f 156/1899/3 160/1900/477 153/1901/4
f 158/1902/5 175/1903/478 155/1904/6
f 160/1905/479 176/1906/480 89/1907/481
f 163/1908/482 173/1909/483 92/1910/484
f 172/1911/485 161/1912/486 96/1913/487
f 175/1914/488 170/1915/489 98/1916/490
f 169/1917/491 167/1918/492 97/1919/493
f 166/1920/494 164/1921/495 94/1922/496
f 2/1923/497 23/1924/498 13/1925/497
f 3/1926/499 19/1927/500 8/1928/500
f 24/1929/501 226/1930/501 29/1931/502
f 1/1932/503 17/1933/504 11/1934/503
f 9/1935/505 17/1933/504 7/1936/504
f 230/1937/506 26/1938/506 229/1939/507
f 3/1926/499 22/1940/508 18/1941/499
f 29/1931/502 235/1942/502 236/1943/509
f 229/1939/507 26/1938/506 224/1944/507
f 4/1945/510 19/1927/500 20/1946/510
f 4/1945/510 21/1947/511 10/1948/511
f 29/1931/502 236/1943/509 227/1949/509
f 9/1935/505 21/1947/511 16/1950/505
f 227/1949/509 228/1951/512 25/1952/512
f 15/1953/513 239/1954/513 240/1955/513
f 2/1923/497 22/1940/508 6/1956/508
f 223/1957/514 224/1944/507 12/1958/514
f 29/1931/502 227/1949/509 25/1952/512
f 1/1959/503 23/1924/498 5/1960/498
f 12/1958/514 28/1961/515 223/1957/514
f 27/1962/34 18/1963/35 22/1964/34
f 24/1965/332 19/1966/39 18/1963/332
f 20/1967/45 30/1968/51 21/1969/51
f 29/1970/39 20/1967/48 19/1966/39
f 17/1971/20 15/1972/19 28/1973/20
f 21/1969/51 15/1972/52 16/1974/52
f 12/1975/42 23/1976/46 11/1977/42
f 28/1973/20 11/1978/41 17/1971/20
f 26/1979/46 13/1980/516 23/1976/46
f 14/1981/36 22/1964/34 13/1980/36
f 186/1982/59 198/1983/60 183/1984/60
f 196/1985/34 180/1986/34 200/1987/34
f 188/1988/53 196/1989/54 185/1990/54
f 190/1991/55 194/1992/56 187/1993/56
f 182/1994/61 178/1995/62 191/1996/62
f 152/1997/7 163/1998/517 149/1999/8
f 94/2000/473 87/2001/473 97/2002/473
f 91/2003/65 88/2004/65 95/2005/65
f 96/2006/472 93/2007/472 92/2008/472
f 98/2009/81 90/2010/81 89/2011/81
f 92/2008/34 95/2012/34 94/2000/34
f 89/2011/471 91/2013/471 96/2006/471
f 98/2014/474 87/2001/474 88/2015/474
f 150/2016/17 166/2017/518 147/2018/18
f 184/2019/63 200/2020/64 181/2021/64
f 159/2022/519 160/1905/477 161/1912/520
f 162/2023/521 163/1908/517 164/1921/522
f 165/2024/523 166/1920/518 167/1918/524
f 168/2025/525 169/1917/475 170/1915/526
f 171/2026/527 172/1911/476 173/1909/528
f 174/2027/529 175/1914/478 176/1906/530
f 158/1902/5 169/1894/475 168/2028/525
f 156/1899/3 175/2029/478 174/2030/529
f 160/1900/477 154/1896/1 153/1901/4
f 163/1998/517 150/2016/17 149/1999/8
f 166/2017/518 148/1893/15 147/2018/18
f 172/1897/476 152/1997/7 151/1898/2
f 194/1992/56 188/1988/53 187/1993/56
f 198/1983/60 184/2019/63 183/1984/60
f 200/2020/64 182/2031/61 181/2021/64
f 192/2032/57 178/1995/62 177/2033/57
f 185/1990/54 195/2034/59 186/1982/59
f 190/1991/55 180/2035/58 179/2036/55
f 189/2037/58 177/2033/57 180/2035/58
f 237/2038/531 30/2039/532 228/1951/512
f 27/2040/533 231/2041/533 232/2042/533
f 27/2040/533 14/2043/534 222/2044/535
f 233/2045/515 234/2046/536 28/1961/515
f 240/1955/513 233/2045/515 28/1961/515
f 28/1961/515 15/1953/513 240/1955/513
f 237/2038/531 238/2047/532 30/2039/532
f 238/2047/532 239/1954/513 30/2039/532
f 28/1961/515 234/2046/536 223/1957/514
f 30/2039/532 239/1954/513 15/1953/513
f 230/1937/506 221/2048/534 26/1938/506
f 27/2040/533 232/2042/533 225/2049/537
f 226/1930/501 235/1942/502 29/1931/502
f 24/1929/501 225/2049/537 226/1930/501
f 222/2044/535 14/2043/534 221/2048/534
f 24/1929/501 27/2040/533 225/2049/537
f 231/2041/533 27/2040/533 222/2044/535
f 30/2039/532 25/1952/512 228/1951/512
f 224/1944/507 26/1938/506 12/1958/514
f 221/2048/534 14/2043/534 26/1938/506
f 383/2050/538 391/2051/538 384/2052/538
f 392/2053/65 390/2054/65 391/2051/65
f 384/2052/539 390/2055/539 318/2056/539
f 317/2057/540 392/2058/540 383/2059/540
f 318/2056/541 389/2060/541 317/2057/541
f 383/2050/538 392/2053/538 391/2051/538
f 392/2053/65 389/2061/65 390/2054/65
f 384/2052/539 391/2051/539 390/2055/539
f 317/2057/540 389/2060/540 392/2058/540
f 318/2056/541 390/2055/541 389/2060/541
f 505/2062/137 501/2063/137 497/2064/137
f 794/2065/542 804/2066/543 793/2067/543
f 792/2068/81 796/2069/81 795/2070/81
f 789/2071/81 797/2072/81 796/2073/81
f 792/2074/81 798/2075/81 793/2067/81
f 791/2076/81 797/2072/81 790/2077/81
f 794/2065/81 798/2075/81 800/2078/81
f 794/2079/81 799/2080/81 791/2081/81
f 804/2066/81 805/2082/81 803/2083/81
f 793/2067/543 801/2084/544 792/2074/544
f 792/2068/545 802/2085/545 789/2086/545
f 791/2081/137 806/2087/137 794/2079/137
f 790/2077/546 805/2082/547 791/2076/547
f 789/2071/548 803/2083/546 790/2077/546
f 877/2088/127 859/2089/127 876/2090/127
f 869/2091/65 871/2092/65 868/2093/65
f 873/2094/132 875/2095/132 872/2096/132
f 865/2097/133 867/2098/133 864/2099/133
f 861/2100/130 863/2101/130 860/2102/130
f 862/2103/70 860/2102/70 859/2089/70
f 864/2099/128 866/2104/128 865/2097/128
f 868/2093/131 870/2105/131 869/2091/131
f 872/2106/134 874/2107/134 873/2108/134
f 876/2090/129 878/2109/129 877/2088/129
f 794/2065/542 806/2087/542 804/2066/543
f 792/2068/81 789/2086/81 796/2069/81
f 789/2071/81 790/2077/81 797/2072/81
f 792/2074/81 795/2110/81 798/2075/81
f 791/2076/81 799/2111/81 797/2072/81
f 794/2065/81 793/2067/81 798/2075/81
f 794/2079/81 800/2112/81 799/2080/81
f 803/2083/81 802/2085/81 804/2066/81
f 802/2085/81 801/2084/81 804/2066/81
f 804/2066/81 806/2087/81 805/2082/81
f 793/2067/543 804/2066/543 801/2084/544
f 792/2068/545 801/2084/545 802/2085/545
f 791/2081/137 805/2082/137 806/2087/137
f 790/2077/546 803/2083/546 805/2082/547
f 789/2071/548 802/2085/548 803/2083/546
f 877/2088/127 862/2103/127 859/2089/127
f 869/2091/65 874/2107/65 871/2092/65
f 873/2094/132 878/2109/132 875/2095/132
f 865/2097/133 870/2105/133 867/2098/133
f 861/2100/130 866/2104/130 863/2101/130
f 862/2103/70 861/2100/70 860/2102/70
f 864/2099/128 863/2101/128 866/2104/128
f 868/2093/131 867/2098/131 870/2105/131
f 872/2106/134 871/2092/134 874/2107/134
f 876/2090/129 875/2095/129 878/2109/129
f 886/2113/549 884/2114/550 885/2115/551
f 890/2116/65 883/2117/65 886/2113/65
f 896/2118/552 903/2119/553 895/2120/552
f 887/2121/81 886/2113/81 885/2122/81
f 881/2123/81 887/2121/81 880/2124/81
f 882/2125/34 888/2126/34 889/2127/34
f 881/2123/65 889/2127/65 890/2116/65
f 898/2128/554 894/2129/555 897/2130/556
f 891/2131/557 904/2132/137 899/2133/558
f 889/2127/65 893/2134/65 883/2117/65
f 883/2117/559 894/2135/555 884/2114/550
f 888/2136/560 892/2137/560 889/2127/560
f 893/2134/561 897/2130/556 894/2138/555
f 891/2139/557 903/2119/137 904/2132/137
f 899/2133/562 901/2140/563 898/2128/562
f 879/2141/564 881/2123/565 880/2124/566
f 896/2118/68 894/2142/555 902/2143/68
f 895/2120/137 903/2119/137 891/2144/557
f 897/2130/567 899/2133/567 898/2128/567
f 904/2132/563 902/2143/568 901/2140/563
f 897/2130/569 892/2137/569 900/2145/569
f 899/2133/558 900/2145/570 891/2146/557
f 892/2137/560 891/2147/557 900/2145/570
f 902/2143/68 894/2148/555 901/2140/68
f 898/2128/554 901/2140/68 894/2149/555
f 1006/2150/81 1003/2151/81 1002/2152/81
f 1013/2153/68 1007/2154/68 1006/2150/68
f 1000/2155/34 1011/2156/34 1012/2157/34
f 1002/2158/65 1012/2157/65 1013/2153/65
f 1010/2159/70 1001/2160/70 1007/2154/70
f 1016/2161/70 1009/2162/70 1004/2163/70
f 1011/2156/68 1008/2164/68 1005/2165/68
f 1012/2157/68 1005/2165/68 1004/2166/68
f 1013/2153/68 1004/2166/68 1009/2167/68
f 1010/2159/68 1009/2167/68 1008/2164/68
f 1014/2168/65 1005/2169/65 1008/2170/65
f 1017/2171/34 1008/2172/34 1009/2173/34
f 1015/2174/81 1004/2175/81 1005/2176/81
f 1088/2177/34 1140/2178/34 1137/2179/34
f 1082/725/81 1136/2180/81 1133/2181/81
f 1085/728/68 1138/2182/68 1135/2183/68
f 1074/2184/8 1142/2185/8 1073/2186/8
f 1133/2181/6 1083/726/6 1082/725/6
f 1135/2183/1 1086/729/1 1085/728/1
f 1137/2187/8 1089/732/8 1088/731/8
f 1080/723/15 1139/2188/15 1140/2178/15
f 1079/722/137 1134/2189/137 1139/2188/137
f 1143/2190/70 1145/2191/70 1147/2192/70
f 1071/2193/81 1145/2191/81 1076/2194/81
f 1077/2195/34 1141/2196/34 1074/2197/34
f 1072/2198/1 1148/2199/1 1071/2200/1
f 1078/2201/15 1144/2202/15 1077/2203/15
f 1075/2204/137 1143/2190/137 1078/2205/137
f 1073/2206/68 1147/2192/68 1072/2207/68
f 1076/2208/6 1146/2209/6 1075/2210/6
f 1156/790/226 1153/788/226 1154/749/226
f 1349/2211/571 1332/2212/572 1333/2213/571
f 1350/2214/573 1333/2213/571 1334/2215/573
f 1351/2216/574 1334/2215/573 1335/2217/574
f 1352/2218/575 1335/2217/574 1336/2219/575
f 1354/2220/576 1323/2221/577 1339/2222/577
f 1352/2218/575 1337/2223/578 1353/2224/578
f 1339/2222/577 1324/2225/579 1340/2226/579
f 1354/2220/576 1337/2223/578 1338/2227/576
f 1323/2228/283 1322/2229/81 1307/2230/283
f 1324/2231/281 1307/2230/283 1308/2232/281
f 1309/2233/280 1324/2231/281 1308/2232/281
f 1310/2234/279 1325/2235/280 1309/2233/280
f 1311/2236/278 1326/2237/279 1310/2234/279
f 1328/2238/277 1311/2236/278 1312/2239/277
f 1313/2240/276 1328/2238/277 1312/2239/277
f 1314/2241/34 1329/2242/276 1313/2240/276
f 1315/2243/275 1330/2244/34 1314/2241/34
f 1316/2245/274 1331/2246/275 1315/2247/275
f 1333/2248/273 1316/2245/274 1317/2249/273
f 1318/2250/272 1333/2248/273 1317/2249/273
f 1319/2251/271 1334/2252/272 1318/2250/272
f 1336/2253/270 1319/2251/271 1320/2254/270
f 1337/2255/269 1320/2254/270 1321/2256/269
f 1338/2257/81 1321/2256/269 1322/2229/81
f 1340/2226/579 1325/2258/580 1341/2259/580
f 1342/2260/581 1325/2258/580 1326/2261/581
f 1342/2260/581 1327/2262/582 1343/2263/582
f 1344/2264/583 1327/2262/582 1328/2265/583
f 1345/2266/584 1328/2265/583 1329/2267/584
f 1346/2268/585 1329/2267/584 1330/2269/585
f 1347/2270/586 1330/2269/585 1331/2271/586
f 1348/2272/572 1331/2271/586 1332/2212/572
f 1375/2273/587 1401/2274/588 1402/2275/588
f 1361/2276/589 1398/2277/589 1363/2278/589
f 1386/2279/589 1393/2280/589 1385/2281/589
f 1380/2282/590 1387/2283/590 1379/2284/590
f 1396/2285/591 1387/2286/591 1388/2287/591
f 1397/2288/591 1390/2289/591 1398/2290/354
f 1400/2291/591 1391/2292/591 1392/2293/591
f 1401/2274/591 1394/2294/591 1402/2295/354
f 1381/2296/81 1397/2288/81 1361/2276/81
f 1373/2297/34 1393/2298/34 1401/2274/34
f 1382/2299/592 1398/2277/592 1390/2300/592
f 1383/2301/593 1392/2302/593 1391/2303/593
f 1375/2273/594 1394/2304/594 1386/2279/594
f 1357/2305/593 1395/2306/593 1396/2307/593
f 1367/2308/590 1400/2309/590 1369/2310/590
f 1380/2282/595 1396/2307/595 1388/2311/595
f 1383/2312/272 1399/2313/272 1367/2308/272
f 1381/2314/588 1390/2300/588 1389/2315/588
f 1379/2316/279 1395/2306/279 1355/2317/279
f 1369/2310/596 1392/2302/596 1384/2318/596
f 1349/2211/571 1348/2272/572 1332/2212/572
f 1350/2214/573 1349/2211/571 1333/2213/571
f 1351/2216/574 1350/2214/573 1334/2215/573
f 1352/2218/575 1351/2216/574 1335/2217/574
f 1354/2220/576 1338/2227/576 1323/2221/577
f 1352/2218/575 1336/2219/575 1337/2223/578
f 1339/2222/577 1323/2221/577 1324/2225/579
f 1354/2220/576 1353/2224/578 1337/2223/578
f 1323/2228/283 1338/2257/81 1322/2229/81
f 1324/2231/281 1323/2228/283 1307/2230/283
f 1309/2233/280 1325/2235/280 1324/2231/281
f 1310/2234/279 1326/2237/279 1325/2235/280
f 1311/2236/278 1327/2319/278 1326/2237/279
f 1328/2238/277 1327/2319/278 1311/2236/278
f 1313/2240/276 1329/2242/276 1328/2238/277
f 1314/2241/34 1330/2244/34 1329/2242/276
f 1315/2243/275 1331/2320/275 1330/2244/34
f 1316/2245/274 1332/2321/274 1331/2246/275
f 1333/2248/273 1332/2321/274 1316/2245/274
f 1318/2250/272 1334/2252/272 1333/2248/273
f 1319/2251/271 1335/2322/271 1334/2252/272
f 1336/2253/270 1335/2322/271 1319/2251/271
f 1337/2255/269 1336/2253/270 1320/2254/270
f 1338/2257/81 1337/2255/269 1321/2256/269
f 1340/2226/579 1324/2225/579 1325/2258/580
f 1342/2260/581 1341/2259/580 1325/2258/580
f 1342/2260/581 1326/2261/581 1327/2262/582
f 1344/2264/583 1343/2263/582 1327/2262/582
f 1345/2266/584 1344/2264/583 1328/2265/583
f 1346/2268/585 1345/2266/584 1329/2267/584
f 1347/2270/586 1346/2268/585 1330/2269/585
f 1348/2272/572 1347/2270/586 1331/2271/586
f 1375/2273/587 1373/2297/587 1401/2274/588
f 1361/2276/589 1397/2288/589 1398/2277/589
f 1386/2279/589 1394/2304/589 1393/2280/589
f 1380/2282/590 1388/2311/590 1387/2283/590
f 1396/2285/591 1395/2306/591 1387/2286/591
f 1397/2288/591 1389/2323/591 1390/2289/591
f 1400/2291/591 1399/2313/591 1391/2292/591
f 1401/2274/591 1393/2298/591 1394/2294/591
f 1381/2296/81 1389/2323/81 1397/2288/81
f 1373/2297/34 1385/2324/34 1393/2298/34
f 1382/2299/592 1363/2278/592 1398/2277/592
f 1383/2301/593 1384/2318/593 1392/2302/593
f 1375/2273/594 1402/2275/594 1394/2304/594
f 1357/2305/593 1355/2317/593 1395/2306/593
f 1367/2308/590 1399/2313/590 1400/2309/590
f 1380/2282/595 1357/2305/595 1396/2307/595
f 1383/2312/272 1391/2292/272 1399/2313/272
f 1381/2314/588 1382/2299/588 1390/2300/588
f 1379/2316/279 1387/2286/279 1395/2306/279
f 1369/2310/597 1400/2309/597 1392/2302/597
f 148/1893/15 165/2325/523 169/1894/475
f 154/1896/1 159/2326/519 172/1897/476
f 156/1899/3 174/2030/529 160/1900/477
f 158/1902/5 168/2028/525 175/1903/478
f 89/1907/481 161/1912/598 160/1905/479
f 160/1905/479 174/2027/599 176/1906/480
f 176/1906/480 98/2327/600 89/1907/481
f 92/1910/484 164/1921/601 163/1908/482
f 163/1908/482 171/2026/482 173/1909/483
f 173/1909/483 96/1913/602 92/1910/484
f 96/1913/487 173/1909/603 172/1911/485
f 172/1911/485 159/2022/604 161/1912/486
f 161/1912/486 89/1907/605 96/1913/487
f 98/1916/490 176/1906/606 175/1914/488
f 175/1914/488 168/2025/607 170/1915/489
f 170/1915/489 97/1919/608 98/1916/490
f 97/1919/493 170/1915/609 169/1917/491
f 169/1917/491 165/2024/610 167/1918/492
f 167/1918/492 94/1922/611 97/1919/493
f 94/1922/496 167/1918/612 166/1920/494
f 166/1920/494 162/2023/613 164/1921/495
f 164/1921/495 92/1910/614 94/1922/496
f 2/1923/497 5/1960/498 23/1924/498
f 3/1926/499 18/1941/499 19/1927/500
f 1/1932/503 7/1936/504 17/1933/504
f 9/1935/505 16/1950/505 17/1933/504
f 3/1926/499 6/1956/508 22/1940/508
f 4/1945/510 8/1928/500 19/1927/500
f 4/1945/510 20/1946/510 21/1947/511
f 9/1935/505 10/1948/511 21/1947/511
f 2/1923/497 13/1925/497 22/1940/508
f 1/1959/503 11/1934/503 23/1924/498
f 27/1962/34 24/1965/35 18/1963/35
f 24/1965/332 29/1970/39 19/1966/39
f 20/1967/45 25/2328/45 30/1968/51
f 29/1970/39 25/2328/48 20/1967/48
f 17/1971/20 16/1974/19 15/1972/19
f 21/1969/51 30/1968/51 15/1972/52
f 12/1975/42 26/1979/46 23/1976/46
f 28/1973/20 12/2329/41 11/1978/41
f 26/1979/46 14/1981/516 13/1980/516
f 14/1981/36 27/1962/34 22/1964/34
f 186/1982/59 195/2034/59 198/1983/60
f 200/1987/34 197/2330/34 198/2331/34
f 198/2331/34 195/2332/34 196/1985/34
f 196/1985/34 193/2333/34 194/2334/34
f 194/2334/34 179/2335/34 180/1986/34
f 180/1986/34 177/2336/34 178/2337/34
f 178/2337/34 199/2338/34 200/1987/34
f 200/1987/34 198/2331/34 196/1985/34
f 196/1985/34 194/2334/34 180/1986/34
f 180/1986/34 178/2337/34 200/1987/34
f 188/1988/53 193/2339/53 196/1989/54
f 190/1991/55 179/2036/55 194/1992/56
f 182/1994/61 199/2340/61 178/1995/62
f 152/1997/7 171/2341/527 163/1998/517
f 94/2000/473 95/2012/473 87/2001/473
f 95/2005/65 93/2342/65 91/2003/65
f 91/2003/65 90/2343/65 88/2004/65
f 88/2004/65 87/2344/65 95/2005/65
f 96/2006/472 91/2013/472 93/2007/472
f 98/2009/81 88/2345/81 90/2010/81
f 92/2008/34 93/2007/34 95/2012/34
f 89/2011/471 90/2010/471 91/2013/471
f 98/2014/474 97/2002/474 87/2001/474
f 150/2016/17 162/2346/521 166/2017/518
f 184/2019/63 197/2347/63 200/2020/64
f 158/1902/5 157/1895/16 169/1894/475
f 156/1899/3 155/2348/6 175/2029/478
f 160/1900/477 159/2326/519 154/1896/1
f 163/1998/517 162/2346/521 150/2016/17
f 166/2017/518 165/2325/523 148/1893/15
f 172/1897/476 171/2341/527 152/1997/7
f 194/1992/56 193/2339/53 188/1988/53
f 198/1983/60 197/2347/63 184/2019/63
f 200/2020/64 199/2349/61 182/2031/61
f 192/2032/57 191/1996/62 178/1995/62
f 185/1990/54 196/1989/54 195/2034/59
f 190/1991/55 189/2037/58 180/2035/58
f 189/2037/58 192/2032/57 177/2033/57
f 497/2064/137 495/2350/137 496/2351/137
f 496/2351/137 506/2352/137 505/2062/137
f 505/2062/137 504/2353/137 503/2354/137
f 503/2354/137 502/2355/137 501/2063/137
f 501/2063/137 500/2356/137 499/2357/137
f 499/2357/137 498/2358/137 497/2064/137
f 497/2064/137 496/2351/137 505/2062/137
f 505/2062/137 503/2354/137 501/2063/137
f 501/2063/137 499/2357/137 497/2064/137
f 886/2113/549 883/2117/559 884/2114/550
f 890/2116/65 889/2127/65 883/2117/65
f 896/2118/552 902/2143/568 903/2119/568
f 887/2121/81 890/2116/81 886/2113/81
f 881/2123/81 890/2116/81 887/2121/81
f 882/2125/34 879/2141/34 888/2126/34
f 881/2123/65 882/2125/65 889/2127/65
f 889/2127/65 892/2137/65 893/2134/65
f 883/2117/559 893/2134/561 894/2135/555
f 888/2136/560 891/2359/557 892/2137/560
f 899/2133/562 904/2132/563 901/2140/563
f 879/2141/564 882/2125/615 881/2123/565
f 897/2130/567 900/2145/567 899/2133/567
f 904/2132/563 903/2119/568 902/2143/568
f 897/2130/569 893/2134/569 892/2137/569
f 1006/2150/81 1007/2154/81 1003/2151/81
f 1013/2153/68 1010/2159/68 1007/2154/68
f 1000/2155/34 1001/2360/34 1011/2156/34
f 1013/2153/65 1006/2150/65 1002/2158/65
f 1002/2158/65 1000/2361/65 1012/2157/65
f 1010/2159/70 1011/2156/70 1001/2160/70
f 1001/2160/70 1003/2362/70 1007/2154/70
f 1016/2161/70 1017/2171/70 1009/2162/70
f 1011/2156/68 1010/2159/68 1008/2164/68
f 1012/2157/68 1011/2156/68 1005/2165/68
f 1013/2153/68 1012/2157/68 1004/2166/68
f 1010/2159/68 1013/2153/68 1009/2167/68
f 1014/2168/65 1015/2174/65 1005/2169/65
f 1017/2171/34 1014/2168/34 1008/2172/34
f 1015/2174/81 1016/2161/81 1004/2175/81
f 1088/2177/34 1080/723/34 1140/2178/34
f 1082/725/81 1086/729/81 1136/2180/81
f 1085/728/68 1089/732/68 1138/2182/68
f 1074/2184/8 1141/2196/8 1142/2185/8
f 1133/2181/6 1134/2189/6 1083/726/6
f 1135/2183/1 1136/2180/1 1086/729/1
f 1137/2187/8 1138/2182/8 1089/732/8
f 1080/723/15 1079/722/15 1139/2188/15
f 1079/722/137 1083/726/137 1134/2189/137
f 1147/2192/70 1142/2185/70 1141/2196/70
f 1141/2196/70 1144/2202/70 1143/2190/70
f 1143/2190/70 1146/2209/70 1145/2191/70
f 1145/2191/70 1148/2199/70 1147/2192/70
f 1147/2192/70 1141/2196/70 1143/2190/70
f 1071/2193/81 1148/2199/81 1145/2191/81
f 1077/2195/34 1144/2202/34 1141/2196/34
f 1072/2198/1 1147/2192/1 1148/2199/1
f 1078/2201/15 1143/2190/15 1144/2202/15
f 1075/2204/137 1146/2209/137 1143/2190/137
f 1073/2206/68 1142/2185/68 1147/2192/68
f 1076/2208/6 1145/2191/6 1146/2209/6
f 1156/790/226 1155/789/226 1153/788/226
f 1613/2363/8 1668/1404/8 1660/1421/8
f 1644/1440/8 1613/2363/8 1660/1421/8
f 1648/1439/15 1617/2364/15 1662/1411/15
f 1652/1438/6 1621/2365/6 1664/1408/6
f 1656/1437/1 1625/2366/1 1666/1414/1
f 1625/2366/1 1674/1396/1 1666/1414/1
f 1617/2364/15 1670/1401/15 1662/1411/15
f 1621/2365/6 1672/1398/6 1664/1408/6
f 1612/1424/192 1667/1405/192 1628/2367/192
f 1620/2368/193 1671/1399/193 1636/2369/193
f 1616/2370/190 1669/1402/190 1632/2371/190
f 1667/1405/188 1629/2372/188 1628/2367/188
f 1669/1402/178 1633/2373/178 1632/2371/178
f 1671/1399/182 1637/2374/182 1636/2369/182
f 1673/1384/180 1641/2375/180 1640/2376/180
f 1655/1389/195 1624/2377/195 1592/2378/195
f 1651/1387/193 1620/2368/193 1588/2379/193
f 1624/2377/195 1673/1384/195 1640/2376/195
f 1658/1343/81 1580/2380/187 1579/2381/81
f 1644/1376/175 1582/2382/189 1581/2383/175
f 1645/1374/189 1583/2384/68 1582/2382/189
f 1646/1372/68 1584/2385/177 1583/2384/68
f 1648/1366/173 1586/2386/194 1585/2387/173
f 1649/1364/194 1587/2388/34 1586/2386/194
f 1650/1362/34 1588/2389/181 1587/2388/34
f 1652/1356/185 1590/2390/196 1589/2391/185
f 1653/1354/196 1591/2392/137 1590/2390/196
f 1654/1352/137 1592/2393/179 1591/2392/137
f 1647/1349/190 1616/2370/190 1584/2394/190
f 1656/1346/183 1594/2395/191 1593/2396/183
f 1657/1344/191 1579/2381/81 1594/2395/191
f 1613/2363/8 1629/2372/8 1668/1404/8
f 1644/1440/8 1581/2397/8 1613/2363/8
f 1648/1439/15 1585/2398/15 1617/2364/15
f 1652/1438/6 1589/2399/6 1621/2365/6
f 1656/1437/1 1593/2400/1 1625/2366/1
f 1625/2366/1 1641/2375/1 1674/1396/1
f 1617/2364/15 1633/2373/15 1670/1401/15
f 1621/2365/6 1637/2374/6 1672/1398/6
f 1612/1424/192 1659/1368/192 1667/1405/192
f 1620/2368/193 1663/1386/193 1671/1399/193
f 1616/2370/190 1661/1348/190 1669/1402/190
f 1667/1405/188 1668/1404/188 1629/2372/188
f 1669/1402/178 1670/1401/178 1633/2373/178
f 1671/1399/182 1672/1398/182 1637/2374/182
f 1673/1384/180 1674/1396/180 1641/2375/180
f 1655/1389/195 1665/1382/195 1624/2377/195
f 1651/1387/193 1663/1386/193 1620/2368/193
f 1624/2377/195 1665/1382/195 1673/1384/195
f 1658/1343/81 1643/1381/187 1580/2380/187
f 1644/1376/175 1645/1374/189 1582/2382/189
f 1645/1374/189 1646/1372/68 1583/2384/68
f 1646/1372/68 1647/1371/177 1584/2385/177
f 1648/1366/173 1649/1364/194 1586/2386/194
f 1649/1364/194 1650/1362/34 1587/2388/34
f 1650/1362/34 1651/1361/181 1588/2389/181
f 1652/1356/185 1653/1354/196 1590/2390/196
f 1653/1354/196 1654/1352/137 1591/2392/137
f 1654/1352/137 1655/1351/179 1592/2393/179
f 1647/1349/190 1661/1348/190 1616/2370/190
f 1656/1346/183 1657/1344/191 1594/2395/191
f 1657/1344/191 1658/1343/81 1579/2381/81
usemtl SpacialRoverExploreralumOrange
f 478/2401/81 510/2402/81 477/2403/81
f 481/2404/616 521/2405/616 516/2406/616
f 514/2407/34 476/2408/34 475/2409/34
f 510/2402/65 511/2410/65 475/2411/65
f 478/2412/70 513/2413/70 512/2414/70
f 508/2415/137 517/2416/137 507/2417/137
f 481/2418/137 509/2419/137 482/2420/137
f 516/2421/137 511/2410/137 510/2402/137
f 518/2422/137 512/2414/137 513/2413/137
f 480/2423/137 514/2407/137 479/2424/137
f 517/2416/137 514/2407/137 511/2410/137
f 515/2425/137 509/2419/137 512/2414/137
f 519/2426/137 521/2405/137 520/2427/137
f 515/2425/137 507/2417/137 516/2421/137
f 515/2428/617 519/2426/617 482/2429/617
f 522/2430/137 524/2431/137 526/2432/137
f 517/2433/618 522/2430/618 526/2432/618
f 517/2434/616 524/2431/616 479/2435/616
f 480/2436/617 522/2430/617 518/2437/617
f 481/2438/618 519/2426/618 520/2427/618
f 516/2439/619 525/2440/619 515/2441/619
f 479/2442/619 523/2443/619 480/2444/619
f 614/2445/168 615/2446/168 613/2447/168
f 616/2448/68 617/2449/68 615/2446/68
f 618/2450/169 619/2451/169 617/2449/169
f 620/2452/171 621/2453/171 619/2451/171
f 614/2454/34 622/2455/34 618/2456/34
f 622/2457/137 623/2458/137 621/2453/137
f 624/2459/170 613/2447/170 623/2460/170
f 614/2445/168 616/2448/168 615/2446/168
f 616/2448/68 618/2450/68 617/2449/68
f 618/2450/169 620/2452/169 619/2451/169
f 620/2452/171 622/2457/171 621/2453/171
f 618/2456/34 616/2461/34 614/2454/34
f 614/2454/34 624/2462/34 622/2455/34
f 622/2455/34 620/2463/34 618/2456/34
f 622/2457/137 624/2464/137 623/2458/137
f 624/2459/170 614/2445/170 613/2447/170
f 1115/2465/81 1130/2466/81 1117/2467/81
f 1122/2468/34 1128/2469/34 1111/2470/34
f 1112/2471/68 1126/2472/68 1114/2473/68
f 1130/2474/70 1126/2472/70 1128/2475/70
f 1118/2476/137 1132/2477/137 1121/2478/137
f 1111/2470/620 1112/2471/620 1113/2479/620
f 1114/2480/621 1115/2465/621 1116/2481/621
f 1118/2476/622 1120/2482/622 1117/2467/623
f 1121/2478/84 1123/2483/84 1124/2484/620
f 1132/2477/15 1122/2468/15 1121/2478/15
f 1112/2471/8 1128/2469/8 1127/2485/8
f 1126/2486/1 1115/2465/1 1114/2480/1
f 1118/2476/6 1130/2466/6 1129/2487/6
f 1170/2488/624 1160/2489/624 1157/2490/624
f 1167/2491/625 1169/2492/626 1166/2493/626
f 1163/2494/627 1165/2495/627 1162/2496/627
f 1160/2497/58 1172/2498/58 1168/2499/58
f 1159/2500/628 1161/2501/628 1158/2502/628
f 1160/2489/629 1158/2503/629 1157/2490/629
f 1163/2494/630 1161/2501/630 1164/2504/630
f 1166/2493/631 1168/2505/631 1167/2491/631
f 1170/2488/632 1172/2506/632 1171/2507/632
f 1305/2508/183 1275/2509/184 1304/2510/183
f 1285/2511/177 1287/2512/178 1284/2513/177
f 1289/2514/173 1291/2515/174 1288/2516/173
f 1293/2517/181 1295/2518/182 1292/2519/181
f 1297/2520/185 1299/2521/186 1296/2522/185
f 1301/2523/179 1303/2524/180 1300/2525/179
f 1281/2526/175 1283/2527/176 1280/2528/175
f 1302/2529/65 1294/2530/65 1286/2531/65
f 1277/2532/187 1279/2533/188 1276/2534/187
f 1278/2535/184 1276/2534/187 1275/2536/184
f 1280/2528/175 1282/2537/188 1281/2526/175
f 1284/2513/177 1286/2538/176 1285/2511/177
f 1288/2516/173 1290/2539/178 1289/2514/173
f 1292/2519/181 1294/2540/174 1293/2517/181
f 1296/2522/185 1298/2541/182 1297/2520/185
f 1300/2525/179 1302/2542/186 1301/2523/179
f 1304/2510/183 1306/2543/180 1305/2508/183
f 478/2401/81 509/2419/81 510/2402/81
f 481/2404/616 520/2427/616 521/2405/616
f 514/2407/34 513/2413/34 476/2408/34
f 475/2411/65 477/2544/65 510/2402/65
f 511/2410/65 514/2407/65 475/2411/65
f 512/2414/70 509/2419/70 478/2412/70
f 478/2412/70 476/2545/70 513/2413/70
f 508/2415/137 518/2422/137 517/2416/137
f 481/2418/137 510/2402/137 509/2419/137
f 510/2402/137 481/2418/137 516/2421/137
f 516/2421/137 507/2417/137 511/2410/137
f 513/2413/137 480/2423/137 518/2422/137
f 518/2422/137 508/2415/137 512/2414/137
f 480/2423/137 513/2413/137 514/2407/137
f 511/2410/137 507/2417/137 517/2416/137
f 517/2416/137 479/2424/137 514/2407/137
f 512/2414/137 508/2415/137 515/2425/137
f 515/2425/137 482/2420/137 509/2419/137
f 519/2426/137 525/2440/137 521/2405/137
f 515/2425/137 508/2415/137 507/2417/137
f 515/2428/617 525/2440/617 519/2426/617
f 522/2430/137 523/2443/137 524/2431/137
f 517/2433/618 518/2546/618 522/2430/618
f 517/2434/616 526/2432/616 524/2431/616
f 480/2436/617 523/2443/617 522/2430/617
f 481/2438/618 482/2547/618 519/2426/618
f 516/2439/619 521/2405/619 525/2440/619
f 479/2442/619 524/2431/619 523/2443/619
f 1115/2465/81 1125/2548/81 1130/2466/81
f 1122/2468/34 1131/2549/34 1128/2469/34
f 1112/2471/68 1127/2485/68 1126/2472/68
f 1128/2475/70 1131/2550/70 1132/2551/70
f 1132/2551/70 1129/2552/70 1130/2474/70
f 1130/2474/70 1125/2553/70 1126/2472/70
f 1126/2472/70 1127/2485/70 1128/2475/70
f 1128/2475/70 1132/2551/70 1130/2474/70
f 1118/2476/137 1129/2487/137 1132/2477/137
f 1118/2476/633 1119/2554/621 1120/2482/633
f 1121/2478/84 1122/2468/634 1123/2483/84
f 1132/2477/15 1131/2549/15 1122/2468/15
f 1112/2471/8 1111/2470/8 1128/2469/8
f 1126/2486/1 1125/2548/1 1115/2465/1
f 1118/2476/6 1117/2467/6 1130/2466/6
f 1170/2488/624 1171/2507/624 1160/2489/624
f 1167/2491/625 1172/2506/625 1169/2492/626
f 1163/2494/627 1168/2505/627 1165/2495/627
f 1168/2499/58 1163/2555/58 1164/2556/58
f 1164/2556/58 1159/2557/58 1160/2497/58
f 1160/2497/58 1171/2558/58 1172/2498/58
f 1172/2498/58 1167/2559/58 1168/2499/58
f 1168/2499/58 1164/2556/58 1160/2497/58
f 1159/2500/628 1164/2504/628 1161/2501/628
f 1160/2489/629 1159/2560/629 1158/2503/629
f 1163/2494/630 1162/2496/630 1161/2501/630
f 1166/2493/631 1165/2495/631 1168/2505/631
f 1170/2488/632 1169/2492/632 1172/2506/632
f 1305/2508/183 1278/2561/184 1275/2509/184
f 1285/2511/177 1290/2539/178 1287/2512/178
f 1289/2514/173 1294/2540/174 1291/2515/174
f 1293/2517/181 1298/2541/182 1295/2518/182
f 1297/2520/185 1302/2542/186 1299/2521/186
f 1301/2523/179 1306/2543/180 1303/2524/180
f 1281/2526/175 1286/2538/176 1283/2527/176
f 1286/2531/65 1281/2562/65 1282/2563/65
f 1282/2563/65 1277/2564/65 1278/2565/65
f 1278/2565/65 1305/2566/65 1306/2567/65
f 1306/2567/65 1301/2568/65 1302/2529/65
f 1302/2529/65 1297/2569/65 1298/2570/65
f 1298/2570/65 1293/2571/65 1294/2530/65
f 1294/2530/65 1289/2572/65 1290/2573/65
f 1290/2573/65 1285/2574/65 1286/2531/65
f 1286/2531/65 1282/2563/65 1278/2565/65
f 1278/2565/65 1306/2567/65 1302/2529/65
f 1302/2529/65 1298/2570/65 1294/2530/65
f 1294/2530/65 1290/2573/65 1286/2531/65
f 1286/2531/65 1278/2565/65 1302/2529/65
f 1277/2532/187 1282/2537/188 1279/2533/188
f 1278/2535/184 1277/2532/187 1276/2534/187
f 1280/2528/175 1279/2533/188 1282/2537/188
f 1284/2513/177 1283/2527/176 1286/2538/176
f 1288/2516/173 1287/2512/178 1290/2539/178
f 1292/2519/181 1291/2515/174 1294/2540/174
f 1296/2522/185 1295/2518/182 1298/2541/182
f 1300/2525/179 1299/2521/186 1302/2542/186
f 1304/2510/183 1303/2524/180 1306/2543/180
usemtl SpacialRoverExploreralumGrayDeep
f 649/2575/65 673/2576/65 662/2577/65
f 674/2578/68 663/2579/68 662/2580/68
f 654/2581/34 644/2582/34 639/2583/34
f 650/2584/137 645/2585/137 649/2586/137
f 650/2584/81 642/2587/81 638/2588/81
f 660/2589/68 656/2590/68 639/2591/68
f 666/2592/81 640/2593/81 641/2594/81
f 665/2595/65 653/2596/65 658/2597/65
f 670/2598/137 666/2592/137 644/2599/137
f 658/2597/635 667/2600/635 665/2595/635
f 667/2600/85 659/2601/85 668/2602/85
f 668/2602/636 657/2603/636 666/2592/636
f 646/2604/637 675/2605/637 673/2576/637
f 648/2606/78 676/2607/78 675/2605/78
f 647/2608/638 674/2609/638 676/2607/638
f 662/2577/635 651/2610/635 649/2575/635
f 664/2611/85 652/2612/85 651/2610/85
f 663/2613/636 650/2584/636 652/2612/636
f 670/2614/637 655/2615/637 653/2596/637
f 672/2616/78 656/2617/78 655/2615/78
f 671/2618/638 654/2581/638 656/2617/638
f 674/2609/34 637/2619/34 643/2620/34
f 678/2621/68 685/2622/68 677/2623/68
f 680/2624/34 686/2625/34 678/2621/34
f 679/2626/137 687/2627/137 680/2624/137
f 677/2623/81 688/2628/81 679/2626/81
f 677/2623/65 680/2624/65 678/2621/65
f 691/2629/34 682/2630/34 683/2631/34
f 685/2632/70 682/2633/70 681/2634/70
f 682/2633/70 687/2635/70 683/2636/70
f 687/2635/70 684/2637/70 683/2636/70
f 688/2638/70 681/2634/70 684/2637/70
f 690/2639/70 692/2640/70 689/2641/70
f 692/2642/137 683/2643/137 684/2644/137
f 690/2639/68 681/2645/68 682/2630/68
f 689/2641/81 684/2644/81 681/2645/81
f 638/2588/137 637/2646/137 645/2585/137
f 645/2585/137 647/2647/137 648/2648/137
f 648/2648/137 646/2649/137 645/2585/137
f 646/2649/137 649/2586/137 645/2585/137
f 649/2586/137 651/2650/137 652/2651/137
f 652/2651/137 650/2584/137 649/2586/137
f 650/2584/137 638/2588/137 645/2585/137
f 648/2606/78 647/2608/78 676/2607/78
f 647/2608/638 645/2652/638 674/2609/638
f 674/2609/34 645/2652/34 637/2619/34
f 680/2624/34 687/2635/34 686/2625/34
f 679/2626/137 688/2653/137 687/2627/137
f 677/2623/65 679/2626/65 680/2624/65
f 723/2654/183 693/2655/184 708/2656/183
f 713/2657/177 699/2658/178 698/2659/177
f 715/2660/173 701/2661/174 700/2662/173
f 717/2663/181 703/2664/182 702/2665/181
f 719/2666/185 705/2667/186 704/2668/185
f 721/2669/179 707/2670/180 706/2671/179
f 709/2672/175 697/2673/176 696/2674/175
f 711/2675/187 695/2676/188 694/2677/187
f 724/2678/65 721/2679/65 770/2680/65
f 757/2681/65 723/2682/65 772/2683/65
f 758/2684/65 759/2685/65 710/2686/65
f 712/2687/184 694/2677/187 693/2655/184
f 696/2688/175 710/2689/188 709/2690/175
f 698/2659/177 714/2691/176 713/2657/177
f 700/2662/173 716/2692/178 715/2660/173
f 702/2665/181 718/2693/174 717/2663/181
f 704/2668/185 720/2694/182 719/2666/185
f 706/2671/179 722/2695/186 721/2669/179
f 708/2656/183 724/2696/180 723/2654/183
f 709/2697/65 760/2698/65 761/2699/65
f 710/2686/65 711/2700/65 758/2684/65
f 759/2685/65 760/2698/65 710/2686/65
f 720/2701/65 766/2702/65 767/2703/65
f 765/2704/65 766/2702/65 718/2705/65
f 723/2682/65 757/2681/65 712/2706/65
f 716/2707/65 713/2708/65 762/2709/65
f 719/2710/65 768/2711/65 769/2712/65
f 771/2713/65 772/2683/65 723/2682/65
f 714/2714/65 709/2697/65 761/2699/65
f 771/2713/65 724/2678/65 770/2680/65
f 722/2715/65 770/2680/65 721/2679/65
f 761/2699/65 713/2708/65 714/2714/65
f 762/2709/65 713/2708/65 761/2699/65
f 722/2715/65 769/2712/65 770/2680/65
f 763/2716/65 716/2707/65 762/2709/65
f 722/2715/65 719/2710/65 769/2712/65
f 720/2701/65 767/2703/65 768/2711/65
f 758/2684/65 711/2700/65 712/2706/65
f 764/2717/65 715/2718/65 763/2716/65
f 719/2710/65 720/2701/65 768/2711/65
f 760/2698/65 709/2697/65 710/2686/65
f 765/2704/65 715/2718/65 764/2717/65
f 724/2678/65 771/2713/65 723/2682/65
f 720/2701/65 717/2719/65 766/2702/65
f 766/2702/65 717/2719/65 718/2705/65
f 715/2718/65 716/2707/65 763/2716/65
f 715/2718/65 765/2704/65 718/2705/65
f 757/2681/65 758/2684/65 712/2706/65
f 1109/2720/81 946/2721/81 944/2722/81
f 943/2723/137 948/2724/137 950/2725/137
f 1108/2726/34 943/2727/34 945/2728/34
f 1110/2729/639 957/2730/639 947/2731/639
f 948/2732/74 959/2733/65 950/2734/65
f 950/2734/65 954/2735/76 951/2736/76
f 951/2736/76 955/2737/78 953/2738/78
f 953/2738/78 956/2739/640 952/2740/640
f 949/2741/85 957/2730/641 958/2742/85
f 949/2741/85 960/2743/74 948/2732/74
f 1016/2161/68 1014/2168/68 1017/2171/68
f 946/2744/68 954/2745/68 959/2746/68
f 1107/2747/642 952/2740/642 956/2739/642
f 1450/2748/305 1459/2749/643 1449/2750/306
f 1413/2751/300 1456/2752/300 1442/2753/300
f 1449/2750/301 1467/2754/301 1427/2755/301
f 1445/2756/304 1458/2757/317 1457/2758/317
f 1462/2759/60 1453/2760/60 1454/2761/60
f 1463/2762/60 1456/2763/60 1464/2764/60
f 1465/2765/60 1458/2757/60 1466/2766/60
f 1467/2767/60 1460/2768/60 1468/2769/60
f 1429/2770/286 1460/2771/286 1450/2772/286
f 1403/2773/317 1462/2774/317 1405/2775/317
f 1421/2776/320 1465/2777/320 1466/2778/320
f 1438/2779/291 1462/2774/291 1454/2780/291
f 1445/2756/289 1465/2777/289 1419/2781/289
f 1403/2773/302 1453/2760/302 1461/2782/302
f 1421/2776/303 1458/2783/303 1446/2784/303
f 1413/2751/643 1463/2785/643 1464/2786/643
f 1437/2787/309 1454/2761/320 1453/2760/320
f 1429/2770/316 1467/2754/316 1468/2788/316
f 1442/2789/310 1455/2790/316 1441/2791/290
f 1411/2792/285 1455/2790/285 1463/2785/285
f 1509/2793/320 1500/2794/320 1487/2795/320
f 1469/2796/58 1477/2797/58 1500/2798/58
f 1492/2799/60 1486/2800/60 1499/2801/60
f 1504/2802/644 1502/2803/644 1503/2804/644
f 1494/2805/299 1501/2806/643 1478/2807/299
f 1500/2794/645 1503/2804/645 1499/2808/645
f 1499/2801/58 1502/2809/58 1494/2810/58
f 1500/2798/60 1501/2811/60 1504/2812/60
f 649/2575/65 646/2604/65 673/2576/65
f 662/2580/68 673/2813/68 675/2814/68
f 675/2814/68 676/2815/68 674/2578/68
f 674/2578/68 643/2816/68 642/2587/68
f 642/2587/68 661/2817/68 663/2579/68
f 663/2579/68 664/2818/68 662/2580/68
f 662/2580/68 675/2814/68 674/2578/68
f 674/2578/68 642/2587/68 663/2579/68
f 654/2581/34 669/2819/34 644/2582/34
f 650/2584/81 661/2817/81 642/2587/81
f 639/2591/68 640/2593/68 657/2603/68
f 657/2603/68 659/2820/68 660/2589/68
f 660/2589/68 658/2821/68 653/2822/68
f 653/2822/68 655/2823/68 656/2590/68
f 656/2590/68 654/2824/68 639/2591/68
f 639/2591/68 657/2603/68 660/2589/68
f 660/2589/68 653/2822/68 656/2590/68
f 666/2592/81 657/2603/81 640/2593/81
f 665/2595/65 670/2614/65 653/2596/65
f 644/2599/137 669/2825/137 671/2826/137
f 671/2826/137 672/2827/137 670/2598/137
f 670/2598/137 665/2828/137 667/2829/137
f 667/2829/137 668/2830/137 666/2592/137
f 666/2592/137 641/2594/137 644/2599/137
f 644/2599/137 671/2826/137 670/2598/137
f 670/2598/137 667/2829/137 666/2592/137
f 658/2597/635 660/2831/635 667/2600/635
f 667/2600/85 660/2831/85 659/2601/85
f 668/2602/636 659/2601/636 657/2603/636
f 646/2604/637 648/2606/637 675/2605/637
f 662/2577/635 664/2611/635 651/2610/635
f 664/2611/85 663/2613/85 652/2612/85
f 663/2613/636 661/2817/636 650/2584/636
f 670/2614/637 672/2616/637 655/2615/637
f 672/2616/78 671/2618/78 656/2617/78
f 671/2618/638 669/2819/646 654/2581/638
f 678/2621/68 686/2832/68 685/2622/68
f 677/2623/81 685/2833/81 688/2628/81
f 691/2629/34 690/2639/34 682/2630/34
f 685/2632/70 686/2625/70 682/2633/70
f 682/2633/70 686/2625/70 687/2635/70
f 687/2635/70 688/2638/70 684/2637/70
f 688/2638/70 685/2632/70 681/2634/70
f 690/2639/70 691/2834/70 692/2640/70
f 692/2642/137 691/2835/137 683/2643/137
f 690/2639/68 689/2641/68 681/2645/68
f 689/2641/81 692/2642/81 684/2644/81
f 723/2654/183 712/2687/184 693/2655/184
f 713/2657/177 716/2692/178 699/2658/178
f 715/2660/173 718/2693/174 701/2661/174
f 717/2663/181 720/2694/182 703/2664/182
f 719/2666/185 722/2695/186 705/2667/186
f 721/2669/179 724/2696/180 707/2670/180
f 709/2672/175 714/2691/176 697/2673/176
f 711/2675/187 710/2689/188 695/2676/188
f 712/2687/184 711/2675/187 694/2677/187
f 696/2688/175 695/2676/188 710/2689/188
f 698/2659/177 697/2673/176 714/2691/176
f 700/2662/173 699/2658/178 716/2692/178
f 702/2665/181 701/2661/174 718/2693/174
f 704/2668/185 703/2664/182 720/2694/182
f 706/2671/179 705/2667/186 722/2695/186
f 708/2656/183 707/2670/180 724/2696/180
f 1109/2720/81 1107/2747/81 946/2721/81
f 953/2836/137 952/2837/137 1109/2838/137
f 1109/2838/137 944/2839/137 943/2723/137
f 943/2723/137 1110/2840/137 947/2841/137
f 943/2723/137 947/2841/137 949/2842/137
f 951/2843/137 953/2836/137 1109/2838/137
f 951/2843/137 1109/2838/137 943/2723/137
f 943/2723/137 949/2842/137 948/2724/137
f 950/2725/137 951/2843/137 943/2723/137
f 1108/2726/34 1110/2729/34 943/2727/34
f 1110/2729/639 1108/2726/639 957/2730/639
f 948/2732/74 960/2743/74 959/2733/65
f 950/2734/65 959/2733/65 954/2735/76
f 951/2736/76 954/2735/76 955/2737/78
f 953/2738/78 955/2737/78 956/2739/640
f 949/2741/85 947/2731/641 957/2730/641
f 949/2741/85 958/2742/85 960/2743/74
f 1016/2161/68 1015/2174/68 1014/2168/68
f 958/2844/68 957/2845/68 1108/2846/68
f 1108/2846/68 945/2847/68 946/2744/68
f 946/2744/68 1107/2848/68 956/2849/68
f 946/2744/68 956/2849/68 955/2850/68
f 960/2851/68 958/2844/68 1108/2846/68
f 960/2851/68 1108/2846/68 946/2744/68
f 946/2744/68 955/2850/68 954/2745/68
f 959/2746/68 960/2851/68 946/2744/68
f 1107/2747/642 1109/2720/642 952/2740/642
f 1450/2748/305 1460/2768/643 1459/2749/643
f 1413/2751/300 1464/2786/300 1456/2752/300
f 1449/2750/301 1459/2749/301 1467/2754/301
f 1445/2756/304 1446/2852/307 1458/2757/317
f 1462/2759/60 1461/2853/60 1453/2760/60
f 1463/2762/60 1455/2790/60 1456/2763/60
f 1465/2765/60 1457/2758/60 1458/2757/60
f 1467/2767/60 1459/2749/60 1460/2768/60
f 1429/2770/286 1468/2788/286 1460/2771/286
f 1403/2773/317 1461/2782/317 1462/2774/317
f 1421/2776/320 1419/2781/320 1465/2777/320
f 1438/2779/291 1405/2775/291 1462/2774/291
f 1445/2756/289 1457/2758/289 1465/2777/289
f 1403/2773/302 1437/2787/302 1453/2760/302
f 1421/2776/303 1466/2778/303 1458/2783/303
f 1413/2751/643 1411/2792/643 1463/2785/643
f 1437/2787/309 1438/2854/308 1454/2761/320
f 1429/2770/316 1427/2755/316 1467/2754/316
f 1442/2789/310 1456/2763/316 1455/2790/316
f 1411/2792/285 1441/2791/285 1455/2790/285
f 1509/2793/320 1471/2855/320 1500/2794/320
f 1500/2794/320 1499/2808/320 1487/2795/320
f 1487/2795/647 1511/2856/648 1509/2793/58
f 1471/2857/58 1470/2858/58 1469/2796/58
f 1469/2796/58 1435/2859/58 1436/2860/58
f 1436/2860/58 1476/2861/58 1477/2797/58
f 1477/2797/58 1478/2862/58 1500/2798/58
f 1500/2798/58 1471/2857/58 1469/2796/58
f 1469/2796/58 1436/2860/58 1477/2797/58
f 1494/2810/60 1493/2863/60 1492/2799/60
f 1492/2799/60 1483/2864/60 1484/2865/60
f 1484/2865/60 1485/2866/60 1486/2800/60
f 1486/2800/60 1487/2867/60 1499/2801/60
f 1499/2801/60 1494/2810/60 1492/2799/60
f 1492/2799/60 1484/2865/60 1486/2800/60
f 1504/2802/644 1501/2806/644 1502/2803/644
f 1494/2805/299 1502/2803/643 1501/2806/643
f 1500/2794/645 1504/2802/645 1503/2804/645
f 1499/2801/58 1503/2868/58 1502/2809/58
f 1500/2798/60 1478/2862/60 1501/2811/60
