# Blender 5.2.2 LTS
# www.blender.org
mtllib Esquina7.mtl
o Holocron
o Esquina7
v -51.889076 10.345589 3.673698
v -50.654957 10.325594 4.819190
v -51.511147 10.337897 4.114329
v -51.087971 10.331120 4.502489
v -50.144466 10.320663 5.101000
v -52.246384 10.355297 3.117509
v -51.885075 10.457329 3.671936
v -50.650955 10.437334 4.817427
v -51.507141 10.449638 4.112566
v -51.083965 10.442863 4.500726
v -50.140465 10.432402 5.099236
v -52.242382 10.467037 3.115746
v -52.118916 10.414871 2.904315
v -51.732399 10.403961 3.529368
v -51.354713 10.396267 3.970230
v -52.041756 10.398954 3.816267
v -52.369850 10.407460 3.328940
v -50.349571 10.374466 5.219144
v -50.807709 10.378958 4.961823
v -51.663574 10.391266 4.256667
v -52.677670 10.417240 2.768660
v -50.498203 10.383970 4.674791
v -49.935364 10.378597 4.981093
v -50.931297 10.389495 4.358167
v -49.846889 10.370572 5.442252
v -51.240639 10.384487 4.645049
v -48.510403 10.471599 5.650123
v -52.908031 10.453690 5.668292
v -52.927528 10.539095 1.259881
v -53.150112 10.213301 5.666380
v -53.153683 5.811681 5.584197
v -53.169651 10.298866 1.249300
v -52.909676 10.209717 5.903593
v -48.490601 10.226126 5.891541
v -52.913235 5.808412 5.820640
v -50.844086 9.216112 5.734004
v -52.021645 8.012388 5.731771
v -51.294510 8.849826 5.734772
v -51.693665 8.436951 5.733932
v -52.316780 7.509480 5.727736
v -50.278683 9.558776 5.731023
v -50.838726 9.210092 5.845540
v -52.016285 8.006367 5.843307
v -51.289150 8.843804 5.846308
v -51.688305 8.430931 5.845468
v -52.311420 7.503458 5.839271
v -50.273323 9.552755 5.842557
v -50.067055 9.424835 5.781253
v -50.702068 9.054765 5.784855
v -51.152714 8.688734 5.785633
v -50.980747 9.371437 5.794685
v -50.484951 9.686699 5.792327
v -52.427647 7.716568 5.788918
v -52.158371 8.167786 5.792458
v -51.430943 9.004895 5.795445
v -49.916759 9.979791 5.788451
v -51.879562 7.850968 5.782621
v -52.200558 7.296370 5.778090
v -51.551655 8.275616 5.784783
v -52.663895 7.219934 5.784077
v -51.830318 8.592266 5.794613
v -53.055771 8.142193 4.645047
v -53.042694 9.351997 3.473804
v -53.059708 8.602076 4.290730
v -53.054813 9.012308 3.888890
v -53.026764 9.661589 2.967053
v -53.039711 7.568493 4.973254
v -53.165844 8.129415 4.630032
v -53.152767 9.339218 3.458791
v -53.169781 8.589296 4.275714
v -53.164886 8.999533 3.873876
v -53.136837 9.648811 2.952039
v -53.149784 7.555715 4.958239
v -53.064354 7.357955 4.830718
v -53.083797 8.001833 4.476815
v -53.087776 8.461932 4.122756
v -53.137817 8.269773 4.798264
v -53.125137 7.766253 5.100773
v -53.105053 9.761664 3.184155
v -53.124752 9.479639 3.627096
v -53.141708 8.729438 4.443686
v -53.104130 7.191288 5.379586
v -53.070705 9.211576 3.305499
v -53.058544 9.548733 2.734937
v -53.082844 8.871959 3.720666
v -53.078205 10.012173 2.695272
v -53.136860 9.139882 4.042099
v -51.302681 10.334368 4.316552
v -51.707111 10.341652 3.899199
v -50.872639 10.328205 4.669562
v -50.424629 10.323188 4.956936
v -49.785683 10.317739 5.266863
v -52.061321 10.349847 3.429738
v -52.463539 10.362627 2.697527
v -51.298676 10.446106 4.314787
v -51.703106 10.453393 3.897435
v -50.868637 10.439946 4.667799
v -50.420628 10.434928 4.955173
v -49.781681 10.429480 5.265100
v -52.057316 10.461586 3.427974
v -52.459538 10.474368 2.695764
v -51.908226 10.408371 3.276741
v -51.550583 10.400023 3.755011
v -52.210407 10.403061 3.580970
v -50.583923 10.376607 5.096510
v -51.859634 10.395020 4.041624
v -52.698666 10.426949 2.212414
v -50.261333 10.381508 4.815599
v -51.146156 10.392738 4.172368
v -52.398319 10.424754 2.338161
v -49.378021 10.370438 5.445679
v -52.524761 10.412239 3.055130
v -50.102036 10.372479 5.332965
v -50.715897 10.386580 4.525175
v -49.465328 10.374740 5.198998
v -51.455196 10.387735 4.458971
v -51.025379 10.381570 4.812190
v -50.827011 9.974700 5.843515
v -53.111324 8.175438 3.546340
v -52.674870 10.445522 3.592087
v -51.441875 8.779449 4.156262
v -50.709217 10.462645 5.659206
v -52.917778 10.496391 3.464086
v -50.718964 10.505346 3.455000
v -53.151897 8.012491 5.625288
v -53.159882 10.256083 3.457839
v -53.161667 8.055273 3.416748
v -50.700138 10.217920 5.897566
v -52.911453 8.009064 5.862116
v -50.701920 8.017267 5.856090
v -51.441475 8.747470 5.775589
v -51.449455 10.386248 4.195200
v -53.060921 8.776136 4.171905
v -50.846962 10.449816 3.580853
v -53.103382 8.140305 5.389691
v -52.670486 8.134246 5.817267
v -50.839062 10.414844 5.415534
v -53.111317 10.012657 3.580301
v -50.827007 8.137768 5.810248
v -51.502144 8.646719 5.734536
v -51.074295 9.040098 5.734590
v -51.866344 8.226071 5.733013
v -52.165401 7.785758 5.730125
v -52.492023 7.155182 5.724360
v -50.595676 9.381925 5.732956
v -49.853127 9.764903 5.727889
v -51.496784 8.640697 5.846069
v -51.068935 9.034077 5.846125
v -51.860989 8.220050 5.844548
v -52.160042 7.779736 5.841660
v -52.486664 7.149161 5.835896
v -50.590317 9.375904 5.844491
v -49.847767 9.758883 5.839424
v -50.444901 9.223940 5.783731
v -50.932419 8.878910 5.785446
v -50.741093 9.533888 5.793718
v -52.298893 7.947618 5.790874
v -51.210815 9.195264 5.795267
v -49.360138 9.986307 5.779818
v -52.026550 7.617877 5.780913
v -51.360268 8.485537 5.785393
v -49.493736 9.689379 5.776804
v -52.679646 6.751383 5.776181
v -50.207157 9.834408 5.790506
v -52.547939 7.472114 5.786598
v -51.724274 8.064662 5.783863
v -52.430748 6.832232 5.773661
v -51.638660 8.801881 5.795214
v -52.003059 8.381460 5.793695
v -53.058270 8.815115 4.093307
v -53.058846 8.376896 4.475097
v -53.049633 9.190767 3.682940
v -53.034336 9.502152 3.249906
v -53.021896 9.847458 2.590909
v -53.050163 7.889670 4.804431
v -53.022705 7.138273 5.168746
v -53.168343 8.802337 4.078291
v -53.168919 8.364117 4.460082
v -53.159706 9.177989 3.667924
v -53.144409 9.489374 3.234890
v -53.131969 9.834681 2.575896
v -53.160236 7.876893 4.789419
v -53.132778 7.125494 5.153734
v -53.077759 7.740487 4.639349
v -53.086899 8.236670 4.307024
v -53.132645 8.026077 4.954504
v -53.115925 9.626349 3.411174
v -53.140865 8.504342 4.628151
v -53.056908 6.636600 5.373467
v -53.062820 9.365176 3.073622
v -53.086323 8.674896 3.925241
v -53.040195 6.778758 5.080998
v -53.073788 10.043533 2.151614
v -53.115284 7.485013 5.241479
v -53.092182 9.888960 2.943608
v -53.077648 9.050356 3.514643
v -53.061684 9.793179 2.223197
v -53.140289 8.942558 4.246356
v -53.131691 9.318401 3.836221
v -52.060654 10.346662 3.832886
v -52.058857 10.342840 3.831152
v -52.060947 10.345184 3.833132
v -52.060707 10.343939 3.832887
v -52.059975 10.343116 3.832194
v -51.257725 10.328374 4.659917
v -51.259537 10.332197 4.661666
v -51.258846 10.328650 4.660964
v -51.259586 10.329473 4.661664
v -51.259827 10.330718 4.661911
v -51.719311 10.348337 3.516257
v -51.717258 10.352341 3.514424
v -51.718170 10.348659 3.515206
v -51.717381 10.349531 3.514488
v -51.717060 10.350823 3.514214
v -50.916161 10.337875 4.343224
v -50.918221 10.333870 4.345063
v -50.915962 10.336359 4.343012
v -50.916286 10.335064 4.343288
v -50.917076 10.334192 4.344007
v -51.682476 10.338970 4.273286
v -51.680679 10.335154 4.271554
v -51.682766 10.337494 4.273531
v -51.682529 10.336250 4.273289
v -51.681793 10.335428 4.272593
v -51.339577 10.344643 3.955287
v -51.341621 10.340641 3.957112
v -51.339378 10.343128 3.955075
v -51.339699 10.341836 3.955348
v -51.340485 10.340963 3.956063
v -50.483070 10.332355 4.659851
v -50.485161 10.328342 4.661719
v -50.482872 10.330835 4.659642
v -50.483200 10.329540 4.659924
v -50.484005 10.328665 4.660654
v -50.824753 10.322845 4.976657
v -50.826599 10.326681 4.978438
v -50.825890 10.323122 4.977717
v -50.826641 10.323948 4.978427
v -50.826889 10.325198 4.978682
v -49.920231 10.326987 4.966155
v -49.923313 10.322979 4.967569
v -49.920109 10.325467 4.965910
v -49.920650 10.324173 4.966094
v -49.921780 10.323298 4.966677
v -50.365623 10.318346 5.234434
v -50.368454 10.322212 5.235752
v -50.367142 10.318626 5.235319
v -50.368210 10.319460 5.235880
v -50.368671 10.320718 5.236032
v -48.898460 10.318716 5.434296
v -48.911148 10.314798 5.429265
v -48.897945 10.318728 5.432401
v -48.901314 10.317194 5.433621
v -48.904728 10.315916 5.432429
v -48.897137 10.318977 5.434189
v -48.899097 10.317369 5.433360
v -48.901321 10.316113 5.432377
v -48.899841 10.316517 5.432220
v -48.907883 10.315104 5.429150
v -48.904228 10.315958 5.429705
v -48.908180 10.315075 5.430901
v -48.904293 10.315515 5.430950
v -48.901108 10.316132 5.431222
v -48.896862 10.318984 5.433164
v -48.900742 10.317229 5.430847
v -48.898827 10.317384 5.432055
v -48.897789 10.317469 5.432978
v -49.865761 10.318347 5.458848
v -49.866989 10.314480 5.455834
v -49.866291 10.316845 5.459002
v -49.866711 10.315582 5.458485
v -49.866955 10.314753 5.457372
v -52.388744 10.355181 3.345554
v -52.387615 10.351365 3.342749
v -52.389091 10.353700 3.345719
v -52.388996 10.352455 3.345244
v -52.388477 10.351635 3.344201
v -52.105206 10.359227 2.892354
v -52.103779 10.363253 2.889372
v -52.104305 10.359556 2.890862
v -52.103718 10.360435 2.889772
v -52.103531 10.361734 2.889249
v -52.693710 10.361088 2.785779
v -52.696552 10.364986 2.785266
v -52.695229 10.361380 2.785964
v -52.696304 10.362224 2.785932
v -52.696770 10.363489 2.785686
v -52.704514 10.384979 1.645630
v -52.702702 10.384974 1.645104
v -52.699020 10.380757 1.658874
v -52.704445 10.385223 1.644307
v -52.703728 10.383399 1.648621
v -52.703537 10.383591 1.646368
v -52.703209 10.383700 1.645031
v -52.702377 10.382717 1.647162
v -52.701023 10.383400 1.648015
v -52.699734 10.382050 1.651654
v -52.703465 10.385221 1.644022
v -52.702271 10.383593 1.646080
v -52.701344 10.382299 1.648466
v -52.700752 10.381117 1.655788
v -52.702408 10.382044 1.652187
v -52.699032 10.381121 1.655467
v -52.700947 10.381626 1.651764
v -52.702473 10.382298 1.648694
v -52.018257 10.455173 3.795449
v -52.022858 10.451252 3.799647
v -52.019588 10.454860 3.796679
v -52.020931 10.454004 3.797908
v -52.022079 10.452737 3.798950
v -51.221741 10.436784 4.628429
v -51.217125 10.440706 4.624217
v -51.220959 10.438271 4.627733
v -51.219810 10.439536 4.626687
v -51.218460 10.440393 4.625452
v -51.747532 10.455587 3.544311
v -51.751904 10.459484 3.548435
v -51.748219 10.457096 3.544974
v -51.749294 10.458365 3.545992
v -51.750587 10.459205 3.547207
v -50.950809 10.445018 4.377236
v -50.946434 10.441118 4.373107
v -50.949490 10.444738 4.376008
v -50.948196 10.443897 4.374791
v -50.947121 10.442627 4.373774
v -51.640079 10.447486 4.235851
v -51.644676 10.443569 4.240046
v -51.641411 10.447172 4.237081
v -51.642750 10.446318 4.238308
v -51.643898 10.445051 4.239349
v -51.374214 10.451790 3.989287
v -51.369850 10.447891 3.985172
v -51.372898 10.451509 3.988063
v -51.371609 10.450670 3.986851
v -51.370537 10.449400 3.985837
v -50.517754 10.439491 4.693895
v -50.513336 10.435586 4.689733
v -50.516418 10.439211 4.692653
v -50.515110 10.438370 4.691425
v -50.514030 10.437096 4.690400
v -50.788815 10.431241 4.945210
v -50.784153 10.435179 4.940955
v -50.788029 10.432732 4.944508
v -50.786865 10.434004 4.943452
v -50.785503 10.434862 4.942204
v -49.956161 10.434132 4.999613
v -49.950493 10.430208 4.996032
v -49.954350 10.433846 4.998595
v -49.952637 10.433000 4.997556
v -49.951283 10.431722 4.996655
v -50.330685 10.426730 5.202537
v -50.324768 10.430676 5.198862
v -50.329803 10.428227 5.201876
v -50.328369 10.429502 5.200945
v -50.326599 10.430363 5.199888
v -48.928684 10.421900 5.463839
v -48.928211 10.421945 5.462277
v -48.947006 10.425974 5.459951
v -48.927372 10.422155 5.463854
v -48.932835 10.423433 5.463789
v -48.930569 10.423497 5.463687
v -48.929199 10.423523 5.463434
v -48.932114 10.424292 5.462995
v -48.932442 10.423487 5.461353
v -48.937500 10.424793 5.460588
v -48.930382 10.423523 5.462547
v -48.933842 10.424625 5.462153
v -48.942749 10.425638 5.461685
v -48.937771 10.424747 5.463031
v -48.942616 10.425669 5.460094
v -48.937946 10.425192 5.461885
v -48.933960 10.424603 5.463189
v -49.826447 10.426812 5.420146
v -49.828011 10.422810 5.425652
v -49.826611 10.426484 5.421870
v -49.826965 10.425608 5.423522
v -49.827457 10.424318 5.424850
v -52.347183 10.463703 3.306773
v -52.350956 10.459747 3.312325
v -52.348198 10.463379 3.308519
v -52.349270 10.462514 3.310187
v -52.350239 10.461237 3.311523
v -52.134048 10.466496 2.919256
v -52.137634 10.470369 2.924822
v -52.134678 10.468002 2.920032
v -52.135582 10.469267 2.921361
v -52.136620 10.470099 2.923044
v -52.658779 10.469505 2.752049
v -52.653152 10.473421 2.750060
v -52.657921 10.470999 2.751518
v -52.656548 10.472267 2.750953
v -52.654877 10.473118 2.750442
v -52.734474 10.488192 1.675474
v -52.730083 10.491850 1.694216
v -52.732971 10.488213 1.674988
v -52.734314 10.489641 1.679760
v -52.733425 10.490847 1.684826
v -52.734520 10.488429 1.674160
v -52.734280 10.489725 1.677448
v -52.733692 10.490772 1.680923
v -52.733551 10.490484 1.679027
v -52.730350 10.491627 1.689743
v -52.730991 10.490856 1.684517
v -52.731937 10.491623 1.689903
v -52.732277 10.491269 1.684989
v -52.732666 10.490776 1.680789
v -52.731915 10.489656 1.679337
v -52.733154 10.489733 1.677243
v -52.734070 10.489763 1.676046
v -52.662704 10.454059 5.427571
v -52.666985 10.454119 5.423337
v -52.671516 10.458210 5.432220
v -52.664337 10.454061 5.427257
v -52.665726 10.454073 5.426342
v -52.664658 10.455673 5.427958
v -52.665680 10.455620 5.427643
v -52.667011 10.456491 5.427671
v -52.667324 10.455712 5.425291
v -52.668304 10.457050 5.427665
v -52.666653 10.454093 5.424965
v -52.667000 10.455639 5.426323
v -52.669426 10.457923 5.430473
v -52.667015 10.457031 5.428977
v -52.668377 10.457478 5.429052
v -53.146889 6.307342 5.355998
v -53.146900 6.306147 5.352958
v -53.151196 6.293629 5.360328
v -53.146889 6.305945 5.355741
v -53.148521 6.304348 5.356296
v -53.148525 6.303305 5.355350
v -53.146896 6.305298 5.354096
v -53.149944 6.300692 5.357205
v -53.150852 6.296532 5.359337
v -53.150372 6.299274 5.357826
v -49.027096 10.470800 5.405302
v -49.014275 10.475011 5.409842
v -49.025795 10.470915 5.402233
v -49.024288 10.472434 5.405657
v -49.025711 10.471060 5.405065
v -49.022453 10.473333 5.405857
v -49.017014 10.474703 5.408907
v -49.020164 10.473816 5.407134
v -49.025009 10.471121 5.403404
v -49.023399 10.472525 5.404973
v -52.682755 10.523901 1.762496
v -52.679752 10.523937 1.761244
v -52.687439 10.528449 1.748811
v -52.682529 10.523932 1.761095
v -52.682919 10.525543 1.759075
v -52.683315 10.526453 1.757461
v -52.680908 10.523951 1.760417
v -52.685654 10.528051 1.752132
v -52.684780 10.527531 1.754472
v -48.988300 9.983629 5.883969
v -48.987064 9.980619 5.883894
v -48.974693 9.988735 5.888256
v -48.986900 9.983399 5.883913
v -48.985306 9.984175 5.885589
v -48.984245 9.983279 5.885560
v -48.986233 9.981771 5.883872
v -48.977940 9.986937 5.887908
v -48.981670 9.985325 5.886997
v -48.980270 9.986032 5.887426
v -53.146870 9.973263 5.423759
v -53.151112 9.982012 5.428473
v -53.146889 9.977606 5.419580
v -53.148499 9.975199 5.424150
v -53.149876 9.977540 5.425179
v -53.146873 9.974899 5.423467
v -53.148441 9.976231 5.423848
v -53.149319 9.977566 5.423882
v -53.149883 9.978862 5.423882
v -53.150795 9.979932 5.426700
v -53.150330 9.978910 5.425268
v -53.146881 9.977249 5.421205
v -53.146873 9.976299 5.422568
v -53.148510 9.977915 5.421514
v -53.148449 9.977576 5.422544
v -53.162735 10.047705 1.741397
v -53.167065 10.052605 1.727795
v -53.162743 10.044723 1.740098
v -53.164379 10.048115 1.738445
v -53.162743 10.047503 1.739993
v -53.165211 10.048349 1.736346
v -53.166721 10.050765 1.731081
v -53.166241 10.049864 1.733382
v -53.162746 10.045889 1.739290
v -53.164383 10.047245 1.737309
v -52.666016 9.970440 5.894011
v -52.674809 9.974903 5.898385
v -52.670277 9.966164 5.893942
v -52.667934 9.970753 5.895654
v -52.670277 9.971710 5.897060
v -52.667645 9.970110 5.894011
v -52.668968 9.970431 5.895595
v -52.670300 9.970422 5.896474
v -52.673065 9.972796 5.898014
v -52.671593 9.970396 5.897039
v -52.671658 9.971766 5.897520
v -52.669949 9.967796 5.893972
v -52.669025 9.969181 5.893998
v -52.670612 9.968067 5.895610
v -52.670296 9.969102 5.895574
v -52.670273 6.300873 5.824645
v -52.674904 6.287197 5.828668
v -52.667263 6.299626 5.824613
v -52.670044 6.299472 5.824618
v -52.670418 6.297428 5.826154
v -52.671124 6.295201 5.827374
v -52.673882 6.290020 5.828392
v -52.672276 6.292788 5.827966
v -52.668415 6.298798 5.824604
v -53.167629 10.549742 0.770926
v -53.168785 10.546357 0.768320
v -53.172234 10.545128 0.770810
v -53.167118 10.549515 0.769830
v -53.167156 10.548792 0.768953
v -53.169395 10.549397 0.770916
v -53.169174 10.549040 0.768961
v -53.169144 10.548459 0.767684
v -53.170116 10.545303 0.768394
v -53.171238 10.544699 0.768892
v -53.167744 10.547684 0.768420
v -53.169533 10.547102 0.767751
v -53.170891 10.546706 0.767658
v -53.171886 10.546900 0.770853
v -53.170891 10.548399 0.770890
v -53.171982 10.544637 0.769740
v -53.171494 10.546715 0.768917
v -53.170734 10.548283 0.768518
v -48.006535 10.463505 5.894825
v -48.004105 10.464699 5.891363
v -48.006611 10.468187 5.890363
v -48.005486 10.462994 5.894548
v -48.004654 10.463039 5.893795
v -48.006554 10.465267 5.894514
v -48.004635 10.465052 5.894101
v -48.003387 10.465025 5.893486
v -48.004166 10.466045 5.890369
v -48.004665 10.467182 5.889831
v -48.004169 10.463639 5.892675
v -48.003490 10.465435 5.892138
v -48.003395 10.466799 5.891788
v -48.006596 10.467800 5.892097
v -48.006573 10.466776 5.893556
v -48.005524 10.467934 5.889829
v -48.004654 10.467406 5.891850
v -48.004215 10.466618 5.893375
v -53.144554 10.449168 5.904373
v -53.149113 10.444595 5.904285
v -53.144543 10.444531 5.908802
v -53.146297 10.448821 5.904370
v -53.147778 10.447829 5.904353
v -53.144554 10.448795 5.906095
v -53.146233 10.448286 5.906027
v -53.147579 10.447608 5.905973
v -53.147167 10.447184 5.906940
v -53.148762 10.444569 5.906020
v -53.147770 10.444547 5.907485
v -53.148766 10.446346 5.904325
v -53.148254 10.446256 5.905992
v -53.147575 10.446192 5.907327
v -53.144547 10.446284 5.908492
v -53.144550 10.447781 5.907542
v -53.146286 10.444533 5.908463
v -53.146225 10.446226 5.907995
v -53.146187 10.447588 5.907350
v -53.156170 5.329734 5.808064
v -53.152748 5.327289 5.809096
v -53.151566 5.329630 5.812612
v -53.155930 5.328691 5.807519
v -53.155197 5.327859 5.807523
v -53.155830 5.329699 5.809812
v -53.155441 5.327796 5.809541
v -53.154839 5.326561 5.809471
v -53.154266 5.326600 5.810641
v -53.151699 5.327339 5.810428
v -53.151104 5.327802 5.811563
v -53.154079 5.327366 5.808077
v -53.153484 5.326664 5.809846
v -53.153088 5.326537 5.811200
v -53.153336 5.329642 5.812274
v -53.154835 5.329668 5.811289
v -53.151054 5.328607 5.812331
v -53.153118 5.327754 5.811833
v -49.003944 10.367456 5.403356
v -49.002632 10.367462 5.400293
v -49.008919 10.363277 5.399053
v -49.002560 10.367691 5.403119
v -49.005081 10.365833 5.403009
v -49.003315 10.365998 5.402644
v -49.002197 10.366096 5.402114
v -49.003181 10.365097 5.401607
v -49.003544 10.365870 5.399460
v -49.005058 10.364512 5.398932
v -49.001846 10.367697 5.401462
v -49.002586 10.366014 5.400959
v -49.003597 10.364691 5.400602
v -49.007774 10.363572 5.400681
v -49.006428 10.364470 5.402071
v -49.006947 10.363604 5.398787
v -49.005432 10.364039 5.400572
v -49.004185 10.364674 5.401943
v -52.662704 10.367064 5.425912
v -52.662724 10.362883 5.421573
v -52.666985 10.367144 5.421679
v -52.662708 10.365438 5.425559
v -52.662712 10.364074 5.424609
v -52.664337 10.367069 5.425600
v -52.664383 10.365404 5.425178
v -52.665173 10.364635 5.424080
v -52.664356 10.363207 5.421588
v -52.665737 10.364132 5.421615
v -52.662720 10.363176 5.423209
v -52.664391 10.363567 5.423265
v -52.666656 10.367113 5.423307
v -52.665726 10.367086 5.424684
v -52.666664 10.365513 5.421647
v -52.666264 10.365441 5.423315
v -52.682755 10.436926 1.760839
v -52.678467 10.432552 1.766752
v -52.679745 10.436951 1.759574
v -52.682423 10.435269 1.762185
v -52.681492 10.433857 1.763782
v -52.682529 10.436953 1.759436
v -52.682076 10.435360 1.760490
v -52.681396 10.434078 1.761602
v -52.681080 10.434481 1.760563
v -52.678299 10.432917 1.764628
v -52.678486 10.433881 1.762519
v -52.680103 10.432901 1.765386
v -52.680050 10.433420 1.762994
v -52.680111 10.434090 1.761062
v -52.680901 10.436966 1.758752
v -52.678993 10.435297 1.760745
v -52.680447 10.435372 1.759807
v -52.681572 10.435421 1.759410
v -53.059879 9.973269 5.423387
v -53.059895 9.977612 5.419206
v -53.055637 9.973351 5.419107
v -53.059879 9.974905 5.423091
v -53.059883 9.976306 5.422194
v -53.058250 9.973277 5.423057
v -53.058208 9.974955 5.422695
v -53.058296 9.976092 5.421968
v -53.058266 9.977285 5.419191
v -53.056885 9.976362 5.419168
v -53.059891 9.977255 5.420831
v -53.058220 9.976864 5.420856
v -53.057095 9.976116 5.420753
v -53.055954 9.973319 5.420740
v -53.056870 9.973293 5.422125
v -53.055962 9.974982 5.419139
v -53.056343 9.974991 5.420814
v -53.057091 9.974884 5.421939
v -53.059898 6.307348 5.355622
v -53.055656 6.313431 5.351455
v -53.059910 6.306152 5.352582
v -53.058270 6.308274 5.355117
v -53.056889 6.309756 5.354148
v -53.059898 6.305490 5.355549
v -53.057106 6.307764 5.354190
v -53.057446 6.306821 5.354064
v -53.055977 6.311109 5.351699
v -53.056900 6.308909 5.351998
v -53.055973 6.311566 5.352860
v -53.056362 6.309122 5.353155
v -53.059906 6.304842 5.353904
v -53.059898 6.304608 5.354946
v -53.058281 6.307169 5.352310
v -53.058315 6.305696 5.354510
v -53.075745 10.047710 1.741023
v -53.075748 10.044729 1.739724
v -53.071457 10.043336 1.746975
v -53.075752 10.047508 1.739619
v -53.074108 10.047361 1.742399
v -53.074173 10.047037 1.740695
v -53.074219 10.046551 1.739606
v -53.073296 10.046042 1.740772
v -53.074116 10.043955 1.740914
v -53.072723 10.043420 1.742711
v -53.075752 10.045896 1.738915
v -53.074177 10.045422 1.739990
v -53.072910 10.045067 1.741266
v -53.071789 10.044992 1.745619
v -53.072720 10.046406 1.744011
v -53.071793 10.043201 1.744838
v -53.072269 10.044975 1.743213
v -53.072910 10.046343 1.741822
v -48.987286 9.972799 5.789062
v -48.993294 9.968056 5.784784
v -48.986053 9.969785 5.789018
v -48.988667 9.972290 5.787444
v -48.990295 9.971210 5.786061
v -48.985886 9.972567 5.789011
v -48.986965 9.971941 5.787468
v -48.988098 9.971128 5.786224
v -48.987045 9.970856 5.786590
v -48.991127 9.967953 5.785096
v -48.988991 9.968246 5.786008
v -48.991917 9.969723 5.785129
v -48.989494 9.969730 5.785585
v -48.987541 9.969862 5.786201
v -48.985218 9.970936 5.788988
v -48.987209 9.968890 5.787385
v -48.986275 9.970324 5.787442
v -48.985882 9.971439 5.787488
v -52.666439 9.971931 5.807024
v -52.670700 9.967670 5.806972
v -52.666458 9.967745 5.802691
v -52.668068 9.971607 5.807026
v -52.669453 9.970682 5.807017
v -52.666447 9.971636 5.805387
v -52.668118 9.971243 5.805347
v -52.669243 9.970494 5.805427
v -52.670383 9.967699 5.805339
v -52.669464 9.967724 5.803953
v -52.670376 9.969301 5.806999
v -52.669991 9.969370 5.805326
v -52.669250 9.969306 5.804195
v -52.666458 9.969370 5.803043
v -52.666454 9.970736 5.803989
v -52.668087 9.967739 5.803022
v -52.668129 9.969403 5.803443
v -52.668037 9.970516 5.804212
v -52.670696 6.302278 5.743512
v -52.667679 6.301024 5.743474
v -52.666458 6.308350 5.739336
v -52.669811 6.300146 5.743471
v -52.670380 6.303681 5.741902
v -52.670025 6.301988 5.741930
v -52.669514 6.300909 5.741950
v -52.669033 6.302094 5.741049
v -52.666939 6.302255 5.741860
v -52.666451 6.304077 5.740509
v -52.668388 6.301309 5.741910
v -52.668068 6.302608 5.740671
v -52.668087 6.306966 5.739644
v -52.669464 6.305328 5.740544
v -52.666279 6.306218 5.739622
v -52.668018 6.304563 5.740071
v -52.669357 6.303144 5.740685
v -50.998585 9.391678 5.743307
v -50.997028 9.389906 5.739398
v -50.998875 9.392002 5.741840
v -50.998676 9.391780 5.740583
v -50.998032 9.391043 5.739727
v -51.846584 8.610719 5.739326
v -51.848160 8.612509 5.743235
v -51.847591 8.611863 5.739655
v -51.848244 8.612606 5.740511
v -51.848442 8.612832 5.741771
v -50.691158 9.042334 5.728611
v -50.689247 9.040165 5.732512
v -50.690125 9.041162 5.728877
v -50.689400 9.040337 5.729712
v -50.689091 9.039988 5.730989
v -51.538834 8.261016 5.732443
v -51.540752 8.263188 5.728539
v -51.538681 8.260839 5.730917
v -51.538990 8.261189 5.729640
v -51.539715 8.262014 5.728805
v -51.448788 9.025138 5.744061
v -51.447227 9.023367 5.740160
v -51.449074 9.025463 5.742599
v -51.448875 9.025239 5.741343
v -51.448231 9.024504 5.740487
v -51.139893 8.674135 5.733287
v -51.141796 8.676294 5.729383
v -51.139740 8.673956 5.731762
v -51.140045 8.674304 5.730485
v -51.140770 8.675125 5.729650
v -51.866745 7.836370 5.730287
v -51.868690 7.838579 5.726377
v -51.866589 7.836196 5.728757
v -51.866905 7.836555 5.727479
v -51.867641 7.837390 5.726643
v -52.174603 8.186195 5.737167
v -52.176205 8.188020 5.741093
v -52.175621 8.187356 5.737499
v -52.176285 8.188109 5.738359
v -52.176491 8.188343 5.739623
v -52.187740 7.281773 5.725760
v -52.189205 7.284962 5.721854
v -52.187550 7.281672 5.724228
v -52.187759 7.282240 5.722950
v -52.188343 7.283396 5.722116
v -52.444363 7.733997 5.733619
v -52.445477 7.736794 5.737574
v -52.445198 7.735530 5.733953
v -52.445702 7.736601 5.734824
v -52.445801 7.737044 5.736094
v -52.682590 6.272678 5.716055
v -52.677361 6.285299 5.712185
v -52.680710 6.272118 5.715997
v -52.681889 6.275539 5.714561
v -52.680653 6.278943 5.713302
v -52.681683 6.273314 5.714690
v -52.680683 6.275535 5.713439
v -52.680553 6.274044 5.713813
v -52.677319 6.282030 5.712431
v -52.677940 6.278375 5.713243
v -52.679062 6.282371 5.712468
v -52.679195 6.278477 5.712842
v -52.679535 6.275292 5.713415
v -52.682121 6.270778 5.716362
v -52.679131 6.274896 5.714494
v -52.680386 6.273008 5.714657
v -52.681332 6.271995 5.714755
v -52.681709 7.240148 5.732761
v -52.678795 7.241366 5.728817
v -52.681900 7.240707 5.731276
v -52.681416 7.241137 5.730002
v -52.680325 7.241366 5.729138
v -50.502789 9.706933 5.740961
v -50.500137 9.705799 5.737033
v -50.502991 9.707308 5.739491
v -50.502560 9.707223 5.738228
v -50.501560 9.706694 5.737367
v -50.057308 9.411812 5.725018
v -50.054234 9.410236 5.728915
v -50.055832 9.410866 5.725279
v -50.054729 9.410235 5.726112
v -50.054169 9.410013 5.727389
v -49.935303 9.997257 5.733180
v -49.934586 10.000017 5.737105
v -49.935436 9.998777 5.733504
v -49.935349 9.999834 5.734365
v -49.935051 10.000270 5.735629
v -48.795097 9.978324 5.718934
v -48.794621 9.976501 5.718881
v -48.808617 9.973250 5.715068
v -48.793213 9.977835 5.719193
v -48.798161 9.977644 5.717443
v -48.795906 9.977394 5.717556
v -48.794579 9.977029 5.717616
v -48.796761 9.976269 5.716691
v -48.797626 9.974925 5.717379
v -48.801338 9.973755 5.716127
v -48.795654 9.976120 5.717525
v -48.798103 9.975276 5.716299
v -48.805473 9.974897 5.715352
v -48.801804 9.976440 5.716186
v -48.805199 9.973166 5.715315
v -48.801434 9.974977 5.715730
v -48.798302 9.976413 5.716322
v -50.958702 9.346424 5.849771
v -50.962906 9.351196 5.846072
v -50.959904 9.347791 5.849522
v -50.961128 9.349177 5.848731
v -50.962181 9.350374 5.847517
v -51.812477 8.572028 5.845995
v -51.808258 8.567236 5.849699
v -51.811749 8.571203 5.847445
v -51.810696 8.570004 5.848657
v -51.809467 8.568610 5.849449
v -50.714890 9.069367 5.837201
v -50.718765 9.073775 5.841309
v -50.715485 9.070045 5.838739
v -50.716431 9.071120 5.840064
v -50.717583 9.072431 5.840962
v -51.568356 8.294628 5.841237
v -51.564476 8.290215 5.837127
v -51.567173 8.293282 5.840891
v -51.566017 8.291971 5.839991
v -51.565071 8.290894 5.838667
v -51.408901 8.979884 5.850533
v -51.413101 8.984655 5.846835
v -51.410107 8.981251 5.850283
v -51.411324 8.982638 5.849492
v -51.412376 8.983832 5.848280
v -51.169403 8.707733 5.842083
v -51.165535 8.703335 5.837976
v -51.168224 8.706392 5.841740
v -51.167072 8.705086 5.840837
v -51.166130 8.704012 5.839517
v -51.896294 7.870018 5.839076
v -51.892380 7.865566 5.834959
v -51.895100 7.868659 5.838728
v -51.893932 7.867334 5.837824
v -51.892979 7.866250 5.836502
v -52.140533 8.147552 5.843828
v -52.136272 8.142714 5.847539
v -52.139801 8.146723 5.845281
v -52.138737 8.145514 5.846497
v -52.137497 8.144105 5.847291
v -52.216675 7.316652 5.834555
v -52.213375 7.310966 5.830420
v -52.215714 7.314819 5.834204
v -52.214748 7.313096 5.833293
v -52.213928 7.311741 5.831965
v -52.409817 7.696342 5.840268
v -52.406170 7.690266 5.843987
v -52.409134 7.695415 5.841725
v -52.408199 7.693934 5.842946
v -52.407158 7.692128 5.843740
v -52.707890 6.301826 5.820664
v -52.706341 6.301310 5.820651
v -52.703392 6.319965 5.824914
v -52.707653 6.299949 5.820979
v -52.707680 6.305944 5.822267
v -52.707638 6.303678 5.822289
v -52.707417 6.302301 5.822282
v -52.706879 6.305186 5.823084
v -52.705257 6.305488 5.822230
v -52.704315 6.310500 5.823596
v -52.706501 6.303457 5.822271
v -52.705982 6.306887 5.823419
v -52.705246 6.315762 5.824565
v -52.706749 6.310836 5.823636
v -52.703659 6.315584 5.824540
v -52.705585 6.310975 5.824047
v -52.707012 6.307033 5.823433
v -52.640480 7.197937 5.839190
v -52.646072 7.199716 5.835400
v -52.642212 7.198152 5.838923
v -52.643879 7.198565 5.838109
v -52.645237 7.199113 5.836873
v -50.461536 9.662481 5.847403
v -50.467113 9.666462 5.843699
v -50.463264 9.663544 5.847156
v -50.464931 9.664675 5.846364
v -50.466282 9.665699 5.845150
v -50.079876 9.439437 5.833596
v -50.085213 9.443096 5.837717
v -50.080582 9.440058 5.835137
v -50.081844 9.440971 5.836462
v -50.083469 9.442038 5.837368
v -49.898930 9.959562 5.839801
v -49.896957 9.953817 5.843553
v -49.898369 9.958662 5.841262
v -49.897800 9.957254 5.842488
v -49.897305 9.955553 5.843293
v -48.820705 10.007217 5.823579
v -48.839428 10.003247 5.827793
v -48.820259 10.005700 5.823558
v -48.824947 10.007143 5.825171
v -48.829994 10.006360 5.826530
v -48.822636 10.007046 5.825178
v -48.826088 10.006531 5.826329
v -48.824207 10.006345 5.825975
v -48.834957 10.003401 5.827423
v -48.829746 10.003922 5.826488
v -48.835079 10.004993 5.827452
v -48.830170 10.005212 5.826938
v -48.825977 10.005499 5.826312
v -48.819141 10.006405 5.823763
v -48.824585 10.004730 5.825131
v -48.822456 10.005917 5.825159
v -48.821239 10.006798 5.825163
v -53.089554 8.290476 4.822953
v -53.085419 8.289241 4.821462
v -53.088142 8.290852 4.823400
v -53.086861 8.290751 4.823274
v -53.085903 8.290184 4.822594
v -53.084454 9.159334 4.065277
v -53.088596 9.160583 4.066783
v -53.084942 9.160284 4.066414
v -53.085899 9.160853 4.067101
v -53.087185 9.160958 4.067232
v -53.026127 7.995161 4.468648
v -53.029705 7.993051 4.466126
v -53.026230 7.994147 4.467433
v -53.026943 7.993391 4.466527
v -53.028164 7.993003 4.466070
v -53.028748 8.863173 3.709980
v -53.025173 8.865296 3.712516
v -53.027206 8.863129 3.709924
v -53.025990 8.863518 3.710385
v -53.025272 8.864278 3.711296
v -53.093445 8.750143 4.468379
v -53.089310 8.748908 4.466887
v -53.092033 8.750519 4.468823
v -53.090752 8.750416 4.468699
v -53.089798 8.749850 4.468019
v -53.033684 8.453147 4.112071
v -53.030106 8.455254 4.114584
v -53.032143 8.453100 4.112010
v -53.030922 8.453485 4.112469
v -53.030209 8.454241 4.113371
v -53.016617 9.202792 3.294812
v -53.013046 9.204950 3.297391
v -53.015076 9.202749 3.294759
v -53.013855 9.203145 3.295229
v -53.013142 9.203917 3.296154
v -53.072342 9.499056 3.650234
v -53.076508 9.500332 3.651773
v -53.072830 9.500018 3.651387
v -53.073799 9.500597 3.652086
v -53.075089 9.500708 3.652220
v -53.004456 9.539948 2.724252
v -53.000809 9.541561 2.727987
v -53.002911 9.539865 2.724287
v -53.001671 9.540142 2.725008
v -53.000935 9.540737 2.726308
v -53.052727 9.781654 3.206197
v -53.056839 9.782345 3.208818
v -53.053188 9.782395 3.207768
v -53.054131 9.782786 3.208820
v -53.055412 9.782769 3.209188
v -53.015217 10.065969 1.601593
v -53.011150 10.060627 1.616554
v -53.015232 10.064326 1.601162
v -53.013710 10.065294 1.604961
v -53.012405 10.064041 1.608986
v -53.015411 10.065916 1.600270
v -53.013824 10.065155 1.602664
v -53.012558 10.064182 1.605330
v -53.012932 10.064089 1.603703
v -53.011414 10.060705 1.612885
v -53.012280 10.061434 1.608672
v -53.011509 10.062404 1.613058
v -53.011909 10.062658 1.608764
v -53.012508 10.063079 1.605195
v -53.013618 10.062706 1.604555
v -53.013783 10.063943 1.602469
v -53.013885 10.064863 1.601310
v -53.030033 10.032835 2.719913
v -53.026745 10.030175 2.721370
v -53.028656 10.033115 2.720601
v -53.027550 10.032707 2.721117
v -53.026878 10.031677 2.721388
v -53.076881 7.786949 5.125455
v -53.072701 7.784610 5.124577
v -53.075466 7.787241 5.125953
v -53.074173 7.786901 5.125958
v -53.073204 7.785977 5.125475
v -53.006729 7.352458 4.821989
v -53.010265 7.349171 4.820033
v -53.006813 7.350995 4.820990
v -53.007515 7.349854 4.820267
v -53.008728 7.349214 4.819932
v -53.051826 7.213037 5.401835
v -53.055897 7.211976 5.404255
v -53.052280 7.213106 5.403327
v -53.053207 7.212928 5.404313
v -53.054482 7.212531 5.404637
v -52.955997 6.077514 5.356863
v -52.955769 6.077093 5.355039
v -52.952709 6.091412 5.352437
v -52.956093 6.076177 5.356711
v -52.954678 6.080688 5.356378
v -52.954613 6.078441 5.356067
v -52.954548 6.077120 5.355666
v -52.953724 6.079384 5.355033
v -52.954361 6.080235 5.353662
v -52.953289 6.084059 5.352684
v -52.955971 6.075950 5.355723
v -52.954464 6.078226 5.354794
v -52.953350 6.080779 5.354107
v -52.952896 6.088211 5.353981
v -52.953590 6.084445 5.355366
v -52.952709 6.087984 5.352253
v -52.952995 6.084147 5.353936
v -52.953476 6.080943 5.355244
v -53.189102 8.244766 4.768421
v -53.186085 8.249072 4.773573
v -53.189041 8.245944 4.769833
v -53.188450 8.247175 4.771307
v -53.187412 8.248274 4.772622
v -53.185123 9.119183 4.017411
v -53.188141 9.114861 4.012237
v -53.186447 9.118382 4.016457
v -53.187489 9.117280 4.015138
v -53.188084 9.116043 4.013656
v -53.137894 8.010620 4.487501
v -53.142593 8.014078 4.491663
v -53.139519 8.011089 4.488068
v -53.140984 8.011911 4.489058
v -53.142059 8.012961 4.490321
v -53.141640 8.884213 3.735527
v -53.136936 8.880743 3.731353
v -53.141106 8.883092 3.734180
v -53.140026 8.882038 3.732914
v -53.138561 8.881214 3.731921
v -53.192993 8.704434 4.413846
v -53.189980 8.708735 4.418996
v -53.192936 8.705611 4.415257
v -53.192345 8.706841 4.416730
v -53.191303 8.707939 4.418046
v -53.146568 8.474170 4.137598
v -53.141872 8.470717 4.133442
v -53.146042 8.473055 4.136259
v -53.144962 8.472007 4.134997
v -53.143497 8.471186 4.134009
v -53.129509 9.223869 3.320405
v -53.124798 9.220360 3.316184
v -53.128975 9.222733 3.319040
v -53.127892 9.221666 3.317759
v -53.126427 9.220835 3.316756
v -53.172997 9.458947 3.602417
v -53.176025 9.454582 3.597192
v -53.174332 9.458141 3.601457
v -53.175373 9.457029 3.600126
v -53.175968 9.455780 3.598628
v -53.117249 9.560326 2.751288
v -53.112633 9.557516 2.745623
v -53.116753 9.559458 2.749371
v -53.115700 9.558619 2.747621
v -53.114254 9.557938 2.746305
v -53.153271 9.740986 3.159491
v -53.156433 9.737335 3.152884
v -53.154625 9.740230 3.158421
v -53.155701 9.739272 3.156789
v -53.156334 9.738255 3.154845
v -53.123589 10.083309 1.622977
v -53.123405 10.081894 1.622532
v -53.127483 10.077961 1.642968
v -53.123745 10.083090 1.621104
v -53.125122 10.082857 1.627461
v -53.125114 10.082867 1.625071
v -53.125084 10.082690 1.623631
v -53.125877 10.082006 1.626767
v -53.124950 10.080501 1.627182
v -53.126270 10.079262 1.632699
v -53.125034 10.081764 1.624933
v -53.126175 10.081038 1.628671
v -53.127232 10.079964 1.638280
v -53.126404 10.081682 1.632835
v -53.127159 10.078371 1.638242
v -53.126770 10.080476 1.633101
v -53.126232 10.082061 1.628731
v -53.130611 9.985731 2.668385
v -53.126385 9.991510 2.670629
v -53.130116 9.987460 2.668669
v -53.129139 9.989166 2.669194
v -53.127831 9.990588 2.669883
v -53.176376 7.739855 5.071692
v -53.173393 7.745554 5.076087
v -53.176334 7.741566 5.072813
v -53.175755 7.743249 5.074040
v -53.174721 7.744648 5.075191
v -53.118446 7.366741 4.841403
v -53.123203 7.371679 4.844851
v -53.120079 7.367321 4.841918
v -53.121552 7.368464 4.842752
v -53.122650 7.369996 4.843781
v -53.152370 7.170598 5.354908
v -53.155514 7.168544 5.348836
v -53.153713 7.169968 5.353881
v -53.154781 7.169355 5.352366
v -53.155415 7.168858 5.350595
v -53.064114 6.095059 5.377932
v -53.069313 6.113567 5.374084
v -53.063946 6.094663 5.376410
v -53.065990 6.099185 5.377831
v -53.067635 6.104149 5.377064
v -53.065826 6.096880 5.377677
v -53.067173 6.100262 5.377154
v -53.066677 6.098413 5.376955
v -53.068642 6.109128 5.374163
v -53.067387 6.103975 5.374631
v -53.068802 6.109200 5.375749
v -53.067963 6.104332 5.375892
v -53.067070 6.100184 5.376125
v -53.064220 6.093185 5.377589
v -53.065735 6.098897 5.375422
v -53.065708 6.096740 5.376551
v -53.065693 6.095497 5.377398
v -48.982605 9.984804 5.886703
v -53.149654 6.301630 5.356736
v -51.472294 10.331621 4.473852
v -51.474094 10.335442 4.475590
v -51.473412 10.331898 4.474894
v -51.474148 10.332719 4.475590
v -51.474388 10.333963 4.475834
v -51.537491 10.344398 3.741894
v -51.535446 10.348400 3.740068
v -51.536354 10.344720 3.740845
v -51.535568 10.345592 3.740129
v -51.535248 10.346885 3.739856
v -51.876740 10.338906 4.056511
v -51.878532 10.342726 4.058242
v -51.877853 10.339182 4.057550
v -51.878586 10.340004 4.058245
v -51.878826 10.341249 4.058487
v -51.133068 10.337112 4.159255
v -51.131020 10.341117 4.157425
v -51.131931 10.337435 4.158204
v -51.131142 10.338308 4.157486
v -51.130821 10.339600 4.157214
v -50.702835 10.330955 4.512084
v -50.700764 10.334963 4.510233
v -50.701683 10.331276 4.511025
v -50.700890 10.332151 4.510302
v -50.700565 10.333446 4.510024
v -51.042446 10.325457 4.827042
v -51.044273 10.329285 4.828805
v -51.043575 10.325732 4.828094
v -51.044319 10.326557 4.828800
v -51.044567 10.327805 4.829050
v -50.600834 10.320494 5.111389
v -50.602814 10.324342 5.113121
v -50.602024 10.320771 5.112431
v -50.602818 10.321600 5.113128
v -50.603096 10.322853 5.113369
v -50.248425 10.325884 4.802483
v -50.246201 10.329897 4.800662
v -50.247219 10.326205 4.801435
v -50.246372 10.327080 4.800721
v -50.246014 10.328377 4.800448
v -49.389072 10.314638 5.442551
v -49.379875 10.318706 5.446496
v -49.385597 10.314926 5.444079
v -49.382629 10.315802 5.445366
v -49.380619 10.317127 5.446216
v -50.115932 10.316342 5.349219
v -50.120914 10.320239 5.349568
v -50.118275 10.316629 5.349736
v -50.120045 10.317472 5.349983
v -50.120972 10.318739 5.349925
v -49.455418 10.319139 5.184505
v -49.450195 10.323132 5.184061
v -49.453064 10.319452 5.183982
v -49.451244 10.320320 5.183715
v -49.450237 10.321613 5.183743
v -51.895061 10.352743 3.263777
v -51.893093 10.356750 3.261798
v -51.893955 10.353065 3.262670
v -51.893188 10.353941 3.261904
v -51.892887 10.355233 3.261599
v -52.227596 10.346950 3.595716
v -52.229305 10.350775 3.597588
v -52.228680 10.347224 3.596810
v -52.229385 10.348049 3.597550
v -52.229603 10.349296 3.597824
v -52.696365 10.370927 2.222080
v -52.700520 10.375231 2.213229
v -52.698002 10.371300 2.218714
v -52.699364 10.372251 2.215850
v -52.700249 10.373631 2.213923
v -52.383442 10.369067 2.328609
v -52.383183 10.373135 2.323220
v -52.382988 10.369411 2.326195
v -52.382778 10.370306 2.324325
v -52.382847 10.371614 2.323280
v -52.543716 10.356182 3.066800
v -52.543652 10.359972 3.071741
v -52.544125 10.356438 3.069070
v -52.544250 10.357247 3.070807
v -52.544086 10.358488 3.071744
v -51.436295 10.440035 4.442350
v -51.431694 10.443954 4.438149
v -51.435516 10.441519 4.441654
v -51.434372 10.442784 4.440610
v -51.433025 10.443640 4.439381
v -51.565720 10.451649 3.769953
v -51.570084 10.455546 3.774070
v -51.566406 10.453156 3.770617
v -51.567478 10.454425 3.771634
v -51.568768 10.455266 3.772846
v -51.840733 10.447323 4.025002
v -51.836140 10.451240 4.020810
v -51.839954 10.448805 4.024306
v -51.838810 10.450071 4.023265
v -51.837471 10.450926 4.022038
v -51.161293 10.444361 4.187311
v -51.165661 10.448261 4.191430
v -51.161980 10.445869 4.187974
v -51.163052 10.447140 4.188991
v -51.164345 10.447979 4.190204
v -50.731030 10.438202 4.540115
v -50.735424 10.442102 4.544261
v -50.731720 10.439710 4.540782
v -50.732800 10.440982 4.541804
v -50.734100 10.441822 4.543025
v -51.006481 10.433861 4.795571
v -51.001846 10.437790 4.791338
v -51.005699 10.435347 4.794871
v -51.004543 10.436617 4.793821
v -51.003189 10.437474 4.792581
v -50.565033 10.428883 5.079897
v -50.560200 10.432826 5.075703
v -50.564236 10.430374 5.079199
v -50.563034 10.431650 5.078156
v -50.561619 10.432510 5.076929
v -50.276466 10.433123 4.830540
v -50.281048 10.437033 4.834641
v -50.277172 10.434635 4.831203
v -50.278290 10.435909 4.832214
v -50.279652 10.436750 4.833423
v -49.376167 10.422153 5.444863
v -49.386742 10.426392 5.440048
v -49.376926 10.423748 5.444477
v -49.379204 10.425116 5.443426
v -49.382648 10.426044 5.441871
v -50.083153 10.424730 5.316361
v -50.074497 10.428667 5.313910
v -50.082062 10.426229 5.315794
v -50.080032 10.427505 5.315127
v -50.077377 10.428361 5.314466
v -49.480457 10.426352 5.213936
v -49.488838 10.430296 5.216288
v -49.481453 10.427866 5.214468
v -49.483395 10.429150 5.215100
v -49.485989 10.430002 5.215740
v -51.923363 10.459995 3.291683
v -51.927631 10.463891 3.295992
v -51.924046 10.461503 3.292362
v -51.925095 10.462772 3.293419
v -51.926353 10.463611 3.294694
v -52.191509 10.455355 3.564353
v -52.187019 10.459284 3.559977
v -52.190739 10.456842 3.563643
v -52.189613 10.458111 3.562561
v -52.188309 10.458969 3.561274
v -52.696812 10.478651 2.211599
v -52.691647 10.482641 2.221780
v -52.696373 10.480232 2.212352
v -52.695236 10.481546 2.214551
v -52.693577 10.482393 2.217863
v -52.413452 10.476376 2.353102
v -52.415588 10.480200 2.361659
v -52.413971 10.477879 2.354105
v -52.414558 10.479134 2.356084
v -52.415127 10.479950 2.358736
v -52.505867 10.464517 3.038517
v -52.503551 10.468528 3.030353
v -52.505260 10.466015 3.037518
v -52.504608 10.467302 3.035614
v -52.504005 10.468186 3.033098
v -52.717834 10.436592 1.660047
v -52.719498 10.436584 1.660554
v -52.719421 10.436607 1.659172
v -48.913078 10.370337 5.447340
v -48.913574 10.370306 5.449072
v -48.912182 10.370308 5.448950
v -50.575642 10.458677 5.897378
v -50.575520 10.454031 5.901814
v -50.574852 10.458301 5.899102
v -50.574554 10.457285 5.900549
v -50.574787 10.455786 5.901504
v -53.152641 7.887123 5.856186
v -53.148067 7.887050 5.860709
v -53.152298 7.886370 5.857910
v -53.151306 7.886090 5.859373
v -53.149822 7.886329 5.860354
v -50.578423 7.895998 5.850231
v -50.579086 7.896579 5.853721
v -50.577934 7.895493 5.851552
v -50.578297 7.895806 5.853441
v -53.160675 10.494875 3.337511
v -53.156105 10.499455 3.337605
v -53.160332 10.496647 3.336802
v -53.159340 10.498138 3.336570
v -53.157860 10.499125 3.336854
v -50.586441 10.505527 3.329846
v -50.587242 10.508966 3.330565
v -50.585968 10.506866 3.329385
v -50.586403 10.508726 3.329775
v -53.160767 7.936823 3.288709
v -53.164204 7.937449 3.289468
v -53.162098 7.936347 3.288227
v -53.163956 7.936686 3.288639
v -50.844810 10.462429 5.416437
v -50.842800 10.466611 5.421020
v -50.844818 10.464052 5.416810
v -50.844437 10.465418 5.417812
v -50.843727 10.466316 5.419291
v -52.679466 10.493329 3.590559
v -52.674870 10.489012 3.592917
v -52.677708 10.492983 3.591486
v -52.676216 10.492041 3.592260
v -52.675220 10.490644 3.592762
v -50.850697 10.501728 3.579443
v -50.852715 10.497416 3.581756
v -50.851627 10.501378 3.580352
v -50.852337 10.500436 3.581111
v -50.852718 10.499044 3.581604
v -53.146881 8.140302 5.389880
v -53.151154 8.137863 5.394392
v -53.148510 8.140116 5.390229
v -53.149899 8.139587 5.391208
v -53.150826 8.138796 5.392671
v -53.154812 10.012655 3.580488
v -53.159088 10.017294 3.578168
v -53.156445 10.013008 3.580317
v -53.157829 10.014015 3.579816
v -53.158760 10.015519 3.579062
v -53.159134 8.173103 3.544029
v -53.154819 8.175434 3.546528
v -53.158791 8.173994 3.544991
v -53.157848 8.174751 3.545804
v -53.156456 8.175257 3.546344
v -50.824760 9.981808 5.893319
v -50.827156 9.977024 5.888981
v -50.825680 9.980044 5.892963
v -50.826462 9.978516 5.892015
v -50.826981 9.977454 5.890615
v -52.674843 8.131079 5.863526
v -52.670277 8.133520 5.859293
v -52.673088 8.131990 5.863212
v -52.671604 8.132774 5.862298
v -52.670616 8.133310 5.860921
v -50.824753 8.137961 5.858460
v -50.827156 8.140107 5.854249
v -50.825676 8.138852 5.858153
v -50.826458 8.139572 5.857245
v -50.826977 8.140014 5.855875
v -50.834946 10.363081 5.410306
v -50.833313 10.367260 5.414634
v -50.834160 10.363376 5.411939
v -50.833576 10.364273 5.413332
v -50.833279 10.365637 5.414279
v -52.674870 10.402035 3.591259
v -52.670601 10.397736 3.593281
v -52.674545 10.400401 3.591387
v -52.673618 10.399011 3.591817
v -52.672234 10.398073 3.592483
v -50.841209 10.402218 3.579952
v -50.843697 10.397915 3.582901
v -50.841244 10.400589 3.580153
v -50.841724 10.399199 3.580783
v -50.842587 10.398261 3.581748
v -53.055645 8.142513 5.385266
v -53.059887 8.140308 5.389504
v -53.055962 8.141670 5.386881
v -53.056881 8.140955 5.388257
v -53.058258 8.140476 5.389176
v -53.063553 10.008361 3.582154
v -53.067822 10.012661 3.580114
v -53.063881 10.010006 3.581367
v -53.064804 10.011402 3.580702
v -53.066189 10.012333 3.580262
v -53.067829 8.175439 3.546153
v -53.063557 8.178391 3.549209
v -53.066200 8.175664 3.546380
v -53.064816 8.176305 3.547040
v -53.063885 8.177262 3.548034
v -50.826866 9.972378 5.798050
v -50.828987 9.967901 5.793735
v -50.827023 9.971972 5.796419
v -50.827480 9.970978 5.795022
v -50.828171 9.969547 5.794082
v -52.670696 8.134974 5.775239
v -52.666458 8.137171 5.770998
v -52.670383 8.135164 5.773612
v -52.669464 8.135648 5.772233
v -52.668087 8.136353 5.771316
v -50.826862 8.135429 5.766252
v -50.829868 8.138210 5.762061
v -50.827087 8.135572 5.764627
v -50.827736 8.136151 5.763259
v -50.828712 8.137077 5.762359
v -52.662704 10.410561 5.426744
v -52.666985 10.410632 5.422510
v -52.664337 10.410563 5.426428
v -52.665726 10.410578 5.425514
v -52.666653 10.410602 5.424138
v -52.679749 10.480443 1.760409
v -52.682755 10.480413 1.761667
v -52.680904 10.480457 1.759584
v -52.682529 10.480440 1.760265
v -53.103394 6.307344 5.355810
v -53.103405 6.306149 5.352770
v -53.103394 6.305946 5.355554
v -53.103401 6.305301 5.353908
v -53.119240 10.047708 1.741210
v -53.119247 10.044725 1.739911
v -53.119247 10.047505 1.739805
v -53.119247 10.045893 1.739102
v -52.670486 9.966917 5.850458
v -52.666225 9.971186 5.850519
v -52.670162 9.968548 5.850485
v -52.669239 9.969933 5.850506
v -52.667858 9.970858 5.850519
v -48.986561 9.975203 5.836456
v -48.987797 9.978215 5.836515
v -48.985725 9.976358 5.836473
v -48.986393 9.977989 5.836506
v -49.015518 10.419126 5.404327
v -49.014214 10.419187 5.401263
v -49.014080 10.419134 5.404087
v -49.013329 10.419149 5.403419
v -53.103394 9.977608 5.419393
v -53.103374 9.973269 5.423573
v -53.103386 9.977254 5.421018
v -53.103378 9.976303 5.422380
v -53.103374 9.974904 5.423279
v -52.667469 6.300325 5.784043
v -52.670486 6.301575 5.784078
v -52.668625 6.299499 5.784032
v -52.670254 6.300175 5.784050
v -51.654938 8.820345 5.739924
v -51.656502 8.822123 5.743830
v -51.655941 8.821484 5.740253
v -51.656590 8.822222 5.741112
v -51.656788 8.822447 5.742368
v -50.921501 8.866472 5.729198
v -50.919598 8.864311 5.733100
v -50.920471 8.865303 5.729465
v -50.919746 8.864482 5.730299
v -50.919441 8.864134 5.731575
v -51.227104 9.213737 5.739981
v -51.228657 9.215508 5.743884
v -51.228104 9.214874 5.740307
v -51.228748 9.215609 5.741165
v -51.228947 9.215831 5.742421
v -51.349358 8.473100 5.729146
v -51.347450 8.470938 5.733050
v -51.348324 8.471930 5.729414
v -51.347603 8.471108 5.730247
v -51.347294 8.470760 5.731524
v -51.713383 8.052252 5.727615
v -51.711452 8.050064 5.731524
v -51.712341 8.051072 5.727881
v -51.711609 8.050241 5.728719
v -51.711296 8.049887 5.729998
v -52.019310 8.399893 5.738410
v -52.020897 8.401698 5.742322
v -52.020325 8.401043 5.738739
v -52.020985 8.401792 5.739600
v -52.021183 8.402021 5.740859
v -52.315174 7.965889 5.735581
v -52.316727 7.967847 5.739518
v -52.316174 7.967102 5.735914
v -52.316822 7.967898 5.736779
v -52.317017 7.968162 5.738042
v -52.015625 7.605620 5.724669
v -52.013733 7.603279 5.728580
v -52.014603 7.604382 5.724936
v -52.013882 7.603500 5.725770
v -52.013577 7.603115 5.727053
v -52.678078 6.763338 5.720501
v -52.682125 6.754170 5.724543
v -52.679688 6.759900 5.720783
v -52.681023 6.756949 5.721650
v -52.681877 6.754939 5.722970
v -52.565670 7.487411 5.731277
v -52.565762 7.492333 5.735268
v -52.566116 7.489760 5.731623
v -52.566288 7.491521 5.732502
v -52.566162 7.492424 5.733780
v -52.418369 6.822937 5.717444
v -52.417931 6.817636 5.721333
v -52.417900 6.820567 5.717700
v -52.417652 6.818726 5.718529
v -52.417664 6.817697 5.719804
v -50.434139 9.211432 5.727486
v -50.432079 9.209339 5.731389
v -50.433048 9.210288 5.727752
v -50.432278 9.209490 5.728586
v -50.431934 9.209156 5.729864
v -50.757233 9.552439 5.738431
v -50.758930 9.554126 5.742344
v -50.758289 9.553543 5.738760
v -50.758980 9.554253 5.739620
v -50.759209 9.554457 5.740879
v -49.371712 9.985249 5.724121
v -49.362617 9.989096 5.728196
v -49.368294 9.986788 5.724410
v -49.365364 9.988060 5.725286
v -49.363373 9.988871 5.726614
v -49.486431 9.675247 5.720584
v -49.480919 9.674778 5.724464
v -49.484020 9.674725 5.720841
v -49.482124 9.674452 5.721669
v -49.481037 9.674470 5.722941
v -50.220177 9.854647 5.735198
v -50.224991 9.854638 5.739151
v -50.222427 9.855106 5.735538
v -50.224129 9.855267 5.736406
v -50.225029 9.855101 5.737676
v -51.620819 8.781638 5.846600
v -51.616611 8.776862 5.850296
v -51.620094 8.780815 5.848044
v -51.619041 8.779619 5.849257
v -51.617817 8.778231 5.850048
v -50.945236 8.893511 5.837790
v -50.949108 8.897909 5.841897
v -50.945831 8.894188 5.839331
v -50.946777 8.895262 5.840652
v -50.947926 8.896568 5.841554
v -51.192974 9.175021 5.846653
v -51.188774 9.170253 5.850350
v -51.192249 9.174201 5.848101
v -51.191196 9.173004 5.849309
v -51.189980 9.171619 5.850101
v -51.373089 8.500137 5.837737
v -51.376961 8.504539 5.841845
v -51.373684 8.500814 5.839278
v -51.374630 8.501890 5.840600
v -51.375782 8.503197 5.841501
v -51.737091 8.079264 5.836203
v -51.740986 8.083692 5.840313
v -51.737686 8.079942 5.837745
v -51.738640 8.081023 5.839067
v -51.739796 8.082339 5.839971
v -51.985222 8.361223 5.845076
v -51.980988 8.356411 5.848782
v -51.984493 8.360396 5.846525
v -51.983433 8.359191 5.847739
v -51.982201 8.357792 5.848529
v -52.281059 7.927384 5.842236
v -52.276863 7.922378 5.845954
v -52.280334 7.926542 5.843689
v -52.279282 7.925294 5.844910
v -52.278061 7.923831 5.845705
v -52.039368 7.632473 5.833248
v -52.043213 7.637091 5.837368
v -52.039963 7.633170 5.834793
v -52.040901 7.634292 5.836118
v -52.042046 7.635667 5.837021
v -52.677162 6.748598 5.827799
v -52.671936 6.758965 5.832053
v -52.676704 6.749318 5.829393
v -52.675549 6.751543 5.830764
v -52.673874 6.754930 5.831697
v -52.530113 7.451890 5.837934
v -52.527760 7.443107 5.841640
v -52.529526 7.450758 5.839396
v -52.528870 7.448690 5.840616
v -52.528252 7.446004 5.841403
v -52.443565 6.846828 5.825986
v -52.445560 6.855193 5.830151
v -52.444019 6.847809 5.827538
v -52.444557 6.849743 5.828873
v -52.445099 6.852336 5.829791
v -50.457722 9.238542 5.836071
v -50.461784 9.242851 5.840180
v -50.458328 9.239213 5.837614
v -50.459316 9.240268 5.838934
v -50.460529 9.241545 5.839838
v -50.723251 9.513649 5.845098
v -50.718868 9.508980 5.848803
v -50.722515 9.512835 5.846547
v -50.721420 9.511659 5.847760
v -50.720142 9.510305 5.848552
v -49.357658 9.983524 5.831425
v -49.367832 9.978549 5.835667
v -49.358372 9.983076 5.833024
v -49.360554 9.981972 5.834391
v -49.363876 9.980385 5.835320
v -49.506557 9.703978 5.829143
v -49.514923 9.706264 5.833290
v -49.507496 9.704494 5.830687
v -49.509415 9.705111 5.832017
v -49.512024 9.705731 5.832931
v -50.189323 9.814177 5.841870
v -50.181095 9.811581 5.845565
v -50.188290 9.813517 5.843325
v -50.186363 9.812792 5.844536
v -50.183838 9.812113 5.845324
v -48.807442 9.991100 5.771220
v -48.807903 9.992775 5.771256
v -48.806526 9.992662 5.771233
v -52.693523 6.286713 5.768322
v -52.695244 6.287255 5.768360
v -52.695160 6.285859 5.768332
v -53.087887 8.962021 4.269548
v -53.092022 8.963261 4.271047
v -53.088371 8.962965 4.270682
v -53.089329 8.963533 4.271367
v -53.090611 8.963635 4.271492
v -53.029228 8.229992 4.298853
v -53.032806 8.227885 4.296340
v -53.029327 8.228980 4.297642
v -53.030045 8.228226 4.296738
v -53.031265 8.227840 4.296278
v -53.088467 8.523813 4.651352
v -53.092598 8.525045 4.652843
v -53.088951 8.524755 4.652483
v -53.089909 8.525318 4.653162
v -53.091187 8.525421 4.653288
v -53.028652 8.668222 3.917077
v -53.032230 8.666111 3.914555
v -53.028751 8.667208 3.915860
v -53.029469 8.666451 3.914954
v -53.030689 8.666066 3.914495
v -53.019985 9.043709 3.506511
v -53.023560 9.041571 3.503958
v -53.020081 9.042685 3.505284
v -53.020798 9.041918 3.504367
v -53.022018 9.041528 3.503901
v -53.079285 9.337840 3.859380
v -53.083439 9.339100 3.860903
v -53.079773 9.338793 3.860527
v -53.080734 9.339369 3.861217
v -53.082020 9.339475 3.861350
v -53.063522 9.645828 3.434156
v -53.067696 9.647036 3.435843
v -53.064014 9.646765 3.435369
v -53.064976 9.647324 3.436115
v -53.066269 9.647418 3.436281
v -53.005154 9.358493 3.065675
v -53.008732 9.356393 3.062937
v -53.005253 9.357484 3.064377
v -53.005966 9.356730 3.063400
v -53.007191 9.356346 3.062895
v -53.018822 10.045395 2.168777
v -53.022774 10.049456 2.158572
v -53.019100 10.047091 2.165040
v -53.019951 10.048458 2.161788
v -53.021240 10.049290 2.159518
v -53.040016 9.910070 2.963438
v -53.043987 9.909632 2.968261
v -53.040417 9.910383 2.965856
v -53.041313 9.910408 2.967621
v -53.042564 9.910145 2.968466
v -53.003792 9.784895 2.218676
v -53.007595 9.784393 2.212512
v -53.003975 9.784495 2.216065
v -53.004765 9.784262 2.213979
v -53.006035 9.784225 2.212730
v -53.020092 7.733963 4.631110
v -53.023663 7.731701 4.628663
v -53.020191 7.732891 4.629921
v -53.020905 7.732087 4.629041
v -53.022125 7.731668 4.628599
v -53.080238 8.045402 4.977778
v -53.084381 8.046778 4.979187
v -53.080727 8.046399 4.978879
v -53.081684 8.047009 4.979536
v -53.082970 8.047144 4.979642
v -53.002247 6.651978 5.377126
v -53.005959 6.642517 5.380416
v -53.002415 6.648502 5.378557
v -53.003178 6.645484 5.379683
v -53.004425 6.643384 5.380338
v -52.982674 6.775726 5.071225
v -52.986107 6.769973 5.070313
v -52.982716 6.773318 5.070624
v -52.983383 6.771379 5.070241
v -52.984573 6.770205 5.070134
v -53.062771 7.501174 5.266366
v -53.067039 7.505704 5.266159
v -53.063301 7.503380 5.266850
v -53.064301 7.505017 5.266982
v -53.065613 7.505833 5.266737
v -53.188553 8.921856 4.221669
v -53.191570 8.917547 4.216508
v -53.189880 8.921059 4.220716
v -53.190918 8.919960 4.219398
v -53.191513 8.918726 4.217924
v -53.140995 8.245455 4.317710
v -53.145691 8.248910 4.321867
v -53.142620 8.245924 4.318277
v -53.144085 8.246746 4.319268
v -53.145164 8.247795 4.320528
v -53.189137 8.483639 4.603462
v -53.192150 8.479339 4.598311
v -53.190460 8.482842 4.602509
v -53.191498 8.481745 4.601198
v -53.192093 8.480515 4.599721
v -53.140419 8.683681 3.935928
v -53.145119 8.687140 3.940088
v -53.142044 8.684150 3.936495
v -53.143509 8.684972 3.937484
v -53.144588 8.686022 3.938745
v -53.131741 9.059141 3.525330
v -53.136448 9.062627 3.529522
v -53.133369 9.059611 3.525898
v -53.134834 9.060441 3.526896
v -53.135918 9.061499 3.528168
v -53.179947 9.297705 3.811537
v -53.182968 9.293362 3.806340
v -53.181274 9.296901 3.810579
v -53.182316 9.295794 3.809254
v -53.182911 9.294552 3.807765
v -53.164158 9.605663 3.386501
v -53.167210 9.601376 3.381079
v -53.165497 9.604861 3.385521
v -53.166550 9.603765 3.384149
v -53.167149 9.602541 3.382589
v -53.116913 9.373961 3.084307
v -53.121616 9.377390 3.088723
v -53.118538 9.374428 3.084894
v -53.120007 9.375245 3.085939
v -53.121086 9.376284 3.087285
v -53.124783 10.037613 2.144659
v -53.128906 10.031852 2.155396
v -53.126335 10.037031 2.145307
v -53.127666 10.035731 2.147574
v -53.128567 10.033913 2.151118
v -53.140381 9.868288 2.918952
v -53.143761 9.866024 2.909616
v -53.141758 9.867637 2.917671
v -53.142879 9.866978 2.915447
v -53.143585 9.866410 2.912619
v -53.115772 9.801964 2.233882
v -53.120193 9.803376 2.242582
v -53.117378 9.802279 2.234796
v -53.118782 9.802656 2.236769
v -53.119774 9.803042 2.239504
v -53.131847 7.749271 4.650033
v -53.136559 7.752921 4.654099
v -53.133476 7.749756 4.650595
v -53.134941 7.750618 4.651564
v -53.136024 7.751730 4.652793
v -53.180908 8.005377 4.929813
v -53.183922 8.000887 4.924758
v -53.182236 8.004564 4.928867
v -53.183273 8.003427 4.927576
v -53.183865 8.002136 4.926133
v -53.107834 6.630690 5.366521
v -53.112385 6.640694 5.361471
v -53.109440 6.631303 5.365965
v -53.110867 6.633422 5.364810
v -53.111900 6.636718 5.363233
v -53.094284 6.787541 5.091684
v -53.099174 6.795540 5.093832
v -53.095928 6.788355 5.092100
v -53.097435 6.790163 5.092651
v -53.098572 6.792685 5.093263
v -53.163536 7.464315 5.216800
v -53.166431 7.455935 5.213718
v -53.164856 7.463206 5.216002
v -53.165871 7.461225 5.215137
v -53.166424 7.458671 5.214334
v -53.009857 6.085877 5.365726
v -53.010056 6.086289 5.367402
v -53.009926 6.084917 5.367259
v -53.069321 10.073112 1.611847
v -53.069405 10.074642 1.612288
v -53.069386 10.074604 1.610927
v -52.671585 6.294253 5.827572
v -49.021587 10.473709 5.406314
v -52.683784 10.526902 1.756554
v -53.165634 10.048832 1.735425
vn -0.0814 -0.9960 0.0370
vn -0.0000 -0.9998 -0.0175
vn -0.0776 -0.9961 0.0415
vn -0.7097 0.3431 0.6153
vn -0.6435 0.4331 0.6312
vn -0.6799 0.4337 0.5913
vn 0.0682 -0.9942 -0.0833
vn -0.0000 -0.9998 -0.0174
vn 0.6097 0.2849 -0.7397
vn 0.5494 0.3769 -0.7457
vn 0.5678 0.2830 -0.7730
vn -0.0573 -0.9964 0.0616
vn -0.0612 -0.9964 0.0581
vn -0.7445 0.3427 0.5730
vn -0.7135 0.4329 0.5509
vn 0.7696 0.2843 -0.5718
vn 0.7884 0.3728 -0.4893
vn 0.7441 0.3777 -0.5510
vn 0.6904 0.2866 -0.6642
vn 0.6278 0.3806 -0.6790
vn 0.6495 0.2857 -0.7047
vn -0.0658 -0.9963 0.0551
vn -0.0694 -0.9963 0.0498
vn 0.0644 -0.9941 -0.0877
vn 0.5030 0.3731 -0.7796
vn 0.5191 0.2797 -0.8076
vn -0.4613 0.3240 0.8260
vn -0.4880 0.4196 0.7654
vn -0.5088 0.3289 0.7955
vn -0.5538 0.3344 0.7626
vn -0.5695 0.4288 0.7013
vn -0.5945 0.3378 0.7297
vn 0.4510 0.3676 -0.8133
vn 0.4651 0.2749 -0.8415
vn 0.4095 0.3624 -0.8372
vn 0.4213 0.2713 -0.8654
vn -0.3841 0.3140 0.8683
vn -0.4001 0.4057 0.8218
vn -0.4166 0.3174 0.8519
vn -0.0531 -0.9964 0.0662
vn 0.3900 0.3597 -0.8477
vn 0.4014 0.2691 -0.8755
vn 0.6255 0.3834 -0.6795
vn 0.5195 0.1041 -0.8481
vn -0.1741 0.2541 0.9514
vn -0.3693 0.4001 0.8388
vn -0.0442 -0.9962 0.0749
vn -0.0484 -0.9964 0.0698
vn -0.7765 0.3411 0.5298
vn -0.7448 0.4310 0.5094
vn -0.8039 0.3401 0.4879
vn -0.7720 0.4282 0.4697
vn 0.8523 0.2750 -0.4450
vn 0.8419 0.3625 -0.3997
vn 0.8251 0.3664 -0.4301
vn 0.0717 -0.9943 -0.0792
vn -0.8213 0.3396 0.4583
vn -0.7898 0.4258 0.4415
vn -0.9268 0.2944 0.2331
vn -0.8901 0.3910 0.2344
vn 0.8687 0.2724 -0.4136
vn 0.6782 0.3836 -0.6269
vn 0.0797 -0.9945 -0.0682
vn -0.6152 0.5054 0.6051
vn -0.6502 0.5057 0.5670
vn -0.0000 0.9998 0.0175
vn -0.0484 0.9953 0.0840
vn 0.5895 0.3793 -0.7131
vn 0.5281 0.4572 -0.7156
vn 0.0451 0.9976 -0.0523
vn 0.0412 0.9976 -0.0564
vn -0.6826 0.5043 0.5289
vn -0.7128 0.5026 0.4893
vn 0.6673 0.3809 -0.6400
vn 0.6786 0.4593 -0.5732
vn 0.6414 0.4602 -0.6138
vn 0.6036 0.4598 -0.6513
vn 0.7058 0.3800 -0.5979
vn 0.7158 0.4569 -0.5282
vn -0.6062 0.4313 0.6681
vn -0.5307 0.4248 0.7334
vn -0.5446 0.5016 0.6722
vn -0.5079 0.4973 0.7033
vn 0.4345 0.4463 -0.7823
vn 0.0491 0.9976 -0.0494
vn -0.4430 0.4130 0.7957
vn -0.4676 0.4917 0.7345
vn -0.4249 0.4854 0.7641
vn 0.3763 0.4366 -0.8172
vn 0.0001 0.9998 0.0174
vn 0.0384 0.9975 -0.0599
vn -0.3846 0.4774 0.7900
vn -0.1776 0.3509 0.9194
vn -0.3557 0.4711 0.8072
vn 0.5719 0.5410 -0.6166
vn -0.0648 0.9957 0.0665
vn 0.7587 0.4524 -0.4687
vn 0.7949 0.4454 -0.4119
vn -0.7391 0.4995 0.4519
vn -0.7568 0.4964 0.4253
vn -0.0000 0.9998 0.0174
vn -0.0721 0.9956 0.0598
vn -0.0682 0.9957 0.0629
vn 0.8129 0.4381 -0.3837
vn 0.6127 0.5471 -0.5703
vn -0.8537 0.4633 0.2377
vn 0.7306 0.2854 -0.6203
vn -0.9977 -0.0648 0.0201
vn -0.9979 0.0366 0.0535
vn -0.9881 0.1359 0.0721
vn 0.0620 0.9974 -0.0359
vn 0.0650 0.9974 -0.0312
vn 0.5672 0.4583 -0.6843
vn 0.0586 0.9975 -0.0394
vn 0.0855 -0.9943 -0.0634
vn -0.0738 -0.9962 0.0455
vn 0.0740 0.9970 -0.0226
vn 0.0103 -0.0857 0.9963
vn 0.0473 -0.2576 0.9651
vn -0.0236 0.0167 0.9996
vn -0.0023 -0.1130 0.9936
vn -0.0423 0.1174 0.9922
vn -0.0447 0.9952 0.0875
vn -0.6326 0.3408 0.6954
vn -0.0617 0.9956 0.0705
vn -0.5799 0.5035 0.6405
vn -0.0956 -0.9953 -0.0169
vn 0.0903 -0.9940 -0.0615
vn -0.1068 -0.9942 0.0123
vn -0.0896 -0.9955 0.0309
vn -0.0901 0.9950 0.0441
vn -0.0753 0.9955 0.0584
vn 0.0781 0.9967 -0.0207
vn -0.0953 0.9952 0.0243
vn -0.0001 -0.9998 -0.0174
vn -0.0417 -0.9960 0.0785
vn 0.0563 -0.9940 -0.0941
vn 0.4840 0.4523 -0.7491
vn -0.0353 0.9945 0.0990
vn 0.0001 0.9998 0.0173
vn 0.0604 -0.9941 -0.0905
vn 0.0522 -0.9938 -0.0977
vn 0.0557 0.9975 -0.0434
vn 0.8151 0.2805 -0.5069
vn -0.0066 0.1218 -0.9925
vn 0.0920 0.0190 -0.9956
vn 0.0643 0.1486 -0.9868
vn 0.0692 0.9972 -0.0269
vn -0.0251 -0.9954 0.0928
vn 0.0426 -0.9930 -0.1098
vn 0.0025 -0.9969 0.0786
vn 0.0371 0.9973 -0.0627
vn -0.0041 0.9937 0.1117
vn 0.0327 0.9989 0.0327
vn -0.0228 0.9937 0.1097
vn -0.9631 -0.2685 -0.0208
vn -0.8917 -0.4435 -0.0907
vn -0.0863 -0.9957 0.0335
vn -0.9927 -0.1176 0.0265
vn -0.0373 0.9948 0.0951
vn -0.6718 0.3424 0.6568
vn 0.0521 0.9976 -0.0459
vn -0.0407 0.9950 0.0909
vn 0.0474 -0.9936 -0.1023
vn 0.3945 0.4406 -0.8064
vn -0.1825 0.4269 0.8857
vn -0.0515 0.9954 0.0803
vn -0.0551 0.9955 0.0776
vn -0.0584 0.9955 0.0740
vn 0.0755 -0.9944 -0.0739
vn 0.0441 -0.9933 -0.1067
vn -0.0074 -0.0234 0.9997
vn 0.0018 -0.0178 0.9998
vn 0.0024 -0.0188 0.9998
vn 0.9964 0.0503 0.0686
vn 1.0000 0.0001 -0.0050
vn 0.9950 -0.0019 0.0999
vn 0.9967 0.0813 -0.0038
vn 0.9957 -0.0016 0.0928
vn 0.1018 -0.1140 0.9883
vn 0.0049 -0.0173 0.9998
vn 0.0049 -0.1135 0.9935
vn -0.9999 -0.0037 0.0155
vn -0.9999 0.0081 0.0124
vn -0.9901 0.0953 0.1033
vn -0.0621 0.1350 -0.9889
vn -0.0062 0.0182 -0.9998
vn -0.0000 -0.9998 -0.0191
vn -0.1587 -0.9836 0.0857
vn -0.0984 -0.9950 -0.0186
vn -0.0648 0.0527 0.9965
vn -0.0697 -0.0436 0.9966
vn 0.0022 0.9995 0.0312
vn -0.0068 0.9997 0.0219
vn -0.0034 0.9997 0.0234
vn -0.0992 0.0630 -0.9931
vn -0.0043 0.0185 -0.9998
vn -0.0043 0.0997 -0.9950
vn 0.0975 0.9951 0.0185
vn -0.0699 0.9935 0.0899
vn 0.0307 0.9952 0.0928
vn -0.1010 -0.0790 -0.9917
vn -0.1021 0.0184 -0.9946
vn -0.0037 0.9998 0.0200
vn 0.0734 0.9956 -0.0579
vn -1.0000 0.0064 0.0044
vn -0.9950 -0.0715 -0.0705
vn -0.9876 -0.1445 0.0610
vn -1.0000 0.0021 0.0069
vn -0.7402 -0.0858 0.6669
vn -0.7022 -0.0977 0.7053
vn -0.8187 -0.1744 0.5470
vn 0.9887 0.1309 -0.0733
vn 1.0000 -0.0000 -0.0043
vn 0.9944 0.1056 -0.0023
vn 0.0031 -0.0191 0.9998
vn -0.0938 -0.0186 0.9954
vn 0.0038 -0.0189 0.9998
vn 0.0842 -0.1004 0.9914
vn 0.1589 0.0400 0.9865
vn 0.0216 0.9998 -0.0024
vn -0.0042 0.9998 0.0190
vn -0.0050 0.9959 -0.0900
vn -0.7026 -0.1025 0.7041
vn -0.6448 -0.0371 0.7634
vn 0.6036 -0.5057 -0.6163
vn 0.5160 -0.5943 -0.6169
vn 0.4608 -0.4509 -0.7645
vn -1.0000 0.0004 0.0037
vn -0.9954 -0.0007 0.0963
vn -0.9902 0.0948 0.1022
vn 0.0028 -0.0195 0.9998
vn 0.0031 -0.1098 0.9940
vn 0.0027 0.9998 0.0192
vn 0.0906 0.9957 0.0187
vn -0.0035 0.9930 0.1178
vn 0.1492 0.9856 0.0790
vn 0.0024 0.0772 0.9970
vn -0.1057 -0.9942 -0.0185
vn -0.0004 -0.9932 -0.1167
vn -0.1306 -0.9874 -0.0896
vn -0.0759 0.6926 0.7173
vn 0.0028 0.7510 0.6602
vn 0.0031 0.6949 0.7191
vn 0.0028 -0.0182 0.9998
vn -0.0542 -0.1747 0.9831
vn -0.0997 0.6534 0.7505
vn 0.0033 0.6342 0.7732
vn -0.0971 -0.9949 0.0259
vn -0.0013 0.9998 0.0181
vn -0.0960 0.9952 0.0198
vn -0.0977 0.9885 0.1153
vn -0.9998 0.0185 -0.0006
vn -1.0000 0.0011 -0.0028
vn -0.9955 0.0017 -0.0948
vn 0.0235 -0.0406 0.9989
vn -0.0612 0.9904 -0.1238
vn -0.0858 -0.0005 -0.9963
vn -0.0061 0.1162 -0.9932
vn 0.9952 -0.0977 -0.0065
vn 0.9896 -0.0731 0.1238
vn -0.7063 0.7070 -0.0355
vn -0.7590 0.6473 -0.0703
vn -0.7057 0.7074 -0.0392
vn 0.6029 -0.5957 -0.5306
vn 0.7496 -0.4582 -0.4776
vn -0.6679 0.7413 -0.0670
vn -0.6468 0.7627 0.0017
vn 0.0037 -0.9896 0.1438
vn 0.1002 -0.9949 -0.0087
vn 0.0023 -0.9991 0.0428
vn -0.9953 0.0961 0.0063
vn -1.0000 -0.0012 0.0043
vn -0.1344 -0.0528 -0.9895
vn -0.1084 0.0179 -0.9939
vn -0.9874 0.0625 -0.1455
vn 0.4667 -0.7413 -0.4825
vn 0.5754 -0.5673 -0.5892
vn -0.0937 0.0768 0.9926
vn 0.9910 -0.0982 0.0907
vn -0.7051 0.7065 0.0603
vn -0.5379 0.8290 0.1529
vn -0.7714 0.6298 0.0910
vn 0.9902 0.0983 -0.0991
vn 0.9951 0.0990 -0.0024
vn -0.7037 0.0034 0.7105
vn -0.7910 0.0105 0.6118
vn -0.6188 0.1276 0.7751
vn -0.1087 0.6906 0.7150
vn -0.0981 -0.9884 -0.1159
vn -0.1560 0.6075 0.7788
vn -0.0168 0.9997 0.0198
vn -0.0962 0.9891 0.1116
vn 0.9962 0.0715 0.0489
vn 0.9970 -0.0015 0.0774
vn 0.9822 0.1573 0.1026
vn 0.0904 0.1153 -0.9892
vn -0.9996 -0.0232 -0.0183
vn -0.9909 -0.0957 -0.0947
vn -1.0000 -0.0001 0.0043
vn -0.9956 0.0017 -0.0936
vn -0.9946 0.0702 0.0769
vn -0.9971 0.0706 -0.0288
vn 0.0954 -0.0188 0.9953
vn 0.0078 -0.0056 1.0000
vn 0.1031 -0.0172 0.9945
vn 0.0355 0.0570 0.9977
vn 0.0981 -0.9920 0.0794
vn 0.0013 -0.9892 0.1468
vn -0.0006 0.9969 -0.0791
vn -0.0802 0.9967 -0.0130
vn 0.0965 0.9922 -0.0785
vn -0.0000 0.9998 0.0191
vn -0.9960 -0.0896 0.0026
vn -0.9952 -0.0979 0.0024
vn -0.9964 -0.0316 0.0782
vn -0.2116 0.0670 -0.9751
vn -0.0906 0.0745 0.9931
vn -0.0389 -0.9806 0.1921
vn -0.0783 -0.9906 0.1121
vn -0.0958 -0.9614 0.2579
vn -0.0679 0.0999 -0.9927
vn -0.0157 0.0172 -0.9997
vn -0.0723 0.0959 -0.9928
vn -0.5849 0.7191 0.3753
vn -0.5993 0.6517 0.4648
vn -0.5586 0.6871 0.4646
vn 0.0481 -0.0523 -0.9975
vn 0.7325 -0.6335 0.2492
vn 0.7431 -0.5750 0.3424
vn 0.7666 -0.5923 0.2481
vn -0.0931 0.0764 -0.9927
vn -0.0890 0.0804 -0.9928
vn -0.5415 0.7529 0.3741
vn -0.5173 0.7197 0.4631
vn 0.5603 -0.7892 0.2515
vn 0.4805 -0.8072 0.3429
vn 0.5435 -0.7646 0.3464
vn 0.6550 -0.7122 0.2527
vn 0.6745 -0.6517 0.3470
vn 0.6963 -0.6723 0.2514
vn -0.0854 0.0844 -0.9928
vn -0.0809 0.0880 -0.9928
vn 0.0526 -0.0490 -0.9974
vn 0.7781 -0.5294 0.3382
vn 0.8023 -0.5446 0.2442
vn -0.8027 0.4767 0.3584
vn -0.7380 0.5000 0.4532
vn -0.7703 0.5231 0.3647
vn -0.7363 0.5669 0.3695
vn -0.6715 0.5797 0.4615
vn -0.7023 0.6069 0.3721
vn 0.8129 -0.4782 0.3325
vn 0.8378 -0.4912 0.2383
vn 0.8377 -0.4372 0.3272
vn 0.8624 -0.4485 0.2347
vn -0.8472 0.4009 0.3486
vn -0.7971 0.4138 0.4398
vn -0.8297 0.4328 0.3525
vn -0.0975 0.0724 -0.9926
vn 0.8486 -0.4179 0.3244
vn 0.8731 -0.4286 0.2323
vn 0.6749 -0.6498 0.3497
vn 0.7707 -0.6366 0.0264
vn -0.9373 0.1940 0.2896
vn -0.8151 0.3836 0.4341
vn -0.1063 0.0634 -0.9923
vn -0.1018 0.0678 -0.9925
vn -0.4974 0.7839 0.3716
vn -0.4751 0.7499 0.4604
vn -0.4554 0.8102 0.3690
vn -0.4348 0.7761 0.4567
vn 0.4314 -0.8685 0.2441
vn 0.3892 -0.8582 0.3347
vn 0.4202 -0.8422 0.3379
vn 0.0440 -0.0563 -0.9974
vn -0.4253 0.8271 0.3675
vn -0.4063 0.7933 0.4535
vn -0.1986 0.9269 0.3183
vn -0.1978 0.8887 0.4136
vn 0.3993 -0.8836 0.2444
vn 0.6209 -0.7011 0.3507
vn 0.0329 -0.0637 -0.9974
vn -0.5716 0.6216 0.5356
vn -0.5330 0.6558 0.5347
vn 0.0157 -0.0172 0.9997
vn -0.0501 0.0332 0.9982
vn 0.7096 -0.6143 0.3452
vn 0.7168 -0.5549 0.4222
vn 0.0845 -0.0643 0.9943
vn 0.0880 -0.0603 0.9943
vn -0.4933 0.6868 0.5338
vn -0.4535 0.7163 0.5304
vn 0.6345 -0.6902 0.3479
vn 0.5700 -0.7011 0.4285
vn 0.6114 -0.6651 0.4287
vn 0.6501 -0.6281 0.4276
vn 0.5914 -0.7275 0.3478
vn 0.5239 -0.7368 0.4274
vn -0.6373 0.6155 0.4637
vn -0.7047 0.5418 0.4581
vn -0.6408 0.5529 0.5326
vn -0.6729 0.5169 0.5291
vn 0.7849 -0.4620 0.4130
vn 0.0806 -0.0676 0.9945
vn -0.7697 0.4560 0.4469
vn -0.7054 0.4774 0.5240
vn -0.7362 0.4359 0.5177
vn 0.8212 -0.4049 0.4021
vn 0.0157 -0.0173 0.9997
vn 0.0925 -0.0577 0.9940
vn -0.7633 0.3962 0.5102
vn -0.9023 0.1949 0.3845
vn -0.7819 0.3679 0.5033
vn 0.7386 -0.4849 0.4683
vn -0.0317 0.0489 0.9983
vn 0.4633 -0.7784 0.4236
vn 0.4056 -0.8135 0.4168
vn -0.4155 0.7416 0.5267
vn -0.3888 0.7589 0.5225
vn -0.0247 0.0559 0.9981
vn -0.0284 0.0525 0.9982
vn 0.3765 -0.8298 0.4119
vn 0.3978 -0.7993 0.4503
vn -0.1997 0.8509 0.4858
vn 0.6104 -0.7509 0.2521
vn 0.0040 0.9989 -0.0475
vn -0.0261 0.9981 0.0552
vn -0.0416 0.9870 0.1552
vn 0.0671 -0.0804 0.9945
vn 0.0632 -0.0839 0.9945
vn 0.6841 -0.5923 0.4257
vn 0.0707 -0.0771 0.9945
vn 0.0281 -0.0692 -0.9972
vn -0.0764 0.0917 -0.9928
vn 0.0538 -0.0925 0.9943
vn -0.9985 0.0168 -0.0527
vn -0.9744 -0.0177 -0.2243
vn -0.9975 0.0490 0.0506
vn -0.9985 -0.0520 -0.0168
vn -0.9864 0.0658 0.1508
vn -0.0533 0.0293 0.9982
vn -0.6668 0.6443 0.3745
vn -0.0356 0.0459 0.9983
vn -0.6078 0.5871 0.5347
vn -0.0136 0.1135 -0.9934
vn 0.0263 -0.0748 -0.9969
vn -0.0428 0.1250 -0.9912
vn -0.0617 0.1082 -0.9922
vn -0.0089 0.0735 0.9973
vn -0.0230 0.0593 0.9980
vn 0.0523 -0.0973 0.9939
vn 0.0113 0.0776 0.9969
vn -0.0157 0.0173 -0.9997
vn -0.1111 0.0617 -0.9919
vn 0.0595 -0.0412 -0.9974
vn 0.7505 -0.5109 0.4192
vn -0.0645 0.0202 0.9977
vn 0.0158 -0.0173 0.9997
vn 0.0561 -0.0450 -0.9974
vn 0.0631 -0.0368 -0.9973
vn 0.0747 -0.0743 0.9944
vn 0.4945 -0.8330 0.2483
vn 0.9745 0.1332 0.1803
vn 0.9918 0.0834 0.0972
vn 0.9749 0.1363 0.1762
vn 0.0576 -0.0869 0.9946
vn -0.0158 0.0173 -0.9997
vn -0.1248 0.0450 -0.9912
vn 0.0755 -0.0277 -0.9968
vn -0.1119 0.0171 -0.9936
vn 0.0951 -0.0564 0.9939
vn -0.0794 -0.0106 0.9968
vn -0.0008 -0.0494 0.9988
vn -0.0761 0.0080 0.9971
vn 0.0400 0.9677 -0.2489
vn 0.1855 0.8834 -0.4304
vn -0.0640 0.1046 -0.9925
vn 0.2467 0.9647 0.0920
vn -0.0619 0.0222 0.9978
vn -0.6273 0.6821 0.3758
vn 0.0780 -0.0714 0.9944
vn -0.0568 0.0254 0.9981
vn 0.0675 -0.0322 -0.9972
vn 0.8101 -0.4230 0.4060
vn -0.8661 0.1979 0.4591
vn -0.0460 0.0360 0.9983
vn -0.0429 0.0391 0.9983
vn -0.0393 0.0426 0.9983
vn 0.0391 -0.0596 -0.9975
vn 0.0719 -0.0289 -0.9970
vn -0.4697 0.5368 0.7009
vn -0.5551 0.5468 0.6267
vn -0.5548 0.5052 0.6610
vn 0.9994 0.0217 0.0264
vn -0.1469 -0.7294 -0.6681
vn -0.2435 -0.7475 -0.6180
vn -0.1454 -0.7642 -0.6284
vn 0.9747 0.1588 0.1574
vn 0.9748 0.1539 0.1614
vn -0.4685 0.4928 0.7333
vn -0.5530 0.4631 0.6927
vn -0.1486 -0.5522 -0.8204
vn -0.2443 -0.4789 -0.8432
vn -0.2468 -0.5432 -0.8025
vn -0.1499 -0.6497 -0.7453
vn -0.2469 -0.6772 -0.6932
vn -0.1486 -0.6919 -0.7065
vn 0.9747 0.1504 0.1652
vn 0.9746 0.1465 0.1692
vn 0.9994 0.0180 0.0303
vn -0.2402 -0.7857 -0.5700
vn -0.1426 -0.8032 -0.5783
vn -0.4503 0.7615 0.4663
vn -0.5415 0.6903 0.4798
vn -0.4572 0.7282 0.5105
vn -0.4623 0.6928 0.5535
vn -0.5513 0.6212 0.5570
vn -0.4673 0.6568 0.5918
vn -0.2346 -0.8310 -0.5044
vn -0.1376 -0.8484 -0.5112
vn -0.2282 -0.8672 -0.4425
vn -0.1336 -0.8835 -0.4491
vn -0.4422 0.8070 0.3914
vn -0.5256 0.7527 0.3964
vn -0.4440 0.7901 0.4225
vn 0.9748 0.1623 0.1533
vn -0.2247 -0.8834 -0.4111
vn -0.1320 -0.8988 -0.4181
vn -0.2443 -0.7311 -0.6370
vn -0.1855 -0.8942 -0.4075
vn -0.3763 0.9044 0.2012
vn -0.5189 0.7719 0.3672
vn 0.9925 0.0850 0.0875
vn 0.9801 0.1512 0.1285
vn 0.9751 0.1658 0.1472
vn -0.4659 0.4478 0.7631
vn -0.5496 0.4203 0.7220
vn -0.4627 0.4050 0.7886
vn -0.5452 0.3796 0.7475
vn -0.1453 -0.4216 -0.8951
vn -0.2387 -0.3858 -0.8912
vn -0.2409 -0.4173 -0.8762
vn 0.9994 0.0262 0.0230
vn -0.4604 0.3740 0.8050
vn -0.5413 0.3509 0.7641
vn -0.4035 0.1490 0.9028
vn -0.4662 0.1491 0.8720
vn -0.1450 -0.3887 -0.9099
vn -0.2508 -0.6229 -0.7410
vn 0.9918 0.0833 0.0972
vn 0.9992 0.0373 0.0155
vn -0.6209 0.5152 0.5908
vn -0.6212 0.4746 0.6236
vn -0.9918 -0.0834 -0.0972
vn -0.9988 -0.0193 -0.0455
vn -0.2455 -0.7131 -0.6566
vn -0.3271 -0.7270 -0.6037
vn -0.9781 -0.1518 -0.1424
vn -0.9931 -0.0823 -0.0841
vn -0.9791 -0.1615 -0.1234
vn -0.6190 0.4354 0.6537
vn -0.6154 0.3946 0.6823
vn -0.2477 -0.6362 -0.7307
vn -0.3320 -0.5770 -0.7463
vn -0.3317 -0.6196 -0.7114
vn -0.3309 -0.6590 -0.6754
vn -0.2476 -0.5922 -0.7668
vn -0.3308 -0.5301 -0.7807
vn -0.5539 0.5858 0.5916
vn -0.5473 0.6556 0.5202
vn -0.6173 0.5868 0.5240
vn -0.6141 0.6195 0.4890
vn -0.3173 -0.8101 -0.4931
vn -0.9781 -0.1462 -0.1482
vn -0.9918 -0.0838 -0.0961
vn -0.5340 0.7237 0.4372
vn -0.6076 0.6537 0.4511
vn -0.6001 0.6866 0.4105
vn -0.3049 -0.8641 -0.4005
vn -0.9958 -0.0689 -0.0595
vn -0.9820 -0.1645 -0.0923
vn -0.5907 0.7151 0.3737
vn -0.4662 0.8621 0.1985
vn -0.5784 0.7380 0.3476
vn -0.3861 -0.7904 -0.4756
vn -0.9989 -0.0378 -0.0290
vn -0.3285 -0.4683 -0.8202
vn -0.3226 -0.4093 -0.8535
vn -0.6106 0.3564 0.7072
vn -0.6062 0.3302 0.7235
vn -0.9987 -0.0447 -0.0231
vn -0.9988 -0.0416 -0.0264
vn -0.3184 -0.3794 -0.8688
vn -0.3851 -0.4645 -0.7974
vn -0.5014 0.1519 0.8518
vn -0.1498 -0.6035 -0.7832
vn -0.0304 -0.0301 0.9991
vn -0.1714 -0.0140 0.9851
vn -0.3003 -0.0079 0.9538
vn -0.9780 -0.1325 -0.1612
vn -0.9779 -0.1283 -0.1649
vn -0.3299 -0.6936 -0.6404
vn -0.9780 -0.1363 -0.1578
vn 0.9991 0.0413 0.0096
vn 0.9748 0.1410 0.1728
vn -0.9776 -0.1197 -0.1730
vn -0.0169 0.9990 0.0425
vn 0.1544 0.9880 0.0086
vn -0.1246 0.9897 0.0703
vn -0.0877 0.9954 -0.0382
vn -0.2237 0.9710 0.0847
vn -0.9987 -0.0163 -0.0488
vn -0.4689 0.6207 0.6283
vn -0.9989 -0.0338 -0.0328
vn -0.6196 0.5527 0.5573
vn 0.9782 0.0779 0.1926
vn 0.9990 0.0441 0.0051
vn 0.9727 0.1072 0.2057
vn 0.9739 0.1266 0.1883
vn -0.9981 -0.0615 -0.0061
vn -0.9987 -0.0469 -0.0195
vn -0.9773 -0.1168 -0.1769
vn -0.9967 -0.0815 -0.0018
vn 0.9949 0.0771 0.0647
vn 0.9895 0.1065 0.0983
vn 0.9992 0.0104 0.0373
vn 0.9918 0.0839 0.0961
vn -0.3243 -0.7644 -0.5572
vn -0.9974 0.0717 -0.0054
vn -0.9991 -0.0325 -0.0290
vn 0.9993 0.0132 0.0336
vn 0.9992 0.0085 0.0399
vn -0.9780 -0.1396 -0.1548
vn -0.1470 -0.4853 -0.8619
vn -0.9782 -0.1227 -0.1674
vn 0.9982 0.0498 0.0345
vn 0.9974 0.0500 0.0515
vn 0.9998 -0.0170 -0.0119
vn 0.9913 0.1297 0.0207
vn -0.9873 -0.1452 -0.0640
vn -0.9970 0.0771 -0.0010
vn -0.9987 -0.0327 -0.0382
vn -0.9871 0.1584 0.0220
vn 0.1778 -0.0494 0.9828
vn 0.3664 -0.0953 0.9256
vn 0.9743 0.1287 0.1850
vn -0.0390 -0.1048 0.9937
vn -0.9992 0.0301 -0.0266
vn -0.4701 0.5798 0.6655
vn -0.9780 -0.1432 -0.1519
vn -0.9988 -0.0079 -0.0473
vn 0.9994 0.0120 0.0321
vn -0.3096 -0.8473 -0.4314
vn -0.5259 0.8271 0.1984
vn -0.9988 -0.0240 -0.0424
vn -0.9989 -0.0262 -0.0393
vn -0.9989 -0.0291 -0.0362
vn 0.9993 0.0310 0.0191
vn 0.9999 0.0063 0.0105
vn 0.1187 -0.4368 0.8917
vn 0.1932 -0.7323 0.6530
vn 0.1696 -0.4291 0.8872
vn 0.0667 -0.6181 0.7833
vn 0.1681 -0.9174 0.3608
vn 0.2434 -0.7247 0.6446
vn 0.2689 -0.8872 0.3750
vn 0.1932 -0.9275 -0.3201
vn 0.0579 -0.9705 0.2341
vn 0.0466 -0.9986 -0.0231
vn 0.2422 -0.9048 -0.3504
vn 0.1624 -0.9866 -0.0158
vn 0.0495 -0.8551 0.5160
vn 0.2216 -0.9749 -0.0199
vn 0.5664 -0.4317 -0.7020
vn 0.4629 -0.1454 -0.8744
vn 0.8522 -0.5232 0.0116
vn 0.7078 -0.4429 -0.5504
vn 0.4678 -0.4643 -0.7521
vn 0.3938 -0.3007 -0.8686
vn 0.5423 -0.7183 -0.4358
vn -0.6576 -0.7337 -0.1709
vn -0.7835 -0.6195 -0.0488
vn -0.8894 -0.4352 -0.1398
vn -0.6504 -0.7271 -0.2200
vn -0.3707 -0.9146 -0.1614
vn -0.5224 -0.8515 -0.0451
vn -0.3883 -0.8854 -0.2556
vn 0.8449 0.1110 -0.5233
vn 0.6951 -0.4327 -0.5740
vn 0.7853 -0.1761 -0.5936
vn 0.8662 -0.1415 -0.4792
vn 0.7474 -0.4589 -0.4804
vn -0.0399 -0.5583 -0.8287
vn 0.5526 -0.4456 -0.7043
vn -0.2321 -0.5665 -0.7907
vn 0.4177 -0.7256 -0.5468
vn -0.2476 -0.9667 -0.0644
vn 0.3032 -0.9286 -0.2139
vn 0.0049 -0.9980 -0.0626
vn -0.0001 -0.9849 -0.1734
vn 0.3313 -0.9071 -0.2598
vn -0.0018 -0.9739 -0.2271
vn 0.0813 0.4826 0.8721
vn -0.0111 0.2071 0.9783
vn 0.0393 -0.1097 0.9932
vn 0.1464 0.5202 0.8414
vn 0.0068 0.4887 0.8724
vn -0.0017 0.7114 0.7028
vn 0.1852 0.8252 0.5336
vn 0.3688 0.7622 -0.5320
vn 0.6930 0.5357 -0.4825
vn 0.3354 0.6511 -0.6808
vn 0.2343 0.9296 -0.2844
vn 0.5249 0.4863 -0.6985
vn 0.2954 0.9194 -0.2599
vn 0.2898 0.8756 -0.3864
vn 0.0275 0.9412 0.3367
vn 0.1370 0.9711 -0.1954
vn 0.1153 0.9915 0.0600
vn 0.2309 0.8657 -0.4441
vn 0.1404 0.9876 0.0707
vn -0.8727 0.4857 -0.0499
vn -0.9925 -0.1218 -0.0144
vn -0.9782 0.2034 0.0412
vn -0.8725 0.4878 0.0268
vn -0.8491 0.5157 -0.1142
vn -0.5277 0.8349 -0.1563
vn 0.2091 0.9703 -0.1219
vn -0.3237 0.9462 -0.0009
vn -0.0159 0.9998 -0.0137
vn 0.4530 0.8633 -0.2225
vn -0.0470 0.9945 -0.0940
vn -0.6982 0.7151 0.0339
vn 0.2961 0.9292 -0.2213
vn -0.0519 0.9914 -0.1205
vn 0.5368 0.7628 -0.3606
vn 0.6812 0.6515 -0.3339
vn 0.4848 0.5403 -0.6878
vn 0.6958 0.4969 -0.5186
vn 0.2746 0.9189 -0.2831
vn 0.3387 0.2627 -0.9035
vn 0.0996 0.5244 -0.8456
vn 0.5932 0.5480 -0.5897
vn 0.3837 0.6604 -0.6454
vn 0.1645 0.8643 -0.4753
vn 0.4193 0.8134 -0.4031
vn 0.8528 0.5126 -0.0999
vn 0.9043 0.2507 -0.3455
vn 0.5425 0.8270 -0.1477
vn 0.6546 0.6546 -0.3782
vn 0.1249 0.9841 -0.1260
vn 0.1923 0.9565 -0.2194
vn -0.4993 0.2201 -0.8380
vn -0.6519 0.4566 -0.6054
vn -0.4544 0.1615 -0.8760
vn -0.8975 0.3259 -0.2973
vn -0.8938 0.4041 0.1943
vn -0.8688 0.4077 0.2812
vn -0.1002 0.7266 0.6797
vn -0.4373 0.6309 0.6408
vn -0.2869 0.7680 0.5726
vn -0.7539 -0.0739 -0.6529
vn -0.7024 -0.1122 -0.7029
vn -0.6976 -0.1157 -0.7071
vn -0.8173 0.5373 -0.2081
vn -0.8173 0.5372 -0.2082
vn -0.0279 0.6654 -0.7460
vn -0.2426 0.5858 -0.7733
vn -0.4891 0.5666 0.6631
vn -0.4408 0.7393 0.5091
vn -0.4281 0.7687 0.4753
vn -0.7946 0.3921 0.4636
vn -0.6557 0.3903 0.6463
vn -0.5467 0.7879 -0.2835
vn -0.4416 0.8298 -0.3413
vn -0.3748 0.8482 -0.3742
vn 0.3202 0.4532 -0.8319
vn 0.4517 0.2729 -0.8494
vn 0.4712 0.2418 -0.8482
vn 0.9551 0.2512 0.1572
vn 0.8750 0.4839 0.0170
vn -0.2041 0.8306 0.5181
vn -0.2043 0.8306 0.5180
vn -0.2042 0.8306 0.5181
vn -0.6660 -0.1019 0.7390
vn -0.6640 -0.1437 0.7338
vn -0.5823 -0.0374 0.8121
vn 0.2325 0.7814 0.5790
vn 0.2325 0.7816 0.5788
vn -0.1786 -0.8173 0.5478
vn -0.4081 -0.6163 0.6735
vn -0.1191 -0.8534 0.5075
vn -0.5197 -0.2347 0.8215
vn -0.2959 -0.3217 0.8994
vn -0.4091 0.1765 0.8952
vn -0.2463 -0.0983 0.9642
vn -0.7427 0.6687 0.0345
vn -0.6587 0.6398 0.3959
vn -0.7883 0.5755 0.2179
vn 0.1374 -0.6837 0.7167
vn 0.1373 -0.6838 0.7167
vn -0.5124 -0.0901 -0.8540
vn -0.2484 -0.3281 -0.9114
vn -0.8617 -0.1784 -0.4749
vn -0.6494 -0.3770 -0.6604
vn -0.5380 -0.5864 -0.6056
vn -0.7964 -0.4245 -0.4309
vn -0.9655 -0.1885 -0.1797
vn -0.8285 -0.5287 -0.1843
vn -0.9576 -0.1791 -0.2259
vn -0.2446 -0.8997 -0.3616
vn -0.5103 -0.8518 -0.1188
vn -0.6475 -0.6512 -0.3957
vn -0.6373 -0.6474 0.4180
vn -0.4923 -0.8506 0.1846
vn -0.4514 -0.8831 0.1276
vn -0.8806 -0.3602 0.3078
vn -0.9035 -0.3536 0.2422
vn -0.8661 -0.4291 0.2563
vn -0.2888 0.5450 0.7871
vn -0.4370 0.6174 0.6541
vn -0.8208 -0.2268 0.5243
vn -0.8206 -0.2272 0.5244
vn -0.7138 -0.6902 -0.1185
vn -0.6663 -0.7261 -0.1699
vn 0.1062 -0.8627 0.4944
vn 0.3489 -0.9095 0.2261
vn 0.0748 -0.9881 0.1347
vn 0.1828 -0.5478 0.8164
vn 0.3905 -0.6687 0.6327
vn 0.6001 -0.6063 0.5218
vn 0.4317 -0.4444 0.7849
vn 0.6599 -0.3985 0.6370
vn 0.1843 -0.2085 0.9605
vn 0.4789 -0.2020 0.8543
vn 0.2307 -0.2003 0.9522
vn 0.9071 -0.3501 0.2335
vn 0.8563 -0.1149 0.5035
vn 0.8390 0.0014 0.5441
vn 0.9561 0.1517 0.2506
vn -0.7942 0.4654 0.3907
vn -0.5833 0.8121 -0.0162
vn -0.6654 0.7374 -0.1158
vn 0.2377 0.5546 0.7975
vn 0.2376 0.5546 0.7975
vn 0.7575 -0.4780 -0.4447
vn 0.7575 -0.4781 -0.4446
vn 0.7575 -0.4779 -0.4447
vn 0.2182 0.8763 -0.4296
vn -0.3728 0.9226 -0.0992
vn 0.5014 0.4450 -0.7420
vn -0.1965 0.9284 -0.3155
vn -0.7054 0.7054 -0.0686
vn -0.1139 0.9034 -0.4134
vn -0.3826 0.9026 -0.1972
vn 0.3131 -0.3009 -0.9008
vn 0.5790 -0.1702 -0.7974
vn 0.1551 -0.5709 -0.8062
vn 0.0874 -0.4241 -0.9014
vn 0.4344 -0.0691 -0.8980
vn -0.2868 0.2989 -0.9101
vn -0.2861 0.2993 -0.9103
vn -0.4703 0.0916 -0.8778
vn -0.9208 0.3743 -0.1099
vn -0.8623 -0.2201 -0.4561
vn -0.9225 0.1987 -0.3309
vn -0.4899 -0.4743 -0.7314
vn -0.8998 0.3846 -0.2059
vn -0.8950 0.1174 -0.4304
vn 0.4620 -0.2457 0.8522
vn 0.1245 0.3534 0.9272
vn 0.7282 -0.5004 0.4683
vn 0.3445 0.1715 0.9230
vn 0.0878 0.6883 0.7201
vn 0.4429 0.0861 0.8924
vn 0.2228 0.3599 0.9060
vn 0.8907 -0.3143 -0.3285
vn 0.7932 -0.5833 -0.1748
vn 0.7940 -0.1415 -0.5913
vn 0.8921 -0.0780 -0.4450
vn 0.8913 -0.4411 -0.1049
vn 0.9213 0.2706 0.2793
vn 0.9214 0.2707 0.2788
vn 0.8833 0.4630 0.0731
vn 0.1204 0.9115 0.3933
vn 0.4477 0.8700 -0.2067
vn 0.3387 0.9172 0.2097
vn 0.7168 0.5063 -0.4794
vn 0.2202 0.8911 0.3969
vn 0.4359 0.8916 0.1224
vn -0.3881 0.9103 0.1441
vn -0.1270 0.9053 0.4054
vn -0.7038 0.6991 0.1259
vn -0.3646 0.8493 0.3817
vn -0.1095 0.6865 0.7188
vn -0.5755 0.5636 0.5926
vn -0.3265 0.6532 0.6832
vn -0.9118 0.1183 0.3933
vn -0.9134 0.3834 0.1370
vn -0.6991 0.0957 0.7086
vn -0.8567 0.3551 0.3741
vn -0.6679 0.6607 0.3427
vn -0.1236 0.3663 0.9222
vn -0.3822 0.1070 0.9179
vn -0.3599 0.3435 0.8674
vn -0.6654 0.3127 0.6778
vn -0.8664 -0.4441 -0.2281
vn -0.9196 -0.1265 0.3720
vn -0.4913 -0.7140 -0.4989
vn -0.8993 -0.3607 0.2473
vn -0.6980 -0.1351 0.7033
vn -0.8107 -0.4182 0.4098
vn -0.6631 -0.3450 0.6643
vn 0.2302 -0.9417 -0.2454
vn 0.1576 -0.7838 -0.6007
vn 0.5830 -0.7833 -0.2160
vn 0.3142 -0.9426 -0.1130
vn 0.0927 -0.9405 -0.3269
vn 0.0333 -0.9983 -0.0479
vn -0.3669 -0.1401 0.9196
vn 0.2373 -0.4815 0.8437
vn -0.2417 -0.3789 0.8933
vn 0.5138 -0.7663 0.3857
vn -0.4050 -0.4299 0.8069
vn -0.1278 0.1636 -0.9782
vn -0.3218 0.5061 -0.8002
vn -0.0932 0.4323 -0.8969
vn -0.2397 0.1963 -0.9508
vn -0.3974 0.5430 -0.7398
vn -0.2569 0.6173 -0.7436
vn -0.0757 0.7700 -0.6335
vn -0.4326 0.6521 -0.6226
vn -0.8196 0.4344 0.3737
vn -0.8243 -0.0485 0.5640
vn -0.7247 0.3032 0.6188
vn -0.7524 0.5356 0.3834
vn -0.9636 -0.0044 -0.2674
vn -0.9778 0.2094 -0.0100
vn -0.9126 -0.1025 -0.3957
vn -0.7842 0.6054 0.1363
vn -0.7476 0.6315 0.2059
vn -0.0948 0.9470 -0.3069
vn -0.3058 0.9332 0.1887
vn -0.2712 0.9577 -0.0965
vn -0.5380 0.7181 0.4415
vn -0.2965 0.9314 -0.2110
vn -0.3654 0.9294 -0.0525
vn 0.0914 0.3953 -0.9140
vn 0.3723 0.1142 -0.9210
vn 0.1120 0.7154 -0.6896
vn 0.3957 0.4160 -0.8187
vn 0.6987 0.1297 -0.7035
vn 0.3784 0.9221 -0.0815
vn 0.0952 0.9274 -0.3616
vn 0.7018 0.7044 -0.1059
vn 0.3983 0.8322 -0.3858
vn 0.9189 0.1047 -0.3803
vn 0.9202 0.3801 -0.0940
vn 0.8227 0.4076 -0.3963
vn 0.7886 0.5423 0.2899
vn 0.9537 0.2165 0.2089
vn 0.9024 0.4223 0.0855
vn 0.4983 0.8244 0.2686
vn 0.7195 0.5882 0.3693
vn 0.2295 0.7949 0.5616
vn -0.1590 0.9372 0.3105
vn 0.3185 0.9421 0.1051
vn -0.3966 0.7515 0.5272
vn 0.1068 0.9564 0.2719
vn 0.6395 0.7646 0.0800
vn -0.1691 0.8182 0.5495
vn -0.3525 0.5337 0.7687
vn -0.5820 0.3932 0.7118
vn 0.2686 0.1654 0.9489
vn -0.0610 0.4996 0.8641
vn -0.1008 -0.3616 -0.9269
vn -0.3819 -0.0805 -0.9207
vn -0.0948 -0.6907 -0.7169
vn -0.3771 -0.3575 -0.8544
vn -0.7076 -0.0791 -0.7022
vn -0.3578 -0.6484 -0.6720
vn -0.6638 -0.3427 -0.6648
vn -0.3791 -0.9184 -0.1132
vn -0.0990 -0.9132 -0.3953
vn -0.7044 -0.7024 -0.1019
vn -0.3746 -0.8426 -0.3869
vn -0.6628 -0.6541 -0.3644
vn -0.9222 -0.0902 -0.3760
vn -0.9208 -0.3769 -0.1004
vn -0.8508 -0.3661 -0.3770
vn -0.5134 0.2157 -0.8306
vn -0.2746 0.2993 -0.9138
vn -0.4644 0.0930 -0.8808
vn -0.6468 0.1196 -0.7532
vn -0.5241 0.4825 -0.7018
vn -0.7393 0.3434 -0.5792
vn -0.7393 0.3434 -0.5793
vn -0.9444 0.2704 0.1872
vn -0.9446 0.0732 -0.3199
vn -0.7308 0.5397 0.4179
vn -0.8049 0.5243 0.2779
vn -0.8935 0.0928 -0.4393
vn -0.7399 0.0455 -0.6712
vn -0.1981 0.7197 0.6654
vn -0.5965 0.6766 0.4318
vn -0.5194 0.6703 0.5300
vn -0.3640 0.7569 0.5427
vn -0.5200 0.8332 0.1883
vn -0.7667 0.5733 0.2889
vn -0.5469 -0.7925 0.2698
vn -0.4227 -0.9039 0.0660
vn -0.1797 -0.4987 0.8480
vn -0.5147 -0.6610 0.5461
vn -0.8275 -0.5035 0.2484
vn -0.7656 -0.6407 0.0587
vn -0.8040 -0.2371 0.5454
vn -0.5453 0.3433 0.7647
vn -0.2164 0.5123 0.8311
vn -0.4203 0.5692 0.7066
vn -0.8269 0.1622 0.5384
vn -0.5928 0.2400 0.7688
vn -0.9434 -0.3203 0.0862
vn -0.9427 0.1579 0.2940
vn -0.9606 -0.1095 0.2555
vn -0.7637 0.3961 0.5099
vn -0.2566 -0.7555 0.6028
vn -0.1495 -0.9547 0.2572
vn -0.0718 -0.8646 0.4973
vn -0.2344 -0.4813 0.8446
vn -0.8545 -0.4732 0.2141
vn -0.5321 -0.6284 0.5674
vn -0.9157 -0.3771 0.1390
vn -0.3694 -0.4450 0.8158
vn -0.2885 0.1563 0.9446
vn -0.0805 -0.3154 0.9455
vn -0.5143 0.4070 0.7548
vn -0.2459 -0.1151 0.9624
vn -0.0579 -0.6106 0.7899
vn -0.3203 -0.0733 0.9445
vn -0.7738 0.3638 0.5185
vn -0.7126 0.5930 0.3749
vn -0.8305 0.5365 0.1499
vn -0.7807 0.2522 0.5717
vn -0.6894 0.3835 0.6146
vn -0.6967 0.1228 0.7068
vn 0.3790 -0.9220 0.0797
vn 0.0995 -0.9268 0.3622
vn 0.7046 -0.7055 0.0764
vn 0.3754 -0.8554 0.3570
vn 0.0957 -0.7156 0.6920
vn 0.6627 -0.6675 0.3396
vn 0.3579 -0.6730 0.6473
vn 0.9224 -0.1037 0.3722
vn 0.9210 -0.3800 0.0863
vn 0.7077 -0.1040 0.6988
vn 0.8513 -0.3794 0.3625
vn 0.6646 -0.3661 0.6514
vn 0.1016 -0.3941 0.9134
vn 0.3829 -0.1131 0.9168
vn 0.3773 -0.3878 0.8410
vn 0.9681 0.2038 0.1457
vn 0.8007 0.3039 0.5163
vn 0.9044 0.0744 0.4201
vn 0.9099 0.3849 0.1546
vn 0.7799 0.3776 0.4991
vn 0.5026 0.2414 0.8302
vn 0.6433 0.0548 0.7637
vn 0.2317 0.5339 0.8131
vn -0.3393 0.7770 0.5302
vn -0.3661 0.9148 0.1705
vn -0.5703 0.6976 0.4336
vn -0.1670 0.5188 0.8384
vn -0.2722 0.8146 0.5122
vn 0.3226 0.0721 0.9438
vn -0.1592 0.2737 0.9485
vn 0.1095 0.2381 0.9650
vn -0.3925 0.4880 0.7796
vn -0.8980 -0.1759 -0.4033
vn -0.6858 -0.1764 -0.7061
vn -0.8970 -0.2689 -0.3507
vn -0.8047 -0.0350 -0.5926
vn -0.3958 -0.1427 -0.9072
vn -0.7323 -0.2266 -0.6421
vn -0.4112 -0.2435 -0.8784
vn 0.2831 -0.1850 -0.9411
vn -0.2681 -0.0347 -0.9628
vn -0.0125 -0.0293 -0.9995
vn 0.3135 -0.2352 -0.9200
vn -0.0208 -0.1454 -0.9892
vn -0.5457 -0.0209 -0.8377
vn -0.0192 -0.2047 -0.9786
vn 0.6671 -0.5880 -0.4575
vn 0.8566 -0.4826 -0.1823
vn 0.6535 -0.7099 -0.2627
vn 0.7136 -0.6810 -0.1643
vn 0.7239 -0.4788 -0.4967
vn 0.8477 -0.4109 -0.3356
vn 0.3968 -0.5408 -0.7417
vn 0.1754 0.6684 -0.7228
vn 0.0490 0.7932 -0.6070
vn 0.2747 0.8828 -0.3811
vn 0.2253 0.7136 -0.6634
vn 0.1414 0.3838 -0.9125
vn 0.0305 0.5359 -0.8438
vn 0.2375 0.3962 -0.8869
vn 0.6003 -0.7992 0.0288
vn 0.5518 -0.6974 -0.4573
vn 0.6703 -0.6909 -0.2709
vn 0.4503 -0.8761 -0.1720
vn 0.4449 -0.7514 -0.4872
vn 0.6430 -0.7454 -0.1759
vn 0.5109 -0.4178 -0.7513
vn 0.4798 -0.4966 -0.7233
vn 0.0391 0.2630 -0.9640
vn 0.1745 -0.2912 -0.9406
vn 0.0289 0.0109 -0.9995
vn 0.1410 0.0129 -0.9899
vn 0.2209 -0.3214 -0.9208
vn 0.1955 0.0125 -0.9806
vn -0.8586 -0.0730 0.5074
vn -0.9702 0.0330 0.2399
vn -0.9888 -0.1406 -0.0508
vn -0.8959 -0.1437 0.4204
vn -0.8557 0.0075 0.5174
vn -0.6786 0.0069 0.7345
vn -0.5111 -0.1857 0.8392
vn 0.5528 -0.3767 0.7433
vn 0.6860 -0.5543 0.4713
vn 0.6928 -0.3642 0.6224
vn 0.3090 -0.2579 0.9154
vn 0.5390 -0.4206 0.7298
vn 0.2827 -0.3180 0.9050
vn -0.3063 -0.0353 0.9513
vn 0.2236 -0.1590 0.9616
vn -0.0309 -0.1314 0.9908
vn 0.4665 -0.2576 0.8462
vn -0.0400 -0.1561 0.9869
vn 0.1126 0.8635 0.4916
vn 0.3144 0.8691 0.3818
vn -0.0082 0.9749 0.2225
vn 0.0125 0.8636 0.5041
vn 0.1750 0.9844 -0.0157
vn 0.1982 0.5096 0.8373
vn 0.1177 0.6200 0.7757
vn 0.1489 -0.2297 0.9618
vn 0.0408 0.3072 0.9508
vn 0.0475 -0.0023 0.9989
vn 0.2388 -0.4735 0.8478
vn 0.1281 0.0265 0.9914
vn 0.0080 0.6861 0.7275
vn 0.2439 -0.3170 0.9165
vn 0.1550 0.0318 0.9874
vn 0.3482 -0.5637 0.7490
vn 0.3373 -0.7010 0.6284
vn 0.4301 -0.7757 0.4618
vn 0.3744 -0.5231 0.7656
vn 0.3060 -0.2968 0.9046
vn 0.3593 0.9315 -0.0565
vn 0.6975 0.7048 -0.1298
vn 0.3344 0.9372 -0.0995
vn 0.5461 0.8376 -0.0124
vn 0.8995 0.4203 -0.1195
vn 0.6891 0.7015 -0.1820
vn 0.8788 0.4257 -0.2156
vn 0.9517 -0.2518 -0.1755
vn 0.9523 0.3040 -0.0265
vn 0.9983 0.0518 -0.0278
vn 0.9288 -0.2964 -0.2224
vn 0.9899 0.0410 -0.1355
vn 0.8148 0.5797 -0.0052
vn 0.9817 0.0315 -0.1876
vn 0.5331 -0.4418 -0.7215
vn 0.5401 -0.6567 -0.5264
vn 0.2543 -0.8561 -0.4499
vn -0.1229 -0.7823 -0.6106
vn -0.1229 -0.7823 -0.6107
vn 0.5323 -0.7281 -0.4320
vn 0.4045 -0.8287 -0.3869
vn 0.7720 -0.4112 -0.4847
vn 0.6839 -0.1333 0.7173
vn 0.5453 -0.0302 0.8377
vn 0.3626 -0.1437 0.9208
vn 0.6827 -0.1820 0.7077
vn 0.8877 -0.0893 0.4516
vn 0.7992 0.0116 0.6009
vn 0.8680 -0.1876 0.4598
vn 0.0236 -0.4844 -0.8746
vn 0.5542 -0.4877 -0.6746
vn 0.3101 -0.5285 -0.7903
vn 0.2716 -0.4133 -0.8691
vn 0.5746 -0.3887 -0.7203
vn 0.6358 -0.7698 0.0562
vn 0.5680 -0.6228 -0.5381
vn 0.6210 -0.7432 0.2491
vn 0.8165 -0.4456 -0.3670
vn 0.9412 0.0195 0.3373
vn 0.9704 -0.1005 -0.2196
vn 0.9953 0.0382 0.0888
vn 0.9933 -0.0732 0.0894
vn 0.9568 -0.1475 -0.2507
vn 0.9880 -0.1280 0.0861
vn -0.5829 0.8108 -0.0532
vn -0.3267 0.9438 0.0495
vn -0.0124 0.9928 -0.1190
vn -0.4825 0.8679 -0.1178
vn -0.5826 0.8123 0.0283
vn -0.7760 0.6301 0.0274
vn -0.8768 0.4520 -0.1643
vn -0.6868 -0.6249 -0.3712
vn -0.3747 -0.7503 -0.5447
vn -0.5486 -0.7541 -0.3612
vn -0.8906 -0.3785 -0.2521
vn -0.6625 -0.6224 -0.4167
vn -0.8768 -0.3634 -0.3149
vn -0.9645 0.2635 -0.0189
vn -0.9501 -0.2735 -0.1502
vn -0.9927 -0.0225 -0.1186
vn -0.8085 -0.5305 -0.2547
vn -0.9890 -0.0159 -0.1470
vn -0.5548 -0.1540 0.8176
vn 0.0165 -0.1862 0.9824
vn -0.2978 -0.0360 0.9539
vn -0.5656 -0.0719 0.8216
vn -0.4524 -0.2178 0.8648
vn -0.8573 -0.2683 0.4394
vn -0.8109 -0.1884 0.5540
vn -0.9285 -0.2072 -0.3081
vn -0.9667 -0.1144 0.2289
vn -0.9899 -0.1154 -0.0826
vn -0.7898 -0.2821 -0.5446
vn -0.9791 -0.1959 -0.0546
vn -0.7762 -0.0775 0.6257
vn -0.8695 -0.2967 -0.3950
vn -0.9737 -0.2223 -0.0506
vn -0.6740 -0.3868 -0.6293
vn -0.5467 -0.3586 -0.7567
vn -0.3796 -0.5362 -0.7539
vn -0.6544 -0.4310 -0.6213
vn -0.8544 -0.3575 -0.3772
vn -0.2923 -0.9069 0.3036
vn -0.3098 -0.9073 0.2843
vn -0.4334 -0.7762 0.4579
vn -0.4603 -0.7761 0.4310
vn -0.6951 -0.2643 0.6685
vn -0.6760 -0.0094 0.7368
vn -0.7184 -0.0078 0.6956
vn -0.2743 -0.9075 0.3182
vn -0.4080 -0.7759 0.4811
vn -0.6539 -0.2646 0.7088
vn -0.6350 -0.0116 0.7724
vn 0.2996 -0.9037 -0.3058
vn 0.3166 -0.9040 -0.2874
vn 0.4492 -0.7724 -0.4490
vn 0.7196 -0.3088 -0.6219
vn 0.7160 -0.0622 -0.6953
vn 0.6805 -0.3084 -0.6647
vn 0.3335 -0.9046 -0.2654
vn 0.4752 -0.7732 -0.4199
vn 0.7578 -0.3092 -0.5746
vn 0.7578 -0.0628 -0.6494
vn -0.3455 -0.9054 0.2469
vn -0.3288 -0.9061 0.2662
vn -0.5107 -0.7729 0.3766
vn -0.7342 -0.2620 0.6263
vn -0.7952 -0.0061 0.6063
vn -0.7701 -0.2614 0.5819
vn -0.4865 -0.7741 0.4051
vn -0.7586 -0.0069 0.6515
vn 0.2821 -0.9030 -0.3240
vn 0.2650 -0.9028 -0.3386
vn 0.4217 -0.7718 -0.4759
vn 0.3958 -0.7712 -0.4986
vn 0.6010 -0.3064 -0.7382
vn 0.6732 -0.0623 -0.7368
vn 0.6315 -0.0626 -0.7729
vn 0.6407 -0.3072 -0.7036
vn 0.2478 -0.9016 -0.3545
vn 0.2278 -0.9005 -0.3704
vn 0.3695 -0.7683 -0.5226
vn 0.3380 -0.7656 -0.5473
vn 0.5126 -0.3047 -0.8028
vn 0.5874 -0.0625 -0.8069
vn 0.5363 -0.0626 -0.8417
vn 0.5602 -0.3053 -0.7701
vn -0.2563 -0.9066 0.3354
vn -0.3815 -0.7742 0.5050
vn -0.6129 -0.2671 0.7437
vn -0.5911 -0.0134 0.8065
vn -0.2360 -0.9056 0.3525
vn -0.3512 -0.7732 0.5280
vn -0.5699 -0.2674 0.7769
vn -0.5422 -0.0167 0.8401
vn -0.2147 -0.9046 0.3682
vn -0.3205 -0.7712 0.5501
vn -0.5226 -0.2681 0.8094
vn -0.4915 -0.0178 0.8707
vn -0.1956 -0.9009 0.3874
vn -0.2943 -0.7637 0.5746
vn -0.4727 -0.2673 0.8397
vn -0.4432 -0.0183 0.8962
vn 0.2059 -0.8988 -0.3870
vn 0.1897 -0.8950 -0.4038
vn 0.3032 -0.7616 -0.5727
vn 0.2778 -0.7547 -0.5944
vn 0.4182 -0.2965 -0.8586
vn 0.4792 -0.0638 -0.8754
vn 0.4340 -0.0604 -0.8989
vn 0.4596 -0.3024 -0.8351
vn -0.1030 -0.8955 0.4329
vn 0.0103 -0.9317 0.3631
vn -0.1741 -0.5541 0.8140
vn 0.0190 -0.7172 0.6966
vn -0.1857 -0.0818 0.9792
vn 0.0244 -0.3826 0.9236
vn -0.0833 -0.9825 0.1665
vn -0.2757 -0.7540 0.5962
vn -0.4238 -0.2599 0.8676
vn -0.4077 -0.0130 0.9130
vn -0.2704 -0.7459 0.6088
vn -0.3904 -0.2453 0.8874
vn 0.1828 -0.8915 -0.4146
vn 0.2681 -0.7490 -0.6059
vn 0.4135 -0.0581 -0.9087
vn 0.3974 -0.2908 -0.8703
vn 0.3536 -0.9042 -0.2396
vn 0.5019 -0.7734 -0.3873
vn 0.8014 -0.3090 -0.5121
vn 0.7982 -0.0649 -0.5989
vn 0.3767 -0.9007 -0.2166
vn 0.5356 -0.7699 -0.3469
vn 0.8381 -0.3021 -0.4543
vn 0.8450 -0.0657 -0.5307
vn -0.3802 -0.9008 0.2099
vn -0.3623 -0.9039 0.2275
vn -0.5563 -0.7648 0.3250
vn -0.8034 -0.2603 0.5355
vn -0.8571 -0.0017 0.5152
vn -0.8346 -0.2502 0.4908
vn -0.5348 -0.7695 0.3491
vn -0.8287 -0.0053 0.5597
vn -0.3800 -0.9249 -0.0142
vn -0.7116 -0.7026 -0.0084
vn -0.9324 -0.3614 -0.0006
vn -0.4398 -0.8914 0.1100
vn -0.8159 -0.5375 0.2131
vn -0.9688 -0.0473 0.2432
vn 0.3942 -0.8955 -0.2064
vn 0.5697 -0.7618 -0.3083
vn 0.8578 -0.2927 -0.4226
vn 0.8827 -0.0626 -0.4657
vn 0.8994 -0.0561 -0.4334
vn 0.5896 -0.7525 -0.2935
vn 0.8593 -0.2989 -0.4150
vn -0.3962 -0.8961 0.2000
vn -0.8559 -0.2338 0.4613
vn -0.5777 -0.7554 0.3091
vn -0.8754 0.0051 0.4833
vn -0.5208 0.6795 0.5169
vn -0.4910 0.6783 0.5467
vn -0.3767 0.8448 0.3799
vn -0.3555 0.8438 0.4020
vn -0.2098 0.9527 0.2199
vn -0.1975 0.9525 0.2320
vn -0.4615 0.6763 0.5741
vn -0.3341 0.8426 0.4224
vn -0.1857 0.9519 0.2436
vn 0.5800 0.6544 -0.4851
vn 0.5481 0.6551 -0.5200
vn 0.4208 0.8387 -0.3458
vn 0.3973 0.8396 -0.3705
vn 0.2306 0.9560 -0.1811
vn 0.2177 0.9565 -0.1944
vn 0.6115 0.6530 -0.4468
vn 0.4429 0.8384 -0.3176
vn 0.2425 0.9560 -0.1650
vn -0.5506 0.6799 0.4844
vn -0.5789 0.6782 0.4528
vn -0.3984 0.8450 0.3566
vn -0.4194 0.8442 0.3338
vn -0.2214 0.9530 0.2068
vn -0.2328 0.9530 0.1937
vn 0.4853 0.6536 -0.5807
vn 0.5162 0.6544 -0.5526
vn 0.3523 0.8388 -0.4151
vn 0.3745 0.8392 -0.3943
vn 0.1935 0.9564 -0.2190
vn 0.2060 0.9562 -0.2079
vn 0.4161 0.6469 -0.6391
vn 0.4522 0.6519 -0.6087
vn 0.3035 0.8349 -0.4591
vn 0.3292 0.8372 -0.4366
vn 0.1666 0.9557 -0.2426
vn 0.1815 0.9558 -0.2312
vn -0.4307 0.6733 0.6010
vn -0.3122 0.8406 0.4425
vn -0.1738 0.9512 0.2549
vn -0.3972 0.6685 0.6287
vn -0.2882 0.8380 0.4634
vn -0.1605 0.9503 0.2669
vn -0.3616 0.6631 0.6554
vn -0.2631 0.8346 0.4840
vn -0.1466 0.9491 0.2788
vn -0.3286 0.6557 0.6798
vn -0.2403 0.8290 0.5050
vn -0.1342 0.9468 0.2926
vn 0.3413 0.6349 -0.6931
vn 0.3745 0.6415 -0.6695
vn 0.2518 0.8263 -0.5039
vn 0.2739 0.8318 -0.4828
vn 0.1402 0.9526 -0.2701
vn 0.1512 0.9546 -0.2568
vn -0.0394 0.4015 0.9150
vn -0.1632 0.6219 0.7659
vn -0.0301 0.7155 0.6980
vn -0.1223 0.8118 0.5710
vn -0.0163 0.9229 0.3846
vn -0.0721 0.9399 0.3337
vn -0.3056 0.6474 0.6982
vn -0.2254 0.8219 0.5231
vn -0.1269 0.9437 0.3055
vn 0.3267 0.6298 -0.7048
vn 0.2421 0.8222 -0.5151
vn 0.1350 0.9511 -0.2778
vn 0.6501 0.6478 -0.3970
vn 0.4727 0.8346 -0.2829
vn 0.2589 0.9547 -0.1470
vn 0.6845 0.6393 -0.3504
vn 0.5010 0.8283 -0.2510
vn 0.2760 0.9522 -0.1306
vn -0.6044 0.6775 0.4191
vn -0.6285 0.6739 0.3884
vn -0.4390 0.8432 0.3103
vn -0.4586 0.8404 0.2888
vn -0.2451 0.9524 0.1811
vn -0.2569 0.9515 0.1695
vn -0.9060 0.4172 0.0718
vn -0.6845 0.7264 0.0618
vn -0.3689 0.9285 0.0428
vn -0.7302 0.6491 0.2135
vn -0.5357 0.8283 0.1643
vn -0.3062 0.9463 0.1036
vn 0.7040 0.6300 -0.3279
vn 0.5200 0.8207 -0.2366
vn 0.2892 0.9493 -0.1236
vn -0.6468 0.6681 0.3678
vn -0.4753 0.8356 0.2753
vn -0.2681 0.9495 0.1633
vn 0.4511 0.3725 -0.8110
vn 0.7914 0.3725 -0.4847
vn -0.2737 0.1930 -0.9423
vn -0.2736 0.1934 -0.9422
vn -0.2737 0.1930 -0.9422
vn -0.9630 -0.2631 -0.0577
vn 0.4822 0.3711 -0.7936
vn 0.9449 0.2028 0.2570
vn 0.9449 0.2028 0.2571
vn 0.0850 -0.2518 0.9640
vn 0.8130 0.3735 -0.4467
vn -0.0023 0.9152 0.4031
vn -0.0006 0.6908 0.7231
vn 0.0012 0.3619 0.9322
vn -0.9230 -0.0060 0.3847
vn -0.3774 -0.0169 0.9259
vn -0.7029 -0.0124 0.7112
vn 0.6923 -0.6968 0.1877
vn 0.6924 -0.6968 0.1872
vn 0.1660 -0.1820 0.9692
vn 0.6274 -0.6212 -0.4695
vn -0.9245 0.3809 0.0116
vn -0.7076 0.7064 0.0170
vn -0.3826 0.9237 0.0198
vn 0.6856 0.2402 -0.6872
vn 0.6854 0.2412 -0.6870
vn 0.1521 0.9788 -0.1372
vn 0.6287 -0.4414 -0.6402
vn -0.1569 -0.6864 -0.7102
vn -0.1570 -0.6863 -0.7101
vn -0.9769 -0.1500 -0.1521
vn 0.4543 -0.6182 -0.6414
vn -0.0075 0.4173 -0.9087
vn -0.0075 0.7387 -0.6739
vn -0.0068 0.8795 -0.4758
vn -0.0064 0.9347 -0.3555
vn -0.1079 0.9939 -0.0242
vn -0.0039 0.9907 0.1364
vn 0.3648 0.9308 0.0209
vn 0.5654 0.8247 0.0133
vn 0.6843 0.7291 0.0110
vn 0.9145 0.4045 0.0038
vn -0.3162 0.8893 0.3303
vn -0.4972 0.7028 0.5088
vn -0.5217 0.6658 0.5334
vn -0.6872 0.2183 0.6928
vn -0.4249 0.7920 0.4384
vn -0.5544 0.6105 0.5655
vn -0.4040 0.0169 -0.9146
vn -0.7275 0.0127 -0.6860
vn -0.9312 0.0067 -0.3645
vn -0.9833 -0.1181 -0.1384
vn -0.5151 0.0158 -0.8570
vn -0.8910 0.0083 -0.4540
vn -0.9922 0.1035 -0.0700
vn -0.4054 -0.9140 -0.0157
vn -0.4308 -0.9023 -0.0152
vn -0.7313 -0.6820 -0.0098
vn -0.8257 -0.5641 -0.0072
vn -0.9344 -0.3561 -0.0028
vn -0.9927 -0.0000 0.1205
vn -0.8979 0.3039 0.3184
vn -0.7960 0.4186 0.4373
vn -0.6524 0.5253 0.5463
vn -0.3193 0.6579 0.6820
vn -0.7194 0.4364 0.5404
vn -0.1150 -0.0124 0.9933
vn 0.0039 -0.3698 0.9291
vn 0.0043 -0.5459 0.8379
vn 0.0045 -0.6744 0.7384
vn 0.0046 -0.8174 0.5760
vn 0.0045 -0.8991 0.4378
vn 0.1419 -0.1340 0.9808
vn 0.3326 -0.0178 0.9429
vn 0.6711 -0.0140 0.7412
vn 0.9162 -0.0075 0.4006
vn 0.0763 0.0838 0.9936
vn 0.5021 -0.0164 0.8646
vn -0.2997 0.2849 0.9105
vn -0.5443 0.4513 0.7072
vn -0.5156 0.5044 0.6927
vn -0.5520 0.5419 0.6337
vn -0.6831 0.6784 0.2703
vn -0.3950 0.3814 0.8358
vn -0.0024 0.9307 -0.3659
vn -0.0044 0.7201 -0.6939
vn -0.0057 0.3999 -0.9165
vn 0.9238 0.3828 0.0033
vn 0.7075 0.7067 0.0104
vn 0.3823 0.9239 0.0160
vn -0.6669 0.3060 0.6794
vn -0.5174 0.6673 0.5357
vn -0.2776 0.9131 0.2986
vn -0.9255 0.0070 -0.3787
vn -0.7101 0.0131 -0.7040
vn -0.3866 0.0171 -0.9221
vn -0.9236 -0.3834 -0.0033
vn -0.7078 -0.7063 -0.0104
vn -0.3826 -0.9238 -0.0160
vn -0.3966 0.6372 0.6609
vn -0.7059 0.4907 0.5108
vn -0.9204 0.2698 0.2830
vn 0.0022 -0.9088 0.4173
vn 0.0036 -0.6950 0.7190
vn 0.0045 -0.3866 0.9222
vn 0.9259 -0.0065 0.3777
vn 0.7100 -0.0122 0.7041
vn 0.3873 -0.0160 0.9218
vn -0.6618 0.6599 0.3558
vn -0.5090 0.5022 0.6991
vn -0.2714 0.2609 0.9264
vn 0.3772 0.0177 -0.9260
vn 0.7032 0.0135 -0.7109
vn 0.7035 0.0136 -0.7105
vn 0.9223 0.0073 -0.3864
vn 0.9947 0.0019 -0.1024
vn -0.5810 -0.0157 0.8137
vn -0.5728 0.1325 0.8089
vn 0.3866 -0.0177 0.9221
vn 0.3849 0.0792 0.9195
vn 0.9876 -0.0030 0.1569
vn 0.3860 -0.0176 0.9223
vn -0.0042 0.1809 -0.9835
vn 0.0108 0.9305 -0.3661
vn -0.0016 0.9305 -0.3662
vn -0.0016 0.9305 -0.3663
vn -0.0041 0.1809 -0.9835
vn 0.0059 0.5657 -0.8246
vn 0.0107 0.9789 0.2038
vn 0.0108 0.9322 -0.3617
vn 0.0026 0.8007 0.5991
vn 0.0007 -0.9899 0.1420
vn -0.1477 -0.9789 0.1415
vn 0.0040 -0.3995 0.9167
vn -0.0934 -0.3978 0.9127
vn 0.0003 -0.9981 0.0617
vn 0.0007 -0.9897 0.1430
vn 0.0040 -0.3993 0.9168
vn 0.0040 -0.3991 0.9169
vn 0.0035 0.5693 0.8221
vn 0.9241 -0.3819 -0.0111
vn 0.7077 -0.7063 -0.0156
vn 0.7083 -0.7058 -0.0156
vn 0.3838 -0.9232 -0.0177
vn -0.9247 -0.3792 0.0336
vn -0.1577 -0.9813 0.1106
vn -0.8082 0.5841 -0.0754
vn -0.9239 -0.3811 0.0336
vn -0.9246 -0.3794 0.0335
vn -0.1570 -0.9814 0.1105
vn -0.1655 -0.0185 -0.9860
vn -0.6561 -0.1330 -0.7429
vn -0.6626 -0.1346 -0.7368
vn -0.9056 -0.2068 0.3704
vn -0.1664 -0.0186 -0.9859
vn -0.8972 -0.2018 -0.3927
vn -0.8992 -0.2024 -0.3879
vn -0.8032 -0.1902 0.5646
vn -0.0017 -0.9163 -0.4004
vn -0.0030 -0.6935 -0.7204
vn -0.0040 -0.3655 -0.9308
vn -0.0043 -0.0795 -0.9968
vn -0.0031 -0.6935 -0.7205
vn 0.3829 0.9238 0.0088
vn 0.3825 0.9239 0.0140
vn 0.3825 0.9238 0.0140
vn -0.5794 0.8149 0.0172
vn 0.3825 0.9240 0.0035
vn 0.3828 0.9238 0.0088
vn 0.9860 0.1666 -0.0021
vn -0.3254 0.3161 -0.8912
vn -0.3065 0.3334 -0.8916
vn -0.4725 0.4594 -0.7521
vn -0.4452 0.4849 -0.7527
vn -0.6589 0.7162 -0.2302
vn -0.7184 0.6951 0.0265
vn -0.6767 0.7358 0.0281
vn -0.3412 0.2982 -0.8915
vn -0.4956 0.4333 -0.7527
vn -0.6995 0.6761 -0.2316
vn -0.7554 0.6547 0.0256
vn 0.2674 -0.2908 -0.9187
vn 0.2483 -0.3076 -0.9186
vn 0.4113 -0.4467 -0.7945
vn 0.5926 -0.7299 -0.3408
vn 0.6738 -0.7325 -0.0974
vn 0.6363 -0.6918 -0.3414
vn 0.2270 -0.3239 -0.9185
vn 0.3812 -0.4719 -0.7950
vn 0.5437 -0.7671 -0.3404
vn 0.6274 -0.7726 -0.0973
vn -0.2670 0.3669 -0.8911
vn -0.2872 0.3510 -0.8912
vn -0.3879 0.5334 -0.7517
vn -0.6143 0.7549 -0.2295
vn -0.5848 0.8107 0.0274
vn -0.5693 0.7894 -0.2296
vn -0.4174 0.5108 -0.7516
vn -0.6311 0.7752 0.0279
vn 0.2865 -0.2750 -0.9178
vn 0.3022 -0.2581 -0.9176
vn 0.4387 -0.4209 -0.7939
vn 0.4631 -0.3957 -0.7931
vn 0.7121 -0.6142 -0.3401
vn 0.7162 -0.6909 -0.0983
vn 0.7538 -0.6497 -0.0984
vn 0.6763 -0.6527 -0.3415
vn 0.3169 -0.2410 -0.9173
vn 0.3339 -0.2211 -0.9163
vn 0.4866 -0.3692 -0.7917
vn 0.5118 -0.3384 -0.7896
vn 0.7789 -0.5276 -0.3392
vn 0.7886 -0.6069 -0.0989
vn 0.8246 -0.5567 -0.1004
vn 0.7445 -0.5739 -0.3412
vn -0.3585 0.2805 -0.8904
vn -0.5196 0.4067 -0.7514
vn -0.7355 0.6371 -0.2307
vn -0.7908 0.6115 0.0243
vn -0.3751 0.2606 -0.8896
vn -0.5429 0.3779 -0.7500
vn -0.7702 0.5947 -0.2303
vn -0.8255 0.5640 0.0213
vn -0.3929 0.2402 -0.8876
vn -0.5675 0.3484 -0.7460
vn -0.8041 0.5478 -0.2309
vn -0.8577 0.5138 0.0181
vn -0.4117 0.2215 -0.8840
vn -0.5902 0.3222 -0.7401
vn -0.8351 0.4986 -0.2324
vn -0.8844 0.4663 0.0186
vn 0.3519 -0.1997 -0.9145
vn 0.3689 -0.1842 -0.9110
vn 0.5385 -0.3042 -0.7858
vn 0.5613 -0.2796 -0.7790
vn 0.8372 -0.4345 -0.3322
vn 0.8600 -0.5003 -0.1007
vn 0.8846 -0.4559 -0.0980
vn 0.8128 -0.4758 -0.3362
vn -0.4600 0.1300 -0.8784
vn -0.3938 0.0155 -0.9191
vn -0.8277 0.2049 -0.5225
vn -0.7204 0.0116 -0.6935
vn -0.9762 0.2122 -0.0449
vn -0.9362 0.0061 -0.3514
vn -0.1986 0.1058 -0.9744
vn -0.6125 0.3041 -0.7296
vn -0.8644 0.4503 -0.2238
vn -0.9019 0.4313 0.0238
vn -0.6254 0.2988 -0.7208
vn -0.8845 0.4174 -0.2084
vn 0.3798 -0.1777 -0.9078
vn 0.5739 -0.2707 -0.7729
vn 0.8950 -0.4356 -0.0959
vn 0.8493 -0.4144 -0.3270
vn 0.1996 -0.3434 -0.9177
vn 0.3487 -0.4976 -0.7942
vn 0.4805 -0.8088 -0.3390
vn 0.5750 -0.8123 -0.0972
vn 0.1770 -0.3663 -0.9135
vn 0.3061 -0.5302 -0.7907
vn 0.4215 -0.8438 -0.3322
vn 0.5057 -0.8571 -0.0980
vn -0.2297 0.4016 -0.8865
vn -0.2478 0.3840 -0.8895
vn -0.3358 0.5782 -0.7436
vn -0.5228 0.8220 -0.2258
vn -0.4925 0.8699 0.0291
vn -0.4767 0.8511 -0.2202
vn -0.3600 0.5569 -0.7485
vn -0.5369 0.8432 0.0277
vn -0.0064 0.3966 -0.9180
vn 0.0038 0.7234 -0.6904
vn 0.0131 0.9380 -0.3465
vn -0.1285 0.4594 -0.8789
vn -0.2090 0.8308 -0.5159
vn -0.2192 0.9754 -0.0226
vn 0.1667 -0.3831 -0.9085
vn 0.2678 -0.5640 -0.7811
vn 0.3900 -0.8630 -0.3212
vn 0.4398 -0.8932 -0.0938
vn 0.4075 -0.9093 -0.0846
vn 0.2530 -0.5826 -0.7724
vn 0.3823 -0.8648 -0.3254
vn -0.2194 0.4172 -0.8820
vn -0.4460 0.8719 -0.2023
vn -0.3189 0.5989 -0.7346
vn -0.4597 0.8874 0.0361
vn -0.4799 0.5219 0.7052
vn -0.5108 0.4928 0.7044
vn -0.3421 0.3719 0.8629
vn -0.3644 0.3506 0.8627
vn -0.1826 0.1985 0.9629
vn -0.1949 0.1863 0.9630
vn -0.5391 0.4640 0.7029
vn -0.3855 0.3303 0.8616
vn -0.2065 0.1750 0.9627
vn 0.4913 -0.6037 0.6278
vn 0.5267 -0.5729 0.6279
vn 0.3622 -0.4442 0.8194
vn 0.3876 -0.4217 0.8197
vn 0.2064 -0.2520 0.9455
vn 0.2199 -0.2395 0.9456
vn 0.4524 -0.6348 0.6264
vn 0.3338 -0.4662 0.8193
vn 0.1907 -0.2638 0.9455
vn -0.4470 0.5507 0.7049
vn -0.4139 0.5776 0.7036
vn -0.3179 0.3924 0.8631
vn -0.2944 0.4124 0.8622
vn -0.1691 0.2101 0.9630
vn -0.1559 0.2209 0.9628
vn 0.5898 -0.5116 0.6247
vn 0.5598 -0.5416 0.6271
vn 0.4337 -0.3778 0.8180
vn 0.4117 -0.3991 0.8193
vn 0.2455 -0.2160 0.9450
vn 0.2338 -0.2276 0.9453
vn 0.6483 -0.4431 0.6191
vn 0.6180 -0.4798 0.6228
vn 0.4777 -0.3293 0.8145
vn 0.4548 -0.3551 0.8168
vn 0.2705 -0.1901 0.9438
vn 0.2575 -0.2039 0.9445
vn -0.5667 0.4341 0.7003
vn -0.4053 0.3085 0.8606
vn -0.2187 0.1634 0.9620
vn -0.5956 0.4011 0.6960
vn -0.4278 0.2854 0.8576
vn -0.2304 0.1501 0.9615
vn -0.6236 0.3671 0.6902
vn -0.4491 0.2611 0.8545
vn -0.2434 0.1369 0.9602
vn -0.6489 0.3343 0.6835
vn -0.4709 0.2385 0.8493
vn -0.2582 0.1255 0.9579
vn 0.7046 -0.3703 0.6054
vn 0.6799 -0.4023 0.6132
vn 0.5241 -0.2793 0.8045
vn 0.5026 -0.3008 0.8105
vn 0.2984 -0.1641 0.9402
vn 0.2839 -0.1747 0.9428
vn -0.9001 0.0558 0.4321
vn -0.7405 0.1719 0.6497
vn -0.6727 0.0353 0.7391
vn -0.5405 0.1226 0.8324
vn -0.3533 0.0099 0.9355
vn -0.3009 0.0641 0.9515
vn -0.6687 0.3121 0.6749
vn -0.4889 0.2241 0.8431
vn -0.2693 0.1177 0.9558
vn 0.7168 -0.3558 0.5997
vn 0.5357 -0.2698 0.8002
vn 0.3063 -0.1592 0.9385
vn 0.4008 -0.6710 0.6238
vn 0.2974 -0.4935 0.8173
vn 0.1712 -0.2785 0.9451
vn 0.3533 -0.7051 0.6148
vn 0.2651 -0.5226 0.8103
vn 0.1548 -0.2964 0.9424
vn -0.3807 0.6033 0.7008
vn -0.3495 0.6268 0.6963
vn -0.2703 0.4316 0.8606
vn -0.2490 0.4515 0.8568
vn -0.1430 0.2327 0.9620
vn -0.1311 0.2444 0.9608
vn -0.0341 0.8994 0.4358
vn -0.0197 0.6727 0.7397
vn -0.0023 0.3537 0.9354
vn -0.1727 0.7237 0.6681
vn -0.1227 0.5256 0.8419
vn -0.0642 0.2921 0.9542
vn 0.3301 -0.7228 0.6071
vn 0.2500 -0.5400 0.8037
vn 0.1476 -0.3096 0.9394
vn -0.3280 0.6441 0.6911
vn -0.2351 0.4673 0.8523
vn -0.1243 0.2553 0.9588
vn 0.8088 -0.4813 0.3379
vn 0.4646 0.8762 -0.1279
vn 0.6067 -0.7146 0.3482
vn 0.0774 0.9669 -0.2432
vn 0.6869 -0.6387 0.3466
vn -0.9741 -0.0589 -0.2184
vn 0.4400 -0.8293 0.3445
vn 0.8391 0.3755 0.3935
vn 0.8387 0.3574 0.4108
vn 0.6795 0.5086 0.5287
vn 0.6790 0.4817 0.5540
vn 0.1261 0.6518 0.7479
vn -0.1320 0.6939 0.7079
vn -0.1328 0.6511 0.7473
vn 0.8389 0.3928 0.3768
vn 0.6787 0.5341 0.5041
vn 0.1252 0.6930 0.7100
vn -0.1301 0.7322 0.6685
vn 0.9552 -0.1950 -0.2225
vn 0.9548 -0.1769 -0.2389
vn 0.8549 -0.3416 -0.3905
vn 0.4403 -0.5454 -0.7132
vn 0.2021 -0.6436 -0.7382
vn 0.4396 -0.5902 -0.6770
vn 0.9547 -0.1540 -0.2546
vn 0.8536 -0.3133 -0.4161
vn 0.4384 -0.4959 -0.7496
vn 0.2022 -0.5959 -0.7772
vn 0.8386 0.3167 0.4431
vn 0.8387 0.3369 0.4280
vn 0.6778 0.4237 0.6009
vn 0.1263 0.6061 0.7853
vn -0.1325 0.5573 0.8196
vn 0.1243 0.5602 0.8190
vn 0.6781 0.4527 0.5790
vn -0.1321 0.6046 0.7855
vn 0.9548 -0.2138 -0.2065
vn 0.9545 -0.2298 -0.1902
vn 0.8538 -0.3704 -0.3659
vn 0.8534 -0.3946 -0.3407
vn 0.4400 -0.6672 -0.6010
vn 0.2029 -0.6869 -0.6978
vn 0.2038 -0.7255 -0.6574
vn 0.4401 -0.6310 -0.6389
vn 0.9538 -0.2454 -0.1731
vn 0.9531 -0.2600 -0.1547
vn 0.8524 -0.4179 -0.3142
vn 0.8502 -0.4425 -0.2852
vn 0.4381 -0.7371 -0.5145
vn 0.2034 -0.7615 -0.6154
vn 0.2044 -0.8004 -0.5636
vn 0.4385 -0.7013 -0.5620
vn 0.8386 0.4098 0.3590
vn 0.6781 0.5582 0.4782
vn 0.1277 0.7307 0.6707
vn -0.1273 0.7689 0.6266
vn 0.8374 0.4280 0.3401
vn 0.6757 0.5835 0.4504
vn 0.1277 0.7663 0.6297
vn -0.1238 0.8050 0.5803
vn 0.8378 0.4435 0.3183
vn 0.6762 0.6055 0.4196
vn 0.1301 0.8013 0.5840
vn -0.1201 0.8387 0.5312
vn 0.8480 0.4443 0.2890
vn 0.6862 0.6159 0.3870
vn 0.1300 0.8346 0.5353
vn -0.1181 0.8669 0.4842
vn 0.9523 -0.2698 -0.1425
vn 0.9461 -0.2888 -0.1463
vn 0.8457 -0.4674 -0.2575
vn 0.8336 -0.4945 -0.2461
vn 0.4222 -0.8061 -0.4146
vn 0.2048 -0.8423 -0.4987
vn 0.1976 -0.8745 -0.4430
vn 0.4336 -0.7746 -0.4604
vn 0.9165 0.3720 0.1471
vn 0.9176 0.3967 0.0237
vn 0.8130 0.5661 0.1363
vn 0.6759 0.7364 0.0300
vn -0.0235 0.9724 0.2320
vn 0.3325 0.9426 0.0310
vn 0.3023 0.9527 0.0315
vn 0.9755 0.1696 0.1403
vn 0.7142 0.6038 0.3541
vn 0.1280 0.8647 0.4856
vn -0.1208 0.8848 0.4500
vn 0.7053 0.6171 0.3490
vn 0.1202 0.8836 0.4526
vn 0.9353 -0.3166 -0.1578
vn 0.8156 -0.5217 -0.2502
vn 0.1889 -0.8892 -0.4167
vn 0.4090 -0.8239 -0.3924
vn 0.9534 -0.1263 -0.2739
vn 0.8534 -0.2790 -0.4402
vn 0.4345 -0.4332 -0.7897
vn 0.2020 -0.5427 -0.8152
vn 0.9495 -0.1038 -0.2962
vn 0.8486 -0.2361 -0.4734
vn 0.4252 -0.3730 -0.8247
vn 0.2003 -0.4726 -0.8582
vn 0.8344 0.2777 0.4760
vn 0.8373 0.2966 0.4593
vn 0.6717 0.3681 0.6429
vn 0.1242 0.5119 0.8500
vn -0.1325 0.4637 0.8760
vn 0.1178 0.4655 0.8772
vn 0.6762 0.3937 0.6227
vn -0.1311 0.5093 0.8505
vn 0.8815 0.0573 0.4688
vn 0.6303 0.0220 0.7761
vn 0.2724 -0.0170 0.9620
vn 0.8301 0.1747 0.5296
vn 0.4345 0.2191 0.8736
vn -0.0702 0.1912 0.9790
vn 0.9454 -0.0930 -0.3125
vn 0.8402 -0.1967 -0.5053
vn 0.4141 -0.3413 -0.8438
vn 0.1931 -0.4063 -0.8931
vn 0.1852 -0.3729 -0.9092
vn 0.8312 -0.1824 -0.5252
vn 0.4188 -0.3334 -0.8447
vn 0.8292 0.2666 0.4913
vn 0.1027 0.4333 0.8954
vn 0.6621 0.3504 0.6625
vn -0.1378 0.4297 0.8924
vn -0.7754 0.4153 0.4756
vn -0.7747 0.4470 0.4474
vn -0.9112 0.2712 0.3100
vn -0.9107 0.2947 0.2895
vn -0.9860 0.1106 0.1250
vn -0.9858 0.1235 0.1140
vn -0.7729 0.4762 0.4193
vn -0.9099 0.3146 0.2702
vn -0.9854 0.1356 0.1030
vn -0.5439 -0.5141 -0.6632
vn -0.5432 -0.5511 -0.6334
vn -0.7558 -0.4032 -0.5159
vn -0.7556 -0.4297 -0.4944
vn -0.9064 -0.2626 -0.3309
vn -0.9069 -0.2757 -0.3186
vn -0.5424 -0.4749 -0.6930
vn -0.7552 -0.3750 -0.5377
vn -0.9064 -0.2468 -0.3428
vn -0.7753 0.3814 0.5034
vn -0.7739 0.3478 0.5293
vn -0.9110 0.2465 0.3306
vn -0.9100 0.2229 0.3495
vn -0.9858 0.0973 0.1369
vn -0.9854 0.0838 0.1480
vn -0.5416 -0.6149 -0.5732
vn -0.5423 -0.5852 -0.6029
vn -0.7546 -0.4763 -0.4513
vn -0.7550 -0.4546 -0.4725
vn -0.9061 -0.3023 -0.2960
vn -0.9062 -0.2906 -0.3072
vn -0.5367 -0.6780 -0.5023
vn -0.5400 -0.6435 -0.5425
vn -0.7515 -0.5246 -0.4000
vn -0.7539 -0.4973 -0.4294
vn -0.9055 -0.3298 -0.2671
vn -0.9060 -0.3141 -0.2838
vn -0.7696 0.5055 0.3901
vn -0.9078 0.3375 0.2491
vn -0.9847 0.1481 0.0916
vn -0.7652 0.5345 0.3589
vn -0.9051 0.3598 0.2263
vn -0.9838 0.1609 0.0795
vn -0.7577 0.5653 0.3262
vn -0.9000 0.3850 0.2046
vn -0.9818 0.1773 0.0686
vn -0.7440 0.5975 0.2991
vn -0.8864 0.4213 0.1918
vn -0.9727 0.2202 0.0736
vn -0.5196 -0.7615 -0.3875
vn -0.5291 -0.7225 -0.4451
vn -0.7407 -0.5981 -0.3061
vn -0.7466 -0.5627 -0.3548
vn -0.9040 -0.3794 -0.1971
vn -0.9040 -0.3567 -0.2358
vn -0.4855 0.8709 0.0758
vn -0.6755 0.7167 0.1731
vn -0.7595 0.6481 0.0558
vn -0.8175 0.5611 0.1302
vn -0.9339 0.3563 0.0292
vn -0.9207 0.3816 0.0814
vn -0.7215 0.6313 0.2844
vn -0.8593 0.4727 0.1954
vn -0.9586 0.2714 0.0862
vn -0.5167 -0.7776 -0.3581
vn -0.7424 -0.6095 -0.2781
vn -0.9096 -0.3793 -0.1696
vn -0.5403 -0.4223 -0.7279
vn -0.7534 -0.3376 -0.5643
vn -0.9063 -0.2268 -0.3567
vn -0.5319 -0.3741 -0.7597
vn -0.7470 -0.3045 -0.5910
vn -0.9030 -0.2110 -0.3743
vn -0.7709 0.3133 0.5546
vn -0.7656 0.2827 0.5779
vn -0.9084 0.1983 0.3681
vn -0.9049 0.1760 0.3874
vn -0.9848 0.0703 0.1589
vn -0.9837 0.0578 0.1701
vn -0.5478 -0.0259 0.8362
vn -0.7894 -0.0506 0.6118
vn -0.9579 -0.0718 0.2780
vn -0.7249 0.1492 0.6725
vn -0.8869 0.0493 0.4593
vn -0.9763 -0.0097 0.2161
vn -0.5238 -0.3494 -0.7769
vn -0.7400 -0.2880 -0.6078
vn -0.9003 -0.2017 -0.3858
vn -0.7601 0.2614 0.5949
vn -0.9004 0.1622 0.4038
vn -0.9822 0.0507 0.1809
vn -0.2416 -0.8158 -0.5255
vn -0.2444 -0.4749 -0.8454
vn -0.1168 -0.9710 0.2086
vn -0.1166 -0.9710 0.2089
vn 0.1757 -0.0856 0.9807
vn -0.2451 -0.4964 -0.8328
vn -0.2451 -0.4960 -0.8330
vn 0.1514 0.9881 -0.0256
vn -0.2455 -0.5203 -0.8180
vn -0.3747 0.8483 -0.3742
vn -0.5863 0.4673 0.6617
vn -0.6451 0.4640 0.6070
vn 0.7963 0.6010 0.0686
vn 0.7963 0.6009 0.0686
vn -0.5999 -0.7988 0.0448
vn -0.0991 0.6549 -0.7492
vn -0.2330 -0.1225 0.9647
vn -0.6398 0.6324 0.4367
vn 0.5932 -0.1868 -0.7831
vn 0.8200 -0.5293 0.2176
vn 0.3961 0.8743 -0.2806
vn -0.6733 0.4977 -0.5469
vn -0.8855 0.3136 -0.3429
vn -0.9634 0.2612 -0.0606
vn -0.5002 0.1116 0.8587
vn -0.6227 0.7463 -0.2351
vn 0.0782 0.6921 -0.7175
vn 0.7570 -0.4316 -0.4906
vn 0.7570 -0.4315 -0.4907
vn 0.7569 -0.4317 -0.4906
vn -0.4545 -0.5605 0.6923
vn -0.2816 -0.3626 0.8884
vn -0.6580 -0.5960 0.4602
vn -0.0809 0.4835 -0.8716
vn 0.8848 0.0564 0.4625
vn -0.8953 -0.4285 -0.1220
vn 0.1294 -0.4562 0.8804
vn -0.9069 0.3135 0.2816
vn -0.4339 0.8833 -0.1774
vn 0.5740 0.5894 -0.5685
vn 0.4726 -0.5099 -0.7188
vn -0.6174 -0.1012 0.7801
vn 0.5735 -0.3514 -0.7400
vn 0.7432 -0.4917 -0.4537
vn -0.8245 0.5593 -0.0859
vn 0.0103 0.9757 0.2187
vn 0.1184 0.8868 0.4468
vt 0.129631 0.361744
vt 0.128187 0.367085
vt 0.125808 0.364265
vt 0.014481 0.493987
vt 0.017135 0.478653
vt 0.017529 0.493897
vt 0.124415 0.369792
vt 0.123058 0.375612
vt 0.120742 0.372677
vt 0.047080 0.447537
vt 0.045370 0.433032
vt 0.048333 0.433135
vt 0.113893 0.378853
vt 0.108668 0.378985
vt 0.111686 0.375890
vt 0.015512 0.509196
vt 0.018562 0.509060
vt 0.047593 0.508735
vt 0.046648 0.525145
vt 0.044635 0.508908
vt 0.046065 0.477990
vt 0.043328 0.462576
vt 0.046294 0.462586
vt 0.114965 0.372794
vt 0.118455 0.369774
vt 0.119481 0.378697
vt 0.117213 0.375728
vt 0.047109 0.419091
vt 0.050066 0.419247
vt 0.020509 0.407297
vt 0.021261 0.420878
vt 0.018233 0.420765
vt 0.016473 0.434454
vt 0.018224 0.448676
vt 0.015192 0.448639
vt 0.049548 0.404670
vt 0.052490 0.404881
vt 0.053564 0.385818
vt 0.056476 0.386058
vt 0.026853 0.379839
vt 0.026397 0.393942
vt 0.023365 0.393737
vt 0.110835 0.381978
vt 0.105880 0.382110
vt 0.059568 0.359528
vt 0.062468 0.359747
vt 0.066096 0.328688
vt 0.069125 0.328770
vt 0.030792 0.365670
vt 0.029890 0.380089
vt 0.105305 0.388479
vt 0.100762 0.388735
vt 0.103268 0.385330
vt 0.017153 0.524357
vt 0.020205 0.524173
vt 0.019494 0.539931
vt 0.022548 0.539690
vt 0.053812 0.547008
vt 0.058088 0.579309
vt 0.050910 0.547327
vt 0.126777 0.372683
vt 0.022666 0.556286
vt 0.025716 0.555970
vt 0.026608 0.573102
vt 0.029592 0.572502
vt 0.060974 0.579000
vt 0.066104 0.617392
vt 0.137228 0.361654
vt 0.134805 0.367263
vt 0.132196 0.364486
vt 0.020169 0.478613
vt 0.020568 0.493807
vt 0.031137 0.448083
vt 0.022923 0.434582
vt 0.032398 0.433783
vt 0.044114 0.447481
vt 0.042398 0.432929
vt 0.043740 0.418955
vt 0.036519 0.406065
vt 0.046193 0.404491
vt 0.021603 0.508922
vt 0.023247 0.523987
vt 0.043101 0.478034
vt 0.040562 0.493624
vt 0.040129 0.478077
vt 0.040354 0.462566
vt 0.043536 0.493520
vt 0.041665 0.509083
vt 0.017417 0.463473
vt 0.019502 0.434528
vt 0.021249 0.448713
vt 0.022523 0.434601
vt 0.046596 0.404456
vt 0.041996 0.432948
vt 0.034144 0.419986
vt 0.023538 0.407455
vt 0.024279 0.420993
vt 0.026557 0.407616
vt 0.056675 0.359306
vt 0.040022 0.389893
vt 0.050239 0.385672
vt 0.029419 0.394150
vt 0.033868 0.365959
vt 0.032920 0.380345
vt 0.063057 0.328705
vt 0.022004 0.508919
vt 0.030514 0.493717
vt 0.031580 0.509000
vt 0.043692 0.525406
vt 0.048005 0.547651
vt 0.025591 0.539447
vt 0.028751 0.555656
vt 0.033416 0.524686
vt 0.026007 0.539529
vt 0.023651 0.523997
vt 0.055210 0.579618
vt 0.063029 0.617344
vt 0.032509 0.571905
vt 0.046501 0.493416
vt 0.042874 0.597699
vt 0.045147 0.596315
vt 0.047441 0.594927
vt 0.040161 0.493631
vt 0.041263 0.509088
vt 0.041141 0.447424
vt 0.039729 0.478087
vt 0.143757 0.358353
vt 0.140791 0.364004
vt 0.122088 0.366935
vt 0.047595 0.547566
vt 0.042271 0.567533
vt 0.036802 0.543518
vt 0.095041 0.403142
vt 0.093421 0.409965
vt 0.094268 0.403071
vt 0.092575 0.409727
vt 0.093487 0.402992
vt 0.024682 0.420970
vt 0.014384 0.463470
vt 0.020969 0.493800
vt 0.030094 0.478352
vt 0.020443 0.463474
vt 0.150643 0.354464
vt 0.149410 0.359681
vt 0.142423 0.354736
vt 0.138109 0.356888
vt 0.032867 0.571776
vt 0.029197 0.555886
vt 0.054772 0.579358
vt 0.047430 0.594296
vt 0.102353 0.392556
vt 0.098309 0.392387
vt 0.113019 0.385009
vt 0.108010 0.385133
vt 0.044142 0.418933
vt 0.033383 0.380096
vt 0.044957 0.369864
vt 0.116118 0.381853
vt 0.110156 0.388199
vt 0.030341 0.463031
vt 0.039953 0.462579
vt 0.049590 0.524888
vt 0.274927 0.451153
vt 0.236716 0.487801
vt 0.235302 0.487385
vt 0.043290 0.525399
vt 0.098884 0.397693
vt 0.096061 0.395976
vt 0.099523 0.402950
vt 0.095150 0.403021
vt 0.056237 0.359564
vt 0.049721 0.347983
vt 0.062498 0.329590
vt 0.037200 0.366661
vt 0.150773 0.354368
vt 0.159041 0.353489
vt 0.159031 0.354490
vt 0.133696 0.359299
vt 0.150781 0.353586
vt 0.158888 0.352618
vt 0.029841 0.394052
vt 0.014087 0.478693
vt 0.040740 0.447440
vt 0.026963 0.407581
vt 0.095131 0.396159
vt 0.095971 0.395980
vt 0.107359 0.391668
vt 0.050651 0.385572
vt 0.047469 0.345912
vt 0.036852 0.366515
vt 0.021649 0.448697
vt 0.020843 0.463462
vt 0.020569 0.478604
vt 0.130603 0.369941
vt 0.103960 0.396393
vt 0.298947 0.379508
vt 0.193563 0.368148
vt 0.321240 0.372861
vt 0.107046 0.427116
vt 0.166473 0.452154
vt 0.166013 0.453369
vt 0.109938 0.427040
vt 0.166938 0.450941
vt 0.216882 0.464775
vt 0.205061 0.422334
vt 0.239815 0.423962
vt 0.230248 0.612791
vt 0.135163 0.565882
vt 0.140097 0.561014
vt 0.328100 0.413843
vt 0.275972 0.452195
vt 0.221565 0.547059
vt 0.226706 0.606880
vt 0.220233 0.547272
vt 0.199159 0.401143
vt 0.262724 0.383189
vt 0.273113 0.602013
vt 0.336782 0.516649
vt 0.267698 0.624802
vt 0.094352 0.469112
vt 0.158099 0.480392
vt 0.096775 0.470795
vt 0.263473 0.529781
vt 0.304647 0.506826
vt 0.286483 0.570921
vt 0.208661 0.495365
vt 0.157826 0.481711
vt 0.336746 0.390163
vt 0.344509 0.518728
vt 0.076964 0.453070
vt 0.129730 0.571246
vt 0.060304 0.436867
vt 0.245477 0.630378
vt 0.328378 0.414037
vt 0.327633 0.513927
vt 0.326600 0.417361
vt 0.235239 0.487603
vt 0.250613 0.539773
vt 0.249331 0.540195
vt 0.219661 0.476928
vt 0.155001 0.464046
vt 0.160682 0.458457
vt 0.191819 0.360781
vt 0.344302 0.366311
vt 0.234958 0.487405
vt 0.273432 0.443832
vt 0.274836 0.450930
vt 0.329440 0.514614
vt 0.273583 0.597902
vt 0.270775 0.358462
vt 0.305386 0.305441
vt 0.338819 0.357192
vt 0.216353 0.488219
vt 0.154911 0.464352
vt 0.221182 0.483655
vt 0.263768 0.433270
vt 0.256799 0.431346
vt 0.243975 0.545500
vt 0.249135 0.540347
vt 0.271676 0.435805
vt 0.344642 0.366670
vt 0.271458 0.435568
vt 0.222900 0.546842
vt 0.209838 0.494540
vt 0.210909 0.493521
vt 0.140402 0.560717
vt 0.096609 0.471034
vt 0.141678 0.559507
vt 0.083490 0.431489
vt 0.060441 0.436399
vt 0.229551 0.611975
vt 0.227934 0.609325
vt 0.229843 0.611819
vt 0.227903 0.485414
vt 0.238104 0.551126
vt 0.221452 0.483589
vt 0.093426 0.468669
vt 0.156652 0.472002
vt 0.158348 0.478834
vt 0.217909 0.469860
vt 0.261830 0.648119
vt 0.326332 0.417202
vt 0.277010 0.453239
vt 0.217377 0.468148
vt 0.217721 0.469572
vt 0.195231 0.375256
vt 0.294851 0.381219
vt 0.195581 0.376998
vt 0.247104 0.298691
vt 0.203692 0.347665
vt 0.107058 0.426787
vt 0.109927 0.426724
vt 0.256570 0.431248
vt 0.217589 0.468096
vt 0.255524 0.430295
vt 0.237792 0.551204
vt 0.230043 0.548997
vt 0.210750 0.493356
vt 0.158378 0.479079
vt 0.261351 0.648238
vt 0.280561 0.257262
vt 0.274197 0.320760
vt 0.221261 0.483390
vt 0.217044 0.466774
vt 0.195931 0.378722
vt 0.112465 0.426639
vt 0.292163 0.382413
vt 0.238016 0.488406
vt 0.251895 0.539343
vt 0.325843 0.513248
vt 0.325123 0.420233
vt 0.273798 0.595196
vt 0.142944 0.558305
vt 0.208808 0.495518
vt 0.226482 0.607022
vt 0.328713 0.413051
vt 0.329841 0.514748
vt 0.273027 0.600972
vt 0.273267 0.597875
vt 0.273533 0.595174
vt 0.238076 0.488203
vt 0.211066 0.493214
vt 0.206802 0.497036
vt 0.174690 0.527573
vt 0.159883 0.495764
vt 0.158658 0.542819
vt 0.113009 0.494494
vt 0.165856 0.453558
vt 0.106018 0.426984
vt 0.176218 0.441925
vt 0.135592 0.419099
vt 0.217249 0.466724
vt 0.254475 0.429349
vt 0.281646 0.465655
vt 0.322811 0.442731
vt 0.240441 0.488600
vt 0.283266 0.500757
vt 0.223146 0.546885
vt 0.205553 0.544113
vt 0.204306 0.591145
vt 0.098791 0.472238
vt 0.195143 0.374841
vt 0.298087 0.380087
vt 0.295004 0.381494
vt 0.292281 0.382644
vt 0.119719 0.350070
vt 0.118228 0.355437
vt 0.115849 0.352583
vt 0.458772 0.450248
vt 0.456109 0.465477
vt 0.455746 0.450328
vt 0.114424 0.358142
vt 0.113046 0.363982
vt 0.110729 0.361032
vt 0.426258 0.496504
vt 0.427970 0.510987
vt 0.425011 0.510885
vt 0.103852 0.367216
vt 0.098611 0.367345
vt 0.101641 0.364243
vt 0.457832 0.435156
vt 0.454805 0.435267
vt 0.425905 0.435388
vt 0.426975 0.419001
vt 0.428860 0.435235
vt 0.427289 0.466095
vt 0.430005 0.481488
vt 0.427043 0.481477
vt 0.104934 0.361142
vt 0.108438 0.358117
vt 0.109453 0.367068
vt 0.107184 0.364087
vt 0.426235 0.524908
vt 0.423284 0.524751
vt 0.452811 0.536671
vt 0.452049 0.523110
vt 0.455072 0.523221
vt 0.456821 0.509554
vt 0.455066 0.495360
vt 0.458093 0.495394
vt 0.423784 0.539316
vt 0.420838 0.539106
vt 0.419801 0.558178
vt 0.416890 0.557942
vt 0.446516 0.564113
vt 0.446947 0.550019
vt 0.449976 0.550219
vt 0.100786 0.370344
vt 0.095818 0.370485
vt 0.413864 0.584484
vt 0.410970 0.584272
vt 0.407393 0.615257
vt 0.404372 0.615178
vt 0.442605 0.578283
vt 0.443480 0.563869
vt 0.095270 0.376855
vt 0.090745 0.377157
vt 0.093216 0.373727
vt 0.456369 0.420065
vt 0.453325 0.420216
vt 0.454202 0.404521
vt 0.451155 0.404723
vt 0.419954 0.397065
vt 0.415669 0.364611
vt 0.422867 0.396757
vt 0.116786 0.361054
vt 0.451285 0.388171
vt 0.448243 0.388413
vt 0.447873 0.371444
vt 0.444833 0.371715
vt 0.412776 0.364931
vt 0.407348 0.326552
vt 0.127359 0.350056
vt 0.124877 0.355664
vt 0.122278 0.352853
vt 0.453093 0.465517
vt 0.452727 0.450407
vt 0.442175 0.495957
vt 0.450381 0.509429
vt 0.440922 0.510232
vt 0.429219 0.496560
vt 0.430937 0.511089
vt 0.429599 0.525043
vt 0.436816 0.537917
vt 0.427141 0.539495
vt 0.451784 0.435379
vt 0.450289 0.420370
vt 0.430249 0.466058
vt 0.432834 0.450510
vt 0.433215 0.466021
vt 0.432974 0.481500
vt 0.429866 0.450600
vt 0.431826 0.435081
vt 0.455860 0.480598
vt 0.453797 0.509482
vt 0.452047 0.495324
vt 0.450781 0.509410
vt 0.426738 0.539529
vt 0.431338 0.511070
vt 0.439182 0.524010
vt 0.449785 0.536516
vt 0.449034 0.522998
vt 0.446770 0.536360
vt 0.416752 0.584698
vt 0.433333 0.554084
vt 0.423125 0.558318
vt 0.443927 0.549816
vt 0.439530 0.578001
vt 0.440451 0.563618
vt 0.410425 0.615237
vt 0.451385 0.435380
vt 0.442842 0.450458
vt 0.441867 0.435230
vt 0.429933 0.418763
vt 0.425785 0.396444
vt 0.448116 0.404927
vt 0.445208 0.388654
vt 0.440170 0.419575
vt 0.447702 0.404840
vt 0.449887 0.420357
vt 0.418556 0.364289
vt 0.410423 0.326576
vt 0.441795 0.371990
vt 0.426906 0.450690
vt 0.141034 0.342912
vt 0.132881 0.342269
vt 0.141050 0.342144
vt 0.133113 0.341452
vt 0.141064 0.341374
vt 0.433234 0.450504
vt 0.432227 0.435078
vt 0.432187 0.496616
vt 0.433615 0.466013
vt 0.133943 0.346813
vt 0.130912 0.352449
vt 0.112090 0.355260
vt 0.426196 0.396531
vt 0.431723 0.376436
vt 0.436973 0.400708
vt 0.085086 0.391841
vt 0.083393 0.398811
vt 0.084292 0.391768
vt 0.082621 0.398484
vt 0.083493 0.391691
vt 0.448633 0.523021
vt 0.458888 0.480596
vt 0.452329 0.450412
vt 0.443217 0.465766
vt 0.452840 0.480599
vt 0.140903 0.343007
vt 0.139593 0.348206
vt 0.132643 0.343170
vt 0.128291 0.345283
vt 0.441428 0.372121
vt 0.444762 0.388412
vt 0.418996 0.364548
vt 0.426245 0.349473
vt 0.092355 0.380949
vt 0.088358 0.380827
vt 0.102974 0.373379
vt 0.097959 0.373502
vt 0.429197 0.525066
vt 0.439989 0.563867
vt 0.428440 0.574118
vt 0.106079 0.370226
vt 0.100102 0.376550
vt 0.442966 0.481041
vt 0.433374 0.481488
vt 0.424031 0.419237
vt 0.108054 0.336564
vt 0.106334 0.341823
vt 0.104080 0.338901
vt 0.430335 0.418773
vt 0.088930 0.386146
vt 0.086153 0.384446
vt 0.089490 0.391434
vt 0.085201 0.391716
vt 0.417189 0.584440
vt 0.423703 0.596000
vt 0.410981 0.614353
vt 0.436198 0.577304
vt 0.149270 0.342135
vt 0.149251 0.343130
vt 0.123836 0.347657
vt 0.149125 0.341268
vt 0.443506 0.549914
vt 0.459136 0.465436
vt 0.432587 0.496600
vt 0.446364 0.536395
vt 0.085193 0.384633
vt 0.086061 0.384450
vt 0.097327 0.380010
vt 0.422714 0.558418
vt 0.425958 0.598067
vt 0.436546 0.577450
vt 0.451648 0.495340
vt 0.452442 0.480611
vt 0.452695 0.465526
vt 0.120640 0.358321
vt 0.093959 0.384750
vt 0.407588 0.445170
vt 0.405153 0.459719
vt 0.404700 0.445254
vt 0.102487 0.344383
vt 0.101018 0.350105
vt 0.098776 0.347172
vt 0.377050 0.490158
vt 0.379140 0.504161
vt 0.376265 0.504157
vt 0.091956 0.353285
vt 0.086739 0.353486
vt 0.089729 0.350344
vt 0.406707 0.430772
vt 0.403813 0.430864
vt 0.375935 0.430838
vt 0.377085 0.414950
vt 0.378799 0.430700
vt 0.377417 0.460642
vt 0.380313 0.475521
vt 0.377445 0.475572
vt 0.093013 0.347236
vt 0.096538 0.344244
vt 0.097480 0.353110
vt 0.095245 0.350170
vt 0.377930 0.517787
vt 0.375039 0.517736
vt 0.404285 0.527800
vt 0.402831 0.514880
vt 0.405723 0.514843
vt 0.406830 0.501746
vt 0.404716 0.488266
vt 0.407603 0.488218
vt 0.376090 0.532159
vt 0.373182 0.532038
vt 0.372910 0.551972
vt 0.370025 0.551784
vt 0.400376 0.554653
vt 0.399582 0.541014
vt 0.402512 0.540974
vt 0.088959 0.356431
vt 0.084018 0.356687
vt 0.367932 0.580787
vt 0.365072 0.580589
vt 0.362425 0.614619
vt 0.359570 0.614290
vt 0.398004 0.568692
vt 0.397422 0.554698
vt 0.083661 0.363072
vt 0.079178 0.363513
vt 0.081517 0.360004
vt 0.405432 0.416381
vt 0.402528 0.416481
vt 0.403703 0.401509
vt 0.400778 0.401627
vt 0.370825 0.393597
vt 0.368104 0.362382
vt 0.373633 0.393387
vt 0.104736 0.347312
vt 0.401386 0.385719
vt 0.398444 0.385877
vt 0.398447 0.369261
vt 0.395539 0.369698
vt 0.365341 0.362544
vt 0.362432 0.325912
vt 0.115656 0.336938
vt 0.112856 0.342310
vt 0.110452 0.339437
vt 0.402272 0.459790
vt 0.401813 0.445339
vt 0.392392 0.489192
vt 0.400677 0.501859
vt 0.391631 0.502976
vt 0.379918 0.490132
vt 0.382022 0.504162
vt 0.381225 0.517795
vt 0.388868 0.530039
vt 0.379410 0.532223
vt 0.400922 0.430958
vt 0.399624 0.416585
vt 0.380288 0.460569
vt 0.382665 0.445492
vt 0.383160 0.460497
vt 0.383185 0.475471
vt 0.379793 0.445591
vt 0.381671 0.430562
vt 0.405140 0.474158
vt 0.403944 0.501787
vt 0.401832 0.488314
vt 0.401059 0.501827
vt 0.379014 0.532278
vt 0.382411 0.504130
vt 0.390497 0.516353
vt 0.401379 0.527838
vt 0.399939 0.514915
vt 0.398470 0.527871
vt 0.370791 0.580991
vt 0.386283 0.546535
vt 0.376205 0.552032
vt 0.396650 0.541047
vt 0.395022 0.568730
vt 0.394466 0.554737
vt 0.365397 0.614585
vt 0.400540 0.430956
vt 0.392323 0.445414
vt 0.391385 0.430762
vt 0.379955 0.414763
vt 0.376444 0.393169
vt 0.397856 0.401750
vt 0.395513 0.386038
vt 0.389886 0.415684
vt 0.397460 0.401656
vt 0.399239 0.416566
vt 0.370850 0.362209
vt 0.365672 0.326310
vt 0.392699 0.370132
vt 0.376928 0.445690
vt 0.383852 0.345044
vt 0.381621 0.346277
vt 0.379371 0.347514
vt 0.383052 0.445485
vt 0.382059 0.430560
vt 0.382791 0.490105
vt 0.383547 0.460483
vt 0.122554 0.334071
vt 0.119032 0.339475
vt 0.100241 0.341458
vt 0.376836 0.393265
vt 0.382888 0.374110
vt 0.387187 0.397488
vt 0.073894 0.379761
vt 0.072177 0.388288
vt 0.073074 0.379776
vt 0.071333 0.388047
vt 0.072253 0.379790
vt 0.399554 0.514955
vt 0.408027 0.474100
vt 0.401432 0.445345
vt 0.392802 0.460137
vt 0.402256 0.474216
vt 0.130307 0.330919
vt 0.128276 0.335758
vt 0.121460 0.330375
vt 0.116867 0.332309
vt 0.392348 0.370239
vt 0.395093 0.385795
vt 0.371253 0.362477
vt 0.379359 0.348106
vt 0.080889 0.367419
vt 0.076950 0.367255
vt 0.091181 0.359384
vt 0.086230 0.359635
vt 0.380832 0.517833
vt 0.394025 0.555032
vt 0.382516 0.567879
vt 0.094185 0.356232
vt 0.088442 0.362590
vt 0.392802 0.474830
vt 0.383572 0.475451
vt 0.374224 0.415135
vt 0.380343 0.414779
vt 0.077614 0.373168
vt 0.074889 0.370946
vt 0.078199 0.379117
vt 0.074009 0.379610
vt 0.371208 0.580686
vt 0.378759 0.591473
vt 0.365907 0.613598
vt 0.391658 0.568653
vt 0.130454 0.330826
vt 0.139284 0.330534
vt 0.139398 0.331390
vt 0.112286 0.334386
vt 0.130530 0.330006
vt 0.139146 0.329665
vt 0.396245 0.541182
vt 0.408042 0.459647
vt 0.383179 0.490079
vt 0.398081 0.527931
vt 0.073937 0.371239
vt 0.074803 0.370960
vt 0.085802 0.366146
vt 0.375804 0.552164
vt 0.073069 0.371515
vt 0.401450 0.488339
vt 0.401874 0.474235
vt 0.401891 0.459803
vt 0.108592 0.344748
vt 0.082586 0.371328
vt 0.094408 0.410074
vt 0.094439 0.410054
vt 0.094414 0.410102
vt 0.094436 0.410017
vt 0.094460 0.410017
vt 0.094447 0.410074
vt 0.094461 0.410039
vt 0.094516 0.409932
vt 0.094494 0.409925
vt 0.094522 0.409888
vt 0.094502 0.409982
vt 0.094485 0.409977
vt 0.094465 0.409969
vt 0.094476 0.410021
vt 0.094467 0.410094
vt 0.094465 0.410061
vt 0.094487 0.410033
vt 0.094443 0.410114
vt 0.159004 0.354519
vt 0.158967 0.354512
vt 0.159073 0.354512
vt 0.159024 0.354529
vt 0.158962 0.354537
vt 0.158913 0.354536
vt 0.158986 0.354540
vt 0.159043 0.354551
vt 0.159008 0.354546
vt 0.159066 0.354530
vt 0.158977 0.354565
vt 0.158964 0.354553
vt 0.158862 0.354561
vt 0.158866 0.354584
vt 0.158819 0.354585
vt 0.158918 0.354557
vt 0.158921 0.354575
vt 0.092544 0.409700
vt 0.092540 0.409663
vt 0.092571 0.409758
vt 0.092546 0.409724
vt 0.062747 0.328847
vt 0.062761 0.328945
vt 0.062647 0.329111
vt 0.062852 0.328756
vt 0.062833 0.328866
vt 0.062924 0.328797
vt 0.063049 0.328629
vt 0.062914 0.328936
vt 0.062810 0.328973
vt 0.062923 0.328706
vt 0.062557 0.329367
vt 0.062624 0.329408
vt 0.062694 0.329158
vt 0.062766 0.329179
vt 0.158858 0.352595
vt 0.158908 0.352615
vt 0.062725 0.617204
vt 0.062736 0.617105
vt 0.062838 0.617298
vt 0.062966 0.617450
vt 0.062908 0.617335
vt 0.062811 0.617184
vt 0.062597 0.616631
vt 0.062530 0.616672
vt 0.062471 0.616445
vt 0.062740 0.616865
vt 0.062668 0.616886
vt 0.062622 0.616933
vt 0.062785 0.617077
vt 0.062906 0.617251
vt 0.062891 0.617114
vt 0.063005 0.617454
vt 0.235272 0.487433
vt 0.235212 0.487399
vt 0.235249 0.487488
vt 0.235192 0.487434
vt 0.235109 0.487416
vt 0.235137 0.487456
vt 0.235122 0.487437
vt 0.235171 0.487544
vt 0.235239 0.487546
vt 0.235093 0.487475
vt 0.235172 0.487504
vt 0.235181 0.487468
vt 0.235024 0.487417
vt 0.235068 0.487436
vt 0.235020 0.487429
vt 0.235115 0.487464
vt 0.094249 0.469148
vt 0.094056 0.469003
vt 0.093810 0.468923
vt 0.093750 0.468879
vt 0.094187 0.469383
vt 0.093957 0.469068
vt 0.094172 0.469269
vt 0.093701 0.468864
vt 0.093942 0.469086
vt 0.093991 0.469053
vt 0.094194 0.469198
vt 0.328369 0.413604
vt 0.328221 0.413809
vt 0.328531 0.413374
vt 0.328492 0.413445
vt 0.328326 0.413608
vt 0.328355 0.413894
vt 0.328460 0.413628
vt 0.328402 0.413619
vt 0.328439 0.413620
vt 0.328504 0.413423
vt 0.328568 0.413336
vt 0.273113 0.601045
vt 0.273083 0.601292
vt 0.273125 0.601320
vt 0.273142 0.601548
vt 0.273135 0.601635
vt 0.273357 0.600978
vt 0.273192 0.601348
vt 0.273262 0.601052
vt 0.273163 0.601326
vt 0.273186 0.601069
vt 0.298098 0.379981
vt 0.298332 0.379886
vt 0.298075 0.379911
vt 0.298331 0.379838
vt 0.298551 0.379705
vt 0.298597 0.379682
vt 0.297905 0.379815
vt 0.298317 0.379769
vt 0.298017 0.379858
vt 0.298311 0.379747
vt 0.298636 0.379647
vt 0.298529 0.379713
vt 0.210838 0.493327
vt 0.210800 0.493385
vt 0.210935 0.493319
vt 0.210872 0.493348
vt 0.210898 0.493374
vt 0.210846 0.493423
vt 0.210931 0.493343
vt 0.211022 0.493265
vt 0.210954 0.493339
vt 0.210983 0.493293
vt 0.211013 0.493255
vt 0.210937 0.493294
vt 0.210882 0.493470
vt 0.210942 0.493436
vt 0.210922 0.493401
vt 0.210979 0.493339
vt 0.229940 0.612129
vt 0.229800 0.611923
vt 0.230002 0.612365
vt 0.229912 0.612176
vt 0.229669 0.611997
vt 0.229851 0.612245
vt 0.229745 0.611978
vt 0.229867 0.612230
vt 0.230024 0.612408
vt 0.230065 0.612504
vt 0.229882 0.612197
vt 0.229974 0.612329
vt 0.217925 0.469607
vt 0.217893 0.469546
vt 0.217943 0.469518
vt 0.217883 0.469695
vt 0.217889 0.469626
vt 0.217837 0.469566
vt 0.217865 0.469679
vt 0.217854 0.469636
vt 0.217887 0.469797
vt 0.217856 0.469702
vt 0.217882 0.469749
vt 0.217900 0.469794
vt 0.217904 0.469708
vt 0.217778 0.469574
vt 0.217778 0.469643
vt 0.217818 0.469643
vt 0.217844 0.469723
vt 0.106709 0.426999
vt 0.106978 0.427028
vt 0.106735 0.427047
vt 0.106453 0.426981
vt 0.106502 0.426984
vt 0.106979 0.426878
vt 0.106676 0.426913
vt 0.106958 0.426953
vt 0.106682 0.426934
vt 0.106351 0.426968
vt 0.261915 0.648198
vt 0.261713 0.648165
vt 0.261964 0.648310
vt 0.261765 0.648325
vt 0.261596 0.648201
vt 0.261772 0.648449
vt 0.261640 0.648382
vt 0.261807 0.649070
vt 0.261695 0.648611
vt 0.261993 0.648501
vt 0.261380 0.648648
vt 0.261553 0.648502
vt 0.261659 0.648463
vt 0.261477 0.648224
vt 0.261312 0.648345
vt 0.261503 0.648389
vt 0.261319 0.648466
vt 0.344326 0.366200
vt 0.344400 0.366391
vt 0.344397 0.366100
vt 0.344510 0.366268
vt 0.344488 0.366476
vt 0.344613 0.366200
vt 0.344622 0.366347
vt 0.345139 0.365849
vt 0.344789 0.366185
vt 0.344548 0.365978
vt 0.344989 0.366433
vt 0.344768 0.366361
vt 0.344681 0.366290
vt 0.344567 0.366568
vt 0.344756 0.366648
vt 0.344696 0.366462
vt 0.344860 0.366580
vt 0.221387 0.483619
vt 0.221413 0.483529
vt 0.221321 0.483639
vt 0.221356 0.483562
vt 0.221369 0.483478
vt 0.221299 0.483545
vt 0.221326 0.483519
vt 0.221190 0.483584
vt 0.221254 0.483651
vt 0.221205 0.483518
vt 0.221255 0.483587
vt 0.221308 0.483582
vt 0.221319 0.483432
vt 0.221228 0.483454
vt 0.221284 0.483487
vt 0.221262 0.483534
vt 0.060196 0.436901
vt 0.060324 0.436744
vt 0.060077 0.436889
vt 0.060164 0.436710
vt 0.060351 0.436627
vt 0.060057 0.436656
vt 0.060178 0.436577
vt 0.059506 0.436381
vt 0.059959 0.436512
vt 0.059900 0.436821
vt 0.060078 0.436223
vt 0.060120 0.436445
vt 0.060101 0.436554
vt 0.060391 0.436514
vt 0.060371 0.436314
vt 0.060240 0.436457
vt 0.060265 0.436261
vt 0.324893 0.420102
vt 0.324938 0.420192
vt 0.324854 0.420212
vt 0.325027 0.420127
vt 0.324993 0.420195
vt 0.324917 0.420265
vt 0.324830 0.420308
vt 0.324962 0.420249
vt 0.325021 0.420243
vt 0.325068 0.420160
vt 0.325038 0.420327
vt 0.324968 0.420298
vt 0.324814 0.420400
vt 0.324887 0.420448
vt 0.326117 0.419895
vt 0.324902 0.420346
vt 0.324962 0.420393
vt 0.238120 0.488235
vt 0.238051 0.488252
vt 0.238158 0.488271
vt 0.238094 0.488279
vt 0.238033 0.488301
vt 0.238171 0.488377
vt 0.238191 0.488310
vt 0.236144 0.487729
vt 0.238122 0.488393
vt 0.238146 0.488333
vt 0.238022 0.488351
vt 0.238071 0.488402
vt 0.238073 0.488351
vt 0.273617 0.595117
vt 0.273608 0.595214
vt 0.273561 0.595053
vt 0.273637 0.595036
vt 0.273664 0.595148
vt 0.273667 0.595078
vt 0.273712 0.594852
vt 0.273627 0.594852
vt 0.274714 0.595810
vt 0.273746 0.594952
vt 0.273669 0.594952
vt 0.273593 0.594949
vt 0.273699 0.595037
vt 0.273714 0.595122
vt 0.273776 0.595061
vt 0.273711 0.595223
vt 0.208706 0.495397
vt 0.208636 0.495414
vt 0.208744 0.495432
vt 0.208680 0.495441
vt 0.208619 0.495463
vt 0.208690 0.495484
vt 0.208664 0.495476
vt 0.208757 0.495541
vt 0.208778 0.495472
vt 0.208708 0.495556
vt 0.208732 0.495496
vt 0.208697 0.495510
vt 0.208710 0.495465
vt 0.208608 0.495513
vt 0.208657 0.495564
vt 0.210283 0.493976
vt 0.208659 0.495514
vt 0.098768 0.472339
vt 0.098704 0.472282
vt 0.098852 0.472321
vt 0.098832 0.472393
vt 0.098734 0.472357
vt 0.098669 0.472314
vt 0.098787 0.472391
vt 0.098969 0.472532
vt 0.098999 0.472483
vt 0.097359 0.472981
vt 0.098861 0.472504
vt 0.098889 0.472452
vt 0.098922 0.472402
vt 0.098999 0.472482
vt 0.098635 0.472462
vt 0.098731 0.472397
vt 0.098753 0.472482
vt 0.098650 0.472358
vt 0.098810 0.472429
vt 0.226606 0.606868
vt 0.226626 0.606786
vt 0.226659 0.606950
vt 0.226579 0.606917
vt 0.226550 0.606805
vt 0.226550 0.606708
vt 0.226544 0.606856
vt 0.226522 0.606917
vt 0.226572 0.607006
vt 0.226439 0.606891
vt 0.226497 0.606835
vt 0.226475 0.606637
vt 0.226399 0.606676
vt 0.225988 0.608001
vt 0.226483 0.606745
vt 0.226415 0.606780
vt 0.292186 0.382599
vt 0.292276 0.382561
vt 0.292162 0.382680
vt 0.292104 0.382621
vt 0.292188 0.382544
vt 0.292259 0.382513
vt 0.292126 0.382575
vt 0.291908 0.382649
vt 0.291950 0.382722
vt 0.292239 0.381347
vt 0.291979 0.382573
vt 0.292015 0.382636
vt 0.292054 0.382704
vt 0.292074 0.382569
vt 0.292140 0.382516
vt 0.292059 0.382497
vt 0.217199 0.466746
vt 0.217219 0.466678
vt 0.217150 0.466762
vt 0.217174 0.466702
vt 0.217185 0.466639
vt 0.217132 0.466690
vt 0.217152 0.466671
vt 0.217050 0.466719
vt 0.217099 0.466771
vt 0.217062 0.466669
vt 0.217101 0.466720
vt 0.217106 0.466682
vt 0.217139 0.466716
vt 0.217147 0.466604
vt 0.217079 0.466621
vt 0.217663 0.468812
vt 0.217122 0.466648
vt 0.112475 0.426903
vt 0.112535 0.426822
vt 0.112596 0.426881
vt 0.112429 0.426776
vt 0.112507 0.426774
vt 0.112617 0.426806
vt 0.112701 0.426854
vt 0.112576 0.426775
vt 0.112535 0.426726
vt 0.112434 0.426724
vt 0.112598 0.426667
vt 0.112618 0.426745
vt 0.112799 0.426824
vt 0.112803 0.426740
vt 0.111877 0.425730
vt 0.112702 0.426778
vt 0.112705 0.426702
vt 0.084253 0.399045
vt 0.084279 0.399035
vt 0.084251 0.399067
vt 0.084283 0.399002
vt 0.084308 0.399005
vt 0.084280 0.399055
vt 0.084303 0.399028
vt 0.084372 0.398912
vt 0.084348 0.398904
vt 0.084378 0.398865
vt 0.084358 0.398968
vt 0.084338 0.398963
vt 0.084315 0.398953
vt 0.084325 0.399013
vt 0.084290 0.399074
vt 0.084300 0.399049
vt 0.084337 0.399033
vt 0.084254 0.399080
vt 0.149223 0.343158
vt 0.149187 0.343151
vt 0.149292 0.343151
vt 0.149244 0.343168
vt 0.149182 0.343175
vt 0.149133 0.343174
vt 0.149205 0.343178
vt 0.149262 0.343190
vt 0.149227 0.343184
vt 0.149285 0.343169
vt 0.149196 0.343203
vt 0.149184 0.343191
vt 0.149082 0.343198
vt 0.149086 0.343221
vt 0.149039 0.343221
vt 0.149137 0.343195
vt 0.149140 0.343212
vt 0.082600 0.398453
vt 0.082605 0.398418
vt 0.082612 0.398511
vt 0.082596 0.398475
vt 0.410734 0.615094
vt 0.410720 0.614997
vt 0.410832 0.614831
vt 0.410629 0.615186
vt 0.410648 0.615076
vt 0.410557 0.615145
vt 0.410432 0.615313
vt 0.410567 0.615007
vt 0.410670 0.614969
vt 0.410559 0.615236
vt 0.410923 0.614577
vt 0.410855 0.614535
vt 0.410787 0.614784
vt 0.410714 0.614764
vt 0.149096 0.341244
vt 0.149146 0.341265
vt 0.410728 0.326713
vt 0.410718 0.326811
vt 0.410614 0.326620
vt 0.410485 0.326468
vt 0.410544 0.326583
vt 0.410642 0.326733
vt 0.410861 0.327284
vt 0.410927 0.327242
vt 0.410988 0.327469
vt 0.410716 0.327051
vt 0.410788 0.327029
vt 0.410833 0.326982
vt 0.410669 0.326840
vt 0.410546 0.326667
vt 0.410563 0.326804
vt 0.410446 0.326465
vt 0.073013 0.388496
vt 0.073039 0.388483
vt 0.073008 0.388516
vt 0.073044 0.388447
vt 0.073070 0.388444
vt 0.073039 0.388505
vt 0.073064 0.388470
vt 0.073140 0.388329
vt 0.073113 0.388324
vt 0.073146 0.388271
vt 0.359485 0.613869
vt 0.359420 0.613883
vt 0.359450 0.613649
vt 0.073101 0.388392
vt 0.073078 0.388386
vt 0.359463 0.614060
vt 0.359410 0.614079
vt 0.359507 0.614212
vt 0.359522 0.614090
vt 0.359561 0.614390
vt 0.359494 0.614289
vt 0.359457 0.614153
vt 0.139385 0.331416
vt 0.139350 0.331414
vt 0.139430 0.331391
vt 0.139407 0.331419
vt 0.139347 0.331440
vt 0.139292 0.331439
vt 0.139372 0.331439
vt 0.359561 0.326121
vt 0.359501 0.326180
vt 0.359563 0.326056
vt 0.359510 0.326293
vt 0.359451 0.326314
vt 0.359493 0.326108
vt 0.359561 0.326021
vt 0.359451 0.326228
vt 0.139232 0.331465
vt 0.139236 0.331493
vt 0.139181 0.331489
vt 0.139297 0.331464
vt 0.359410 0.326480
vt 0.359473 0.326493
vt 0.359438 0.326687
vt 0.139351 0.331457
vt 0.071312 0.388011
vt 0.071317 0.387973
vt 0.365421 0.614692
vt 0.365513 0.614562
vt 0.365579 0.614519
vt 0.365686 0.614414
vt 0.365671 0.614311
vt 0.365775 0.614125
vt 0.365602 0.614398
vt 0.365513 0.614474
vt 0.365407 0.614658
vt 0.365525 0.614331
vt 0.365625 0.614282
vt 0.365856 0.613843
vt 0.365791 0.613801
vt 0.365730 0.614075
vt 0.365662 0.614058
vt 0.365855 0.326256
vt 0.365862 0.326410
vt 0.365776 0.326203
vt 0.365937 0.326504
vt 0.365920 0.326587
vt 0.365806 0.326358
vt 0.365867 0.326511
vt 0.366024 0.327010
vt 0.366086 0.326976
vt 0.366131 0.327186
vt 0.365907 0.326795
vt 0.365971 0.326780
vt 0.366013 0.326741
vt 0.365876 0.326607
vt 0.365790 0.326437
vt 0.365788 0.326565
vt 0.365729 0.326187
vt 0.114950 0.372774
vt 0.118440 0.369755
vt 0.114937 0.372758
vt 0.118427 0.369738
vt 0.013939 0.478691
vt 0.014304 0.463469
vt 0.014007 0.478693
vt 0.111671 0.375870
vt 0.111658 0.375854
vt 0.014236 0.463465
vt 0.015112 0.448636
vt 0.123074 0.375632
vt 0.126793 0.372703
vt 0.123088 0.375649
vt 0.126807 0.372720
vt 0.123102 0.375666
vt 0.126835 0.372758
vt 0.123118 0.375686
vt 0.130619 0.369961
vt 0.130633 0.369978
vt 0.126820 0.372738
vt 0.130660 0.370017
vt 0.125792 0.364246
vt 0.122073 0.366916
vt 0.125779 0.364230
vt 0.122060 0.366900
vt 0.125767 0.364213
vt 0.015431 0.509201
vt 0.122047 0.366884
vt 0.014400 0.493990
vt 0.119496 0.378717
vt 0.116133 0.381874
vt 0.119510 0.378735
vt 0.116147 0.381891
vt 0.119525 0.378752
vt 0.116162 0.381908
vt 0.116179 0.381925
vt 0.119541 0.378770
vt 0.113034 0.385030
vt 0.110171 0.388220
vt 0.113048 0.385048
vt 0.110185 0.388238
vt 0.113063 0.385064
vt 0.110201 0.388254
vt 0.110221 0.388269
vt 0.113082 0.385080
vt 0.108653 0.378965
vt 0.108640 0.378949
vt 0.015044 0.448629
vt 0.016393 0.434449
vt 0.105866 0.382090
vt 0.105853 0.382073
vt 0.016325 0.434438
vt 0.018153 0.420758
vt 0.103254 0.385309
vt 0.103241 0.385292
vt 0.018086 0.420743
vt 0.020429 0.407288
vt 0.100751 0.388708
vt 0.100741 0.388687
vt 0.020364 0.407269
vt 0.023286 0.393722
vt 0.107373 0.391690
vt 0.103971 0.396419
vt 0.107387 0.391708
vt 0.103981 0.396441
vt 0.107403 0.391724
vt 0.103995 0.396458
vt 0.104015 0.396472
vt 0.107423 0.391738
vt 0.096037 0.395973
vt 0.095120 0.403068
vt 0.096016 0.395972
vt 0.095092 0.403108
vt 0.095995 0.395975
vt 0.095065 0.403134
vt 0.098307 0.392349
vt 0.098303 0.392318
vt 0.023224 0.393689
vt 0.026776 0.379813
vt 0.026721 0.379751
vt 0.030707 0.365670
vt 0.099525 0.402986
vt 0.099528 0.403016
vt 0.099536 0.403039
vt 0.099554 0.403054
vt 0.134823 0.367282
vt 0.134837 0.367299
vt 0.130646 0.369996
vt 0.134862 0.367338
vt 0.140814 0.364018
vt 0.140834 0.364032
vt 0.134850 0.367316
vt 0.140861 0.364069
vt 0.133673 0.359285
vt 0.129614 0.361726
vt 0.133655 0.359272
vt 0.129601 0.361711
vt 0.133640 0.359257
vt 0.019415 0.539945
vt 0.129589 0.361694
vt 0.017072 0.524365
vt 0.150692 0.354439
vt 0.150735 0.354415
vt 0.150763 0.354391
vt 0.142420 0.354713
vt 0.142419 0.354693
vt 0.142419 0.354672
vt 0.142425 0.354650
vt 0.149446 0.359687
vt 0.149477 0.359694
vt 0.140849 0.364048
vt 0.149499 0.359705
vt 0.149513 0.359724
vt 0.138074 0.356881
vt 0.138044 0.356874
vt 0.026525 0.573106
vt 0.138023 0.356862
vt 0.022588 0.556313
vt 0.020264 0.478611
vt 0.020538 0.463473
vt 0.020368 0.478609
vt 0.020642 0.463470
vt 0.020473 0.478606
vt 0.020747 0.463466
vt 0.021344 0.448712
vt 0.021448 0.448708
vt 0.021553 0.448703
vt 0.040467 0.493626
vt 0.040034 0.478079
vt 0.040363 0.493629
vt 0.039930 0.478081
vt 0.040258 0.493630
vt 0.039826 0.478084
vt 0.041570 0.509087
vt 0.041466 0.509089
vt 0.041361 0.509089
vt 0.020663 0.493804
vt 0.021698 0.508919
vt 0.020768 0.493802
vt 0.021803 0.508918
vt 0.020873 0.493801
vt 0.021908 0.508918
vt 0.041046 0.447424
vt 0.040258 0.462567
vt 0.040942 0.447428
vt 0.040155 0.462570
vt 0.040838 0.447434
vt 0.040050 0.462574
vt 0.044047 0.418932
vt 0.042303 0.432928
vt 0.043943 0.418937
vt 0.042199 0.432933
vt 0.043837 0.418945
vt 0.042094 0.432940
vt 0.022617 0.434601
vt 0.022722 0.434597
vt 0.022827 0.434590
vt 0.024374 0.420993
vt 0.024479 0.420988
vt 0.024585 0.420980
vt 0.026653 0.407616
vt 0.026759 0.407608
vt 0.026865 0.407595
vt 0.029516 0.394146
vt 0.029626 0.394126
vt 0.029737 0.394092
vt 0.050556 0.385575
vt 0.046501 0.404454
vt 0.050450 0.385596
vt 0.046397 0.404462
vt 0.050341 0.385631
vt 0.046291 0.404475
vt 0.049798 0.347415
vt 0.036942 0.366537
vt 0.049801 0.347561
vt 0.037035 0.366570
vt 0.049770 0.347759
vt 0.037123 0.366612
vt 0.049751 0.347334
vt 0.033021 0.380331
vt 0.033139 0.380277
vt 0.033264 0.380194
vt 0.056579 0.359322
vt 0.056467 0.359378
vt 0.056350 0.359463
vt 0.043597 0.525411
vt 0.043493 0.525410
vt 0.043388 0.525406
vt 0.047910 0.547651
vt 0.047805 0.547634
vt 0.047697 0.547603
vt 0.023343 0.523984
vt 0.025687 0.539449
vt 0.023448 0.523986
vt 0.025796 0.539466
vt 0.023554 0.523990
vt 0.025905 0.539494
vt 0.150786 0.352801
vt 0.158823 0.352597
vt 0.047490 0.594849
vt 0.047498 0.594706
vt 0.047473 0.594514
vt 0.032599 0.571883
vt 0.032694 0.571853
vt 0.032786 0.571816
vt 0.055114 0.579605
vt 0.055002 0.579549
vt 0.054885 0.579462
vt 0.028850 0.555667
vt 0.028965 0.555716
vt 0.029085 0.555793
vt 0.066111 0.617465
vt 0.063019 0.617419
vt 0.069120 0.617346
vt 0.069112 0.617382
vt 0.159064 0.353493
vt 0.069119 0.328697
vt 0.066102 0.328579
vt 0.069111 0.328660
vt 0.093423 0.409989
vt 0.066104 0.328614
vt 0.092573 0.409748
vt 0.271647 0.435722
vt 0.271601 0.435654
vt 0.271538 0.435604
vt 0.154902 0.464266
vt 0.154947 0.464114
vt 0.154914 0.464187
vt 0.191666 0.360148
vt 0.191705 0.360305
vt 0.191782 0.360623
vt 0.191744 0.360463
vt 0.237878 0.551217
vt 0.237959 0.551209
vt 0.238034 0.551178
vt 0.345139 0.518899
vt 0.344982 0.518853
vt 0.344665 0.518768
vt 0.344825 0.518810
vt 0.129267 0.571701
vt 0.129384 0.571588
vt 0.129617 0.571359
vt 0.129500 0.571475
vt 0.274891 0.451108
vt 0.274866 0.451055
vt 0.274848 0.450997
vt 0.328606 0.413214
vt 0.273114 0.601814
vt 0.249182 0.540298
vt 0.249228 0.540255
vt 0.249277 0.540220
vt 0.328640 0.413203
vt 0.329735 0.514718
vt 0.329635 0.514685
vt 0.329539 0.514651
vt 0.273134 0.601843
vt 0.273144 0.601684
vt 0.273215 0.601353
vt 0.158383 0.479021
vt 0.158378 0.478960
vt 0.158366 0.478900
vt 0.093597 0.468769
vt 0.222959 0.546839
vt 0.223020 0.546847
vt 0.230052 0.612452
vt 0.223081 0.546864
vt 0.230155 0.612611
vt 0.230152 0.612648
vt 0.140176 0.560936
vt 0.140252 0.560862
vt 0.140325 0.560791
vt 0.093563 0.468772
vt 0.298772 0.379607
vt 0.256733 0.431329
vt 0.256673 0.431309
vt 0.256618 0.431283
vt 0.165906 0.453513
vt 0.165950 0.453469
vt 0.165987 0.453421
vt 0.106218 0.426993
vt 0.106405 0.426983
vt 0.106186 0.426971
vt 0.195168 0.374949
vt 0.195190 0.375052
vt 0.195210 0.375152
vt 0.298788 0.379575
vt 0.277091 0.453388
vt 0.277072 0.453332
vt 0.277045 0.453282
vt 0.279077 0.457069
vt 0.251947 0.539320
vt 0.251996 0.539287
vt 0.252043 0.539247
vt 0.255352 0.537127
vt 0.325749 0.513212
vt 0.325655 0.513178
vt 0.325560 0.513145
vt 0.319909 0.511936
vt 0.157928 0.485795
vt 0.157835 0.481886
vt 0.157824 0.481826
vt 0.157820 0.481767
vt 0.220057 0.547254
vt 0.220117 0.547269
vt 0.220176 0.547275
vt 0.216050 0.546893
vt 0.143017 0.558235
vt 0.143090 0.558165
vt 0.143164 0.558095
vt 0.147107 0.554426
vt 0.254430 0.429316
vt 0.254378 0.429289
vt 0.254320 0.429268
vt 0.250894 0.427458
vt 0.166963 0.450890
vt 0.166997 0.450843
vt 0.167039 0.450799
vt 0.169319 0.447535
vt 0.195952 0.378822
vt 0.195972 0.378920
vt 0.195994 0.379019
vt 0.197205 0.384176
vt 0.236700 0.487853
vt 0.236685 0.487906
vt 0.236670 0.487958
vt 0.236655 0.488011
vt 0.273491 0.597894
vt 0.273428 0.597889
vt 0.273658 0.595226
vt 0.273362 0.597884
vt 0.096693 0.470914
vt 0.096726 0.470865
vt 0.096659 0.470962
vt 0.228124 0.609206
vt 0.226620 0.606984
vt 0.228202 0.609157
vt 0.228068 0.609241
vt 0.228013 0.609277
vt 0.217430 0.468135
vt 0.217483 0.468122
vt 0.217536 0.468109
vt 0.292229 0.382471
vt 0.294933 0.381357
vt 0.294964 0.381412
vt 0.294899 0.381301
vt 0.326404 0.417261
vt 0.324979 0.420108
vt 0.326456 0.417300
vt 0.326514 0.417329
vt 0.328300 0.413829
vt 0.209800 0.494500
vt 0.209724 0.494421
vt 0.209686 0.494381
vt 0.209762 0.494460
vt 0.109930 0.426816
vt 0.109932 0.426880
vt 0.109935 0.426946
vt 0.104919 0.361122
vt 0.108422 0.358098
vt 0.104906 0.361106
vt 0.108409 0.358082
vt 0.459284 0.465435
vt 0.458968 0.480597
vt 0.459216 0.465435
vt 0.101626 0.364223
vt 0.101613 0.364207
vt 0.459035 0.480601
vt 0.458172 0.495397
vt 0.113062 0.364002
vt 0.116802 0.361074
vt 0.113076 0.364019
vt 0.116816 0.361092
vt 0.113090 0.364036
vt 0.116844 0.361130
vt 0.113106 0.364056
vt 0.120656 0.358341
vt 0.120670 0.358359
vt 0.116830 0.361109
vt 0.120696 0.358398
vt 0.115833 0.352564
vt 0.112074 0.355240
vt 0.115820 0.352547
vt 0.458920 0.450242
vt 0.457912 0.435152
vt 0.457979 0.435145
vt 0.112062 0.355224
vt 0.458852 0.450246
vt 0.109469 0.367089
vt 0.106095 0.370247
vt 0.109483 0.367106
vt 0.106108 0.370265
vt 0.109497 0.367123
vt 0.106123 0.370281
vt 0.106141 0.370299
vt 0.109514 0.367142
vt 0.102989 0.373400
vt 0.100117 0.376572
vt 0.103003 0.373418
vt 0.100131 0.376589
vt 0.103018 0.373434
vt 0.100147 0.376605
vt 0.100166 0.376621
vt 0.103036 0.373450
vt 0.098596 0.367325
vt 0.098583 0.367309
vt 0.458240 0.495405
vt 0.456901 0.509558
vt 0.095804 0.370464
vt 0.095791 0.370448
vt 0.456968 0.509569
vt 0.455152 0.523228
vt 0.093202 0.373705
vt 0.093189 0.373688
vt 0.455218 0.523242
vt 0.452891 0.536680
vt 0.090735 0.377131
vt 0.090724 0.377110
vt 0.452956 0.536700
vt 0.450055 0.550234
vt 0.097341 0.380032
vt 0.093970 0.384776
vt 0.097355 0.380050
vt 0.093980 0.384798
vt 0.097370 0.380065
vt 0.093994 0.384815
vt 0.420757 0.539094
vt 0.416811 0.557926
vt 0.423203 0.524741
vt 0.086129 0.384442
vt 0.085170 0.391765
vt 0.086107 0.384442
vt 0.085140 0.391806
vt 0.086085 0.384445
vt 0.085112 0.391833
vt 0.088355 0.380789
vt 0.088351 0.380758
vt 0.450118 0.550268
vt 0.446593 0.564139
vt 0.446648 0.564201
vt 0.442690 0.578283
vt 0.089492 0.391471
vt 0.089496 0.391503
vt 0.089505 0.391526
vt 0.404328 0.614999
vt 0.410893 0.584247
vt 0.124894 0.355683
vt 0.124909 0.355700
vt 0.120683 0.358377
vt 0.124933 0.355740
vt 0.130936 0.352464
vt 0.130955 0.352478
vt 0.124921 0.355718
vt 0.130982 0.352515
vt 0.123813 0.347642
vt 0.119702 0.350051
vt 0.123795 0.347629
vt 0.119689 0.350035
vt 0.123780 0.347613
vt 0.454281 0.404508
vt 0.456449 0.420058
vt 0.456516 0.420047
vt 0.140952 0.342983
vt 0.140995 0.342959
vt 0.141023 0.342936
vt 0.132640 0.343147
vt 0.132640 0.343127
vt 0.132640 0.343106
vt 0.132646 0.343084
vt 0.139629 0.348213
vt 0.139660 0.348220
vt 0.130970 0.352494
vt 0.139682 0.348231
vt 0.139695 0.348250
vt 0.128256 0.345275
vt 0.128226 0.345267
vt 0.447955 0.371442
vt 0.128205 0.345256
vt 0.451362 0.388146
vt 0.452999 0.465519
vt 0.452746 0.480600
vt 0.452895 0.465521
vt 0.452642 0.480603
vt 0.452790 0.465524
vt 0.452537 0.480607
vt 0.451952 0.495325
vt 0.451848 0.495329
vt 0.451744 0.495334
vt 0.432929 0.450507
vt 0.433310 0.466020
vt 0.433033 0.450506
vt 0.433414 0.466018
vt 0.433137 0.450505
vt 0.433518 0.466015
vt 0.431921 0.435077
vt 0.432025 0.435076
vt 0.432130 0.435077
vt 0.452633 0.450409
vt 0.451689 0.435381
vt 0.452529 0.450411
vt 0.451585 0.435382
vt 0.452424 0.450412
vt 0.451480 0.435381
vt 0.432282 0.496615
vt 0.433069 0.481499
vt 0.432386 0.496612
vt 0.433172 0.481496
vt 0.432490 0.496606
vt 0.433277 0.481492
vt 0.429292 0.525067
vt 0.431032 0.511089
vt 0.429396 0.525062
vt 0.431136 0.511085
vt 0.429501 0.525054
vt 0.431241 0.511078
vt 0.450687 0.509410
vt 0.450582 0.509414
vt 0.450477 0.509421
vt 0.448940 0.522998
vt 0.448835 0.523003
vt 0.448729 0.523011
vt 0.446674 0.536360
vt 0.446568 0.536367
vt 0.446462 0.536380
vt 0.443830 0.549819
vt 0.443721 0.549840
vt 0.443609 0.549874
vt 0.422809 0.558415
vt 0.426833 0.539531
vt 0.422915 0.558394
vt 0.426937 0.539524
vt 0.423024 0.558359
vt 0.427042 0.539510
vt 0.423626 0.596568
vt 0.436456 0.577427
vt 0.423623 0.596422
vt 0.436363 0.577394
vt 0.423653 0.596225
vt 0.436274 0.577353
vt 0.083469 0.391676
vt 0.440351 0.563632
vt 0.440232 0.563686
vt 0.440108 0.563769
vt 0.416848 0.584682
vt 0.416960 0.584626
vt 0.417077 0.584540
vt 0.430028 0.418759
vt 0.430132 0.418760
vt 0.430237 0.418766
vt 0.425880 0.396444
vt 0.425986 0.396462
vt 0.426094 0.396493
vt 0.450194 0.420372
vt 0.448020 0.404925
vt 0.450089 0.420369
vt 0.447912 0.404906
vt 0.449983 0.420364
vt 0.447802 0.404877
vt 0.149061 0.341246
vt 0.426178 0.348916
vt 0.426172 0.349060
vt 0.426200 0.349254
vt 0.426226 0.348837
vt 0.441703 0.372013
vt 0.441606 0.372043
vt 0.441512 0.372080
vt 0.418652 0.364302
vt 0.418764 0.364358
vt 0.418883 0.364445
vt 0.445109 0.388640
vt 0.444994 0.388589
vt 0.444874 0.388508
vt 0.407341 0.326480
vt 0.410432 0.326500
vt 0.404332 0.326623
vt 0.149293 0.342139
vt 0.404378 0.615251
vt 0.083392 0.398834
vt 0.407385 0.615330
vt 0.082615 0.398502
vt 0.092998 0.347216
vt 0.096524 0.344224
vt 0.092985 0.347200
vt 0.096511 0.344208
vt 0.408183 0.459645
vt 0.408104 0.474100
vt 0.408118 0.459645
vt 0.089714 0.350325
vt 0.089701 0.350308
vt 0.408168 0.474102
vt 0.407679 0.488219
vt 0.101033 0.350125
vt 0.376709 0.445703
vt 0.377269 0.460644
vt 0.377198 0.460644
vt 0.376780 0.445698
vt 0.377338 0.460643
vt 0.104752 0.347332
vt 0.375718 0.430864
vt 0.375787 0.430852
vt 0.376849 0.445693
vt 0.104065 0.338882
vt 0.100226 0.341439
vt 0.104053 0.338865
vt 0.407729 0.445164
vt 0.406783 0.430768
vt 0.406847 0.430762
vt 0.100214 0.341422
vt 0.407664 0.445167
vt 0.097495 0.353131
vt 0.094200 0.356252
vt 0.376832 0.490141
vt 0.377297 0.475569
vt 0.376902 0.490151
vt 0.377366 0.475572
vt 0.376971 0.490157
vt 0.377226 0.475564
vt 0.091196 0.359404
vt 0.088457 0.362610
vt 0.374822 0.517695
vt 0.376116 0.504144
vt 0.374891 0.517717
vt 0.376186 0.504154
vt 0.374960 0.517731
vt 0.376047 0.504128
vt 0.086724 0.353467
vt 0.086711 0.353450
vt 0.407744 0.488223
vt 0.406907 0.501748
vt 0.084002 0.356667
vt 0.083989 0.356651
vt 0.406971 0.501755
vt 0.405800 0.514845
vt 0.081502 0.359983
vt 0.081488 0.359966
vt 0.405864 0.514856
vt 0.404363 0.527804
vt 0.079167 0.363486
vt 0.079156 0.363466
vt 0.404426 0.527819
vt 0.402589 0.540982
vt 0.085816 0.366168
vt 0.082597 0.371355
vt 0.369821 0.551674
vt 0.373035 0.532008
vt 0.369882 0.551730
vt 0.373102 0.532029
vt 0.369947 0.551768
vt 0.372968 0.531976
vt 0.074865 0.370945
vt 0.073978 0.379667
vt 0.074846 0.370946
vt 0.073948 0.379716
vt 0.074826 0.370952
vt 0.073920 0.379749
vt 0.076947 0.367216
vt 0.076944 0.367185
vt 0.402650 0.541011
vt 0.400452 0.554672
vt 0.400506 0.554729
vt 0.398084 0.568684
vt 0.078202 0.379159
vt 0.364936 0.580493
vt 0.364996 0.580561
vt 0.364883 0.580391
vt 0.108607 0.344768
vt 0.374011 0.415181
vt 0.374078 0.415159
vt 0.375856 0.430843
vt 0.112873 0.342330
vt 0.370624 0.393688
vt 0.370685 0.393642
vt 0.374146 0.415144
vt 0.112265 0.334370
vt 0.108038 0.336545
vt 0.112247 0.334356
vt 0.405573 0.416365
vt 0.403780 0.401498
vt 0.403842 0.401473
vt 0.108025 0.336529
vt 0.405508 0.416376
vt 0.130362 0.330896
vt 0.130409 0.330874
vt 0.130441 0.330850
vt 0.121459 0.330350
vt 0.121460 0.330329
vt 0.121466 0.330308
vt 0.121474 0.330285
vt 0.119055 0.339492
vt 0.365158 0.362717
vt 0.365209 0.362627
vt 0.370749 0.393611
vt 0.365267 0.362568
vt 0.128314 0.335769
vt 0.116832 0.332299
vt 0.401520 0.385643
vt 0.398528 0.369261
vt 0.398598 0.369273
vt 0.116803 0.332290
vt 0.401462 0.385698
vt 0.402182 0.459793
vt 0.402165 0.474219
vt 0.402083 0.459796
vt 0.402066 0.474224
vt 0.401983 0.459800
vt 0.401966 0.474229
vt 0.401742 0.488317
vt 0.401642 0.488323
vt 0.401542 0.488331
vt 0.382757 0.445489
vt 0.383252 0.460494
vt 0.382857 0.445487
vt 0.383352 0.460491
vt 0.382958 0.445486
vt 0.383453 0.460487
vt 0.381763 0.430559
vt 0.381863 0.430558
vt 0.381964 0.430559
vt 0.401723 0.445341
vt 0.400831 0.430959
vt 0.401623 0.445343
vt 0.400731 0.430959
vt 0.401523 0.445344
vt 0.400631 0.430958
vt 0.382883 0.490102
vt 0.383277 0.475468
vt 0.382984 0.490096
vt 0.383377 0.475463
vt 0.383085 0.490088
vt 0.383478 0.475457
vt 0.380925 0.517831
vt 0.382114 0.504159
vt 0.381027 0.517822
vt 0.382215 0.504152
vt 0.381129 0.517809
vt 0.382317 0.504141
vt 0.400969 0.501830
vt 0.400869 0.501838
vt 0.400768 0.501849
vt 0.399848 0.514919
vt 0.399747 0.514928
vt 0.399646 0.514941
vt 0.398378 0.527877
vt 0.398277 0.527891
vt 0.398174 0.527910
vt 0.396556 0.541059
vt 0.396450 0.541089
vt 0.396343 0.541133
vt 0.375897 0.552157
vt 0.379108 0.532275
vt 0.376001 0.552129
vt 0.379210 0.532264
vt 0.376106 0.552084
vt 0.379314 0.532245
vt 0.392037 0.568763
vt 0.378721 0.592063
vt 0.391942 0.568752
vt 0.378706 0.591916
vt 0.391839 0.568728
vt 0.378722 0.591710
vt 0.391741 0.568694
vt 0.072228 0.379777
vt 0.394367 0.554761
vt 0.394252 0.554826
vt 0.394134 0.554922
vt 0.370884 0.580971
vt 0.370991 0.580906
vt 0.371102 0.580805
vt 0.380047 0.414760
vt 0.380147 0.414763
vt 0.380249 0.414770
vt 0.376535 0.393172
vt 0.376636 0.393192
vt 0.376739 0.393225
vt 0.399533 0.416585
vt 0.397763 0.401745
vt 0.399433 0.416582
vt 0.397660 0.401725
vt 0.399332 0.416575
vt 0.397556 0.401693
vt 0.379323 0.347586
vt 0.379311 0.347720
vt 0.379327 0.347901
vt 0.392612 0.370149
vt 0.392519 0.370174
vt 0.392429 0.370204
vt 0.370941 0.362227
vt 0.371044 0.362285
vt 0.371151 0.362373
vt 0.395418 0.386022
vt 0.395309 0.385970
vt 0.395198 0.385890
vt 0.362428 0.325836
vt 0.365701 0.326225
vt 0.139167 0.329663
vt 0.139305 0.330536
vt 0.359567 0.614357
vt 0.072176 0.388309
vt 0.362416 0.614689
vt 0.071328 0.388067
vt 0.093678 0.468834
vt 0.106320 0.426982
vt 0.230094 0.612526
vt 0.273131 0.601717
vt 0.298674 0.379643
vt 0.069125 0.617273
vt 0.404328 0.326695
vt 0.423674 0.596648
vt 0.130602 0.329186
vt 0.094424 0.410118
vt 0.159059 0.354500
vt 0.094014 0.469024
vt 0.093792 0.468908
vt 0.273137 0.601569
vt 0.238124 0.488303
vt 0.238078 0.488314
vt 0.238111 0.488348
vt 0.112438 0.426827
vt 0.084268 0.399081
vt 0.149279 0.343139
vt 0.139419 0.331389
vt 0.118414 0.369723
vt 0.030633 0.365681
vt 0.062803 0.328629
vt 0.150774 0.352777
vt 0.442765 0.578272
vt 0.119677 0.350018
vt 0.141053 0.341349
vt 0.398147 0.568664
vt 0.378776 0.592135
s 1
usemtl Holocron_Corners.001
f 1222/1/1 1/2/2 201/3/3
f 1173/4/4 20/5/5 106/6/6
f 89/7/2 226/8/7 3/9/8
f 215/10/9 114/11/10 1183/12/11
f 4/13/2 1187/14/12 205/15/13
f 200/16/14 106/6/6 16/17/15
f 211/18/16 102/19/17 14/20/18
f 225/21/19 109/22/20 1178/23/21
f 3/9/8 1162/24/22 221/25/23
f 1177/26/24 4/13/2 88/27/2
f 1183/12/11 22/28/25 230/29/26
f 1193/30/27 19/31/28 236/32/29
f 1188/33/30 26/34/31 206/35/32
f 230/29/26 108/36/33 1198/37/34
f 1198/37/34 23/38/35 240/39/36
f 1208/40/37 18/41/38 246/42/39
f 90/43/2 235/44/40 1187/14/12
f 240/39/36 115/45/41 1213/46/42
f 1213/46/42 1325/47/43 252/48/44
f 268/49/45 113/50/46 1208/40/37
f 91/51/2 245/52/47 1192/53/48
f 1223/54/49 16/17/15 104/55/50
f 273/56/51 104/55/50 17/57/52
f 279/58/53 110/59/54 13/60/55
f 1/2/2 1167/61/56 89/7/2
f 1238/62/57 17/57/52 112/63/58
f 284/64/59 112/63/58 21/65/60
f 1233/66/61 1322/67/62 110/59/54
f 6/68/2 1217/69/63 93/70/8
f 106/6/6 327/71/64 1252/72/65
f 10/73/66 1268/74/67 97/75/66
f 24/76/68 1262/77/69 114/11/10
f 336/78/70 98/79/66 1278/80/71
f 104/55/50 307/81/72 1302/82/73
f 15/83/74 1247/84/75 332/85/76
f 15/83/74 1257/86/77 109/22/20
f 103/87/78 316/88/79 1247/84/75
f 116/89/80 327/71/64 20/5/5
f 117/90/81 311/91/82 26/34/31
f 19/31/28 1267/92/83 117/90/81
f 22/28/25 1277/93/84 108/36/33
f 1263/94/85 8/95/66 336/78/70
f 105/96/86 341/97/87 19/31/28
f 18/41/38 1272/98/88 105/96/86
f 23/38/35 1292/99/89 115/45/41
f 1278/80/71 11/100/90 346/101/91
f 113/50/46 351/102/92 18/41/38
f 25/103/93 1287/104/94 113/50/46
f 115/45/41 357/105/95 1325/47/43
f 306/106/96 96/107/66 7/108/66
f 14/20/18 1297/109/97 316/88/79
f 102/19/17 383/110/98 1297/109/97
f 112/63/58 379/111/99 1317/112/100
f 100/113/101 378/114/102 1303/115/103
f 13/60/55 1312/116/104 383/110/98
f 110/59/54 395/117/105 1312/116/104
f 21/65/60 1317/112/100 388/118/106
f 1168/119/107 14/20/18 103/87/78
f 1228/120/108 21/65/60 107/121/109
f 107/121/109 388/118/106 1307/122/110
f 7/108/66 1248/123/111 317/124/112
f 226/8/7 88/27/2 3/9/8
f 1178/23/21 24/76/68 215/10/9
f 109/22/20 322/125/113 24/76/68
f 96/107/66 331/126/114 1248/123/111
f 94/127/2 278/128/115 6/68/2
f 201/3/3 89/7/2 1172/129/116
f 16/17/15 1252/72/65 307/81/72
f 384/130/117 101/131/66 12/132/66
f 236/32/29 117/90/81 1188/33/30
f 1203/133/118 1326/134/119 111/135/120
f 111/135/120 356/136/121 1282/137/122
f 97/75/66 342/138/123 8/95/66
f 206/35/32 116/89/80 1163/139/124
f 225/21/19 103/87/78 15/83/74
f 1253/140/125 9/141/66 96/107/66
f 26/34/31 1242/142/126 116/89/80
f 1227/143/127 1232/144/128 94/127/2
f 283/145/129 94/127/2 1237/146/130
f 101/131/66 389/147/131 1318/148/132
f 1313/149/133 1308/150/134 101/131/66
f 5/151/135 1207/152/136 245/52/47
f 1182/153/137 2/154/2 90/43/2
f 114/11/10 337/155/138 22/28/25
f 11/100/90 1288/156/139 99/157/140
f 216/158/141 90/43/2 4/13/2
f 231/159/142 91/51/2 2/154/2
f 95/160/66 331/126/114 9/141/66
f 10/73/66 1258/161/143 95/160/66
f 1218/162/144 13/60/55 102/19/17
f 7/108/66 1303/115/103 306/106/96
f 1355/163/145 1445/164/146 410/165/147
f 1298/166/148 12/132/66 100/113/101
f 92/167/135 269/168/149 1207/152/136
f 1212/169/150 1202/170/151 92/167/135
f 1293/171/152 1283/172/153 358/173/154
f 99/157/140 373/174/155 1283/172/153
f 1228/175/108 1323/176/156 288/177/157
f 274/178/158 93/70/8 1222/1/1
f 17/57/52 1302/82/73 379/111/99
f 107/179/109 393/180/159 1323/176/156
f 246/42/39 105/96/86 1193/30/27
f 1237/146/130 6/68/2 274/178/158
f 12/132/66 1318/148/132 378/114/102
f 98/79/66 352/181/160 11/100/90
f 2/154/2 1192/53/48 235/44/40
f 1163/139/124 20/5/5 220/182/161
f 321/183/162 97/75/66 1263/94/85
f 8/95/66 1273/184/163 98/79/66
f 1203/133/118 25/185/93 268/186/45
f 1197/187/164 5/151/135 91/51/2
f 108/36/33 347/188/165 23/38/35
f 111/189/120 374/190/166 25/103/93
f 1172/129/116 3/9/8 221/25/23
f 88/27/2 205/15/13 1162/24/22
f 312/191/167 95/160/66 1243/192/168
f 1243/192/168 9/141/66 326/193/169
f 93/70/8 210/194/170 1/2/2
f 241/195/171 92/167/135 5/151/135
f 346/101/91 99/157/140 1293/171/152
f 317/124/112 100/113/101 7/108/66
f 456/196/172 130/197/173 34/198/174
f 504/199/175 136/200/176 1391/201/177
f 1481/202/178 1435/203/179 136/200/176
f 710/204/180 131/205/181 1431/206/182
f 480/207/183 127/208/184 1380/209/185
f 435/210/186 137/211/187 1355/163/145
f 138/212/188 672/213/189 1421/214/190
f 1431/206/182 1441/215/191 691/216/192
f 447/217/193 124/218/194 29/219/195
f 425/220/196 135/221/197 1454/222/198
f 1406/223/199 1411/224/200 621/225/201
f 135/221/197 638/226/202 1416/227/203
f 27/228/204 1348/229/205 124/218/194
f 31/230/206 1352/231/207 568/232/208
f 32/233/209 1352/231/207 127/208/184
f 437/234/210 134/235/211 1472/236/212
f 411/237/213 120/238/214 1361/239/215
f 33/240/216 1334/241/217 129/242/218
f 34/198/174 1339/243/219 531/244/220
f 412/245/221 122/246/222 1356/247/223
f 1366/248/224 1450/249/225 134/235/211
f 1347/250/226 1351/251/227 514/252/228
f 30/253/229 1333/254/230 550/255/231
f 456/196/172 128/256/232 1385/257/233
f 447/217/193 123/258/234 1360/259/235
f 27/228/204 1328/260/236 533/261/237
f 34/198/174 1329/262/238 128/256/232
f 1375/263/239 1475/264/240 466/265/241
f 1381/266/242 1455/267/243 119/268/244
f 35/269/245 1339/243/219 130/197/173
f 35/269/245 1334/241/217 570/270/246
f 481/271/247 119/268/244 1459/272/248
f 479/273/249 138/212/188 1375/263/239
f 28/274/250 1343/275/251 549/276/252
f 29/219/195 1343/275/251 123/258/234
f 427/277/253 125/278/254 1371/279/255
f 490/280/256 128/256/232 33/240/216
f 29/219/195 1348/229/205 513/281/257
f 1471/282/258 1401/283/259 137/211/187
f 1391/201/177 1462/284/260 491/285/261
f 1396/286/262 1467/287/263 139/288/264
f 1338/289/265 1347/250/226 532/290/266
f 28/274/250 1328/260/236 122/246/222
f 506/291/267 139/288/264 1480/292/268
f 1386/293/269 1463/294/270 118/295/271
f 30/253/229 1342/296/272 126/297/273
f 31/230/206 1333/254/230 125/278/254
f 464/298/274 135/221/197 1370/299/275
f 32/233/209 1342/296/272 515/300/276
f 569/301/277 121/302/278 1338/289/265
f 33/240/216 1329/262/238 551/303/279
f 136/200/176 709/304/280 1462/284/260
f 1480/292/268 1440/305/281 727/306/282
f 139/288/264 692/307/283 1440/305/281
f 120/238/214 606/308/284 1405/309/285
f 1472/236/212 1410/310/286 587/311/287
f 134/235/211 622/312/288 1410/310/286
f 1455/267/243 1425/313/289 119/268/244
f 1475/264/240 1421/214/190 639/314/290
f 119/268/244 673/315/291 1459/272/248
f 436/316/292 124/218/194 1365/317/293
f 445/318/294 120/238/214 1451/319/295
f 120/238/214 620/320/296 1451/319/295
f 137/211/187 604/321/297 1445/164/146
f 427/277/253 127/208/184 31/230/206
f 465/322/298 125/278/254 30/253/229
f 640/323/299 133/324/300 1415/325/301
f 1415/325/301 1426/326/302 657/327/303
f 490/280/256 129/242/218 1390/328/304
f 505/329/305 129/242/218 35/269/245
f 1441/215/191 1436/330/306 728/331/307
f 118/295/271 708/332/308 1430/333/309
f 412/245/221 123/258/234 28/274/250
f 436/316/292 122/246/222 27/228/204
f 1411/224/200 1400/334/310 588/335/311
f 605/336/312 132/337/313 1406/223/199
f 465/322/298 126/297/273 1376/338/314
f 480/207/183 126/297/273 32/233/209
f 1426/326/302 1420/339/315 674/340/316
f 135/221/197 656/341/317 1454/222/198
f 505/329/305 130/197/173 1395/342/318
f 454/343/319 118/295/271 1468/344/320
f 1468/344/320 1430/333/309 690/345/321
f 1544/346/322 36/347/323 744/348/324
f 1495/349/325 55/350/326 158/351/327
f 141/352/323 769/353/328 38/354/323
f 758/355/329 166/356/330 1505/357/331
f 39/358/323 1509/359/332 748/360/333
f 743/361/334 158/351/327 51/362/335
f 754/363/336 154/364/337 49/365/338
f 768/366/339 161/367/340 1500/368/341
f 38/354/323 1484/369/342 764/370/343
f 1499/371/344 39/358/323 140/372/323
f 1505/357/331 57/373/345 773/374/346
f 1515/375/347 54/376/348 779/377/349
f 1510/378/350 61/379/351 749/380/352
f 773/374/346 160/381/353 1520/382/354
f 1520/382/354 58/383/355 783/384/356
f 1530/385/357 53/386/358 789/387/359
f 142/388/323 778/389/360 1509/359/332
f 783/384/356 167/390/361 1535/391/362
f 1535/391/362 1647/392/363 795/393/364
f 810/394/365 165/395/366 1530/385/357
f 143/396/323 788/397/367 1514/398/368
f 1545/399/369 51/362/335 156/400/370
f 815/401/371 156/400/370 52/402/372
f 821/403/373 162/404/374 48/405/375
f 36/347/323 1489/406/376 141/352/323
f 1560/407/377 52/402/372 164/408/378
f 826/409/379 164/408/378 56/410/380
f 1555/411/381 1644/412/382 162/404/374
f 41/413/323 1539/414/383 145/415/323
f 158/351/327 868/416/384 1574/417/385
f 45/418/386 1590/419/387 149/420/386
f 59/421/388 1584/422/389 166/356/330
f 877/423/390 150/424/386 1600/425/391
f 156/400/370 848/426/392 1624/427/393
f 50/428/394 1569/429/395 873/430/396
f 50/428/394 1579/431/397 161/367/340
f 155/432/398 857/433/399 1569/429/395
f 168/434/400 868/416/384 55/350/326
f 169/435/401 852/436/402 61/379/351
f 54/376/348 1589/437/403 169/435/401
f 57/373/345 1599/438/404 160/381/353
f 1585/439/405 43/440/386 877/423/390
f 157/441/406 882/442/407 54/376/348
f 53/386/358 1594/443/408 157/441/406
f 58/383/355 1614/444/409 167/390/361
f 1600/425/391 46/445/410 887/446/411
f 165/395/366 892/447/412 53/386/358
f 60/448/413 1609/449/414 165/395/366
f 167/390/361 898/450/415 1647/392/363
f 847/451/416 148/452/386 42/453/386
f 49/365/338 1619/454/417 857/433/399
f 154/364/337 924/455/418 1619/454/417
f 164/408/378 920/456/419 1639/457/420
f 152/458/386 919/459/421 1625/460/422
f 48/405/375 1634/461/423 924/455/418
f 162/404/374 936/462/424 1634/461/423
f 56/410/380 1639/457/420 929/463/425
f 1490/464/426 49/365/338 155/432/398
f 1550/465/427 56/466/380 159/467/428
f 159/467/428 929/468/425 1629/469/429
f 42/453/386 1570/470/430 858/471/431
f 769/353/328 140/372/323 38/354/323
f 1500/368/341 59/421/388 758/355/329
f 161/367/340 863/472/432 59/421/388
f 148/452/386 872/473/433 1570/470/430
f 146/474/323 820/475/434 41/413/323
f 744/348/324 141/352/323 1494/476/435
f 51/362/335 1574/417/385 848/426/392
f 925/477/436 153/478/386 47/479/386
f 779/377/349 169/435/401 1510/378/350
f 1525/480/437 1648/481/438 163/482/439
f 163/482/439 897/483/440 1604/484/441
f 149/420/386 883/485/442 43/440/386
f 749/380/352 168/434/400 1485/486/443
f 768/366/339 155/432/398 50/428/394
f 1575/487/444 44/488/386 148/452/386
f 61/379/351 1564/489/445 168/434/400
f 1549/490/446 1554/491/447 146/474/323
f 825/492/448 146/474/323 1559/493/449
f 153/478/386 930/494/450 1640/495/451
f 1635/496/452 1630/497/453 153/478/386
f 40/498/454 1529/499/455 788/397/367
f 1504/500/456 37/501/323 142/388/323
f 166/356/330 878/502/457 57/373/345
f 46/445/410 1610/503/458 151/504/459
f 759/505/460 142/388/323 39/358/323
f 774/506/461 143/396/323 37/501/323
f 147/507/386 872/473/433 44/488/386
f 45/418/386 1580/508/462 147/507/386
f 1540/509/463 48/405/375 154/364/337
f 42/453/386 1625/460/422 847/451/416
f 1710/510/464 62/511/465 952/512/466
f 1620/513/467 47/479/386 152/458/386
f 144/514/468 811/515/469 1529/499/455
f 1534/516/470 1524/517/471 144/514/468
f 1615/518/472 1605/519/473 899/520/474
f 151/504/459 914/521/475 1605/519/473
f 1550/465/427 1645/522/476 830/523/477
f 816/524/478 145/415/323 1544/346/322
f 52/402/372 1624/427/393 920/456/419
f 159/467/428 934/525/479 1645/522/476
f 789/387/359 157/441/406 1515/375/347
f 1559/493/449 41/413/323 816/524/478
f 47/479/386 1640/495/451 919/459/421
f 150/424/386 893/526/480 46/445/410
f 37/501/323 1514/398/368 778/389/360
f 1485/486/443 55/350/326 763/527/481
f 862/528/482 149/420/386 1585/439/405
f 43/440/386 1595/529/483 150/424/386
f 1525/480/437 60/530/413 810/531/365
f 1519/532/484 40/498/454 143/396/323
f 160/381/353 888/533/485 58/383/355
f 163/534/439 915/535/486 60/448/413
f 1494/476/435 38/354/323 764/370/343
f 140/372/323 748/360/333 1484/369/342
f 853/536/487 147/507/386 1565/537/488
f 1565/537/488 44/488/386 867/538/489
f 145/415/323 753/539/490 36/347/323
f 784/540/491 144/514/468 40/498/454
f 887/446/411 151/504/459 1615/518/472
f 858/471/431 152/458/386 42/453/386
f 1661/541/492 81/542/493 188/543/494
f 171/544/465 977/545/495 64/546/465
f 966/547/496 196/548/497 1671/549/498
f 65/550/465 1675/551/499 956/552/500
f 951/553/501 188/543/494 77/554/502
f 962/555/503 184/556/504 75/557/505
f 976/558/506 191/559/507 1666/560/508
f 64/546/465 1650/561/509 972/562/510
f 1665/563/511 65/550/465 170/564/465
f 1671/549/498 83/565/512 981/566/513
f 1681/567/514 80/568/515 987/569/516
f 1676/570/517 87/571/518 957/572/519
f 981/566/513 190/573/520 1686/574/521
f 1686/574/521 84/575/522 991/576/523
f 1696/577/524 79/578/525 997/579/526
f 172/580/465 986/581/527 1675/551/499
f 991/576/523 197/582/528 1701/583/529
f 1701/583/529 1813/584/530 1003/585/531
f 1018/586/532 195/587/533 1696/577/524
f 173/588/534 996/589/535 1680/590/536
f 1711/591/537 77/554/502 186/592/538
f 1023/593/539 186/592/538 78/594/540
f 1029/595/541 192/596/542 74/597/543
f 62/511/465 1655/598/544 171/544/465
f 1726/599/545 78/594/540 194/600/546
f 1034/601/547 194/600/546 82/602/548
f 1721/603/549 1810/604/550 192/596/542
f 67/605/551 1705/606/552 175/607/465
f 188/543/494 1077/608/553 1740/609/554
f 71/610/555 1756/611/556 179/612/555
f 85/613/557 1750/614/558 196/548/497
f 1086/615/559 180/616/560 1766/617/561
f 186/592/538 1057/618/562 1790/619/563
f 76/620/564 1735/621/565 1082/622/566
f 76/620/564 1745/623/567 191/559/507
f 185/624/568 1066/625/569 1735/621/565
f 198/626/570 1077/608/553 81/542/493
f 199/627/571 1061/628/572 87/571/518
f 80/568/515 1755/629/573 199/627/571
f 83/565/512 1765/630/574 190/573/520
f 1751/631/575 69/632/576 1086/615/559
f 187/633/577 1091/634/578 80/568/515
f 79/578/525 1760/635/579 187/633/577
f 84/575/522 1780/636/580 197/582/528
f 1766/617/561 72/637/581 1096/638/582
f 195/587/533 1101/639/583 79/578/525
f 86/640/584 1775/641/585 195/587/533
f 197/582/528 1107/642/586 1813/584/530
f 1056/643/587 178/644/555 68/645/555
f 75/557/505 1785/646/588 1066/625/569
f 184/556/504 1133/647/589 1785/646/588
f 194/600/546 1129/648/590 1805/649/591
f 182/650/555 1128/651/592 1791/652/593
f 74/597/543 1800/653/594 1133/647/589
f 192/596/542 1145/654/595 1800/653/594
f 82/602/548 1805/649/591 1138/655/596
f 1656/656/597 75/557/505 185/624/568
f 1716/657/598 82/602/548 189/658/599
f 189/658/599 1138/655/596 1795/659/600
f 68/645/555 1736/660/601 1067/661/602
f 977/545/495 170/564/465 64/546/465
f 1666/560/508 85/613/557 966/547/496
f 191/559/507 1072/662/603 85/613/557
f 178/644/555 1081/663/604 1736/660/601
f 176/664/465 1028/665/605 67/605/551
f 952/512/466 171/544/465 1660/666/606
f 77/554/502 1740/609/554 1057/618/562
f 1134/667/607 183/668/555 73/669/555
f 987/569/516 199/627/571 1676/570/517
f 1691/670/608 1814/671/609 193/672/610
f 193/672/610 1106/673/611 1770/674/612
f 179/612/555 1092/675/613 69/632/576
f 957/572/519 198/626/570 1651/676/614
f 976/558/506 185/624/568 76/620/564
f 1741/677/615 70/678/555 178/644/555
f 87/571/518 1730/679/616 198/626/570
f 1715/680/617 1720/681/618 176/664/465
f 1033/682/619 176/664/465 1725/683/620
f 183/668/555 1139/684/621 1806/685/622
f 1801/686/623 1796/687/624 183/668/555
f 66/688/625 1695/689/626 996/589/535
f 1670/690/627 63/691/628 172/580/465
f 196/548/497 1087/692/629 83/565/512
f 72/637/581 1776/693/630 181/694/631
f 967/695/632 172/580/465 65/550/465
f 982/696/633 173/588/534 63/691/628
f 177/697/555 1081/663/604 70/678/555
f 71/610/555 1746/698/634 177/697/555
f 1706/699/635 74/597/543 184/556/504
f 68/645/555 1791/652/593 1056/643/587
f 1786/700/636 73/669/555 182/650/555
f 174/701/637 1019/702/638 1695/689/626
f 1700/703/639 1690/704/640 174/701/637
f 1781/705/641 1771/706/642 1108/707/643
f 181/694/631 1123/708/644 1771/706/642
f 1716/709/598 1811/710/645 1038/711/646
f 1024/712/647 175/607/465 1710/510/464
f 78/594/540 1790/619/563 1129/648/590
f 189/713/599 1143/714/648 1811/710/645
f 997/579/526 187/633/577 1681/567/514
f 1725/683/620 67/605/551 1024/712/647
f 73/669/555 1806/685/622 1128/651/592
f 180/616/560 1102/715/649 72/637/581
f 63/691/628 1680/590/536 986/581/527
f 1651/676/614 81/542/493 971/716/650
f 1071/717/651 179/612/555 1751/631/575
f 69/632/576 1761/718/652 180/616/560
f 1691/670/608 86/719/584 1018/720/532
f 1685/721/653 66/688/625 173/588/534
f 190/573/520 1097/722/654 84/575/522
f 193/672/610 1124/723/655 86/719/584
f 1660/666/606 64/546/465 972/562/510
f 170/564/465 956/552/500 1650/561/509
f 1062/724/656 177/697/555 1731/725/657
f 1731/725/657 70/678/555 1076/726/658
f 175/607/465 961/727/659 62/511/465
f 992/728/660 174/701/637 66/688/625
f 1096/638/582 181/694/631 1781/705/641
f 1067/661/602 182/650/555 68/645/555
f 250/729/661 256/730/662 255/731/663
f 253/732/664 257/733/665 256/730/662
f 255/731/663 256/730/662 267/734/666
f 256/730/662 258/735/667 267/734/666
f 259/736/668 261/737/669 251/738/670
f 260/739/671 262/740/672 259/736/668
f 262/740/672 254/741/673 261/737/669
f 263/742/674 257/733/665 262/740/672
f 252/743/44 266/744/675 265/745/676
f 264/746/677 267/734/678 266/744/675
f 265/745/676 263/742/679 260/739/680
f 266/744/675 258/735/681 263/742/679
f 288/177/157 293/747/682 292/748/683
f 291/749/684 294/750/685 293/747/682
f 292/748/683 305/751/686 302/752/687
f 293/747/682 295/753/688 305/751/686
f 289/754/689 299/755/690 298/756/691
f 296/757/692 300/758/693 299/755/690
f 298/756/694 294/750/695 291/749/696
f 299/755/690 295/753/697 294/750/695
f 301/759/698 303/760/699 290/761/700
f 302/752/687 304/762/701 301/759/698
f 304/762/701 297/763/702 303/760/699
f 305/751/686 300/758/703 304/762/701
f 356/136/121 361/764/704 360/765/705
f 359/766/706 362/767/707 361/764/704
f 360/768/705 372/769/708 369/770/709
f 361/771/704 363/772/710 372/769/708
f 357/105/95 366/773/711 359/774/712
f 364/775/713 367/776/714 366/773/711
f 359/774/712 366/773/711 362/777/715
f 366/773/711 363/772/716 362/777/717
f 368/778/718 370/779/719 358/173/154
f 369/770/709 371/780/720 368/778/718
f 371/780/720 365/781/721 370/779/719
f 372/769/722 367/776/714 371/780/720
f 393/180/159 399/782/723 398/783/724
f 396/784/725 400/785/726 399/786/723
f 398/787/724 399/786/723 409/788/727
f 399/786/723 401/789/728 409/788/727
f 402/790/729 404/791/730 394/792/731
f 403/793/732 405/794/733 402/790/729
f 405/794/733 397/795/734 404/791/730
f 406/796/735 400/785/736 405/794/733
f 395/117/105 408/797/737 407/798/738
f 398/799/739 409/788/740 408/797/737
f 407/798/738 406/796/735 403/793/732
f 408/797/737 401/789/741 406/796/735
f 413/800/742 415/801/743 410/165/147
f 414/802/744 416/803/745 413/800/742
f 415/801/743 416/803/745 423/804/746
f 416/803/745 417/805/747 423/806/746
f 418/807/748 420/808/749 411/237/213
f 419/809/750 421/810/751 418/807/748
f 420/808/749 421/811/751 414/802/744
f 422/812/752 423/806/746 424/813/753
f 424/813/753 419/809/750 422/814/752
f 424/813/753 423/806/746 417/815/747
f 428/816/754 429/817/755 425/220/756
f 429/817/757 1161/818/758 432/819/759
f 426/820/760 430/821/761 431/822/762
f 434/823/763 1161/818/764 430/824/765
f 431/822/766 430/825/767 428/826/767
f 435/210/186 438/827/768 439/828/769
f 442/829/770 440/830/771 438/831/772
f 437/234/210 443/832/773 444/833/774
f 443/832/775 438/834/776 444/835/777
f 444/835/778 1817/836/779 442/837/780
f 445/318/294 448/838/781 449/839/782
f 449/840/783 450/841/784 1818/842/785
f 446/843/786 449/844/787 451/845/788
f 451/845/789 449/846/790 448/847/790
f 457/848/791 458/849/792 454/343/793
f 457/848/794 460/850/794 459/851/794
f 458/849/795 1160/852/796 462/853/797
f 455/854/798 459/855/799 460/856/800
f 459/857/801 463/858/802 1160/859/801
f 467/860/803 469/861/804 464/298/274
f 467/860/803 468/862/805 470/863/806
f 469/861/804 470/864/806 476/865/807
f 470/863/806 468/862/805 471/866/808
f 473/867/809 472/868/810 474/869/811
f 473/870/809 474/869/811 468/871/805
f 472/868/810 468/862/805 474/869/811
f 475/872/812 477/873/813 466/265/241
f 476/865/807 478/874/814 475/872/812
f 477/873/813 478/874/814 472/875/810
f 478/874/814 471/866/808 472/868/810
f 482/876/815 483/877/816 479/273/817
f 482/876/818 484/878/819 488/879/820
f 481/271/247 487/880/821 488/881/822
f 487/880/823 483/882/823 488/883/824
f 488/883/820 1819/884/825 486/885/826
f 488/886/820 484/887/819 1819/884/825
f 492/888/827 494/889/828 489/890/829
f 492/888/827 493/891/830 495/892/831
f 495/892/831 501/893/832 494/889/828
f 495/892/831 496/894/833 503/895/834
f 497/896/835 498/897/836 499/898/837
f 497/899/835 499/898/837 493/900/830
f 498/897/836 493/891/830 499/898/837
f 500/901/838 502/902/839 491/285/261
f 500/901/838 501/893/832 503/903/834
f 502/902/839 503/903/834 498/904/836
f 503/895/834 496/894/833 498/897/836
f 504/199/175 508/905/840 507/906/841
f 508/907/842 1816/908/842 509/909/842
f 506/291/267 512/910/843 508/911/844
f 512/910/845 507/912/846 508/913/846
f 508/913/847 1816/908/848 511/914/849
f 516/915/850 518/916/851 513/281/257
f 517/917/852 519/918/853 516/915/850
f 519/918/853 527/919/854 518/916/851
f 519/918/853 520/920/855 530/921/856
f 514/922/228 524/923/857 523/924/858
f 521/925/859 525/926/860 524/923/857
f 523/924/858 520/920/861 517/917/852
f 524/923/862 530/927/863 520/920/864
f 526/928/865 528/929/866 515/300/276
f 527/919/854 529/930/867 526/928/865
f 529/930/867 522/931/868 528/929/866
f 529/930/867 530/927/869 525/926/870
f 534/932/871 536/933/872 531/244/220
f 535/934/873 537/935/874 534/932/871
f 537/935/874 545/936/875 536/933/872
f 537/935/874 538/937/876 548/938/877
f 532/939/266 542/940/878 541/941/879
f 539/942/880 543/943/881 542/940/878
f 541/941/879 538/937/882 535/934/873
f 542/940/883 548/944/884 538/937/885
f 544/945/886 546/946/887 533/261/237
f 545/936/875 547/947/888 544/945/886
f 547/947/888 540/948/889 546/946/887
f 547/947/888 548/944/890 543/943/891
f 552/949/892 554/950/893 549/276/252
f 553/951/894 555/952/895 552/949/892
f 555/952/895 564/953/896 554/950/893
f 555/952/895 557/954/897 567/955/898
f 558/956/899 560/957/900 550/255/231
f 559/958/901 561/959/902 558/956/899
f 561/959/902 553/951/894 560/957/900
f 561/959/902 557/954/897 556/960/903
f 563/961/904 565/962/905 551/303/279
f 564/953/896 566/963/906 563/961/904
f 566/963/906 559/958/901 565/962/905
f 566/963/906 557/954/897 562/964/907
f 571/965/908 573/966/909 568/232/208
f 572/967/910 574/968/911 571/965/908
f 574/968/911 583/969/912 573/966/909
f 574/968/911 575/970/913 576/971/914
f 569/972/277 580/973/915 579/974/916
f 577/975/917 581/976/918 580/973/915
f 579/974/916 575/970/919 572/967/910
f 580/973/915 576/977/920 575/970/919
f 582/978/921 584/979/922 570/270/246
f 583/969/912 585/980/923 582/978/921
f 585/980/923 578/981/924 584/979/922
f 585/980/923 576/977/914 581/976/925
f 586/982/926 591/983/927 590/984/928
f 589/985/929 592/986/930 591/983/927
f 590/984/928 603/987/931 600/988/932
f 591/983/927 593/989/933 603/987/931
f 587/311/287 597/990/934 596/991/935
f 594/992/936 598/993/937 597/990/934
f 596/991/938 592/986/939 589/985/940
f 597/990/934 593/989/941 592/986/942
f 599/994/943 601/995/944 588/996/311
f 600/988/932 602/997/945 599/994/943
f 602/997/945 595/998/946 601/995/944
f 603/987/947 598/993/948 602/997/945
f 607/999/949 609/1000/950 604/321/297
f 608/1001/951 610/1002/952 607/999/949
f 610/1002/952 617/1003/953 609/1000/950
f 612/1004/954 614/1005/955 605/1006/312
f 613/1007/956 615/1008/957 612/1004/954
f 615/1008/957 608/1001/951 614/1005/955
f 616/1009/958 618/1010/959 606/308/284
f 617/1003/953 619/1011/960 616/1009/958
f 619/1011/960 613/1007/956 618/1010/959
f 620/320/296 626/1012/961 625/1013/962
f 623/1014/963 627/1015/964 626/1012/961
f 625/1013/962 626/1012/961 637/1016/965
f 626/1012/961 628/1017/966 637/1016/965
f 629/1018/967 631/1019/968 621/1020/201
f 630/1021/969 632/1022/970 629/1018/967
f 632/1022/970 624/1023/971 631/1019/968
f 633/1024/972 627/1015/964 632/1022/970
f 622/312/288 636/1025/973 635/1026/974
f 634/1027/975 637/1016/976 636/1025/973
f 635/1026/974 633/1024/972 630/1021/969
f 636/1025/973 628/1017/966 633/1024/972
f 641/1028/977 643/1029/978 638/226/202
f 642/1030/979 644/1031/980 641/1028/977
f 644/1031/980 652/1032/981 643/1029/978
f 644/1031/980 645/1033/982 655/1034/983
f 646/1035/984 648/1036/985 639/314/290
f 647/1037/986 649/1038/987 646/1035/984
f 649/1038/987 642/1030/979 648/1036/985
f 649/1038/987 650/1039/988 645/1040/982
f 651/1041/989 653/1042/990 640/1043/299
f 652/1032/981 654/1044/991 651/1041/989
f 654/1044/991 647/1037/986 653/1042/990
f 655/1034/983 650/1039/988 654/1044/991
f 656/341/317 671/1045/992 661/1046/993
f 659/1047/994 662/1048/995 671/1045/992
f 661/1046/993 671/1049/992 669/1050/996
f 671/1045/997 662/1048/998 663/1051/998
f 664/1052/999 666/1053/1000 657/1054/303
f 665/1055/1001 667/1056/1002 664/1052/999
f 667/1056/1003 660/1057/1004 666/1058/1000
f 658/1059/1005 671/1060/1006 670/1061/1007
f 668/1062/1008 669/1050/1009 671/1060/1006
f 670/1061/1007 662/1063/1010 665/1055/1001
f 672/213/189 677/1064/1011 676/1065/1012
f 675/1066/1013 678/1067/1014 677/1064/1011
f 676/1065/1012 689/1068/1015 686/1069/1016
f 677/1064/1011 679/1070/1017 689/1068/1015
f 673/315/291 683/1071/1018 682/1072/1019
f 680/1073/1020 684/1074/1021 683/1071/1018
f 682/1072/1019 683/1071/1018 678/1067/1022
f 683/1071/1018 679/1070/1017 678/1067/1022
f 685/1075/1023 687/1076/1024 674/1077/316
f 686/1069/1016 688/1078/1025 685/1075/1023
f 688/1078/1025 681/1079/1026 687/1076/1024
f 689/1068/1015 684/1074/1021 688/1078/1025
f 690/345/321 696/1080/1027 695/1081/1028
f 693/1082/1029 697/1083/1030 696/1080/1027
f 695/1081/1031 707/1084/1032 704/1085/1033
f 696/1080/1027 698/1086/1034 707/1084/1032
f 699/1087/1035 701/1088/1036 691/1089/192
f 700/1090/1037 702/1091/1038 699/1087/1035
f 702/1091/1038 694/1092/1039 701/1088/1036
f 703/1093/1040 697/1083/1030 702/1091/1038
f 692/307/283 706/1094/1041 705/1095/1042
f 704/1085/1043 707/1084/1044 706/1094/1041
f 705/1095/1042 703/1093/1045 700/1090/1037
f 706/1094/1041 698/1086/1046 703/1093/1045
f 711/1096/1047 713/1097/1048 708/332/308
f 712/1098/1049 714/1099/1050 711/1096/1047
f 714/1099/1050 722/1100/1051 713/1097/1048
f 714/1099/1050 715/1101/1052 725/1102/1053
f 716/1103/1054 718/1104/1055 709/304/280
f 717/1105/1056 719/1106/1057 716/1103/1054
f 719/1106/1057 712/1098/1049 718/1104/1055
f 719/1106/1057 720/1107/1058 715/1108/1052
f 721/1109/1059 723/1110/1060 710/1111/180
f 722/1100/1051 724/1112/1061 721/1109/1059
f 724/1112/1061 717/1105/1056 723/1110/1060
f 725/1102/1053 720/1107/1058 724/1112/1061
f 726/1113/1062 731/1114/1063 730/1115/1064
f 729/1116/1065 732/1117/1066 731/1114/1063
f 730/1115/1064 742/1118/1067 739/1119/1068
f 731/1114/1063 733/1120/1069 742/1118/1067
f 727/306/282 736/1121/1070 729/1122/1071
f 734/1123/1072 737/1124/1073 736/1121/1070
f 729/1122/1071 736/1121/1070 732/1117/1074
f 736/1121/1070 733/1120/1069 732/1117/1074
f 738/1125/1075 740/1126/1076 728/1127/307
f 739/1119/1068 741/1128/1077 738/1125/1075
f 741/1128/1077 735/1129/1078 740/1126/1076
f 742/1118/1067 737/1124/1073 741/1128/1077
f 793/1130/1079 798/1131/1080 806/1132/1081
f 796/1133/1082 799/1134/1083 798/1131/1080
f 806/1132/1081 798/1131/1080 809/1135/1084
f 798/1131/1080 800/1136/1085 809/1135/1084
f 801/1137/1086 803/1138/1087 794/1139/1088
f 802/1140/1089 804/1141/1090 801/1137/1086
f 804/1141/1090 797/1142/1091 803/1138/1087
f 805/1143/1092 799/1134/1083 804/1141/1090
f 795/1144/364 808/1145/1093 807/1146/1094
f 806/1147/1095 809/1135/1096 808/1145/1093
f 807/1146/1094 805/1143/1097 802/1140/1098
f 808/1145/1093 800/1136/1099 805/1143/1097
f 830/523/477 835/1148/1100 834/1149/1101
f 833/1150/1102 836/1151/1103 835/1148/1100
f 834/1149/1101 846/1152/1104 843/1153/1105
f 835/1148/1100 837/1154/1106 846/1152/1104
f 831/1155/1107 840/1156/1108 833/1157/1109
f 838/1158/1110 841/1159/1111 840/1156/1108
f 833/1157/1109 840/1156/1108 836/1151/1112
f 840/1156/1108 837/1154/1113 836/1151/1114
f 842/1160/1115 844/1161/1116 832/1162/1117
f 843/1153/1105 845/1163/1118 842/1160/1115
f 845/1163/1118 839/1164/1119 844/1161/1116
f 846/1152/1104 841/1159/1120 845/1163/1118
f 897/483/440 902/1165/1121 901/1166/1122
f 900/1167/1123 903/1168/1124 902/1165/1121
f 901/1169/1122 913/1170/1125 910/1171/1126
f 902/1172/1121 904/1173/1127 913/1170/1125
f 898/450/415 907/1174/1128 900/1175/1129
f 905/1176/1130 908/1177/1131 907/1174/1128
f 900/1175/1129 907/1174/1128 903/1178/1132
f 907/1174/1128 904/1173/1133 903/1178/1132
f 909/1179/1134 911/1180/1135 899/520/474
f 910/1171/1126 912/1181/1136 909/1179/1134
f 912/1181/1136 906/1182/1137 911/1180/1135
f 913/1170/1138 908/1177/1131 912/1181/1136
f 934/525/479 939/1183/1139 947/1184/1140
f 937/1185/1141 940/1186/1142 939/1187/1139
f 947/1188/1140 939/1187/1139 950/1189/1143
f 939/1187/1139 941/1190/1144 950/1189/1145
f 942/1191/1146 944/1192/1147 935/1193/1148
f 943/1194/1149 945/1195/1150 942/1191/1146
f 945/1195/1150 938/1196/1151 944/1192/1147
f 946/1197/1152 940/1186/1153 945/1195/1150
f 936/462/424 949/1198/1154 948/1199/1155
f 947/1200/1156 950/1189/1157 949/1198/1154
f 948/1199/1155 946/1197/1152 943/1194/1149
f 949/1198/1154 941/1190/1158 946/1197/1152
f 1001/1201/1159 1007/1202/1160 1006/1203/1161
f 1004/1204/1162 1008/1205/1163 1007/1202/1160
f 1006/1203/1161 1007/1202/1160 1017/1206/1164
f 1007/1202/1160 1009/1207/1165 1017/1206/1164
f 1010/1208/1166 1012/1209/1167 1002/1210/1168
f 1011/1211/1169 1013/1212/1170 1010/1213/1166
f 1013/1214/1170 1005/1215/1171 1012/1209/1167
f 1014/1216/1172 1008/1217/1163 1013/1212/1170
f 1003/585/1173 1016/1218/1174 1015/1219/1175
f 1006/1220/1176 1017/1221/1177 1016/1218/1177
f 1015/1219/1175 1014/1216/1178 1011/1211/1179
f 1016/1218/1174 1009/1222/1180 1014/1216/1178
f 1038/711/646 1043/1223/1181 1042/1224/1182
f 1041/1225/1183 1044/1226/1184 1043/1223/1181
f 1042/1224/1182 1055/1227/1185 1052/1228/1186
f 1043/1223/1181 1045/1229/1187 1055/1227/1185
f 1039/1230/1188 1049/1231/1189 1048/1232/1190
f 1046/1233/1191 1050/1234/1192 1049/1231/1189
f 1048/1232/1193 1044/1235/1194 1041/1236/1195
f 1049/1231/1189 1045/1237/1196 1044/1235/1194
f 1051/1238/1197 1053/1239/1198 1040/1240/1199
f 1052/1228/1186 1054/1241/1200 1051/1238/1197
f 1054/1242/1200 1047/1243/1201 1053/1244/1198
f 1055/1227/1185 1050/1245/1202 1054/1241/1200
f 1106/673/611 1111/1246/1203 1110/1247/1204
f 1109/1248/1205 1112/1249/1206 1111/1250/1203
f 1110/1251/1204 1122/1252/1207 1119/1253/1208
f 1111/1250/1203 1113/1254/1209 1122/1252/1207
f 1107/642/586 1116/1255/1210 1109/1256/1211
f 1114/1257/1212 1117/1258/1213 1116/1255/1210
f 1109/1256/1211 1116/1255/1210 1112/1249/1214
f 1116/1255/1210 1113/1254/1215 1112/1249/1214
f 1118/1259/1216 1120/1260/1217 1108/707/643
f 1119/1253/1208 1121/1261/1218 1118/1259/1216
f 1121/1261/1218 1115/1262/1219 1120/1260/1217
f 1122/1252/1220 1117/1258/1213 1121/1261/1218
f 1143/1263/648 1148/1264/1221 1156/1265/1222
f 1146/1266/1223 1149/1267/1224 1148/1264/1221
f 1156/1265/1222 1148/1264/1221 1159/1268/1225
f 1148/1264/1221 1150/1269/1226 1159/1268/1227
f 1151/1270/1228 1153/1271/1229 1144/1272/1230
f 1152/1273/1231 1154/1274/1232 1151/1270/1228
f 1154/1274/1232 1147/1275/1233 1153/1271/1229
f 1155/1276/1234 1149/1267/1235 1154/1274/1232
f 1145/654/595 1158/1277/1236 1157/1278/1237
f 1156/1279/1238 1159/1268/1239 1158/1277/1236
f 1157/1278/1237 1155/1276/1234 1152/1273/1231
f 1158/1277/1236 1150/1269/1240 1155/1276/1234
f 221/25/23 1164/1280/1241 224/1281/1242
f 224/1281/1242 1165/1282/1243 223/1283/1244
f 223/1284/1245 1166/1285/1246 222/1286/1247
f 1166/1285/1246 220/182/161 222/1286/1247
f 1162/24/22 207/1287/1248 1164/1280/1241
f 1164/1280/1241 208/1288/1249 1165/1282/1243
f 1165/1289/1250 209/1290/1251 1166/1285/1246
f 209/1290/1251 1163/139/124 1166/1285/1246
f 1167/61/56 229/1291/1252 226/8/7
f 1169/1292/1253 228/1293/1254 229/1291/1252
f 1170/1294/1255 227/1295/1256 228/1293/1257
f 227/1295/1256 1168/1296/107 225/1297/19
f 210/194/170 1169/1292/1253 1167/61/56
f 212/1298/1258 1170/1294/1259 1169/1292/1253
f 213/1299/1260 1171/1300/1261 1170/1294/1255
f 1171/1300/1261 211/1301/16 1168/1296/107
f 1172/129/116 204/1302/1262 201/3/3
f 1174/1303/1263 203/1304/1264 204/1302/1262
f 1175/1305/1265 202/1306/1266 203/1304/1267
f 202/1307/1266 1173/4/4 200/16/14
f 221/25/23 1174/1303/1263 1172/129/116
f 224/1281/1242 1175/1305/1268 1174/1303/1263
f 223/1283/1245 1176/1308/1269 1175/1305/1265
f 1176/1309/1269 220/182/161 1173/4/4
f 216/158/141 1179/1310/1270 219/1311/1271
f 219/1311/1271 1180/1312/1272 218/1313/1273
f 218/1313/1274 1181/1314/1275 217/1315/1276
f 1181/1314/1275 215/1316/9 217/1315/1276
f 1177/26/24 229/1291/1252 1179/1310/1270
f 1179/1310/1270 228/1293/1254 1180/1312/1272
f 1180/1312/1277 227/1295/1256 1181/1314/1275
f 227/1295/1256 1178/1317/21 1181/1314/1275
f 231/159/142 1184/1318/1278 234/1319/1279
f 234/1319/1279 1185/1320/1280 233/1321/1281
f 233/1321/1282 1186/1322/1283 232/1323/1284
f 1186/1322/1283 230/1324/26 232/1323/1284
f 1182/153/137 219/1311/1271 1184/1318/1278
f 1184/1318/1278 218/1313/1273 1185/1320/1280
f 1185/1320/1285 217/1315/1276 1186/1322/1283
f 217/1315/1276 1183/1325/11 1186/1322/1283
f 205/15/13 1189/1326/1286 207/1287/1248
f 207/1287/1248 1190/1327/1287 208/1288/1249
f 208/1328/1288 1191/1329/1289 209/1290/1251
f 1191/1329/1289 206/35/32 209/1290/1251
f 1187/14/12 237/1330/1290 1189/1326/1286
f 1189/1326/1286 238/1331/1291 1190/1327/1287
f 1190/1332/1292 239/1333/1293 1191/1329/1289
f 239/1333/1293 1188/33/30 1191/1329/1289
f 235/44/40 1194/1334/1294 237/1330/1290
f 237/1330/1290 1195/1335/1295 238/1331/1291
f 238/1336/1296 1196/1337/1297 239/1333/1293
f 1196/1337/1297 236/32/29 239/1333/1293
f 1192/53/48 247/1338/1298 1194/1334/1294
f 1194/1334/1294 248/1339/1299 1195/1335/1295
f 1195/1340/1300 249/1341/1301 1196/1337/1297
f 249/1341/1301 1193/30/27 1196/1337/1297
f 241/195/171 1199/1342/1302 244/1343/1303
f 244/1343/1303 1200/1344/1304 243/1345/1305
f 243/1345/1306 1201/1346/1307 242/1347/1308
f 1201/1346/1307 240/1348/36 242/1347/1308
f 1197/187/164 234/1319/1279 1199/1342/1302
f 1199/1342/1302 233/1321/1281 1200/1344/1304
f 1200/1344/1309 232/1323/1284 1201/1346/1307
f 232/1323/1284 1198/1349/34 1201/1346/1307
f 1202/170/151 272/1350/1310 269/168/149
f 1204/1351/1311 271/1352/1312 272/1350/1310
f 1205/1353/1313 270/1354/1314 271/1352/1312
f 1206/1355/1315 268/186/45 270/1354/1314
f 251/738/670 1204/1351/1311 1202/170/151
f 261/737/669 1205/1353/1313 1204/1351/1311
f 254/741/673 1206/1355/1315 1205/1353/1313
f 253/732/664 1203/133/118 1206/1355/1315
f 245/52/47 1209/1356/1316 247/1338/1298
f 247/1338/1298 1210/1357/1317 248/1339/1299
f 248/1358/1318 1211/1359/1319 249/1341/1301
f 249/1341/1301 1208/40/37 246/42/39
f 1207/152/136 272/1350/1310 1209/1356/1316
f 1209/1356/1320 271/1352/1312 1210/1357/1317
f 1210/1360/1321 270/1361/1314 1211/1359/1319
f 270/1361/1314 1208/40/37 1211/1359/1319
f 251/738/670 1214/1362/1322 259/736/668
f 259/736/668 1215/1363/1323 260/739/671
f 260/739/680 1216/1364/1324 265/745/676
f 265/745/676 1213/1365/42 252/743/44
f 1212/169/150 244/1343/1303 1214/1362/1322
f 1214/1362/1322 243/1345/1305 1215/1363/1323
f 1215/1363/1325 242/1347/1308 1216/1364/1324
f 1216/1364/1324 240/1348/36 1213/1365/42
f 1217/69/63 212/1298/1258 210/194/170
f 1219/1366/1326 213/1299/1327 212/1298/1258
f 1220/1367/1328 214/1368/1329 213/1299/1260
f 214/1368/1329 1218/1369/144 211/1301/16
f 278/128/115 1219/1366/1326 1217/69/63
f 280/1370/1330 1220/1367/1331 1219/1366/1326
f 281/1371/1332 1221/1372/1333 1220/1367/1328
f 1221/1372/1333 279/1373/53 1218/1369/144
f 1222/1/1 277/1374/1334 274/178/158
f 1224/1375/1335 276/1376/1336 277/1374/1334
f 1225/1377/1337 275/1378/1338 276/1376/1339
f 275/1379/1338 1223/54/49 273/56/51
f 201/3/3 1224/1375/1335 1222/1/1
f 204/1302/1262 1225/1377/1340 1224/1375/1335
f 203/1304/1267 1226/1380/1341 1225/1377/1337
f 1226/1381/1341 200/16/14 1223/54/49
f 290/761/700 1229/1382/1342 301/759/698
f 301/759/698 1230/1383/1343 302/752/687
f 302/752/687 1231/1384/1344 292/748/683
f 292/748/683 1228/175/108 288/177/157
f 1227/143/127 285/1385/1345 1229/1382/1342
f 1229/1382/1342 286/1386/1346 1230/1383/1343
f 1230/1383/1343 287/1387/1347 1231/1384/1344
f 1231/1384/1344 284/1388/59 1228/175/108
f 1232/144/128 280/1370/1330 278/128/115
f 1234/1389/1348 281/1371/1349 280/1370/1330
f 1235/1390/1350 282/1391/1351 281/1371/1332
f 1236/1392/1352 279/1373/53 282/1391/1351
f 290/761/700 1234/1389/1348 1232/144/128
f 303/760/699 1235/1390/1353 1234/1389/1348
f 297/763/1354 1236/1392/1352 1235/1390/1350
f 296/757/692 1233/1393/61 1236/1392/1352
f 1237/146/130 285/1385/1345 283/145/129
f 1239/1394/1355 286/1386/1346 285/1385/1345
f 1240/1395/1356 287/1387/1347 286/1386/1346
f 287/1396/1347 1238/62/57 284/64/59
f 274/178/158 1239/1394/1355 1237/146/130
f 277/1374/1334 1240/1395/1357 1239/1394/1355
f 276/1376/1339 1241/1397/1358 1240/1395/1356
f 275/1379/1338 1238/62/57 1241/1398/1358
f 1242/142/126 330/1399/1359 327/71/64
f 1244/1400/1360 329/1401/1361 330/1399/1359
f 1245/1402/1362 328/1403/1363 329/1401/1361
f 1246/1404/1364 326/193/169 328/1403/1363
f 311/91/82 1244/1400/1360 1242/142/126
f 313/1405/1365 1245/1402/1362 1244/1400/1360
f 314/1406/1366 1246/1404/1364 1245/1402/1362
f 315/1407/1367 1243/192/168 1246/1404/1364
f 332/85/76 1249/1408/1368 335/1409/1369
f 335/1409/1369 1250/1410/1370 334/1411/1371
f 334/1411/1371 1251/1412/1372 333/1413/1373
f 333/1413/1373 1248/123/111 331/126/114
f 1247/84/75 318/1414/1374 1249/1408/1368
f 1249/1408/1368 319/1415/1375 1250/1410/1370
f 1250/1410/1370 320/1416/1376 1251/1412/1372
f 1251/1412/1372 317/124/112 1248/123/111
f 307/81/72 1254/1417/1377 310/1418/1378
f 310/1418/1378 1255/1419/1379 309/1420/1380
f 309/1420/1380 1256/1421/1381 308/1422/1382
f 308/1422/1382 1253/140/125 306/106/96
f 1252/72/65 330/1399/1359 1254/1417/1377
f 1254/1417/1377 329/1401/1361 1255/1419/1379
f 1255/1419/1379 328/1403/1363 1256/1421/1381
f 1256/1421/1381 326/193/169 1253/140/125
f 1257/86/77 325/1423/1383 322/125/113
f 1259/1424/1384 324/1425/1385 325/1423/1383
f 1260/1426/1386 323/1427/1387 324/1425/1385
f 1261/1428/1388 321/183/162 323/1427/1387
f 332/85/76 1259/1424/1384 1257/86/77
f 335/1409/1369 1260/1426/1386 1259/1424/1384
f 334/1411/1371 1261/1428/1388 1260/1426/1386
f 333/1413/1373 1258/161/143 1261/1428/1388
f 1262/77/69 340/1429/1389 337/155/138
f 1264/1430/1390 339/1431/1391 340/1429/1389
f 1265/1432/1392 338/1433/1393 339/1431/1391
f 1266/1434/1394 336/78/70 338/1433/1393
f 322/125/113 1264/1430/1390 1262/77/69
f 325/1423/1383 1265/1432/1392 1264/1430/1390
f 324/1425/1385 1266/1434/1394 1265/1432/1392
f 323/1427/1387 1263/94/85 1266/1434/1394
f 1267/92/83 313/1405/1365 311/91/82
f 1269/1435/1395 314/1406/1366 313/1405/1365
f 1270/1436/1396 315/1407/1367 314/1406/1366
f 1271/1437/1397 312/191/167 315/1407/1367
f 341/97/87 1269/1435/1395 1267/92/83
f 343/1438/1398 1270/1436/1396 1269/1435/1395
f 344/1439/1399 1271/1437/1397 1270/1436/1396
f 345/1440/1400 1268/74/67 1271/1437/1397
f 1272/98/88 343/1438/1398 341/97/87
f 1274/1441/1401 344/1439/1399 343/1438/1398
f 1275/1442/1402 345/1440/1400 344/1439/1399
f 1276/1443/1403 342/138/123 345/1440/1400
f 351/102/92 1274/1441/1401 1272/98/88
f 353/1444/1404 1275/1442/1402 1274/1441/1401
f 354/1445/1405 1276/1443/1403 1275/1442/1402
f 355/1446/1406 1273/184/163 1276/1443/1403
f 1277/93/84 350/1447/1407 347/188/165
f 1279/1448/1408 349/1449/1409 350/1447/1407
f 1280/1450/1410 348/1451/1411 349/1449/1409
f 1281/1452/1412 346/101/91 348/1451/1411
f 337/155/138 1279/1448/1408 1277/93/84
f 340/1429/1389 1280/1450/1410 1279/1448/1408
f 339/1431/1391 1281/1452/1412 1280/1450/1410
f 338/1433/1393 1278/80/71 1281/1452/1412
f 374/190/166 1284/1453/1413 377/1454/1414
f 377/1454/1414 1285/1455/1415 376/1456/1416
f 376/1456/1416 1286/1457/1417 375/1458/1418
f 375/1458/1418 1283/172/153 373/174/155
f 1282/1459/122 360/768/705 1284/1453/1413
f 1284/1453/1413 369/770/709 1285/1455/1415
f 1285/1455/1415 368/778/718 1286/1457/1417
f 1286/1457/1417 358/173/154 1283/172/153
f 1287/104/94 353/1444/1404 351/102/92
f 1289/1460/1419 354/1445/1405 353/1444/1404
f 1290/1461/1420 355/1446/1406 354/1445/1405
f 1291/1462/1421 352/181/160 355/1446/1406
f 374/190/166 1289/1460/1419 1287/104/94
f 377/1454/1414 1290/1461/1420 1289/1460/1419
f 376/1456/1416 1291/1462/1421 1290/1461/1420
f 375/1458/1418 1288/156/139 1291/1462/1421
f 1292/99/89 364/775/713 357/105/95
f 1294/1463/1422 365/781/721 364/775/713
f 1295/1464/1423 370/779/719 365/781/721
f 1296/1465/1424 358/173/154 370/779/719
f 347/188/165 1294/1463/1422 1292/99/89
f 350/1447/1407 1295/1464/1423 1294/1463/1422
f 349/1449/1409 1296/1465/1424 1295/1464/1423
f 348/1451/1411 1293/171/152 1296/1465/1424
f 316/88/79 1299/1466/1425 318/1414/1374
f 318/1414/1374 1300/1467/1426 319/1415/1375
f 319/1415/1375 1301/1468/1427 320/1416/1376
f 320/1416/1376 1298/166/148 317/124/112
f 1297/109/97 385/1469/1428 1299/1466/1425
f 1299/1466/1425 386/1470/1429 1300/1467/1426
f 1300/1467/1426 387/1471/1430 1301/1468/1427
f 1301/1468/1427 384/130/117 1298/166/148
f 379/111/99 1304/1472/1431 382/1473/1432
f 382/1473/1432 1305/1474/1433 381/1475/1434
f 381/1475/1434 1306/1476/1435 380/1477/1436
f 380/1477/1436 1303/115/103 378/114/102
f 1302/82/73 310/1418/1378 1304/1472/1431
f 1304/1472/1431 309/1420/1380 1305/1474/1433
f 1305/1474/1433 308/1422/1382 1306/1476/1435
f 1306/1476/1435 306/106/96 1303/115/103
f 1307/1478/110 396/1479/725 393/180/159
f 1309/1480/1437 397/795/734 396/784/725
f 1310/1481/1438 404/791/730 397/795/734
f 1311/1482/1439 394/792/731 404/791/730
f 388/118/106 1309/1480/1437 1307/122/110
f 390/1483/1440 1310/1481/1438 1309/1480/1437
f 391/1484/1441 1311/1482/1439 1310/1481/1438
f 392/1485/1442 1308/150/134 1311/1482/1439
f 383/110/98 1314/1486/1443 385/1469/1428
f 385/1469/1428 1315/1487/1444 386/1470/1429
f 386/1470/1429 1316/1488/1445 387/1471/1430
f 387/1471/1430 1313/149/133 384/130/117
f 1312/116/104 407/798/738 1314/1486/1443
f 1314/1486/1443 403/793/732 1315/1487/1444
f 1315/1487/1444 402/790/729 1316/1488/1445
f 1316/1488/1445 394/792/731 1313/149/133
f 388/118/106 1319/1489/1446 390/1483/1440
f 390/1483/1440 1320/1490/1447 391/1484/1441
f 391/1484/1441 1321/1491/1448 392/1485/1442
f 392/1485/1442 1318/148/132 389/147/131
f 1317/112/100 382/1473/1432 1319/1489/1446
f 1319/1489/1446 381/1475/1434 1320/1490/1447
f 1320/1490/1447 380/1477/1436 1321/1491/1448
f 1321/1491/1448 378/114/102 1318/148/132
f 395/117/105 1324/1492/1449 398/1493/739
f 398/783/724 1323/176/156 393/180/159
f 1322/67/62 298/1494/1450 1324/1492/1449
f 1324/1492/1451 298/1494/1452 291/1495/1453
f 1324/1496/1454 288/177/157 1323/176/156
f 1325/47/43 264/1497/1455 252/48/44
f 264/1497/1456 1327/1498/1457 255/1499/1456
f 1327/1500/1458 250/729/661 255/731/663
f 357/105/95 1327/1501/1459 1325/47/43
f 359/1502/706 1326/134/119 1327/1500/1458
f 533/261/237 1330/1503/1460 544/945/886
f 544/945/886 1331/1504/1461 545/936/875
f 1331/1504/1461 536/933/872 545/936/875
f 1332/1505/1462 531/244/220 536/933/872
f 1328/260/236 554/950/893 1330/1503/1460
f 1330/1503/1460 564/953/896 1331/1504/1461
f 564/953/896 1332/1505/1462 1331/1504/1461
f 563/961/904 1329/262/238 1332/1505/1462
f 1333/254/230 558/956/899 550/255/231
f 1335/1506/1463 559/958/901 558/956/899
f 559/958/901 1337/1507/1464 565/962/905
f 565/962/905 1334/241/217 551/303/279
f 568/232/208 1335/1506/1463 1333/254/230
f 573/966/909 1336/1508/1465 1335/1506/1463
f 1336/1508/1465 582/978/921 1337/1507/1464
f 1337/1507/1464 570/270/246 1334/241/217
f 1338/1509/265 577/975/917 569/972/277
f 1340/1510/1466 578/981/924 577/975/917
f 578/981/924 1341/1511/1467 584/979/922
f 1341/1511/1468 570/270/246 584/979/922
f 1338/1509/265 541/941/879 1340/1510/1469
f 1340/1510/1466 535/934/873 1341/1512/1467
f 1341/1512/1467 535/934/873 534/932/871
f 1341/1511/1468 531/244/220 1339/243/219
f 515/300/276 1344/1513/1470 526/928/865
f 526/928/865 1345/1514/1471 527/919/854
f 1345/1514/1471 518/916/851 527/919/854
f 1346/1515/1472 513/281/257 518/916/851
f 1342/296/272 560/957/900 1344/1513/1470
f 1344/1513/1470 553/951/894 1345/1514/1471
f 553/951/894 1346/1515/1472 1345/1514/1471
f 552/949/892 1343/275/251 1346/1515/1472
f 1347/1516/226 539/942/880 532/939/266
f 1349/1517/1473 540/948/889 539/942/880
f 540/948/889 1350/1518/1474 546/946/887
f 1350/1518/1475 533/261/237 546/946/887
f 1347/1516/226 523/924/858 1349/1517/1476
f 1349/1517/1473 517/917/852 1350/1519/1474
f 1350/1519/1474 517/917/852 516/915/850
f 1350/1518/1475 513/281/257 1348/229/205
f 1351/1520/227 521/925/859 514/922/228
f 1353/1521/1477 522/931/868 521/925/859
f 522/931/868 1354/1522/1478 528/929/866
f 1354/1522/1479 515/300/276 528/929/866
f 1351/1520/227 579/974/916 1353/1521/1480
f 1353/1521/1477 572/967/910 1354/1523/1478
f 1354/1523/1478 572/967/910 571/965/908
f 1354/1522/1479 568/232/208 1352/231/207
f 435/210/186 1357/1524/1481 438/831/768
f 438/831/768 1358/1525/1482 442/829/1483
f 442/829/1483 1359/1526/1484 441/1527/1485
f 441/1527/1485 1356/247/223 436/316/292
f 410/165/147 1357/1524/1481 1355/163/145
f 415/801/743 1358/1525/1482 1357/1524/1481
f 423/804/746 1359/1526/1484 1358/1525/1482
f 422/812/752 1356/247/223 1359/1526/1484
f 1360/259/235 452/1528/1486 447/217/193
f 1362/1529/1487 1818/842/1488 452/1528/1486
f 1363/1530/1489 449/839/782 1818/842/1488
f 1364/1531/1490 445/318/294 449/839/782
f 1360/259/235 422/814/752 1362/1529/1487
f 1362/1529/1487 419/809/750 1363/1530/1489
f 1363/1530/1489 418/807/748 1364/1531/1490
f 1364/1531/1490 411/237/213 1361/239/215
f 1365/317/293 441/1532/1485 436/316/292
f 1367/1533/1491 442/837/1492 441/1532/1485
f 1368/1534/1493 444/833/774 442/837/1492
f 1369/1535/1494 437/234/210 444/833/774
f 1365/317/293 452/1536/1486 1367/1533/1491
f 1367/1533/1491 453/1537/1495 1368/1534/1493
f 1368/1534/1493 449/1538/1496 1369/1535/1494
f 1369/1535/1494 446/843/786 1366/248/224
f 464/298/274 1372/1539/1497 467/860/803
f 467/860/803 1373/1540/1498 468/871/805
f 468/871/805 1374/1541/1499 473/870/1500
f 473/870/1500 1371/279/255 465/322/298
f 425/220/196 1372/1539/1497 1370/299/275
f 429/817/1501 1373/1540/1498 1372/1539/1497
f 432/819/1502 1374/1541/1499 1373/1540/1498
f 433/1542/1503 1371/279/255 1374/1541/1499
f 479/273/249 1377/1543/1504 482/876/1505
f 482/876/1505 1378/1544/1506 1819/1545/1507
f 1819/1545/1507 1379/1546/1508 485/1547/1509
f 485/1547/1509 1376/338/314 480/207/183
f 466/265/241 1377/1543/1504 1375/263/239
f 477/873/813 1378/1544/1506 1377/1543/1504
f 472/875/810 1379/1546/1508 1378/1544/1506
f 473/867/1500 1376/338/314 1379/1546/1508
f 1380/209/185 485/1548/1509 480/207/183
f 1382/1549/1510 486/885/1511 485/1548/1509
f 1383/1550/1512 488/881/822 486/885/1511
f 1384/1551/1513 481/271/247 488/881/822
f 1380/209/185 433/1552/1503 1382/1549/1510
f 1382/1549/1510 434/823/1514 1383/1550/1512
f 1383/1550/1512 430/824/761 1384/1551/1513
f 1384/1551/1513 426/820/760 1381/266/242
f 1385/257/233 461/1553/1515 456/196/172
f 1387/1554/1516 462/853/1517 461/1553/1515
f 1388/1555/1518 458/849/1519 462/853/1517
f 1389/1556/1520 454/343/319 458/849/1519
f 1385/257/233 497/899/1521 1387/1554/1516
f 1387/1554/1516 493/900/830 1388/1555/1518
f 1388/1555/1518 492/888/827 1389/1556/1520
f 1389/1556/1520 489/890/829 1386/293/269
f 1390/328/304 497/896/1521 490/280/256
f 1392/1557/1522 498/904/836 497/896/1521
f 1393/1558/1523 502/902/839 498/904/836
f 1394/1559/1524 491/285/261 502/902/839
f 1390/328/304 510/1560/1525 1392/1557/1522
f 1392/1557/1522 1816/1561/1526 1393/1558/1523
f 1393/1558/1523 508/907/840 1394/1559/1524
f 1394/1559/1524 504/199/175 1391/201/177
f 1395/342/318 510/1562/1525 505/329/305
f 1397/1563/1527 511/914/1528 510/1562/1525
f 1398/1564/1529 508/911/1530 511/914/1528
f 1399/1565/1531 506/291/267 508/911/844
f 1395/342/318 461/1566/1515 1397/1563/1527
f 1397/1563/1527 463/858/1532 1398/1564/1529
f 1398/1564/1529 459/857/799 1399/1565/1531
f 1399/1565/1531 455/854/798 1396/286/262
f 588/996/311 1402/1567/1533 599/994/943
f 599/994/943 1403/1568/1534 600/988/932
f 600/988/932 1404/1569/1535 590/984/928
f 590/984/928 1401/283/259 586/982/926
f 1400/1570/310 614/1005/955 1402/1567/1533
f 1402/1567/1533 608/1001/951 1403/1568/1534
f 1403/1568/1534 607/999/949 1404/1569/1535
f 607/999/949 1401/283/259 1404/1569/1535
f 1405/309/285 623/1014/963 620/320/296
f 1407/1571/1536 624/1023/971 623/1014/963
f 1408/1572/1537 631/1019/968 624/1023/971
f 1409/1573/1538 621/1020/201 631/1019/968
f 606/308/284 1407/1571/1536 1405/309/285
f 618/1010/959 1408/1572/1537 1407/1571/1536
f 613/1007/956 1409/1573/1538 1408/1572/1537
f 612/1004/954 1406/1574/199 1409/1573/1538
f 1410/310/286 594/992/936 587/311/287
f 1412/1575/1539 595/998/946 594/992/936
f 1413/1576/1540 601/995/944 595/998/946
f 1414/1577/1541 588/996/311 601/995/944
f 1410/310/286 635/1026/974 1412/1575/1539
f 1412/1575/1539 630/1021/969 1413/1576/1540
f 1413/1576/1540 629/1018/967 1414/1577/1541
f 1414/1577/1541 621/1020/201 1411/1578/200
f 1415/1579/301 651/1041/989 640/1043/299
f 1417/1580/1542 652/1032/981 651/1041/989
f 1418/1581/1543 643/1029/978 652/1032/981
f 1419/1582/1544 638/226/202 643/1029/978
f 657/1054/303 1417/1580/1542 1415/1579/301
f 666/1058/1000 1418/1581/1543 1417/1580/1542
f 660/1057/1004 1419/1582/1544 1418/1581/1543
f 659/1047/994 1416/227/203 1419/1582/1544
f 674/1077/316 1422/1583/1545 685/1075/1023
f 685/1075/1023 1423/1584/1546 686/1069/1016
f 686/1069/1016 1424/1585/1547 676/1065/1012
f 676/1065/1012 1421/214/190 672/213/189
f 1420/1586/315 653/1042/990 1422/1583/1545
f 1422/1583/1545 647/1037/986 1423/1584/1546
f 1423/1584/1546 646/1035/984 1424/1585/1547
f 1424/1585/1547 639/314/290 1421/214/190
f 1425/313/289 680/1073/1020 673/315/291
f 1427/1587/1548 681/1079/1026 680/1073/1020
f 1428/1588/1549 687/1076/1024 681/1079/1026
f 1429/1589/1550 674/1077/316 687/1076/1024
f 1425/313/289 670/1061/1007 1427/1587/1548
f 1427/1587/1548 665/1055/1001 1428/1588/1549
f 1428/1588/1549 664/1052/999 1429/1589/1550
f 1429/1589/1550 657/1054/303 1426/1590/302
f 1430/333/309 693/1082/1029 690/345/321
f 1432/1591/1551 694/1092/1039 693/1082/1029
f 1433/1592/1552 701/1088/1036 694/1092/1039
f 1434/1593/1553 691/1089/192 701/1088/1036
f 708/332/308 1432/1591/1551 1430/333/309
f 713/1097/1048 1433/1592/1552 1432/1591/1551
f 722/1100/1051 1434/1593/1553 1433/1592/1552
f 721/1109/1059 1431/1594/182 1434/1593/1553
f 709/304/280 1437/1595/1554 716/1103/1054
f 716/1103/1054 1438/1596/1555 717/1105/1056
f 717/1105/1056 1439/1597/1556 723/1110/1060
f 723/1110/1060 1436/1598/306 710/1111/180
f 1435/203/179 730/1115/1064 1437/1595/1554
f 1437/1595/1554 739/1119/1068 1438/1596/1555
f 1438/1596/1555 738/1125/1075 1439/1597/1556
f 1439/1597/1556 728/1127/307 1436/1598/306
f 1440/305/281 734/1123/1072 727/306/282
f 1442/1599/1557 735/1129/1078 734/1123/1072
f 1443/1600/1558 740/1126/1076 735/1129/1078
f 1444/1601/1559 728/1127/307 740/1126/1076
f 1440/305/281 705/1095/1042 1442/1599/1557
f 1442/1599/1557 700/1090/1037 1443/1600/1558
f 1443/1600/1558 699/1087/1035 1444/1601/1559
f 1444/1601/1559 691/1089/192 1441/1602/191
f 1445/164/146 413/800/742 410/165/147
f 1447/1603/1560 414/802/1561 413/800/742
f 1448/1604/1562 420/808/749 414/802/1561
f 1449/1605/1563 411/237/213 420/808/749
f 604/321/297 1447/1603/1560 1445/164/146
f 609/1000/950 1448/1604/1562 1447/1603/1560
f 617/1003/953 1449/1605/1563 1448/1604/1562
f 616/1009/958 1446/1606/1564 1449/1605/1563
f 622/312/288 1452/1607/1565 634/1027/1566
f 634/1027/975 1453/1608/1567 625/1609/1568
f 1453/1610/1569 620/320/296 625/1013/962
f 1450/249/225 451/845/788 1452/1607/1565
f 1452/1607/1567 448/847/1570 1453/1608/1567
f 1453/1610/1569 445/318/294 1451/319/295
f 1454/222/198 428/816/1571 425/220/196
f 1456/1611/1572 431/822/1573 428/826/1574
f 431/822/762 1455/267/243 426/820/760
f 656/341/317 1456/1612/1575 1454/222/198
f 1456/1612/1575 661/1046/993 669/1050/1576
f 669/1050/1577 1457/1613/1578 1456/1611/1572
f 1457/1613/1579 658/1059/1005 1455/267/243
f 672/213/189 1460/1614/1580 675/1066/1581
f 1460/1614/1582 682/1615/1583 675/1066/1013
f 682/1072/1019 1459/272/248 673/315/291
f 1458/1616/1584 483/877/1585 1460/1614/1580
f 1460/1614/1582 483/882/1586 1461/1617/1587
f 1461/1617/1587 483/882/1586 487/880/1586
f 487/880/821 1459/272/248 1461/1618/1588
f 491/285/261 1464/1619/1589 500/901/838
f 500/901/838 1465/1620/1590 501/893/1591
f 501/893/1591 1466/1621/1592 494/889/828
f 494/889/828 1463/294/270 489/890/829
f 1462/284/260 718/1104/1055 1464/1619/1589
f 1464/1619/1589 712/1098/1049 1465/1620/1590
f 1465/1620/1590 711/1096/1047 1466/1621/1592
f 1466/1621/1592 708/332/308 1463/294/270
f 1467/287/263 704/1622/1043 692/307/283
f 1469/1623/1593 695/1081/1031 704/1085/1033
f 1470/1624/1594 690/345/321 695/1081/1028
f 455/854/798 1469/1625/1595 1467/287/263
f 460/850/1596 1470/1624/1597 1469/1623/1593
f 457/848/1598 1468/344/320 1470/1624/1594
f 586/982/926 1473/1626/1599 589/1627/929
f 589/1627/940 1473/1626/1600 1474/1628/1601
f 589/985/940 1474/1629/1601 596/991/938
f 1474/1629/1602 587/311/287 596/991/935
f 1471/282/258 439/828/1603 1473/1626/1599
f 1473/1626/1600 439/1630/1604 1474/1628/1601
f 1474/1628/1601 439/1630/1604 443/832/1605
f 443/832/1606 1472/236/212 1474/1629/1602
f 1475/264/240 475/872/812 466/265/241
f 1477/1631/1607 476/865/1608 475/872/812
f 476/865/1608 1479/1632/1609 469/861/804
f 469/861/804 1476/1633/1610 464/298/274
f 639/314/290 1477/1631/1607 1475/264/240
f 648/1036/985 1478/1634/1611 1477/1631/1607
f 642/1030/979 1479/1632/1609 1478/1634/1611
f 641/1028/977 1476/1633/1610 1479/1632/1609
f 1480/292/268 512/910/843 506/291/267
f 1482/1635/1612 507/912/1613 512/910/1614
f 507/906/841 1481/202/178 504/199/175
f 727/306/282 1482/1635/1615 1480/292/268
f 1482/1635/1612 729/1116/1616 1483/1636/1617
f 1483/1637/1618 726/1113/1062 1481/202/178
f 764/370/343 1486/1638/1619 767/1639/1620
f 767/1639/1620 1487/1640/1621 766/1641/1622
f 766/1642/1623 1488/1643/1624 765/1644/1625
f 1488/1643/1624 763/527/481 765/1644/1625
f 1484/369/342 750/1645/1626 1486/1638/1619
f 1486/1638/1619 751/1646/1627 1487/1640/1621
f 1487/1647/1628 752/1648/1629 1488/1643/1624
f 752/1648/1629 1485/486/443 1488/1643/1624
f 1489/406/376 772/1649/1630 769/353/328
f 1491/1650/1631 771/1651/1632 772/1649/1630
f 1492/1652/1633 770/1653/1634 771/1651/1635
f 770/1653/1634 1490/1654/426 768/1655/339
f 753/539/490 1491/1650/1631 1489/406/376
f 755/1656/1636 1492/1652/1637 1491/1650/1631
f 756/1657/1638 1493/1658/1639 1492/1652/1633
f 1493/1658/1639 754/1659/336 1490/1654/426
f 1494/476/435 747/1660/1640 744/348/324
f 1496/1661/1641 746/1662/1642 747/1660/1640
f 1497/1663/1643 745/1664/1644 746/1665/1645
f 745/1664/1644 1495/349/325 743/361/334
f 764/370/343 1496/1661/1641 1494/476/435
f 767/1639/1620 1497/1666/1646 1496/1661/1641
f 766/1642/1623 1498/1667/1647 1497/1663/1643
f 1498/1667/1647 763/527/481 1495/349/325
f 759/505/460 1501/1668/1648 762/1669/1649
f 762/1669/1649 1502/1670/1650 761/1671/1651
f 761/1671/1652 1503/1672/1653 760/1673/1654
f 1503/1672/1653 758/1674/329 760/1673/1654
f 1499/371/344 772/1649/1630 1501/1668/1648
f 1501/1668/1648 771/1651/1632 1502/1670/1650
f 1502/1670/1655 770/1653/1634 1503/1672/1653
f 770/1653/1634 1500/1675/341 1503/1672/1653
f 774/506/461 1506/1676/1656 777/1677/1657
f 777/1677/1657 1507/1678/1658 776/1679/1659
f 776/1679/1660 1508/1680/1661 775/1681/1662
f 1508/1680/1661 773/1682/346 775/1681/1662
f 1504/500/456 762/1669/1649 1506/1676/1656
f 1506/1676/1656 761/1671/1651 1507/1678/1658
f 1507/1678/1663 760/1673/1654 1508/1680/1661
f 760/1673/1654 1505/1683/331 1508/1680/1661
f 748/360/333 1511/1684/1664 750/1645/1626
f 750/1645/1626 1512/1685/1665 751/1646/1627
f 751/1686/1666 1513/1687/1667 752/1648/1629
f 1513/1687/1667 749/380/352 752/1648/1629
f 1509/359/332 780/1688/1668 1511/1684/1664
f 1511/1684/1664 781/1689/1669 1512/1685/1665
f 1512/1690/1670 782/1691/1671 1513/1687/1667
f 782/1691/1671 1510/378/350 1513/1687/1667
f 778/389/360 1516/1692/1672 780/1688/1668
f 780/1688/1668 1517/1693/1673 781/1689/1669
f 781/1694/1674 1518/1695/1675 782/1691/1671
f 1518/1695/1675 779/377/349 782/1691/1671
f 1514/398/368 790/1696/1676 1516/1692/1672
f 1516/1692/1672 791/1697/1677 1517/1693/1673
f 1517/1698/1678 792/1699/1679 1518/1695/1675
f 792/1699/1679 1515/375/347 1518/1695/1675
f 784/540/491 1521/1700/1680 787/1701/1681
f 787/1701/1681 1522/1702/1682 786/1703/1683
f 786/1703/1684 1523/1704/1685 785/1705/1686
f 1523/1706/1685 783/384/356 785/1707/1686
f 1519/532/484 777/1677/1657 1521/1700/1680
f 1521/1700/1680 776/1679/1659 1522/1702/1682
f 1522/1702/1687 775/1681/1662 1523/1704/1685
f 775/1708/1662 1520/382/354 1523/1706/1685
f 1524/517/471 814/1709/1688 811/515/469
f 1526/1710/1689 813/1711/1690 814/1709/1688
f 1527/1712/1691 812/1713/1692 813/1711/1690
f 1528/1714/1693 810/531/365 812/1713/1692
f 794/1139/1088 1526/1710/1689 1524/517/471
f 803/1138/1087 1527/1712/1691 1526/1710/1689
f 797/1142/1091 1528/1714/1693 1527/1712/1691
f 796/1133/1082 1525/480/437 1528/1714/1693
f 788/397/367 1531/1715/1694 790/1696/1676
f 790/1696/1676 1532/1716/1695 791/1697/1677
f 791/1717/1696 1533/1718/1697 792/1699/1679
f 792/1699/1679 1530/385/357 789/387/359
f 1529/499/455 814/1709/1688 1531/1715/1694
f 1531/1715/1698 813/1711/1690 1532/1716/1695
f 1532/1719/1699 812/1720/1692 1533/1718/1697
f 812/1720/1692 1530/385/357 1533/1718/1697
f 794/1139/1088 1536/1721/1700 801/1137/1086
f 801/1137/1086 1537/1722/1701 802/1140/1089
f 802/1140/1098 1538/1723/1702 807/1146/1094
f 807/1724/1094 1535/391/362 795/393/364
f 1534/516/470 787/1701/1681 1536/1721/1700
f 1536/1721/1700 786/1703/1683 1537/1722/1701
f 1537/1722/1703 785/1705/1686 1538/1723/1702
f 1538/1725/1702 783/384/356 1535/391/362
f 1539/414/383 755/1656/1636 753/539/490
f 1541/1726/1704 756/1657/1705 755/1656/1636
f 1542/1727/1706 757/1728/1707 756/1657/1638
f 757/1728/1707 1540/1729/463 754/1659/336
f 820/475/434 1541/1726/1704 1539/414/383
f 822/1730/1708 1542/1727/1709 1541/1726/1704
f 823/1731/1710 1543/1732/1711 1542/1727/1706
f 1543/1732/1711 821/1733/373 1540/1729/463
f 1544/346/322 819/1734/1712 816/524/478
f 1546/1735/1713 818/1736/1714 819/1734/1712
f 1547/1737/1715 817/1738/1716 818/1736/1717
f 817/1739/1716 1545/399/369 815/401/371
f 744/348/324 1546/1735/1713 1544/346/322
f 747/1660/1640 1547/1737/1718 1546/1735/1713
f 746/1665/1645 1548/1740/1719 1547/1741/1715
f 1548/1740/1719 743/361/334 1545/399/369
f 832/1162/1117 1551/1742/1720 842/1160/1115
f 842/1160/1115 1552/1743/1721 843/1153/1105
f 843/1153/1105 1553/1744/1722 834/1149/1101
f 834/1149/1101 1550/465/427 830/523/477
f 1549/490/446 827/1745/1723 1551/1742/1720
f 1551/1742/1720 828/1746/1724 1552/1743/1721
f 1552/1743/1721 829/1747/1725 1553/1744/1722
f 1553/1744/1722 826/1748/379 1550/465/427
f 1554/491/447 822/1730/1708 820/475/434
f 1556/1749/1726 823/1731/1727 822/1730/1708
f 1557/1750/1728 824/1751/1729 823/1731/1710
f 1558/1752/1730 821/1733/373 824/1751/1729
f 832/1162/1117 1556/1749/1726 1554/491/447
f 844/1161/1116 1557/1750/1731 1556/1749/1726
f 839/1164/1732 1558/1752/1730 1557/1750/1728
f 838/1158/1110 1555/1753/381 1558/1752/1730
f 1559/493/449 827/1745/1723 825/492/448
f 1561/1754/1733 828/1746/1724 827/1745/1723
f 1562/1755/1734 829/1747/1725 828/1746/1724
f 829/1756/1725 1560/407/377 826/409/379
f 816/524/478 1561/1754/1733 1559/493/449
f 819/1734/1712 1562/1755/1735 1561/1754/1733
f 818/1736/1717 1563/1757/1736 1562/1755/1734
f 817/1739/1716 1560/407/377 1563/1758/1736
f 1564/489/445 871/1759/1737 868/416/384
f 1566/1760/1738 870/1761/1739 871/1759/1737
f 1567/1762/1740 869/1763/1741 870/1761/1739
f 1568/1764/1742 867/538/489 869/1763/1741
f 852/436/402 1566/1760/1738 1564/489/445
f 854/1765/1743 1567/1762/1740 1566/1760/1738
f 855/1766/1744 1568/1764/1742 1567/1762/1740
f 856/1767/1745 1565/537/488 1568/1764/1742
f 873/430/396 1571/1768/1746 876/1769/1747
f 876/1769/1747 1572/1770/1748 875/1771/1749
f 875/1771/1749 1573/1772/1750 874/1773/1751
f 874/1773/1751 1570/470/430 872/473/433
f 1569/429/395 859/1774/1752 1571/1768/1746
f 1571/1768/1746 860/1775/1753 1572/1770/1748
f 1572/1770/1748 861/1776/1754 1573/1772/1750
f 1573/1772/1750 858/471/431 1570/470/430
f 848/426/392 1576/1777/1755 851/1778/1756
f 851/1778/1756 1577/1779/1757 850/1780/1758
f 850/1780/1758 1578/1781/1759 849/1782/1760
f 849/1782/1760 1575/487/444 847/451/416
f 1574/417/385 871/1759/1737 1576/1777/1755
f 1576/1777/1755 870/1761/1739 1577/1779/1757
f 1577/1779/1757 869/1763/1741 1578/1781/1759
f 1578/1781/1759 867/538/489 1575/487/444
f 1579/431/397 866/1783/1761 863/472/432
f 1581/1784/1762 865/1785/1763 866/1783/1761
f 1582/1786/1764 864/1787/1765 865/1785/1763
f 1583/1788/1766 862/528/482 864/1787/1765
f 873/430/396 1581/1784/1762 1579/431/397
f 876/1769/1747 1582/1786/1764 1581/1784/1762
f 875/1771/1749 1583/1788/1766 1582/1786/1764
f 874/1773/1751 1580/508/462 1583/1788/1766
f 1584/422/389 881/1789/1767 878/502/457
f 1586/1790/1768 880/1791/1769 881/1789/1767
f 1587/1792/1770 879/1793/1771 880/1791/1769
f 1588/1794/1772 877/423/390 879/1793/1771
f 863/472/432 1586/1790/1768 1584/422/389
f 866/1783/1761 1587/1792/1770 1586/1790/1768
f 865/1785/1763 1588/1794/1772 1587/1792/1770
f 864/1787/1765 1585/439/405 1588/1794/1772
f 1589/437/403 854/1765/1743 852/436/402
f 1591/1795/1773 855/1766/1744 854/1765/1743
f 1592/1796/1774 856/1767/1745 855/1766/1744
f 1593/1797/1775 853/536/487 856/1767/1745
f 882/442/407 1591/1795/1773 1589/437/403
f 884/1798/1776 1592/1796/1774 1591/1795/1773
f 885/1799/1777 1593/1797/1775 1592/1796/1774
f 886/1800/1778 1590/419/387 1593/1797/1775
f 1594/443/408 884/1798/1776 882/442/407
f 1596/1801/1779 885/1799/1777 884/1798/1776
f 1597/1802/1780 886/1800/1778 885/1799/1777
f 1598/1803/1781 883/485/442 886/1800/1778
f 892/447/412 1596/1801/1779 1594/443/408
f 894/1804/1782 1597/1802/1780 1596/1801/1779
f 895/1805/1783 1598/1803/1781 1597/1802/1780
f 896/1806/1784 1595/529/483 1598/1803/1781
f 1599/438/404 891/1807/1785 888/533/485
f 1601/1808/1786 890/1809/1787 891/1807/1785
f 1602/1810/1788 889/1811/1789 890/1809/1787
f 1603/1812/1790 887/446/411 889/1811/1789
f 878/502/457 1601/1808/1786 1599/438/404
f 881/1789/1767 1602/1810/1788 1601/1808/1786
f 880/1791/1769 1603/1812/1790 1602/1810/1788
f 879/1793/1771 1600/425/391 1603/1812/1790
f 915/535/486 1606/1813/1791 918/1814/1792
f 918/1814/1792 1607/1815/1793 917/1816/1794
f 917/1816/1794 1608/1817/1795 916/1818/1796
f 916/1818/1796 1605/519/473 914/521/475
f 1604/484/441 901/1166/1122 1606/1819/1791
f 1606/1813/1791 910/1171/1126 1607/1815/1793
f 1607/1815/1793 909/1179/1134 1608/1817/1795
f 1608/1817/1795 899/520/474 1605/519/473
f 1609/449/414 894/1804/1782 892/447/412
f 1611/1820/1797 895/1805/1783 894/1804/1782
f 1612/1821/1798 896/1806/1784 895/1805/1783
f 1613/1822/1799 893/526/480 896/1806/1784
f 915/535/486 1611/1820/1797 1609/449/414
f 918/1814/1792 1612/1821/1798 1611/1820/1797
f 917/1816/1794 1613/1822/1799 1612/1821/1798
f 916/1818/1796 1610/503/458 1613/1822/1799
f 1614/444/409 905/1176/1130 898/450/415
f 1616/1823/1800 906/1182/1137 905/1176/1130
f 1617/1824/1801 911/1180/1135 906/1182/1137
f 1618/1825/1802 899/520/474 911/1180/1135
f 888/533/485 1616/1823/1800 1614/444/409
f 891/1807/1785 1617/1824/1801 1616/1823/1800
f 890/1809/1787 1618/1825/1802 1617/1824/1801
f 889/1811/1789 1615/518/472 1618/1825/1802
f 857/433/399 1621/1826/1803 859/1774/1752
f 859/1774/1752 1622/1827/1804 860/1775/1753
f 860/1775/1753 1623/1828/1805 861/1776/1754
f 861/1776/1754 1620/513/467 858/471/431
f 1619/454/417 926/1829/1806 1621/1826/1803
f 1621/1826/1803 927/1830/1807 1622/1827/1804
f 1622/1827/1804 928/1831/1808 1623/1828/1805
f 1623/1828/1805 925/477/436 1620/513/467
f 920/456/419 1626/1832/1809 923/1833/1810
f 923/1833/1810 1627/1834/1811 922/1835/1812
f 922/1835/1812 1628/1836/1813 921/1837/1814
f 921/1837/1814 1625/460/422 919/459/421
f 1624/427/393 851/1778/1756 1626/1832/1809
f 1626/1832/1809 850/1780/1758 1627/1834/1811
f 1627/1834/1811 849/1782/1760 1628/1836/1813
f 1628/1836/1813 847/451/416 1625/460/422
f 1629/469/429 937/1838/1141 934/525/479
f 1631/1839/1815 938/1196/1151 937/1185/1141
f 1632/1840/1816 944/1192/1147 938/1196/1151
f 1633/1841/1817 935/1193/1148 944/1192/1147
f 929/463/425 1631/1839/1815 1629/1842/429
f 931/1843/1818 1632/1840/1816 1631/1839/1815
f 932/1844/1819 1633/1841/1817 1632/1840/1816
f 933/1845/1820 1630/497/453 1633/1841/1817
f 924/455/418 1636/1846/1821 926/1829/1806
f 926/1829/1806 1637/1847/1822 927/1830/1807
f 927/1830/1807 1638/1848/1823 928/1831/1808
f 928/1831/1808 1635/496/452 925/477/436
f 1634/461/423 948/1199/1155 1636/1846/1821
f 1636/1846/1821 943/1194/1149 1637/1847/1822
f 1637/1847/1822 942/1191/1146 1638/1848/1823
f 1638/1848/1823 935/1193/1148 1635/496/452
f 929/463/425 1641/1849/1824 931/1843/1818
f 931/1843/1818 1642/1850/1825 932/1844/1819
f 932/1844/1819 1643/1851/1826 933/1845/1820
f 933/1845/1820 1640/495/451 930/494/450
f 1639/457/420 923/1833/1810 1641/1849/1824
f 1641/1849/1824 922/1835/1812 1642/1850/1825
f 1642/1850/1825 921/1837/1814 1643/1851/1826
f 1643/1851/1826 919/459/421 1640/495/451
f 936/462/424 1646/1852/1827 947/1853/1156
f 947/1184/1828 1645/522/476 934/525/479
f 1644/412/382 833/1854/1829 1646/1852/1827
f 1646/1855/1830 830/523/477 1645/522/476
f 1647/392/363 806/1856/1831 795/393/364
f 1649/1857/1832 793/1130/1079 806/1132/1081
f 898/450/415 1649/1858/1833 1647/392/363
f 900/1859/1123 1648/481/438 1649/1857/1832
f 972/562/510 1652/1860/1834 975/1861/1835
f 975/1861/1835 1653/1862/1836 974/1863/1837
f 974/1864/1838 1654/1865/1839 973/1866/1840
f 1654/1865/1839 971/716/650 973/1866/1840
f 1650/561/509 958/1867/1841 1652/1860/1834
f 1652/1860/1834 959/1868/1842 1653/1862/1836
f 1653/1869/1843 960/1870/1844 1654/1865/1839
f 960/1870/1844 1651/676/614 1654/1865/1839
f 1655/598/544 980/1871/1845 977/545/495
f 1657/1872/1846 979/1873/1847 980/1874/1845
f 1658/1875/1848 978/1876/1849 979/1873/1850
f 978/1876/1849 1656/656/597 976/558/506
f 961/727/659 1657/1877/1846 1655/598/544
f 963/1878/1851 1658/1875/1852 1657/1872/1846
f 964/1879/1853 1659/1880/1854 1658/1875/1848
f 1659/1880/1854 962/555/503 1656/656/597
f 1660/666/606 955/1881/1855 952/512/466
f 1662/1882/1856 954/1883/1857 955/1881/1855
f 1663/1884/1858 953/1885/1859 954/1886/1860
f 953/1885/1859 1661/541/492 951/553/501
f 972/562/510 1662/1882/1856 1660/666/606
f 975/1861/1835 1663/1887/1861 1662/1882/1856
f 974/1864/1838 1664/1888/1862 1663/1884/1858
f 1664/1888/1862 971/716/650 1661/541/492
f 967/695/632 1667/1889/1863 970/1890/1864
f 970/1891/1864 1668/1892/1865 969/1893/1866
f 969/1893/1867 1669/1894/1868 968/1895/1869
f 1669/1894/1868 966/547/496 968/1895/1869
f 1665/563/511 980/1871/1845 1667/1889/1863
f 1667/1896/1863 979/1873/1847 1668/1892/1865
f 1668/1892/1870 978/1876/1849 1669/1894/1868
f 978/1876/1849 1666/560/508 1669/1894/1868
f 982/696/633 1672/1897/1871 985/1898/1872
f 985/1899/1872 1673/1900/1873 984/1901/1874
f 984/1901/1875 1674/1902/1876 983/1903/1877
f 1674/1902/1876 981/566/513 983/1903/1877
f 1670/690/627 970/1890/1864 1672/1897/1871
f 1672/1904/1871 969/1893/1866 1673/1900/1873
f 1673/1900/1878 968/1895/1869 1674/1902/1876
f 968/1895/1869 1671/549/498 1674/1902/1876
f 956/552/500 1677/1905/1879 958/1867/1841
f 958/1867/1841 1678/1906/1880 959/1868/1842
f 959/1907/1881 1679/1908/1882 960/1870/1844
f 1679/1908/1882 957/572/519 960/1870/1844
f 1675/551/499 988/1909/1883 1677/1905/1879
f 1677/1905/1879 989/1910/1884 1678/1906/1880
f 1678/1911/1885 990/1912/1886 1679/1908/1882
f 990/1912/1886 1676/570/517 1679/1908/1882
f 986/581/527 1682/1913/1887 988/1909/1883
f 988/1909/1883 1683/1914/1888 989/1910/1884
f 989/1915/1889 1684/1916/1890 990/1912/1886
f 1684/1916/1890 987/569/516 990/1912/1886
f 1680/590/536 998/1917/1891 1682/1913/1887
f 1682/1913/1887 999/1918/1892 1683/1914/1888
f 1683/1919/1893 1000/1920/1894 1684/1916/1890
f 1000/1920/1894 1681/567/514 1684/1916/1890
f 992/728/660 1687/1921/1895 995/1922/1896
f 995/1923/1896 1688/1924/1897 994/1925/1898
f 994/1925/1899 1689/1926/1900 993/1927/1901
f 993/1927/1901 1686/574/521 991/576/523
f 1685/721/653 985/1898/1872 1687/1921/1895
f 1687/1928/1895 984/1901/1874 1688/1924/1897
f 1688/1924/1902 983/1903/1877 1689/1926/1900
f 983/1903/1877 1686/574/521 1689/1926/1900
f 1690/704/640 1022/1929/1903 1019/702/638
f 1692/1930/1904 1021/1931/1905 1022/1929/1903
f 1693/1932/1906 1020/1933/1907 1021/1931/1908
f 1694/1934/1909 1018/720/532 1020/1933/1907
f 1002/1210/1168 1692/1930/1904 1690/704/640
f 1012/1209/1167 1693/1932/1906 1692/1930/1904
f 1005/1215/1171 1694/1934/1909 1693/1932/1906
f 1004/1204/1162 1691/670/608 1694/1934/1909
f 996/589/535 1697/1935/1910 998/1917/1891
f 998/1917/1891 1698/1936/1911 999/1918/1892
f 999/1937/1912 1699/1938/1913 1000/1920/1894
f 1000/1920/1894 1696/577/524 997/579/526
f 1695/689/626 1022/1929/1903 1697/1935/1910
f 1697/1935/1914 1021/1931/1905 1698/1936/1911
f 1698/1939/1915 1020/1940/1907 1699/1938/1913
f 1020/1940/1907 1696/577/524 1699/1938/1913
f 1002/1210/1168 1702/1941/1916 1010/1208/1166
f 1010/1213/1166 1703/1942/1917 1011/1211/1169
f 1011/1211/1179 1704/1943/1918 1015/1219/1175
f 1015/1219/1175 1701/583/529 1003/585/531
f 1700/703/639 995/1922/1896 1702/1941/1916
f 1702/1944/1916 994/1925/1898 1703/1942/1917
f 1703/1942/1919 993/1927/1901 1704/1943/1918
f 1704/1943/1918 991/576/523 1701/583/529
f 1705/606/552 963/1945/1851 961/727/659
f 1707/1946/1920 964/1879/1921 963/1878/1851
f 1708/1947/1922 965/1948/1923 964/1879/1853
f 965/1948/1923 1706/699/635 962/555/503
f 1028/665/605 1707/1949/1920 1705/606/552
f 1030/1950/1924 1708/1947/1925 1707/1946/1920
f 1031/1951/1926 1709/1952/1927 1708/1947/1922
f 1709/1952/1927 1029/595/541 1706/699/635
f 1710/510/464 1027/1953/1928 1024/712/647
f 1712/1954/1929 1026/1955/1930 1027/1953/1928
f 1713/1956/1931 1025/1957/1932 1026/1958/1933
f 1025/1957/1932 1711/591/537 1023/593/539
f 952/512/466 1712/1954/1929 1710/510/464
f 955/1881/1855 1713/1959/1934 1712/1954/1929
f 954/1886/1860 1714/1960/1935 1713/1956/1931
f 1714/1960/1935 951/553/501 1711/591/537
f 1040/1240/1199 1717/1961/1936 1051/1238/1197
f 1051/1238/1197 1718/1962/1937 1052/1228/1186
f 1052/1228/1186 1719/1963/1938 1042/1224/1182
f 1042/1224/1182 1716/709/598 1038/711/646
f 1715/680/617 1035/1964/1939 1717/1961/1936
f 1717/1961/1936 1036/1965/1940 1718/1962/1937
f 1718/1962/1937 1037/1966/1941 1719/1963/1938
f 1719/1963/1938 1034/1967/547 1716/709/598
f 1720/681/618 1030/1968/1924 1028/665/605
f 1722/1969/1942 1031/1951/1943 1030/1950/1924
f 1723/1970/1944 1032/1971/1945 1031/1951/1926
f 1724/1972/1946 1029/595/541 1032/1971/1945
f 1040/1240/1199 1722/1973/1942 1720/681/618
f 1053/1244/1198 1723/1970/1947 1722/1969/1942
f 1047/1243/1948 1724/1972/1946 1723/1970/1944
f 1046/1233/1191 1721/603/549 1724/1972/1946
f 1725/683/620 1035/1964/1939 1033/682/619
f 1727/1974/1949 1036/1965/1940 1035/1964/1939
f 1728/1975/1950 1037/1976/1941 1036/1977/1940
f 1037/1976/1941 1726/599/545 1034/601/547
f 1024/712/647 1727/1974/1949 1725/683/620
f 1027/1953/1928 1728/1978/1951 1727/1974/1949
f 1026/1958/1933 1729/1979/1952 1728/1975/1950
f 1025/1957/1932 1726/599/545 1729/1979/1952
f 1730/679/616 1080/1980/1953 1077/608/553
f 1732/1981/1954 1079/1982/1955 1080/1980/1953
f 1733/1983/1956 1078/1984/1957 1079/1982/1955
f 1734/1985/1958 1076/726/658 1078/1984/1957
f 1061/628/572 1732/1981/1954 1730/679/616
f 1063/1986/1959 1733/1983/1956 1732/1981/1954
f 1064/1987/1960 1734/1985/1958 1733/1983/1956
f 1065/1988/1961 1731/725/657 1734/1985/1958
f 1082/622/566 1737/1989/1962 1085/1990/1963
f 1085/1990/1963 1738/1991/1964 1084/1992/1965
f 1084/1992/1965 1739/1993/1966 1083/1994/1967
f 1083/1994/1967 1736/660/601 1081/663/604
f 1735/621/565 1068/1995/1968 1737/1989/1962
f 1737/1989/1962 1069/1996/1969 1738/1991/1964
f 1738/1991/1964 1070/1997/1970 1739/1993/1966
f 1739/1993/1966 1067/661/602 1736/660/601
f 1057/618/562 1742/1998/1971 1060/1999/1972
f 1060/1999/1972 1743/2000/1973 1059/2001/1974
f 1059/2001/1974 1744/2002/1975 1058/2003/1976
f 1058/2003/1976 1741/677/615 1056/643/587
f 1740/609/554 1080/1980/1953 1742/1998/1971
f 1742/1998/1971 1079/1982/1955 1743/2000/1973
f 1743/2000/1973 1078/1984/1957 1744/2002/1975
f 1744/2002/1975 1076/726/658 1741/677/615
f 1745/623/567 1075/2004/1977 1072/662/603
f 1747/2005/1978 1074/2006/1979 1075/2004/1977
f 1748/2007/1980 1073/2008/1981 1074/2006/1979
f 1749/2009/1982 1071/717/651 1073/2008/1981
f 1082/622/566 1747/2005/1978 1745/623/567
f 1085/1990/1963 1748/2007/1980 1747/2005/1978
f 1084/1992/1965 1749/2009/1982 1748/2007/1980
f 1083/1994/1967 1746/698/634 1749/2009/1982
f 1750/614/558 1090/2010/1983 1087/692/629
f 1752/2011/1984 1089/2012/1985 1090/2010/1983
f 1753/2013/1986 1088/2014/1987 1089/2012/1985
f 1754/2015/1988 1086/615/559 1088/2014/1987
f 1072/662/603 1752/2011/1984 1750/614/558
f 1075/2004/1977 1753/2013/1986 1752/2011/1984
f 1074/2006/1979 1754/2015/1988 1753/2013/1986
f 1073/2008/1981 1751/631/575 1754/2015/1988
f 1755/629/573 1063/1986/1959 1061/628/572
f 1757/2016/1989 1064/1987/1960 1063/1986/1959
f 1758/2017/1990 1065/1988/1961 1064/1987/1960
f 1759/2018/1991 1062/724/656 1065/1988/1961
f 1091/634/578 1757/2016/1989 1755/629/573
f 1093/2019/1992 1758/2017/1990 1757/2016/1989
f 1094/2020/1993 1759/2018/1991 1758/2017/1990
f 1095/2021/1994 1756/611/556 1759/2018/1991
f 1760/635/579 1093/2019/1992 1091/634/578
f 1762/2022/1995 1094/2020/1993 1093/2019/1992
f 1763/2023/1996 1095/2021/1994 1094/2020/1993
f 1764/2024/1997 1092/675/613 1095/2021/1994
f 1101/639/583 1762/2022/1995 1760/635/579
f 1103/2025/1998 1763/2023/1996 1762/2022/1995
f 1104/2026/1999 1764/2024/1997 1763/2023/1996
f 1105/2027/2000 1761/718/652 1764/2024/1997
f 1765/630/574 1100/2028/2001 1097/722/654
f 1767/2029/2002 1099/2030/2003 1100/2028/2001
f 1768/2031/2004 1098/2032/2005 1099/2030/2003
f 1769/2033/2006 1096/638/582 1098/2032/2005
f 1087/692/629 1767/2029/2002 1765/630/574
f 1090/2010/1983 1768/2031/2004 1767/2029/2002
f 1089/2012/1985 1769/2033/2006 1768/2031/2004
f 1088/2014/1987 1766/617/561 1769/2033/2006
f 1124/2034/655 1772/2035/2007 1127/2036/2008
f 1127/2036/2008 1773/2037/2009 1126/2038/2010
f 1126/2038/2010 1774/2039/2011 1125/2040/2012
f 1125/2040/2012 1771/706/642 1123/708/644
f 1770/674/612 1110/1247/1204 1772/2041/2007
f 1772/2035/2007 1119/1253/1208 1773/2037/2009
f 1773/2037/2009 1118/1259/1216 1774/2039/2011
f 1774/2039/2011 1108/707/643 1771/706/642
f 1775/641/585 1103/2025/1998 1101/639/583
f 1777/2042/2013 1104/2026/1999 1103/2025/1998
f 1778/2043/2014 1105/2027/2000 1104/2026/1999
f 1779/2044/2015 1102/715/649 1105/2027/2000
f 1124/2034/655 1777/2042/2013 1775/641/585
f 1127/2036/2008 1778/2043/2014 1777/2042/2013
f 1126/2038/2010 1779/2044/2015 1778/2043/2014
f 1125/2040/2012 1776/693/630 1779/2044/2015
f 1780/636/580 1114/1257/1212 1107/642/586
f 1782/2045/2016 1115/1262/1219 1114/1257/1212
f 1783/2046/2017 1120/1260/1217 1115/1262/1219
f 1784/2047/2018 1108/707/643 1120/1260/1217
f 1097/722/654 1782/2045/2016 1780/636/580
f 1100/2028/2001 1783/2046/2017 1782/2045/2016
f 1099/2030/2003 1784/2047/2018 1783/2046/2017
f 1098/2032/2005 1781/705/641 1784/2047/2018
f 1066/625/569 1787/2048/2019 1068/1995/1968
f 1068/1995/1968 1788/2049/2020 1069/1996/1969
f 1069/1996/1969 1789/2050/2021 1070/1997/1970
f 1070/1997/1970 1786/700/636 1067/661/602
f 1785/646/588 1135/2051/2022 1787/2048/2019
f 1787/2048/2019 1136/2052/2023 1788/2049/2020
f 1788/2049/2020 1137/2053/2024 1789/2050/2021
f 1789/2050/2021 1134/667/607 1786/700/636
f 1129/648/590 1792/2054/2025 1132/2055/2026
f 1132/2055/2026 1793/2056/2027 1131/2057/2028
f 1131/2057/2028 1794/2058/2029 1130/2059/2030
f 1130/2059/2030 1791/652/593 1128/651/592
f 1790/619/563 1060/1999/1972 1792/2054/2025
f 1792/2054/2025 1059/2001/1974 1793/2056/2027
f 1793/2056/2027 1058/2003/1976 1794/2058/2029
f 1794/2058/2029 1056/643/587 1791/652/593
f 1795/659/600 1146/1266/1223 1143/1263/648
f 1797/2060/2031 1147/1275/1233 1146/1266/1223
f 1798/2061/2032 1153/1271/1229 1147/1275/1233
f 1799/2062/2033 1144/1272/1230 1153/1271/1229
f 1138/655/596 1797/2060/2031 1795/659/600
f 1140/2063/2034 1798/2061/2032 1797/2060/2031
f 1141/2064/2035 1799/2062/2033 1798/2061/2032
f 1142/2065/2036 1796/687/624 1799/2062/2033
f 1133/647/589 1802/2066/2037 1135/2051/2022
f 1135/2051/2022 1803/2067/2038 1136/2052/2023
f 1136/2052/2023 1804/2068/2039 1137/2053/2024
f 1137/2053/2024 1801/686/623 1134/667/607
f 1800/653/594 1157/1278/1237 1802/2066/2037
f 1802/2066/2037 1152/1273/1231 1803/2067/2038
f 1803/2067/2038 1151/1270/1228 1804/2068/2039
f 1804/2068/2039 1144/1272/1230 1801/686/623
f 1138/655/596 1807/2069/2040 1140/2063/2034
f 1140/2063/2034 1808/2070/2041 1141/2064/2035
f 1141/2064/2035 1809/2071/2042 1142/2065/2036
f 1142/2065/2036 1806/685/622 1139/684/621
f 1805/649/591 1132/2055/2026 1807/2069/2040
f 1807/2069/2040 1131/2057/2028 1808/2070/2041
f 1808/2070/2041 1130/2059/2030 1809/2071/2042
f 1809/2071/2042 1128/651/592 1806/685/622
f 1145/654/595 1812/2072/2043 1156/2073/1238
f 1156/2074/1222 1811/710/645 1143/714/648
f 1810/604/550 1048/1232/2044 1812/2072/2043
f 1812/2072/2045 1048/1232/2045 1041/1236/2046
f 1812/2075/2047 1038/711/646 1811/710/645
f 1813/584/530 1006/2076/2048 1003/585/2049
f 1815/2077/2050 1001/1201/1159 1006/1203/1161
f 1107/642/586 1815/2078/2051 1813/584/530
f 1109/2079/1205 1814/671/609 1815/2077/2050
f 444/835/777 438/834/776 440/830/2052
f 433/1542/1503 432/819/2053 434/2080/1514
f 510/1560/1525 511/2081/1528 1816/1561/2054
f 485/1547/2055 486/2082/2056 1819/1545/2055
f 452/1528/2057 1818/842/2057 453/2083/2057
f 461/1553/2058 462/853/2058 463/2084/2058
f 463/2084/2059 462/853/797 1160/852/796
f 200/16/14 1173/4/4 106/6/6
f 1193/30/27 105/96/86 19/31/28
f 1188/33/30 117/90/81 26/34/31
f 1208/40/37 113/50/46 18/41/38
f 273/56/51 1223/54/49 104/55/50
f 284/64/59 1238/62/57 112/63/58
f 106/6/6 20/5/5 327/71/64
f 10/73/66 312/191/167 1268/74/67
f 336/78/70 8/95/66 98/79/66
f 104/55/50 16/17/15 307/81/72
f 116/89/80 1242/142/126 327/71/64
f 117/90/81 1267/92/83 311/91/82
f 19/31/28 341/97/87 1267/92/83
f 1263/94/85 97/75/66 8/95/66
f 105/96/86 1272/98/88 341/97/87
f 18/41/38 351/102/92 1272/98/88
f 1278/80/71 98/79/66 11/100/90
f 113/50/46 1287/104/94 351/102/92
f 25/103/93 374/190/166 1287/104/94
f 306/106/96 1253/140/125 96/107/66
f 112/63/58 17/57/52 379/111/99
f 100/113/101 12/132/66 378/114/102
f 21/65/60 112/63/58 1317/112/100
f 7/108/66 96/107/66 1248/123/111
f 96/107/66 9/141/66 331/126/114
f 16/17/15 106/6/6 1252/72/65
f 384/130/117 1313/149/133 101/131/66
f 97/75/66 1268/74/67 342/138/123
f 206/35/32 26/34/31 116/89/80
f 1253/140/125 326/193/169 9/141/66
f 26/34/31 311/91/82 1242/142/126
f 101/131/66 1308/150/134 389/147/131
f 1313/149/133 394/792/731 1308/150/134
f 11/100/90 352/181/160 1288/156/139
f 95/160/66 1258/161/143 331/126/114
f 10/73/66 321/183/162 1258/161/143
f 7/108/66 100/113/101 1303/115/103
f 1298/166/148 384/130/117 12/132/66
f 1293/171/152 99/157/140 1283/172/153
f 99/157/140 1288/156/139 373/174/155
f 17/57/52 104/55/50 1302/82/73
f 246/42/39 18/41/38 105/96/86
f 12/132/66 101/131/66 1318/148/132
f 98/79/66 1273/184/163 352/181/160
f 1163/139/124 116/89/80 20/5/5
f 321/183/162 10/73/66 97/75/66
f 8/95/66 342/138/123 1273/184/163
f 312/191/167 10/73/66 95/160/66
f 1243/192/168 95/160/66 9/141/66
f 346/101/91 11/100/90 99/157/140
f 317/124/112 1298/166/148 100/113/101
f 456/196/172 1395/342/318 130/197/173
f 710/204/180 1436/330/306 131/205/181
f 480/207/183 32/233/209 127/208/184
f 1431/206/182 131/205/181 1441/215/191
f 447/217/193 1365/317/293 124/218/194
f 1406/223/199 132/337/313 1411/224/200
f 27/228/204 533/261/237 1348/229/205
f 31/230/206 127/208/184 1352/231/207
f 32/233/209 515/300/276 1352/231/207
f 437/234/210 1366/248/224 134/235/211
f 33/240/216 551/303/279 1334/241/217
f 34/198/174 130/197/173 1339/243/219
f 412/245/221 28/274/250 122/246/222
f 1366/248/224 446/843/786 1450/249/225
f 30/253/229 125/278/254 1333/254/230
f 456/196/172 34/198/174 128/256/232
f 447/217/193 29/219/195 123/258/234
f 27/228/204 122/246/222 1328/260/236
f 34/198/174 531/244/220 1329/262/238
f 1381/266/242 426/820/760 1455/267/243
f 35/269/245 570/270/246 1339/243/219
f 35/269/245 129/242/218 1334/241/217
f 481/271/247 1381/266/242 119/268/244
f 28/274/250 123/258/234 1343/275/251
f 29/219/195 513/281/257 1343/275/251
f 427/277/253 31/230/206 125/278/254
f 490/280/256 1385/257/233 128/256/232
f 29/219/195 124/218/194 1348/229/205
f 1396/286/262 455/854/798 1467/287/263
f 28/274/250 549/276/252 1328/260/236
f 506/291/267 1396/286/262 139/288/264
f 1386/293/269 489/890/829 1463/294/270
f 30/253/229 550/255/231 1342/296/272
f 31/230/206 568/232/208 1333/254/230
f 32/233/209 126/297/273 1342/296/272
f 569/301/277 1351/251/227 121/302/278
f 33/240/216 128/256/232 1329/262/238
f 1480/292/268 139/288/264 1440/305/281
f 139/288/264 1467/287/263 692/307/283
f 1472/236/212 134/235/211 1410/310/286
f 134/235/211 1450/249/225 622/312/288
f 1455/267/243 658/1059/1005 1425/313/289
f 119/268/244 1425/313/289 673/315/291
f 436/316/292 27/228/204 124/218/194
f 427/277/253 1380/209/185 127/208/184
f 465/322/298 1371/279/255 125/278/254
f 640/323/299 1420/339/315 133/324/300
f 1415/325/301 133/324/300 1426/326/302
f 490/280/256 33/240/216 129/242/218
f 505/329/305 1390/328/304 129/242/218
f 1441/215/191 131/205/181 1436/330/306
f 412/245/221 1360/259/235 123/258/234
f 436/316/292 1356/247/223 122/246/222
f 1411/224/200 132/337/313 1400/334/310
f 605/336/312 1400/334/310 132/337/313
f 465/322/298 30/253/229 126/297/273
f 480/207/183 1376/338/314 126/297/273
f 1426/326/302 133/324/300 1420/339/315
f 505/329/305 35/269/245 130/197/173
f 1495/349/325 763/527/481 55/350/326
f 743/361/334 1495/349/325 158/351/327
f 1515/375/347 157/441/406 54/376/348
f 1510/378/350 169/435/401 61/379/351
f 1530/385/357 165/395/366 53/386/358
f 810/394/365 60/448/413 165/395/366
f 1545/399/369 743/361/334 51/362/335
f 815/401/371 1545/399/369 156/400/370
f 1560/407/377 815/401/371 52/402/372
f 158/351/327 55/350/326 868/416/384
f 45/418/386 853/536/487 1590/419/387
f 877/423/390 43/440/386 150/424/386
f 156/400/370 51/362/335 848/426/392
f 168/434/400 1564/489/445 868/416/384
f 169/435/401 1589/437/403 852/436/402
f 54/376/348 882/442/407 1589/437/403
f 1585/439/405 149/420/386 43/440/386
f 157/441/406 1594/443/408 882/442/407
f 53/386/358 892/447/412 1594/443/408
f 1600/425/391 150/424/386 46/445/410
f 165/395/366 1609/449/414 892/447/412
f 60/448/413 915/535/486 1609/449/414
f 847/451/416 1575/487/444 148/452/386
f 164/408/378 52/402/372 920/456/419
f 152/458/386 47/479/386 919/459/421
f 56/410/380 164/408/378 1639/457/420
f 42/453/386 148/452/386 1570/470/430
f 148/452/386 44/488/386 872/473/433
f 51/362/335 158/351/327 1574/417/385
f 925/477/436 1635/496/452 153/478/386
f 779/377/349 54/376/348 169/435/401
f 149/420/386 1590/419/387 883/485/442
f 749/380/352 61/379/351 168/434/400
f 1575/487/444 867/538/489 44/488/386
f 61/379/351 852/436/402 1564/489/445
f 153/478/386 1630/497/453 930/494/450
f 1635/496/452 935/1193/1148 1630/497/453
f 46/445/410 893/526/480 1610/503/458
f 147/507/386 1580/508/462 872/473/433
f 45/418/386 862/528/482 1580/508/462
f 42/453/386 152/458/386 1625/460/422
f 1620/513/467 925/477/436 47/479/386
f 1615/518/472 151/504/459 1605/519/473
f 151/504/459 1610/503/458 914/521/475
f 52/402/372 156/400/370 1624/427/393
f 789/387/359 53/386/358 157/441/406
f 47/479/386 153/478/386 1640/495/451
f 150/424/386 1595/529/483 893/526/480
f 1485/486/443 168/434/400 55/350/326
f 862/528/482 45/418/386 149/420/386
f 43/440/386 883/485/442 1595/529/483
f 853/536/487 45/418/386 147/507/386
f 1565/537/488 147/507/386 44/488/386
f 887/446/411 46/445/410 151/504/459
f 858/471/431 1620/513/467 152/458/386
f 1661/541/492 971/716/650 81/542/493
f 951/553/501 1661/541/492 188/543/494
f 1681/567/514 187/633/577 80/568/515
f 1676/570/517 199/627/571 87/571/518
f 1696/577/524 195/587/533 79/578/525
f 1018/586/532 86/640/584 195/587/533
f 1711/591/537 951/553/501 77/554/502
f 1023/593/539 1711/591/537 186/592/538
f 1726/599/545 1023/593/539 78/594/540
f 1034/601/547 1726/599/545 194/600/546
f 188/543/494 81/542/493 1077/608/553
f 71/610/555 1062/724/656 1756/611/556
f 1086/615/559 69/632/576 180/616/560
f 186/592/538 77/554/502 1057/618/562
f 198/626/570 1730/679/616 1077/608/553
f 199/627/571 1755/629/573 1061/628/572
f 80/568/515 1091/634/578 1755/629/573
f 1751/631/575 179/612/555 69/632/576
f 187/633/577 1760/635/579 1091/634/578
f 79/578/525 1101/639/583 1760/635/579
f 1766/617/561 180/616/560 72/637/581
f 195/587/533 1775/641/585 1101/639/583
f 86/640/584 1124/2034/655 1775/641/585
f 1056/643/587 1741/677/615 178/644/555
f 194/600/546 78/594/540 1129/648/590
f 182/650/555 73/669/555 1128/651/592
f 82/602/548 194/600/546 1805/649/591
f 189/658/599 82/602/548 1138/655/596
f 68/645/555 178/644/555 1736/660/601
f 178/644/555 70/678/555 1081/663/604
f 77/554/502 188/543/494 1740/609/554
f 1134/667/607 1801/686/623 183/668/555
f 987/569/516 80/568/515 199/627/571
f 179/612/555 1756/611/556 1092/675/613
f 957/572/519 87/571/518 198/626/570
f 1741/677/615 1076/726/658 70/678/555
f 87/571/518 1061/628/572 1730/679/616
f 183/668/555 1796/687/624 1139/684/621
f 1801/686/623 1144/1272/1230 1796/687/624
f 72/637/581 1102/715/649 1776/693/630
f 177/697/555 1746/698/634 1081/663/604
f 71/610/555 1071/717/651 1746/698/634
f 68/645/555 182/650/555 1791/652/593
f 1786/700/636 1134/667/607 73/669/555
f 1781/705/641 181/694/631 1771/706/642
f 181/694/631 1776/693/630 1123/708/644
f 78/594/540 186/592/538 1790/619/563
f 997/579/526 79/578/525 187/633/577
f 73/669/555 183/668/555 1806/685/622
f 180/616/560 1761/718/652 1102/715/649
f 1651/676/614 198/626/570 81/542/493
f 1071/717/651 71/610/555 179/612/555
f 69/632/576 1092/675/613 1761/718/652
f 1062/724/656 71/610/555 177/697/555
f 1731/725/657 177/697/555 70/678/555
f 1096/638/582 72/637/581 181/694/631
f 1067/661/602 1786/700/636 182/650/555
f 1250/1410/1370 319/1415/1375 320/1416/1376
f 310/1418/1378 1254/1417/1377 1255/1419/1379
f 308/1422/1382 1256/1421/1381 1253/140/125
f 1266/1434/1394 1263/94/85 336/78/70
f 341/97/87 343/1438/1398 1269/1435/1395
f 344/1439/1399 345/1440/1400 1271/1437/1397
f 353/1444/1404 354/1445/1405 1275/1442/1402
f 1289/1460/1419 1290/1461/1420 354/1445/1405
f 1290/1461/1420 1291/1462/1421 355/1446/1406
f 348/1451/1411 346/101/91 1293/171/152
f 380/1477/1436 1306/1476/1435 1303/115/103
f 1305/1474/1433 309/1420/1380 308/1422/1382
f 391/1484/1441 1320/1490/1447 1321/1491/1448
f 533/261/237 1328/260/236 1330/1503/1460
f 544/945/886 1330/1503/1460 1331/1504/1461
f 1331/1504/1461 1332/1505/1462 536/933/872
f 1332/1505/1462 1329/262/238 531/244/220
f 1328/260/236 549/276/252 554/950/893
f 1330/1503/1460 554/950/893 564/953/896
f 564/953/896 563/961/904 1332/1505/1462
f 563/961/904 551/303/279 1329/262/238
f 1333/254/230 1335/1506/1463 558/956/899
f 1335/1506/1463 1336/1508/1465 559/958/901
f 559/958/901 1336/1508/1465 1337/1507/1464
f 565/962/905 1337/1507/1464 1334/241/217
f 568/232/208 573/966/909 1335/1506/1463
f 573/966/909 583/969/912 1336/1508/1465
f 1336/1508/1465 583/969/912 582/978/921
f 1337/1507/1464 582/978/921 570/270/246
f 1341/1511/1468 1339/243/219 570/270/246
f 1338/1509/265 532/939/266 541/941/879
f 1340/1510/1466 541/941/879 535/934/873
f 1341/1511/1468 534/932/871 531/244/220
f 515/300/276 1342/296/272 1344/1513/1470
f 526/928/865 1344/1513/1470 1345/1514/1471
f 1345/1514/1471 1346/1515/1472 518/916/851
f 1346/1515/1472 1343/275/251 513/281/257
f 1342/296/272 550/255/231 560/957/900
f 1344/1513/1470 560/957/900 553/951/894
f 553/951/894 552/949/892 1346/1515/1472
f 552/949/892 549/276/252 1343/275/251
f 1349/1517/1473 1350/1519/1474 540/948/889
f 1350/1518/1475 1348/229/205 533/261/237
f 1350/1518/1475 516/915/850 513/281/257
f 1351/1520/227 1353/1521/1480 521/925/859
f 1353/1521/1477 1354/1523/1478 522/931/868
f 1351/1520/227 569/972/277 579/974/916
f 1353/1521/1477 579/974/916 572/967/910
f 441/1527/1485 1359/1526/1484 1356/247/223
f 422/812/752 412/245/221 1356/247/223
f 1360/259/235 1362/1529/1487 452/1528/1486
f 1360/259/235 412/245/221 422/814/752
f 1365/317/293 1367/1533/1491 441/1532/1485
f 1367/1533/1491 1368/1534/1493 442/837/1492
f 1368/1534/1493 1369/1535/1494 444/833/774
f 1369/1535/1494 1366/248/224 437/234/210
f 1365/317/293 447/217/193 452/1536/1486
f 1367/1533/1491 452/1536/1486 453/1537/1495
f 1368/1534/1493 453/1537/1495 449/1538/1496
f 1369/1535/1494 449/1538/787 446/843/786
f 464/298/274 1370/299/275 1372/1539/1497
f 473/870/1500 1374/1541/1499 1371/279/255
f 473/867/1500 465/322/298 1376/338/314
f 1380/209/185 1382/1549/1510 485/1548/1509
f 1382/1549/1510 1383/1550/1512 486/885/1511
f 1383/1550/1512 1384/1551/1513 488/881/822
f 1384/1551/1513 1381/266/242 481/271/247
f 1380/209/185 427/277/253 433/1552/1503
f 1383/1550/1512 434/823/1514 430/824/761
f 1384/1551/1513 430/824/761 426/820/760
f 1389/1556/1520 1386/293/269 454/343/319
f 1389/1556/1520 492/888/827 489/890/829
f 1394/1559/1524 1391/201/177 491/285/261
f 1392/1557/1522 510/1560/1525 1816/1561/1526
f 1395/342/318 1397/1563/1527 510/1562/1525
f 1397/1563/1527 1398/1564/1529 511/914/1528
f 1398/1564/1529 1399/1565/1531 508/911/1530
f 1399/1565/1531 1396/286/262 506/291/267
f 1395/342/318 456/196/172 461/1566/1515
f 1397/1563/1527 461/1566/1515 463/858/1532
f 1398/1564/1529 463/858/2060 459/857/799
f 1399/1565/1531 459/857/799 455/854/798
f 1410/310/286 1412/1575/1539 594/992/936
f 1412/1575/1539 1413/1576/1540 595/998/946
f 1413/1576/1540 1414/1577/1541 601/995/944
f 1414/1577/1541 1411/1578/200 588/996/311
f 1410/310/286 622/312/288 635/1026/974
f 1412/1575/1539 635/1026/974 630/1021/969
f 1413/1576/1540 630/1021/969 629/1018/967
f 1414/1577/1541 629/1018/967 621/1020/201
f 1425/313/289 1427/1587/1548 680/1073/1020
f 1427/1587/1548 1428/1588/1549 681/1079/1026
f 1428/1588/1549 1429/1589/1550 687/1076/1024
f 1429/1589/1550 1426/1590/302 674/1077/316
f 1425/313/289 658/1059/1005 670/1061/1007
f 1427/1587/1548 670/1061/1007 665/1055/1001
f 1428/1588/1549 665/1055/1001 664/1052/999
f 1429/1589/1550 664/1052/999 657/1054/303
f 1440/305/281 1442/1599/1557 734/1123/1072
f 1442/1599/1557 1443/1600/1558 735/1129/1078
f 1443/1600/1558 1444/1601/1559 740/1126/1076
f 1444/1601/1559 1441/1602/191 728/1127/307
f 1440/305/281 692/307/283 705/1095/1042
f 1442/1599/1557 705/1095/1042 700/1090/1037
f 1443/1600/1558 700/1090/1037 699/1087/1035
f 1444/1601/1559 699/1087/1035 691/1089/192
f 1566/1760/1738 1567/1762/1740 870/1761/1739
f 848/426/392 1574/417/385 1576/1777/1755
f 1574/417/385 868/416/384 871/1759/1737
f 1591/1795/1773 1592/1796/1774 855/1766/1744
f 1592/1796/1774 1593/1797/1775 856/1767/1745
f 1593/1797/1775 1590/419/387 853/536/487
f 884/1798/1776 885/1799/1777 1592/1796/1774
f 885/1799/1777 886/1800/1778 1593/1797/1775
f 886/1800/1778 883/485/442 1590/419/387
f 895/1805/1783 896/1806/1784 1598/1803/1781
f 1603/1812/1790 1600/425/391 887/446/411
f 1611/1820/1797 1612/1821/1798 895/1805/1783
f 1612/1821/1798 1613/1822/1799 896/1806/1784
f 916/1818/1796 914/521/475 1610/503/458
f 1618/1825/1802 1615/518/472 899/520/474
f 889/1811/1789 887/446/411 1615/518/472
f 1623/1828/1805 928/1831/1808 925/477/436
f 923/1833/1810 1626/1832/1809 1627/1834/1811
f 928/1831/1808 1638/1848/1823 1635/496/452
f 1641/1849/1824 923/1833/1810 922/1835/1812
f 1643/1851/1826 921/1837/1814 919/459/421
f 990/1912/1886 987/569/516 1676/570/517
f 989/1915/1889 1683/1919/1893 1684/1916/1890
f 1059/2001/1974 1743/2000/1973 1744/2002/1975
f 1093/2019/1992 1094/2020/1993 1758/2017/1990
f 1762/2022/1995 1763/2023/1996 1094/2020/1993
f 1101/639/583 1103/2025/1998 1762/2022/1995
f 1779/2044/2015 1776/693/630 1102/715/649
f 1129/648/590 1790/619/563 1792/2054/2025
f 1790/619/563 1057/618/562 1060/1999/1972
f 1138/655/596 1140/2063/2034 1797/2060/2031
f 1808/2070/2041 1131/2057/2028 1130/2059/2030
f 1222/1/1 93/70/8 1/2/2
f 1173/4/4 220/182/161 20/5/5
f 89/7/2 1167/61/56 226/8/7
f 215/10/9 24/76/68 114/11/10
f 4/13/2 90/43/2 1187/14/12
f 211/18/16 1218/162/144 102/19/17
f 225/21/19 15/83/74 109/22/20
f 3/9/8 88/27/2 1162/24/22
f 1177/26/24 216/158/141 4/13/2
f 1183/12/11 114/11/10 22/28/25
f 230/29/26 22/28/25 108/36/33
f 1198/37/34 108/36/33 23/38/35
f 90/43/2 2/154/2 235/44/40
f 240/39/36 23/38/35 115/45/41
f 1213/46/42 115/45/41 1325/47/43
f 268/49/45 25/103/93 113/50/46
f 91/51/2 5/151/135 245/52/47
f 1223/54/49 200/16/14 16/17/15
f 279/58/53 1233/66/61 110/59/54
f 1/2/2 210/194/170 1167/61/56
f 1238/62/57 273/56/51 17/57/52
f 1233/66/61 289/2085/689 1322/67/62
f 6/68/2 278/128/115 1217/69/63
f 24/76/68 322/125/113 1262/77/69
f 15/83/74 103/87/78 1247/84/75
f 15/83/74 332/85/76 1257/86/77
f 103/87/78 14/20/18 316/88/79
f 22/28/25 337/155/138 1277/93/84
f 23/38/35 347/188/165 1292/99/89
f 115/45/41 1292/99/89 357/105/95
f 14/20/18 102/19/17 1297/109/97
f 102/19/17 13/60/55 383/110/98
f 13/60/55 110/59/54 1312/116/104
f 110/59/54 1322/67/62 395/117/105
f 1168/119/107 211/18/16 14/20/18
f 1228/120/108 284/64/59 21/65/60
f 107/121/109 21/65/60 388/118/106
f 226/8/7 1177/26/24 88/27/2
f 1178/23/21 109/22/20 24/76/68
f 109/22/20 1257/86/77 322/125/113
f 94/127/2 1232/144/128 278/128/115
f 201/3/3 1/2/2 89/7/2
f 236/32/29 19/31/28 117/90/81
f 1203/133/118 250/729/661 1326/134/119
f 111/135/120 1326/134/119 356/136/121
f 225/21/19 1168/119/107 103/87/78
f 1227/143/127 290/761/700 1232/144/128
f 283/145/129 1227/143/127 94/127/2
f 5/151/135 92/167/135 1207/152/136
f 1182/153/137 231/159/142 2/154/2
f 114/11/10 1262/77/69 337/155/138
f 216/158/141 1182/153/137 90/43/2
f 231/159/142 1197/187/164 91/51/2
f 1218/162/144 279/58/53 13/60/55
f 1355/163/145 137/211/187 1445/164/146
f 92/167/135 1202/170/151 269/168/149
f 1212/169/150 251/738/670 1202/170/151
f 1228/175/108 107/179/109 1323/176/156
f 274/178/158 6/68/2 93/70/8
f 107/179/109 1307/1478/110 393/180/159
f 1237/146/130 94/127/2 6/68/2
f 2/154/2 91/51/2 1192/53/48
f 1203/133/118 111/135/120 25/185/93
f 1197/187/164 241/195/171 5/151/135
f 108/36/33 1277/93/84 347/188/165
f 111/189/120 1282/1459/122 374/190/166
f 1172/129/116 89/7/2 3/9/8
f 88/27/2 4/13/2 205/15/13
f 93/70/8 1217/69/63 210/194/170
f 241/195/171 1212/169/150 92/167/135
f 504/199/175 1481/202/178 136/200/176
f 1481/202/178 726/1113/1062 1435/203/179
f 435/210/186 1471/282/258 137/211/187
f 138/212/188 1458/1616/1584 672/213/189
f 425/220/196 1370/299/275 135/221/197
f 135/221/197 1476/1633/1610 638/226/202
f 411/237/213 1446/1606/1564 120/238/214
f 1347/250/226 121/302/278 1351/251/227
f 1375/263/239 138/212/188 1475/264/240
f 479/273/249 1458/1616/1584 138/212/188
f 1471/282/258 586/982/926 1401/283/259
f 1391/201/177 136/200/176 1462/284/260
f 1338/289/265 121/302/278 1347/250/226
f 464/298/274 1476/1633/1610 135/221/197
f 136/200/176 1435/203/179 709/304/280
f 120/238/214 1446/1606/1564 606/308/284
f 1475/264/240 138/212/188 1421/214/190
f 445/318/294 1361/239/215 120/238/214
f 120/238/214 1405/309/285 620/320/296
f 137/211/187 1401/283/259 604/321/297
f 118/295/271 1463/294/270 708/332/308
f 135/221/197 1416/227/203 656/341/317
f 454/343/319 1386/293/269 118/295/271
f 1468/344/320 118/295/271 1430/333/309
f 1544/346/322 145/415/323 36/347/323
f 141/352/323 1489/406/376 769/353/328
f 758/355/329 59/421/388 166/356/330
f 39/358/323 142/388/323 1509/359/332
f 754/363/336 1540/509/463 154/364/337
f 768/366/339 50/428/394 161/367/340
f 38/354/323 140/372/323 1484/369/342
f 1499/371/344 759/505/460 39/358/323
f 1505/357/331 166/356/330 57/373/345
f 773/374/346 57/373/345 160/381/353
f 1520/382/354 160/381/353 58/383/355
f 142/388/323 37/501/323 778/389/360
f 783/384/356 58/383/355 167/390/361
f 1535/391/362 167/390/361 1647/392/363
f 143/396/323 40/498/454 788/397/367
f 821/403/373 1555/411/381 162/404/374
f 36/347/323 753/539/490 1489/406/376
f 826/409/379 1560/407/377 164/408/378
f 1555/411/381 831/2086/1107 1644/412/382
f 41/413/323 820/475/434 1539/414/383
f 59/421/388 863/472/432 1584/422/389
f 50/428/394 155/432/398 1569/429/395
f 50/428/394 873/430/396 1579/431/397
f 155/432/398 49/365/338 857/433/399
f 57/373/345 878/502/457 1599/438/404
f 58/383/355 888/533/485 1614/444/409
f 167/390/361 1614/444/409 898/450/415
f 49/365/338 154/364/337 1619/454/417
f 154/364/337 48/405/375 924/455/418
f 48/405/375 162/404/374 1634/461/423
f 162/404/374 1644/412/382 936/462/424
f 1490/464/426 754/363/336 49/365/338
f 1550/465/427 826/1748/379 56/466/380
f 159/467/428 56/466/380 929/468/425
f 769/353/328 1499/371/344 140/372/323
f 1500/368/341 161/367/340 59/421/388
f 161/367/340 1579/431/397 863/472/432
f 146/474/323 1554/491/447 820/475/434
f 744/348/324 36/347/323 141/352/323
f 1525/480/437 793/1130/1079 1648/481/438
f 163/482/439 1648/481/438 897/483/440
f 768/366/339 1490/464/426 155/432/398
f 1549/490/446 832/1162/1117 1554/491/447
f 825/492/448 1549/490/446 146/474/323
f 40/498/454 144/514/468 1529/499/455
f 1504/500/456 774/506/461 37/501/323
f 166/356/330 1584/422/389 878/502/457
f 759/505/460 1504/500/456 142/388/323
f 774/506/461 1519/532/484 143/396/323
f 1540/509/463 821/403/373 48/405/375
f 1710/510/464 175/607/465 62/511/465
f 144/514/468 1524/517/471 811/515/469
f 1534/516/470 794/1139/1088 1524/517/471
f 1550/465/427 159/467/428 1645/522/476
f 816/524/478 41/413/323 145/415/323
f 159/467/428 1629/469/429 934/525/479
f 1559/493/449 146/474/323 41/413/323
f 37/501/323 143/396/323 1514/398/368
f 1525/480/437 163/482/439 60/530/413
f 1519/532/484 784/540/491 40/498/454
f 160/381/353 1599/438/404 888/533/485
f 163/534/439 1604/2087/441 915/535/486
f 1494/476/435 141/352/323 38/354/323
f 140/372/323 39/358/323 748/360/333
f 145/415/323 1539/414/383 753/539/490
f 784/540/491 1534/516/470 144/514/468
f 171/544/465 1655/598/544 977/545/495
f 966/547/496 85/613/557 196/548/497
f 65/550/465 172/580/465 1675/551/499
f 962/555/503 1706/699/635 184/556/504
f 976/558/506 76/620/564 191/559/507
f 64/546/465 170/564/465 1650/561/509
f 1665/563/511 967/695/632 65/550/465
f 1671/549/498 196/548/497 83/565/512
f 981/566/513 83/565/512 190/573/520
f 1686/574/521 190/573/520 84/575/522
f 172/580/465 63/691/628 986/581/527
f 991/576/523 84/575/522 197/582/528
f 1701/583/529 197/582/528 1813/584/530
f 173/588/534 66/688/625 996/589/535
f 1029/595/541 1721/603/549 192/596/542
f 62/511/465 961/727/659 1655/598/544
f 1721/603/549 1039/1230/1188 1810/604/550
f 67/605/551 1028/665/605 1705/606/552
f 85/613/557 1072/662/603 1750/614/558
f 76/620/564 185/624/568 1735/621/565
f 76/620/564 1082/622/566 1745/623/567
f 185/624/568 75/557/505 1066/625/569
f 83/565/512 1087/692/629 1765/630/574
f 84/575/522 1097/722/654 1780/636/580
f 197/582/528 1780/636/580 1107/642/586
f 75/557/505 184/556/504 1785/646/588
f 184/556/504 74/597/543 1133/647/589
f 74/597/543 192/596/542 1800/653/594
f 192/596/542 1810/604/550 1145/654/595
f 1656/656/597 962/555/503 75/557/505
f 1716/657/598 1034/601/547 82/602/548
f 977/545/495 1665/563/511 170/564/465
f 1666/560/508 191/559/507 85/613/557
f 191/559/507 1745/623/567 1072/662/603
f 176/664/465 1720/681/618 1028/665/605
f 952/512/466 62/511/465 171/544/465
f 1691/670/608 1001/1201/1159 1814/671/609
f 193/672/610 1814/671/609 1106/673/611
f 976/558/506 1656/656/597 185/624/568
f 1715/680/617 1040/1240/1199 1720/681/618
f 1033/682/619 1715/680/617 176/664/465
f 66/688/625 174/701/637 1695/689/626
f 1670/690/627 982/696/633 63/691/628
f 196/548/497 1750/614/558 1087/692/629
f 967/695/632 1670/690/627 172/580/465
f 982/696/633 1685/721/653 173/588/534
f 1706/699/635 1029/595/541 74/597/543
f 174/701/637 1690/704/640 1019/702/638
f 1700/703/639 1002/1210/1168 1690/704/640
f 1716/709/598 189/713/599 1811/710/645
f 1024/712/647 67/605/551 175/607/465
f 189/713/599 1795/2088/600 1143/714/648
f 1725/683/620 176/664/465 67/605/551
f 63/691/628 173/588/534 1680/590/536
f 1691/670/608 193/672/610 86/719/584
f 1685/721/653 992/728/660 66/688/625
f 190/573/520 1765/630/574 1097/722/654
f 193/672/610 1770/674/612 1124/723/655
f 1660/666/606 171/544/465 64/546/465
f 170/564/465 65/550/465 956/552/500
f 175/607/465 1705/606/552 961/727/659
f 992/728/660 1700/703/639 174/701/637
f 250/729/661 253/732/664 256/730/662
f 253/732/664 254/741/673 257/733/665
f 256/730/662 257/733/665 258/735/667
f 259/736/668 262/740/672 261/737/669
f 260/739/671 263/742/674 262/740/672
f 262/740/672 257/733/665 254/741/673
f 263/742/674 258/735/667 257/733/665
f 252/743/44 264/746/2061 266/744/675
f 264/746/677 255/2089/2062 267/734/678
f 265/745/676 266/744/675 263/742/679
f 266/744/675 267/734/678 258/735/681
f 288/177/157 291/2090/684 293/747/682
f 292/748/683 293/747/682 305/751/686
f 293/747/682 294/750/685 295/753/688
f 289/754/689 296/757/692 299/755/690
f 296/757/692 297/763/1354 300/758/693
f 298/756/694 299/755/690 294/750/695
f 299/755/690 300/758/693 295/753/697
f 301/759/698 304/762/701 303/760/699
f 302/752/687 305/751/686 304/762/701
f 304/762/701 300/758/703 297/763/702
f 305/751/686 295/753/688 300/758/703
f 356/136/121 359/1502/706 361/764/704
f 360/768/705 361/771/704 372/769/708
f 361/771/704 362/777/707 363/772/710
f 357/105/95 364/775/713 366/773/711
f 364/775/713 365/781/721 367/776/714
f 366/773/711 367/776/714 363/772/716
f 368/778/718 371/780/720 370/779/719
f 369/770/709 372/769/722 371/780/720
f 371/780/720 367/776/714 365/781/721
f 372/769/722 363/772/716 367/776/714
f 393/180/159 396/1479/725 399/782/723
f 396/784/725 397/795/734 400/785/726
f 399/786/723 400/785/726 401/789/728
f 402/790/729 405/794/733 404/791/730
f 403/793/732 406/796/735 405/794/733
f 405/794/733 400/785/736 397/795/734
f 406/796/735 401/789/741 400/785/736
f 395/117/105 398/1493/739 408/797/737
f 407/798/738 408/797/737 406/796/735
f 408/797/737 409/788/2063 401/789/741
f 413/800/742 416/803/745 415/801/743
f 414/802/744 421/811/751 416/803/745
f 416/803/745 421/811/751 417/805/747
f 418/807/748 421/810/751 420/808/749
f 419/809/750 417/815/747 421/810/751
f 424/813/753 417/815/747 419/809/750
f 428/816/754 430/2091/2064 429/817/755
f 429/817/757 430/2091/2065 1161/818/758
f 434/823/763 432/2092/2066 1161/818/764
f 442/829/770 1817/836/2067 440/830/771
f 443/832/775 439/1630/2068 438/834/776
f 444/835/778 440/830/2069 1817/836/779
f 449/1538/2070 453/1537/2071 1818/2093/2072
f 457/848/791 459/851/2073 458/849/792
f 458/849/795 459/851/2074 1160/852/796
f 467/860/803 470/863/806 469/861/804
f 472/868/810 471/866/808 468/862/805
f 475/872/812 478/874/814 477/873/813
f 476/865/807 470/864/806 478/874/814
f 478/874/814 470/864/806 471/866/808
f 482/876/815 488/879/2075 483/877/816
f 482/876/818 1819/884/825 484/878/819
f 492/888/827 495/892/831 494/889/828
f 495/892/831 503/895/834 501/893/832
f 495/892/831 493/891/830 496/894/833
f 498/897/836 496/894/833 493/891/830
f 500/901/838 503/903/834 502/902/839
f 516/915/850 519/918/853 518/916/851
f 517/917/852 520/920/855 519/918/853
f 519/918/853 530/921/856 527/919/854
f 514/922/228 521/925/859 524/923/857
f 521/925/859 522/931/868 525/926/860
f 523/924/858 524/923/857 520/920/861
f 524/923/862 525/926/2076 530/927/863
f 526/928/865 529/930/867 528/929/866
f 527/919/854 530/921/869 529/930/867
f 529/930/867 525/926/870 522/931/868
f 534/932/871 537/935/874 536/933/872
f 535/934/873 538/937/876 537/935/874
f 537/935/874 548/938/877 545/936/875
f 532/939/266 539/942/880 542/940/878
f 539/942/880 540/948/889 543/943/881
f 541/941/879 542/940/878 538/937/882
f 542/940/883 543/943/2077 548/944/884
f 544/945/886 547/947/888 546/946/887
f 545/936/875 548/938/890 547/947/888
f 547/947/888 543/943/891 540/948/889
f 552/949/892 555/952/895 554/950/893
f 553/951/894 556/960/903 555/952/895
f 555/952/895 567/955/898 564/953/896
f 555/952/895 556/960/903 557/954/897
f 558/956/899 561/959/902 560/957/900
f 559/958/901 562/964/907 561/959/902
f 561/959/902 556/960/903 553/951/894
f 561/959/902 562/964/907 557/954/897
f 563/961/904 566/963/906 565/962/905
f 564/953/896 567/955/898 566/963/906
f 566/963/906 562/964/907 559/958/901
f 566/963/906 567/955/898 557/954/897
f 571/965/908 574/968/911 573/966/909
f 572/967/910 575/970/2078 574/968/911
f 574/968/911 576/971/914 583/969/912
f 569/972/277 577/975/917 580/973/915
f 577/975/917 578/981/924 581/976/918
f 579/974/916 580/973/915 575/970/919
f 580/973/915 581/976/918 576/977/920
f 582/978/921 585/980/923 584/979/922
f 583/969/912 576/971/914 585/980/923
f 585/980/923 581/976/2079 578/981/924
f 586/982/926 589/1627/929 591/983/927
f 590/984/928 591/983/927 603/987/931
f 591/983/927 592/986/930 593/989/933
f 587/311/287 594/992/936 597/990/934
f 594/992/936 595/998/946 598/993/937
f 596/991/938 597/990/2080 592/986/939
f 597/990/934 598/993/937 593/989/941
f 599/994/943 602/997/945 601/995/944
f 600/988/932 603/987/947 602/997/945
f 602/997/945 598/993/948 595/998/946
f 603/987/947 593/989/2081 598/993/948
f 607/999/949 610/1002/952 609/1000/950
f 608/1001/951 611/2094/2082 610/1002/952
f 610/1002/952 611/2095/2082 617/1003/953
f 612/1004/954 615/1008/957 614/1005/955
f 613/1007/956 611/2096/2082 615/1008/957
f 615/1008/957 611/2094/2082 608/1001/951
f 616/1009/958 619/1011/960 618/1010/959
f 617/1003/953 611/2095/2082 619/1011/960
f 619/1011/960 611/2096/2082 613/1007/956
f 620/320/296 623/1014/963 626/1012/961
f 623/1014/963 624/1023/971 627/1015/964
f 626/1012/961 627/1015/964 628/1017/966
f 629/1018/967 632/1022/970 631/1019/968
f 630/1021/969 633/1024/972 632/1022/970
f 632/1022/970 627/1015/964 624/1023/971
f 633/1024/972 628/1017/966 627/1015/964
f 622/312/288 634/1027/1566 636/1025/973
f 634/1027/975 625/1609/1568 637/1016/976
f 635/1026/974 636/1025/973 633/1024/972
f 636/1025/973 637/1016/976 628/1017/966
f 641/1028/977 644/1031/980 643/1029/978
f 642/1030/979 645/1040/982 644/1031/980
f 644/1031/980 655/1034/983 652/1032/981
f 646/1035/984 649/1038/987 648/1036/985
f 647/1037/986 650/1039/988 649/1038/987
f 649/1038/987 645/1040/982 642/1030/979
f 651/1041/989 654/1044/991 653/1042/990
f 652/1032/981 655/1034/983 654/1044/991
f 654/1044/991 650/1039/988 647/1037/986
f 655/1034/983 645/1033/982 650/1039/988
f 656/341/317 659/1047/994 671/1045/992
f 659/1047/994 660/1057/1004 662/1048/995
f 664/1052/999 667/1056/1003 666/1053/1000
f 665/1055/1001 662/1063/1010 667/1056/1002
f 667/1056/1003 662/1048/995 660/1057/1004
f 658/1059/1005 668/1062/1008 671/1060/1006
f 670/1061/1007 671/1060/1006 662/1063/1010
f 672/213/189 675/1066/1581 677/1064/1011
f 675/1066/1013 682/1615/1583 678/1067/1014
f 676/1065/1012 677/1064/1011 689/1068/1015
f 677/1064/1011 678/1067/1014 679/1070/1017
f 673/315/291 680/1073/1020 683/1071/1018
f 680/1073/1020 681/1079/1026 684/1074/1021
f 683/1071/1018 684/1074/1021 679/1070/1017
f 685/1075/1023 688/1078/1025 687/1076/1024
f 686/1069/1016 689/1068/1015 688/1078/1025
f 688/1078/1025 684/1074/1021 681/1079/1026
f 689/1068/1015 679/1070/1017 684/1074/1021
f 690/345/321 693/1082/1029 696/1080/1027
f 693/1082/1029 694/1092/1039 697/1083/1030
f 695/1081/1031 696/1080/1027 707/1084/1032
f 696/1080/1027 697/1083/1030 698/1086/1034
f 699/1087/1035 702/1091/1038 701/1088/1036
f 700/1090/1037 703/1093/1040 702/1091/1038
f 702/1091/1038 697/1083/1030 694/1092/1039
f 703/1093/1040 698/1086/1034 697/1083/1030
f 692/307/283 704/1622/1043 706/1094/1041
f 705/1095/1042 706/1094/1041 703/1093/1045
f 706/1094/1041 707/1084/1044 698/1086/1046
f 711/1096/1047 714/1099/1050 713/1097/1048
f 712/1098/1049 715/1108/1052 714/1099/1050
f 714/1099/1050 725/1102/1053 722/1100/1051
f 716/1103/1054 719/1106/1057 718/1104/1055
f 717/1105/1056 720/1107/1058 719/1106/1057
f 719/1106/1057 715/1108/1052 712/1098/1049
f 721/1109/1059 724/1112/1061 723/1110/1060
f 722/1100/1051 725/1102/1053 724/1112/1061
f 724/1112/1061 720/1107/1058 717/1105/1056
f 725/1102/1053 715/1101/1052 720/1107/1058
f 726/1113/1062 729/2097/1065 731/1114/1063
f 730/1115/1064 731/1114/1063 742/1118/1067
f 731/1114/1063 732/1117/1066 733/1120/1069
f 727/306/282 734/1123/1072 736/1121/1070
f 734/1123/1072 735/1129/1078 737/1124/1073
f 736/1121/1070 737/1124/1073 733/1120/1069
f 738/1125/1075 741/1128/1077 740/1126/1076
f 739/1119/1068 742/1118/1067 741/1128/1077
f 741/1128/1077 737/1124/1073 735/1129/1078
f 742/1118/1067 733/1120/1069 737/1124/1073
f 793/1130/1079 796/1133/1082 798/1131/1080
f 796/1133/1082 797/1142/1091 799/1134/1083
f 798/1131/1080 799/1134/1083 800/1136/1085
f 801/1137/1086 804/1141/1090 803/1138/1087
f 802/1140/1089 805/1143/1092 804/1141/1090
f 804/1141/1090 799/1134/1083 797/1142/1091
f 805/1143/1092 800/1136/1085 799/1134/1083
f 795/1144/364 806/2098/1095 808/1145/1093
f 807/1146/1094 808/1145/1093 805/1143/1097
f 808/1145/1093 809/1135/2083 800/1136/1099
f 830/523/477 833/2099/1102 835/1148/1100
f 834/1149/1101 835/1148/1100 846/1152/1104
f 835/1148/1100 836/1151/1103 837/1154/1106
f 831/1155/1107 838/1158/1110 840/1156/1108
f 838/1158/1110 839/1164/1732 841/1159/1111
f 840/1156/1108 841/1159/1111 837/1154/1113
f 842/1160/1115 845/1163/1118 844/1161/1116
f 843/1153/1105 846/1152/1104 845/1163/1118
f 845/1163/1118 841/1159/1120 839/1164/1119
f 846/1152/1104 837/1154/1106 841/1159/1120
f 897/483/440 900/1859/1123 902/1165/1121
f 901/1169/1122 902/1172/1121 913/1170/1125
f 902/1172/1121 903/1178/2084 904/1173/1127
f 898/450/415 905/1176/1130 907/1174/1128
f 905/1176/1130 906/1182/1137 908/1177/1131
f 907/1174/1128 908/1177/1131 904/1173/1133
f 909/1179/1134 912/1181/1136 911/1180/1135
f 910/1171/1126 913/1170/1138 912/1181/1136
f 912/1181/1136 908/1177/1131 906/1182/1137
f 913/1170/1138 904/1173/1133 908/1177/1131
f 934/525/479 937/1838/1141 939/1183/1139
f 937/1185/1141 938/1196/1151 940/1186/1142
f 939/1187/1139 940/1186/1142 941/1190/1144
f 942/1191/1146 945/1195/1150 944/1192/1147
f 943/1194/1149 946/1197/1152 945/1195/1150
f 945/1195/1150 940/1186/1153 938/1196/1151
f 946/1197/1152 941/1190/1158 940/1186/1153
f 936/462/424 947/1853/1156 949/1198/1154
f 948/1199/1155 949/1198/1154 946/1197/1152
f 949/1198/1154 950/1189/1157 941/1190/1158
f 1001/1201/1159 1004/1204/1162 1007/1202/1160
f 1004/1204/1162 1005/1215/1171 1008/1205/1163
f 1007/1202/1160 1008/1205/1163 1009/1207/1165
f 1010/1208/1166 1013/1214/1170 1012/1209/1167
f 1011/1211/1169 1014/1216/1172 1013/1212/1170
f 1013/1214/1170 1008/1205/1163 1005/1215/1171
f 1014/1216/1172 1009/1222/1165 1008/1217/1163
f 1003/585/1173 1006/2076/2085 1016/1218/1174
f 1015/1219/1175 1016/1218/1174 1014/1216/1178
f 1016/1218/1174 1017/1221/2086 1009/1222/1180
f 1038/711/646 1041/2100/1183 1043/1223/1181
f 1042/1224/1182 1043/1223/1181 1055/1227/1185
f 1043/1223/1181 1044/1226/1184 1045/1229/1187
f 1039/1230/1188 1046/1233/1191 1049/1231/1189
f 1046/1233/1191 1047/1243/1948 1050/1234/1192
f 1048/1232/1193 1049/1231/1189 1044/1235/1194
f 1049/1231/1189 1050/1234/1192 1045/1237/1196
f 1051/1238/1197 1054/1241/1200 1053/1239/1198
f 1052/1228/1186 1055/1227/1185 1054/1241/1200
f 1054/1242/1200 1050/1234/1202 1047/1243/1201
f 1055/1227/1185 1045/1229/1187 1050/1245/1202
f 1106/673/611 1109/2079/1205 1111/1246/1203
f 1110/1251/1204 1111/1250/1203 1122/1252/1207
f 1111/1250/1203 1112/1249/2087 1113/1254/1209
f 1107/642/586 1114/1257/1212 1116/1255/1210
f 1114/1257/1212 1115/1262/1219 1117/1258/1213
f 1116/1255/1210 1117/1258/1213 1113/1254/1215
f 1118/1259/1216 1121/1261/1218 1120/1260/1217
f 1119/1253/1208 1122/1252/1220 1121/1261/1218
f 1121/1261/1218 1117/1258/1213 1115/1262/1219
f 1122/1252/1220 1113/1254/1215 1117/1258/1213
f 1143/1263/648 1146/1266/1223 1148/1264/1221
f 1146/1266/1223 1147/1275/1233 1149/1267/1224
f 1148/1264/1221 1149/1267/1224 1150/1269/1226
f 1151/1270/1228 1154/1274/1232 1153/1271/1229
f 1152/1273/1231 1155/1276/1234 1154/1274/1232
f 1154/1274/1232 1149/1267/1235 1147/1275/1233
f 1155/1276/1234 1150/1269/1240 1149/1267/1235
f 1145/654/595 1156/2073/1238 1158/1277/1236
f 1157/1278/1237 1158/1277/1236 1155/1276/1234
f 1158/1277/1236 1159/1268/1239 1150/1269/1240
f 221/25/23 1162/24/22 1164/1280/1241
f 224/1281/1242 1164/1280/1241 1165/1282/1243
f 223/1284/1245 1165/1289/1250 1166/1285/1246
f 1166/1285/1246 1163/139/124 220/182/161
f 1162/24/22 205/15/13 207/1287/1248
f 1164/1280/1241 207/1287/1248 208/1288/1249
f 1165/1289/1250 208/1328/1288 209/1290/1251
f 209/1290/1251 206/35/32 1163/139/124
f 1167/61/56 1169/1292/1253 229/1291/1252
f 1169/1292/1253 1170/1294/1259 228/1293/1254
f 1170/1294/1255 1171/1300/1261 227/1295/1256
f 227/1295/1256 1171/1300/1261 1168/1296/107
f 210/194/170 212/1298/1258 1169/1292/1253
f 212/1298/1258 213/1299/1327 1170/1294/1259
f 213/1299/1260 214/1368/1329 1171/1300/1261
f 1171/1300/1261 214/1368/1329 211/1301/16
f 1172/129/116 1174/1303/1263 204/1302/1262
f 1174/1303/1263 1175/1305/1268 203/1304/1264
f 1175/1305/1265 1176/1308/1269 202/1306/1266
f 202/1307/1266 1176/1309/1269 1173/4/4
f 221/25/23 224/1281/1242 1174/1303/1263
f 224/1281/1242 223/1283/1244 1175/1305/1268
f 223/1283/1245 222/2101/1247 1176/1308/1269
f 1176/1309/1269 222/1286/1247 220/182/161
f 216/158/141 1177/26/24 1179/1310/1270
f 219/1311/1271 1179/1310/1270 1180/1312/1272
f 218/1313/1274 1180/1312/1277 1181/1314/1275
f 1181/1314/1275 1178/1317/21 215/1316/9
f 1177/26/24 226/8/7 229/1291/1252
f 1179/1310/1270 229/1291/1252 228/1293/1254
f 1180/1312/1277 228/1293/1257 227/1295/1256
f 227/1295/1256 225/1297/19 1178/1317/21
f 231/159/142 1182/153/137 1184/1318/1278
f 234/1319/1279 1184/1318/1278 1185/1320/1280
f 233/1321/1282 1185/1320/1285 1186/1322/1283
f 1186/1322/1283 1183/1325/11 230/1324/26
f 1182/153/137 216/158/141 219/1311/1271
f 1184/1318/1278 219/1311/1271 218/1313/1273
f 1185/1320/1285 218/1313/1274 217/1315/1276
f 217/1315/1276 215/1316/9 1183/1325/11
f 205/15/13 1187/14/12 1189/1326/1286
f 207/1287/1248 1189/1326/1286 1190/1327/1287
f 208/1328/1288 1190/1332/1292 1191/1329/1289
f 1191/1329/1289 1188/33/30 206/35/32
f 1187/14/12 235/44/40 237/1330/1290
f 1189/1326/1286 237/1330/1290 238/1331/1291
f 1190/1332/1292 238/1336/1296 239/1333/1293
f 239/1333/1293 236/32/29 1188/33/30
f 235/44/40 1192/53/48 1194/1334/1294
f 237/1330/1290 1194/1334/1294 1195/1335/1295
f 238/1336/1296 1195/1340/1300 1196/1337/1297
f 1196/1337/1297 1193/30/27 236/32/29
f 1192/53/48 245/52/47 247/1338/1298
f 1194/1334/1294 247/1338/1298 248/1339/1299
f 1195/1340/1300 248/1358/1318 249/1341/1301
f 249/1341/1301 246/42/39 1193/30/27
f 241/195/171 1197/187/164 1199/1342/1302
f 244/1343/1303 1199/1342/1302 1200/1344/1304
f 243/1345/1306 1200/1344/1309 1201/1346/1307
f 1201/1346/1307 1198/1349/34 240/1348/36
f 1197/187/164 231/159/142 234/1319/1279
f 1199/1342/1302 234/1319/1279 233/1321/1281
f 1200/1344/1309 233/1321/1282 232/1323/1284
f 232/1323/1284 230/1324/26 1198/1349/34
f 1202/170/151 1204/1351/1311 272/1350/1310
f 1204/1351/1311 1205/1353/1313 271/1352/1312
f 1205/1353/1313 1206/1355/1315 270/1354/1314
f 1206/1355/1315 1203/133/118 268/186/45
f 251/738/670 261/737/669 1204/1351/1311
f 261/737/669 254/741/673 1205/1353/1313
f 254/741/673 253/732/664 1206/1355/1315
f 253/732/664 250/729/661 1203/133/118
f 245/52/47 1207/152/136 1209/1356/1316
f 247/1338/1298 1209/1356/1320 1210/1357/1317
f 248/1358/1318 1210/1360/1321 1211/1359/1319
f 249/1341/1301 1211/1359/1319 1208/40/37
f 1207/152/136 269/168/149 272/1350/1310
f 1209/1356/1320 272/1350/1310 271/1352/1312
f 1210/1360/1321 271/2102/1312 270/1361/1314
f 270/1361/1314 268/49/45 1208/40/37
f 251/738/670 1212/169/150 1214/1362/1322
f 259/736/668 1214/1362/1322 1215/1363/1323
f 260/739/680 1215/1363/1325 1216/1364/1324
f 265/745/676 1216/1364/1324 1213/1365/42
f 1212/169/150 241/195/171 244/1343/1303
f 1214/1362/1322 244/1343/1303 243/1345/1305
f 1215/1363/1325 243/1345/1306 242/1347/1308
f 1216/1364/1324 242/1347/1308 240/1348/36
f 1217/69/63 1219/1366/1326 212/1298/1258
f 1219/1366/1326 1220/1367/1331 213/1299/1327
f 1220/1367/1328 1221/1372/1333 214/1368/1329
f 214/1368/1329 1221/1372/1333 1218/1369/144
f 278/128/115 280/1370/1330 1219/1366/1326
f 280/1370/1330 281/1371/1349 1220/1367/1331
f 281/1371/1332 282/1391/1351 1221/1372/1333
f 1221/1372/1333 282/1391/1351 279/1373/53
f 1222/1/1 1224/1375/1335 277/1374/1334
f 1224/1375/1335 1225/1377/1340 276/1376/1336
f 1225/1377/1337 1226/1380/1341 275/1378/1338
f 275/1379/1338 1226/1381/1341 1223/54/49
f 201/3/3 204/1302/1262 1224/1375/1335
f 204/1302/1262 203/1304/1264 1225/1377/1340
f 203/1304/1267 202/1306/1266 1226/1380/1341
f 1226/1381/1341 202/1307/1266 200/16/14
f 290/761/700 1227/143/127 1229/1382/1342
f 301/759/698 1229/1382/1342 1230/1383/1343
f 302/752/687 1230/1383/1343 1231/1384/1344
f 292/748/683 1231/1384/1344 1228/175/108
f 1227/143/127 283/145/129 285/1385/1345
f 1229/1382/1342 285/1385/1345 286/1386/1346
f 1230/1383/1343 286/1386/1346 287/1387/1347
f 1231/1384/1344 287/1387/1347 284/1388/59
f 1232/144/128 1234/1389/1348 280/1370/1330
f 1234/1389/1348 1235/1390/1353 281/1371/1349
f 1235/1390/1350 1236/1392/1352 282/1391/1351
f 1236/1392/1352 1233/1393/61 279/1373/53
f 290/761/700 303/760/699 1234/1389/1348
f 303/760/699 297/763/702 1235/1390/1353
f 297/763/1354 296/757/692 1236/1392/1352
f 296/757/692 289/754/689 1233/1393/61
f 1237/146/130 1239/1394/1355 285/1385/1345
f 1239/1394/1355 1240/1395/1357 286/1386/1346
f 1240/1395/1356 1241/1397/1358 287/1387/1347
f 287/1396/1347 1241/1398/1358 1238/62/57
f 274/178/158 277/1374/1334 1239/1394/1355
f 277/1374/1334 276/1376/1336 1240/1395/1357
f 276/1376/1339 275/1378/1338 1241/1397/1358
f 275/1379/1338 273/56/51 1238/62/57
f 1242/142/126 1244/1400/1360 330/1399/1359
f 1244/1400/1360 1245/1402/1362 329/1401/1361
f 1245/1402/1362 1246/1404/1364 328/1403/1363
f 1246/1404/1364 1243/192/168 326/193/169
f 311/91/82 313/1405/1365 1244/1400/1360
f 313/1405/1365 314/1406/1366 1245/1402/1362
f 314/1406/1366 315/1407/1367 1246/1404/1364
f 315/1407/1367 312/191/167 1243/192/168
f 332/85/76 1247/84/75 1249/1408/1368
f 335/1409/1369 1249/1408/1368 1250/1410/1370
f 334/1411/1371 1250/1410/1370 1251/1412/1372
f 333/1413/1373 1251/1412/1372 1248/123/111
f 1247/84/75 316/88/79 318/1414/1374
f 1249/1408/1368 318/1414/1374 319/1415/1375
f 1251/1412/1372 320/1416/1376 317/124/112
f 307/81/72 1252/72/65 1254/1417/1377
f 309/1420/1380 1255/1419/1379 1256/1421/1381
f 1252/72/65 327/71/64 330/1399/1359
f 1254/1417/1377 330/1399/1359 329/1401/1361
f 1255/1419/1379 329/1401/1361 328/1403/1363
f 1256/1421/1381 328/1403/1363 326/193/169
f 1257/86/77 1259/1424/1384 325/1423/1383
f 1259/1424/1384 1260/1426/1386 324/1425/1385
f 1260/1426/1386 1261/1428/1388 323/1427/1387
f 1261/1428/1388 1258/161/143 321/183/162
f 332/85/76 335/1409/1369 1259/1424/1384
f 335/1409/1369 334/1411/1371 1260/1426/1386
f 334/1411/1371 333/1413/1373 1261/1428/1388
f 333/1413/1373 331/126/114 1258/161/143
f 1262/77/69 1264/1430/1390 340/1429/1389
f 1264/1430/1390 1265/1432/1392 339/1431/1391
f 1265/1432/1392 1266/1434/1394 338/1433/1393
f 322/125/113 325/1423/1383 1264/1430/1390
f 325/1423/1383 324/1425/1385 1265/1432/1392
f 324/1425/1385 323/1427/1387 1266/1434/1394
f 323/1427/1387 321/183/162 1263/94/85
f 1267/92/83 1269/1435/1395 313/1405/1365
f 1269/1435/1395 1270/1436/1396 314/1406/1366
f 1270/1436/1396 1271/1437/1397 315/1407/1367
f 1271/1437/1397 1268/74/67 312/191/167
f 343/1438/1398 344/1439/1399 1270/1436/1396
f 345/1440/1400 342/138/123 1268/74/67
f 1272/98/88 1274/1441/1401 343/1438/1398
f 1274/1441/1401 1275/1442/1402 344/1439/1399
f 1275/1442/1402 1276/1443/1403 345/1440/1400
f 1276/1443/1403 1273/184/163 342/138/123
f 351/102/92 353/1444/1404 1274/1441/1401
f 354/1445/1405 355/1446/1406 1276/1443/1403
f 355/1446/1406 352/181/160 1273/184/163
f 1277/93/84 1279/1448/1408 350/1447/1407
f 1279/1448/1408 1280/1450/1410 349/1449/1409
f 1280/1450/1410 1281/1452/1412 348/1451/1411
f 1281/1452/1412 1278/80/71 346/101/91
f 337/155/138 340/1429/1389 1279/1448/1408
f 340/1429/1389 339/1431/1391 1280/1450/1410
f 339/1431/1391 338/1433/1393 1281/1452/1412
f 338/1433/1393 336/78/70 1278/80/71
f 374/190/166 1282/1459/122 1284/1453/1413
f 377/1454/1414 1284/1453/1413 1285/1455/1415
f 376/1456/1416 1285/1455/1415 1286/1457/1417
f 375/1458/1418 1286/1457/1417 1283/172/153
f 1282/1459/122 356/2103/121 360/768/705
f 1284/1453/1413 360/768/705 369/770/709
f 1285/1455/1415 369/770/709 368/778/718
f 1286/1457/1417 368/778/718 358/173/154
f 1287/104/94 1289/1460/1419 353/1444/1404
f 1291/1462/1421 1288/156/139 352/181/160
f 374/190/166 377/1454/1414 1289/1460/1419
f 377/1454/1414 376/1456/1416 1290/1461/1420
f 376/1456/1416 375/1458/1418 1291/1462/1421
f 375/1458/1418 373/174/155 1288/156/139
f 1292/99/89 1294/1463/1422 364/775/713
f 1294/1463/1422 1295/1464/1423 365/781/721
f 1295/1464/1423 1296/1465/1424 370/779/719
f 1296/1465/1424 1293/171/152 358/173/154
f 347/188/165 350/1447/1407 1294/1463/1422
f 350/1447/1407 349/1449/1409 1295/1464/1423
f 349/1449/1409 348/1451/1411 1296/1465/1424
f 316/88/79 1297/109/97 1299/1466/1425
f 318/1414/1374 1299/1466/1425 1300/1467/1426
f 319/1415/1375 1300/1467/1426 1301/1468/1427
f 320/1416/1376 1301/1468/1427 1298/166/148
f 1297/109/97 383/110/98 385/1469/1428
f 1299/1466/1425 385/1469/1428 386/1470/1429
f 1300/1467/1426 386/1470/1429 387/1471/1430
f 1301/1468/1427 387/1471/1430 384/130/117
f 379/111/99 1302/82/73 1304/1472/1431
f 382/1473/1432 1304/1472/1431 1305/1474/1433
f 381/1475/1434 1305/1474/1433 1306/1476/1435
f 1302/82/73 307/81/72 310/1418/1378
f 1304/1472/1431 310/1418/1378 309/1420/1380
f 1306/1476/1435 308/1422/1382 306/106/96
f 1307/1478/110 1309/2104/1437 396/1479/725
f 1309/1480/1437 1310/1481/1438 397/795/734
f 1310/1481/1438 1311/1482/1439 404/791/730
f 1311/1482/1439 1308/150/134 394/792/731
f 388/118/106 390/1483/1440 1309/1480/1437
f 390/1483/1440 391/1484/1441 1310/1481/1438
f 391/1484/1441 392/1485/1442 1311/1482/1439
f 392/1485/1442 389/147/131 1308/150/134
f 383/110/98 1312/116/104 1314/1486/1443
f 385/1469/1428 1314/1486/1443 1315/1487/1444
f 386/1470/1429 1315/1487/1444 1316/1488/1445
f 387/1471/1430 1316/1488/1445 1313/149/133
f 1312/116/104 395/117/105 407/798/738
f 1314/1486/1443 407/798/738 403/793/732
f 1315/1487/1444 403/793/732 402/790/729
f 1316/1488/1445 402/790/729 394/792/731
f 388/118/106 1317/112/100 1319/1489/1446
f 390/1483/1440 1319/1489/1446 1320/1490/1447
f 392/1485/1442 1321/1491/1448 1318/148/132
f 1317/112/100 379/111/99 382/1473/1432
f 1319/1489/1446 382/1473/1432 381/1475/1434
f 1320/1490/1447 381/1475/1434 380/1477/1436
f 1321/1491/1448 380/1477/1436 378/114/102
f 395/117/105 1322/67/62 1324/1492/1449
f 398/783/724 1324/1496/1454 1323/176/156
f 1322/67/62 289/2085/689 298/1494/1450
f 1324/1496/1454 291/2090/684 288/177/157
f 1325/47/43 1327/1501/1459 264/1497/1455
f 1327/1500/1458 1326/134/119 250/729/661
f 357/105/95 359/774/712 1327/1501/1459
f 359/1502/706 356/136/121 1326/134/119
f 1338/1509/265 1340/1510/1469 577/975/917
f 1340/1510/1466 1341/1512/1467 578/981/924
f 1347/1516/226 1349/1517/1476 539/942/880
f 1347/1516/226 514/922/228 523/924/858
f 1349/1517/1473 523/924/858 517/917/852
f 1354/1522/1479 1352/231/207 515/300/276
f 1354/1522/1479 571/965/908 568/232/208
f 435/210/186 1355/163/145 1357/1524/1481
f 438/831/768 1357/1524/1481 1358/1525/1482
f 442/829/1483 1358/1525/1482 1359/1526/1484
f 410/165/147 415/801/743 1357/1524/1481
f 415/801/743 423/804/746 1358/1525/1482
f 423/804/746 422/812/752 1359/1526/1484
f 1362/1529/1487 1363/1530/1489 1818/842/1488
f 1363/1530/1489 1364/1531/1490 449/839/782
f 1364/1531/1490 1361/239/215 445/318/294
f 1362/1529/1487 422/814/752 419/809/750
f 1363/1530/1489 419/809/750 418/807/748
f 1364/1531/1490 418/807/748 411/237/213
f 467/860/803 1372/1539/1497 1373/1540/1498
f 468/871/805 1373/1540/1498 1374/1541/1499
f 425/220/196 429/817/1501 1372/1539/1497
f 429/817/1501 432/819/1502 1373/1540/1498
f 432/819/1502 433/1542/1503 1374/1541/1499
f 433/1542/1503 427/277/253 1371/279/255
f 479/273/249 1375/263/239 1377/1543/1504
f 482/876/1505 1377/1543/1504 1378/1544/1506
f 1819/1545/1507 1378/1544/1506 1379/1546/1508
f 485/1547/1509 1379/1546/1508 1376/338/314
f 466/265/241 477/873/813 1377/1543/1504
f 477/873/813 472/875/810 1378/1544/1506
f 472/875/810 473/867/1500 1379/1546/1508
f 1382/1549/1510 433/1552/1503 434/823/1514
f 1385/257/233 1387/1554/1516 461/1553/1515
f 1387/1554/1516 1388/1555/1518 462/853/1517
f 1388/1555/1518 1389/1556/1520 458/849/1519
f 1385/257/233 490/280/256 497/899/1521
f 1387/1554/1516 497/899/1521 493/900/830
f 1388/1555/1518 493/900/830 492/888/827
f 1390/328/304 1392/1557/1522 497/896/1521
f 1392/1557/1522 1393/1558/1523 498/904/836
f 1393/1558/1523 1394/1559/1524 502/902/839
f 1390/328/304 505/329/305 510/1560/1525
f 1393/1558/1523 1816/1561/1526 508/907/840
f 1394/1559/1524 508/907/840 504/199/175
f 588/996/311 1400/1570/310 1402/1567/1533
f 599/994/943 1402/1567/1533 1403/1568/1534
f 600/988/932 1403/1568/1534 1404/1569/1535
f 590/984/928 1404/1569/1535 1401/283/259
f 1400/1570/310 605/1006/312 614/1005/955
f 1402/1567/1533 614/1005/955 608/1001/951
f 1403/1568/1534 608/1001/951 607/999/949
f 607/999/949 604/321/297 1401/283/259
f 1405/309/285 1407/1571/1536 623/1014/963
f 1407/1571/1536 1408/1572/1537 624/1023/971
f 1408/1572/1537 1409/1573/1538 631/1019/968
f 1409/1573/1538 1406/1574/199 621/1020/201
f 606/308/284 618/1010/959 1407/1571/1536
f 618/1010/959 613/1007/956 1408/1572/1537
f 613/1007/956 612/1004/954 1409/1573/1538
f 612/1004/954 605/1006/312 1406/1574/199
f 1415/1579/301 1417/1580/1542 651/1041/989
f 1417/1580/1542 1418/1581/1543 652/1032/981
f 1418/1581/1543 1419/1582/1544 643/1029/978
f 1419/1582/1544 1416/227/203 638/226/202
f 657/1054/303 666/1053/1000 1417/1580/1542
f 666/1058/1000 660/1057/1004 1418/1581/1543
f 660/1057/1004 659/1047/994 1419/1582/1544
f 659/1047/994 656/341/317 1416/227/203
f 674/1077/316 1420/1586/315 1422/1583/1545
f 685/1075/1023 1422/1583/1545 1423/1584/1546
f 686/1069/1016 1423/1584/1546 1424/1585/1547
f 676/1065/1012 1424/1585/1547 1421/214/190
f 1420/1586/315 640/1043/299 653/1042/990
f 1422/1583/1545 653/1042/990 647/1037/986
f 1423/1584/1546 647/1037/986 646/1035/984
f 1424/1585/1547 646/1035/984 639/314/290
f 1430/333/309 1432/1591/1551 693/1082/1029
f 1432/1591/1551 1433/1592/1552 694/1092/1039
f 1433/1592/1552 1434/1593/1553 701/1088/1036
f 1434/1593/1553 1431/1594/182 691/1089/192
f 708/332/308 713/1097/1048 1432/1591/1551
f 713/1097/1048 722/1100/1051 1433/1592/1552
f 722/1100/1051 721/1109/1059 1434/1593/1553
f 721/1109/1059 710/1111/180 1431/1594/182
f 709/304/280 1435/203/179 1437/1595/1554
f 716/1103/1054 1437/1595/1554 1438/1596/1555
f 717/1105/1056 1438/1596/1555 1439/1597/1556
f 723/1110/1060 1439/1597/1556 1436/1598/306
f 1435/203/179 726/1113/1062 730/1115/1064
f 1437/1595/1554 730/1115/1064 739/1119/1068
f 1438/1596/1555 739/1119/1068 738/1125/1075
f 1439/1597/1556 738/1125/1075 728/1127/307
f 1445/164/146 1447/1603/1560 413/800/742
f 1447/1603/1560 1448/1604/1562 414/802/1561
f 1448/1604/1562 1449/1605/1563 420/808/749
f 1449/1605/1563 1446/1606/1564 411/237/213
f 604/321/297 609/1000/950 1447/1603/1560
f 609/1000/950 617/1003/953 1448/1604/1562
f 617/1003/953 616/1009/958 1449/1605/1563
f 616/1009/958 606/308/284 1446/1606/1564
f 622/312/288 1450/249/225 1452/1607/1565
f 634/1027/975 1452/1607/1567 1453/1608/1567
f 1453/1610/1569 1451/319/295 620/320/296
f 1450/249/225 446/843/786 451/845/788
f 1452/1607/1567 451/845/1570 448/847/1570
f 1453/1610/1569 448/838/781 445/318/294
f 1454/222/198 1456/1612/1575 428/816/1571
f 1456/1611/1572 1457/1613/1578 431/822/1573
f 431/822/762 1457/1613/1579 1455/267/243
f 656/341/317 661/1046/993 1456/1612/1575
f 669/1050/1577 668/1062/2088 1457/1613/1578
f 1457/1613/1579 668/1062/1008 658/1059/1005
f 672/213/189 1458/1616/1584 1460/1614/1580
f 1460/1614/1582 1461/1617/1587 682/1615/1583
f 682/1072/1019 1461/1618/1588 1459/272/248
f 1458/1616/1584 479/273/249 483/877/1585
f 487/880/821 481/271/247 1459/272/248
f 491/285/261 1462/284/260 1464/1619/1589
f 500/901/838 1464/1619/1589 1465/1620/1590
f 501/893/1591 1465/1620/1590 1466/1621/1592
f 494/889/828 1466/1621/1592 1463/294/270
f 1462/284/260 709/304/280 718/1104/1055
f 1464/1619/1589 718/1104/1055 712/1098/1049
f 1465/1620/1590 712/1098/1049 711/1096/1047
f 1466/1621/1592 711/1096/1047 708/332/308
f 1467/287/263 1469/1625/1595 704/1622/1043
f 1469/1623/1593 1470/1624/1597 695/1081/1031
f 1470/1624/1594 1468/344/320 690/345/321
f 455/854/798 460/856/800 1469/1625/1595
f 460/850/1596 457/848/1596 1470/1624/1597
f 457/848/1598 454/343/319 1468/344/320
f 586/982/926 1471/282/258 1473/1626/1599
f 1474/1629/1602 1472/236/212 587/311/287
f 1471/282/258 435/210/186 439/828/1603
f 443/832/1606 437/234/210 1472/236/212
f 1475/264/240 1477/1631/1607 475/872/812
f 1477/1631/1607 1478/1634/1611 476/865/1608
f 476/865/1608 1478/1634/1611 1479/1632/1609
f 469/861/804 1479/1632/1609 1476/1633/1610
f 639/314/290 648/1036/985 1477/1631/1607
f 648/1036/985 642/1030/979 1478/1634/1611
f 642/1030/979 641/1028/977 1479/1632/1609
f 641/1028/977 638/226/202 1476/1633/1610
f 1480/292/268 1482/1635/1615 512/910/843
f 1482/1635/1612 1483/1636/1617 507/912/1613
f 507/906/841 1483/1637/1618 1481/202/178
f 727/306/282 729/1122/1071 1482/1635/1615
f 1483/1637/1618 729/2097/1065 726/1113/1062
f 764/370/343 1484/369/342 1486/1638/1619
f 767/1639/1620 1486/1638/1619 1487/1640/1621
f 766/1642/1623 1487/1647/1628 1488/1643/1624
f 1488/1643/1624 1485/486/443 763/527/481
f 1484/369/342 748/360/333 750/1645/1626
f 1486/1638/1619 750/1645/1626 751/1646/1627
f 1487/1647/1628 751/1686/1666 752/1648/1629
f 752/1648/1629 749/380/352 1485/486/443
f 1489/406/376 1491/1650/1631 772/1649/1630
f 1491/1650/1631 1492/1652/1637 771/1651/1632
f 1492/1652/1633 1493/1658/1639 770/1653/1634
f 770/1653/1634 1493/1658/1639 1490/1654/426
f 753/539/490 755/1656/1636 1491/1650/1631
f 755/1656/1636 756/1657/1705 1492/1652/1637
f 756/1657/1638 757/1728/1707 1493/1658/1639
f 1493/1658/1639 757/1728/1707 754/1659/336
f 1494/476/435 1496/1661/1641 747/1660/1640
f 1496/1661/1641 1497/1666/1646 746/1662/1642
f 1497/1663/1643 1498/1667/1647 745/1664/1644
f 745/1664/1644 1498/1667/1647 1495/349/325
f 764/370/343 767/1639/1620 1496/1661/1641
f 767/1639/1620 766/1641/1622 1497/1666/1646
f 766/1642/1623 765/1644/1625 1498/1667/1647
f 1498/1667/1647 765/1644/1625 763/527/481
f 759/505/460 1499/371/344 1501/1668/1648
f 762/1669/1649 1501/1668/1648 1502/1670/1650
f 761/1671/1652 1502/1670/1655 1503/1672/1653
f 1503/1672/1653 1500/1675/341 758/1674/329
f 1499/371/344 769/353/328 772/1649/1630
f 1501/1668/1648 772/1649/1630 771/1651/1632
f 1502/1670/1655 771/1651/1635 770/1653/1634
f 770/1653/1634 768/1655/339 1500/1675/341
f 774/506/461 1504/500/456 1506/1676/1656
f 777/1677/1657 1506/1676/1656 1507/1678/1658
f 776/1679/1660 1507/1678/1663 1508/1680/1661
f 1508/1680/1661 1505/1683/331 773/1682/346
f 1504/500/456 759/505/460 762/1669/1649
f 1506/1676/1656 762/1669/1649 761/1671/1651
f 1507/1678/1663 761/1671/1652 760/1673/1654
f 760/1673/1654 758/1674/329 1505/1683/331
f 748/360/333 1509/359/332 1511/1684/1664
f 750/1645/1626 1511/1684/1664 1512/1685/1665
f 751/1686/1666 1512/1690/1670 1513/1687/1667
f 1513/1687/1667 1510/378/350 749/380/352
f 1509/359/332 778/389/360 780/1688/1668
f 1511/1684/1664 780/1688/1668 781/1689/1669
f 1512/1690/1670 781/1694/1674 782/1691/1671
f 782/1691/1671 779/377/349 1510/378/350
f 778/389/360 1514/398/368 1516/1692/1672
f 780/1688/1668 1516/1692/1672 1517/1693/1673
f 781/1694/1674 1517/1698/1678 1518/1695/1675
f 1518/1695/1675 1515/375/347 779/377/349
f 1514/398/368 788/397/367 790/1696/1676
f 1516/1692/1672 790/1696/1676 791/1697/1677
f 1517/1698/1678 791/1717/1696 792/1699/1679
f 792/1699/1679 789/387/359 1515/375/347
f 784/540/491 1519/532/484 1521/1700/1680
f 787/1701/1681 1521/1700/1680 1522/1702/1682
f 786/1703/1684 1522/1702/1687 1523/1704/1685
f 1523/1706/1685 1520/382/354 783/384/356
f 1519/532/484 774/506/461 777/1677/1657
f 1521/1700/1680 777/1677/1657 776/1679/1659
f 1522/1702/1687 776/1679/1660 775/1681/1662
f 775/1708/1662 773/374/346 1520/382/354
f 1524/517/471 1526/1710/1689 814/1709/1688
f 1526/1710/1689 1527/1712/1691 813/1711/1690
f 1527/1712/1691 1528/1714/1693 812/1713/1692
f 1528/1714/1693 1525/480/437 810/531/365
f 794/1139/1088 803/1138/1087 1526/1710/1689
f 803/1138/1087 797/1142/1091 1527/1712/1691
f 797/1142/1091 796/1133/1082 1528/1714/1693
f 796/1133/1082 793/1130/1079 1525/480/437
f 788/397/367 1529/499/455 1531/1715/1694
f 790/1696/1676 1531/1715/1698 1532/1716/1695
f 791/1717/1696 1532/1719/1699 1533/1718/1697
f 792/1699/1679 1533/1718/1697 1530/385/357
f 1529/499/455 811/515/469 814/1709/1688
f 1531/1715/1698 814/1709/1688 813/1711/1690
f 1532/1719/1699 813/2105/1690 812/1720/1692
f 812/1720/1692 810/394/365 1530/385/357
f 794/1139/1088 1534/516/470 1536/1721/1700
f 801/1137/1086 1536/1721/1700 1537/1722/1701
f 802/1140/1098 1537/1722/1703 1538/1723/1702
f 807/1724/1094 1538/1725/1702 1535/391/362
f 1534/516/470 784/540/491 787/1701/1681
f 1536/1721/1700 787/1701/1681 786/1703/1683
f 1537/1722/1703 786/1703/1684 785/1705/1686
f 1538/1725/1702 785/1707/1686 783/384/356
f 1539/414/383 1541/1726/1704 755/1656/1636
f 1541/1726/1704 1542/1727/1709 756/1657/1705
f 1542/1727/1706 1543/1732/1711 757/1728/1707
f 757/1728/1707 1543/1732/1711 1540/1729/463
f 820/475/434 822/1730/1708 1541/1726/1704
f 822/1730/1708 823/1731/1727 1542/1727/1709
f 823/1731/1710 824/1751/1729 1543/1732/1711
f 1543/1732/1711 824/1751/1729 821/1733/373
f 1544/346/322 1546/1735/1713 819/1734/1712
f 1546/1735/1713 1547/1737/1718 818/1736/1714
f 1547/1737/1715 1548/2106/1719 817/1738/1716
f 817/1739/1716 1548/1740/1719 1545/399/369
f 744/348/324 747/1660/1640 1546/1735/1713
f 747/1660/1640 746/1662/1642 1547/1737/1718
f 746/1665/1645 745/1664/1644 1548/1740/1719
f 1548/1740/1719 745/1664/1644 743/361/334
f 832/1162/1117 1549/490/446 1551/1742/1720
f 842/1160/1115 1551/1742/1720 1552/1743/1721
f 843/1153/1105 1552/1743/1721 1553/1744/1722
f 834/1149/1101 1553/1744/1722 1550/465/427
f 1549/490/446 825/492/448 827/1745/1723
f 1551/1742/1720 827/1745/1723 828/1746/1724
f 1552/1743/1721 828/1746/1724 829/1747/1725
f 1553/1744/1722 829/1747/1725 826/1748/379
f 1554/491/447 1556/1749/1726 822/1730/1708
f 1556/1749/1726 1557/1750/1731 823/1731/1727
f 1557/1750/1728 1558/1752/1730 824/1751/1729
f 1558/1752/1730 1555/1753/381 821/1733/373
f 832/1162/1117 844/1161/1116 1556/1749/1726
f 844/1161/1116 839/1164/1119 1557/1750/1731
f 839/1164/1732 838/1158/1110 1558/1752/1730
f 838/1158/1110 831/1155/1107 1555/1753/381
f 1559/493/449 1561/1754/1733 827/1745/1723
f 1561/1754/1733 1562/1755/1735 828/1746/1724
f 1562/1755/1734 1563/1757/1736 829/1747/1725
f 829/1756/1725 1563/1758/1736 1560/407/377
f 816/524/478 819/1734/1712 1561/1754/1733
f 819/1734/1712 818/1736/1714 1562/1755/1735
f 818/1736/1717 817/1738/1716 1563/1757/1736
f 817/1739/1716 815/401/371 1560/407/377
f 1564/489/445 1566/1760/1738 871/1759/1737
f 1567/1762/1740 1568/1764/1742 869/1763/1741
f 1568/1764/1742 1565/537/488 867/538/489
f 852/436/402 854/1765/1743 1566/1760/1738
f 854/1765/1743 855/1766/1744 1567/1762/1740
f 855/1766/1744 856/1767/1745 1568/1764/1742
f 856/1767/1745 853/536/487 1565/537/488
f 873/430/396 1569/429/395 1571/1768/1746
f 876/1769/1747 1571/1768/1746 1572/1770/1748
f 875/1771/1749 1572/1770/1748 1573/1772/1750
f 874/1773/1751 1573/1772/1750 1570/470/430
f 1569/429/395 857/433/399 859/1774/1752
f 1571/1768/1746 859/1774/1752 860/1775/1753
f 1572/1770/1748 860/1775/1753 861/1776/1754
f 1573/1772/1750 861/1776/1754 858/471/431
f 851/1778/1756 1576/1777/1755 1577/1779/1757
f 850/1780/1758 1577/1779/1757 1578/1781/1759
f 849/1782/1760 1578/1781/1759 1575/487/444
f 1576/1777/1755 871/1759/1737 870/1761/1739
f 1577/1779/1757 870/1761/1739 869/1763/1741
f 1578/1781/1759 869/1763/1741 867/538/489
f 1579/431/397 1581/1784/1762 866/1783/1761
f 1581/1784/1762 1582/1786/1764 865/1785/1763
f 1582/1786/1764 1583/1788/1766 864/1787/1765
f 1583/1788/1766 1580/508/462 862/528/482
f 873/430/396 876/1769/1747 1581/1784/1762
f 876/1769/1747 875/1771/1749 1582/1786/1764
f 875/1771/1749 874/1773/1751 1583/1788/1766
f 874/1773/1751 872/473/433 1580/508/462
f 1584/422/389 1586/1790/1768 881/1789/1767
f 1586/1790/1768 1587/1792/1770 880/1791/1769
f 1587/1792/1770 1588/1794/1772 879/1793/1771
f 1588/1794/1772 1585/439/405 877/423/390
f 863/472/432 866/1783/1761 1586/1790/1768
f 866/1783/1761 865/1785/1763 1587/1792/1770
f 865/1785/1763 864/1787/1765 1588/1794/1772
f 864/1787/1765 862/528/482 1585/439/405
f 1589/437/403 1591/1795/1773 854/1765/1743
f 882/442/407 884/1798/1776 1591/1795/1773
f 1594/443/408 1596/1801/1779 884/1798/1776
f 1596/1801/1779 1597/1802/1780 885/1799/1777
f 1597/1802/1780 1598/1803/1781 886/1800/1778
f 1598/1803/1781 1595/529/483 883/485/442
f 892/447/412 894/1804/1782 1596/1801/1779
f 894/1804/1782 895/1805/1783 1597/1802/1780
f 896/1806/1784 893/526/480 1595/529/483
f 1599/438/404 1601/1808/1786 891/1807/1785
f 1601/1808/1786 1602/1810/1788 890/1809/1787
f 1602/1810/1788 1603/1812/1790 889/1811/1789
f 878/502/457 881/1789/1767 1601/1808/1786
f 881/1789/1767 880/1791/1769 1602/1810/1788
f 880/1791/1769 879/1793/1771 1603/1812/1790
f 879/1793/1771 877/423/390 1600/425/391
f 915/535/486 1604/2087/441 1606/1813/1791
f 918/1814/1792 1606/1813/1791 1607/1815/1793
f 917/1816/1794 1607/1815/1793 1608/1817/1795
f 916/1818/1796 1608/1817/1795 1605/519/473
f 1604/484/441 897/483/440 901/1166/1122
f 1606/1813/1791 901/1169/1122 910/1171/1126
f 1607/1815/1793 910/1171/1126 909/1179/1134
f 1608/1817/1795 909/1179/1134 899/520/474
f 1609/449/414 1611/1820/1797 894/1804/1782
f 1613/1822/1799 1610/503/458 893/526/480
f 915/535/486 918/1814/1792 1611/1820/1797
f 918/1814/1792 917/1816/1794 1612/1821/1798
f 917/1816/1794 916/1818/1796 1613/1822/1799
f 1614/444/409 1616/1823/1800 905/1176/1130
f 1616/1823/1800 1617/1824/1801 906/1182/1137
f 1617/1824/1801 1618/1825/1802 911/1180/1135
f 888/533/485 891/1807/1785 1616/1823/1800
f 891/1807/1785 890/1809/1787 1617/1824/1801
f 890/1809/1787 889/1811/1789 1618/1825/1802
f 857/433/399 1619/454/417 1621/1826/1803
f 859/1774/1752 1621/1826/1803 1622/1827/1804
f 860/1775/1753 1622/1827/1804 1623/1828/1805
f 861/1776/1754 1623/1828/1805 1620/513/467
f 1619/454/417 924/455/418 926/1829/1806
f 1621/1826/1803 926/1829/1806 927/1830/1807
f 1622/1827/1804 927/1830/1807 928/1831/1808
f 920/456/419 1624/427/393 1626/1832/1809
f 922/1835/1812 1627/1834/1811 1628/1836/1813
f 921/1837/1814 1628/1836/1813 1625/460/422
f 1624/427/393 848/426/392 851/1778/1756
f 1626/1832/1809 851/1778/1756 850/1780/1758
f 1627/1834/1811 850/1780/1758 849/1782/1760
f 1628/1836/1813 849/1782/1760 847/451/416
f 1629/469/429 1631/2107/1815 937/1838/1141
f 1631/1839/1815 1632/1840/1816 938/1196/1151
f 1632/1840/1816 1633/1841/1817 944/1192/1147
f 1633/1841/1817 1630/497/453 935/1193/1148
f 929/463/425 931/1843/1818 1631/1839/1815
f 931/1843/1818 932/1844/1819 1632/1840/1816
f 932/1844/1819 933/1845/1820 1633/1841/1817
f 933/1845/1820 930/494/450 1630/497/453
f 924/455/418 1634/461/423 1636/1846/1821
f 926/1829/1806 1636/1846/1821 1637/1847/1822
f 927/1830/1807 1637/1847/1822 1638/1848/1823
f 1634/461/423 936/462/424 948/1199/1155
f 1636/1846/1821 948/1199/1155 943/1194/1149
f 1637/1847/1822 943/1194/1149 942/1191/1146
f 1638/1848/1823 942/1191/1146 935/1193/1148
f 929/463/425 1639/457/420 1641/1849/1824
f 931/1843/1818 1641/1849/1824 1642/1850/1825
f 932/1844/1819 1642/1850/1825 1643/1851/1826
f 933/1845/1820 1643/1851/1826 1640/495/451
f 1639/457/420 920/456/419 923/1833/1810
f 1642/1850/1825 922/1835/1812 921/1837/1814
f 936/462/424 1644/412/382 1646/1852/1827
f 947/1184/1828 1646/1855/1830 1645/522/476
f 1644/412/382 831/2086/1107 833/1854/1829
f 1646/1855/1830 833/2099/1102 830/523/477
f 1647/392/363 1649/1858/1833 806/1856/1831
f 1649/1857/1832 1648/481/438 793/1130/1079
f 898/450/415 900/1175/1129 1649/1858/1833
f 900/1859/1123 897/483/440 1648/481/438
f 972/562/510 1650/561/509 1652/1860/1834
f 975/1861/1835 1652/1860/1834 1653/1862/1836
f 974/1864/1838 1653/1869/1843 1654/1865/1839
f 1654/1865/1839 1651/676/614 971/716/650
f 1650/561/509 956/552/500 958/1867/1841
f 1652/1860/1834 958/1867/1841 959/1868/1842
f 1653/1869/1843 959/1907/1881 960/1870/1844
f 960/1870/1844 957/572/519 1651/676/614
f 1655/598/544 1657/1877/1846 980/1871/1845
f 1657/1872/1846 1658/1875/1852 979/1873/1847
f 1658/1875/1848 1659/1880/1854 978/1876/1849
f 978/1876/1849 1659/1880/1854 1656/656/597
f 961/727/659 963/1945/1851 1657/1877/1846
f 963/1878/1851 964/1879/1921 1658/1875/1852
f 964/1879/1853 965/1948/1923 1659/1880/1854
f 1659/1880/1854 965/1948/1923 962/555/503
f 1660/666/606 1662/1882/1856 955/1881/1855
f 1662/1882/1856 1663/1887/1861 954/1883/1857
f 1663/1884/1858 1664/1888/1862 953/1885/1859
f 953/1885/1859 1664/1888/1862 1661/541/492
f 972/562/510 975/1861/1835 1662/1882/1856
f 975/1861/1835 974/1863/1837 1663/1887/1861
f 974/1864/1838 973/1866/1840 1664/1888/1862
f 1664/1888/1862 973/1866/1840 971/716/650
f 967/695/632 1665/563/511 1667/1889/1863
f 970/1891/1864 1667/1896/1863 1668/1892/1865
f 969/1893/1867 1668/1892/1870 1669/1894/1868
f 1669/1894/1868 1666/560/508 966/547/496
f 1665/563/511 977/545/495 980/1871/1845
f 1667/1896/1863 980/1874/1845 979/1873/1847
f 1668/1892/1870 979/1873/1850 978/1876/1849
f 978/1876/1849 976/558/506 1666/560/508
f 982/696/633 1670/690/627 1672/1897/1871
f 985/1899/1872 1672/1904/1871 1673/1900/1873
f 984/1901/1875 1673/1900/1878 1674/1902/1876
f 1674/1902/1876 1671/549/498 981/566/513
f 1670/690/627 967/695/632 970/1890/1864
f 1672/1904/1871 970/1891/1864 969/1893/1866
f 1673/1900/1878 969/1893/1867 968/1895/1869
f 968/1895/1869 966/547/496 1671/549/498
f 956/552/500 1675/551/499 1677/1905/1879
f 958/1867/1841 1677/1905/1879 1678/1906/1880
f 959/1907/1881 1678/1911/1885 1679/1908/1882
f 1679/1908/1882 1676/570/517 957/572/519
f 1675/551/499 986/581/527 988/1909/1883
f 1677/1905/1879 988/1909/1883 989/1910/1884
f 1678/1911/1885 989/1915/1889 990/1912/1886
f 986/581/527 1680/590/536 1682/1913/1887
f 988/1909/1883 1682/1913/1887 1683/1914/1888
f 1684/1916/1890 1681/567/514 987/569/516
f 1680/590/536 996/589/535 998/1917/1891
f 1682/1913/1887 998/1917/1891 999/1918/1892
f 1683/1919/1893 999/1937/1912 1000/1920/1894
f 1000/1920/1894 997/579/526 1681/567/514
f 992/728/660 1685/721/653 1687/1921/1895
f 995/1923/1896 1687/1928/1895 1688/1924/1897
f 994/1925/1899 1688/1924/1902 1689/1926/1900
f 993/1927/1901 1689/1926/1900 1686/574/521
f 1685/721/653 982/696/633 985/1898/1872
f 1687/1928/1895 985/1899/1872 984/1901/1874
f 1688/1924/1902 984/1901/1875 983/1903/1877
f 983/1903/1877 981/566/513 1686/574/521
f 1690/704/640 1692/1930/1904 1022/1929/1903
f 1692/1930/1904 1693/1932/1906 1021/1931/1905
f 1693/1932/1906 1694/1934/1909 1020/1933/1907
f 1694/1934/1909 1691/670/608 1018/720/532
f 1002/1210/1168 1012/1209/1167 1692/1930/1904
f 1012/1209/1167 1005/1215/1171 1693/1932/1906
f 1005/1215/1171 1004/1204/1162 1694/1934/1909
f 1004/1204/1162 1001/1201/1159 1691/670/608
f 996/589/535 1695/689/626 1697/1935/1910
f 998/1917/1891 1697/1935/1914 1698/1936/1911
f 999/1937/1912 1698/1939/1915 1699/1938/1913
f 1000/1920/1894 1699/1938/1913 1696/577/524
f 1695/689/626 1019/702/638 1022/1929/1903
f 1697/1935/1914 1022/1929/1903 1021/1931/1905
f 1698/1939/1915 1021/2108/2089 1020/1940/1907
f 1020/1940/1907 1018/586/532 1696/577/524
f 1002/1210/1168 1700/703/639 1702/1941/1916
f 1010/1213/1166 1702/1944/1916 1703/1942/1917
f 1011/1211/1179 1703/1942/1919 1704/1943/1918
f 1015/1219/1175 1704/1943/1918 1701/583/529
f 1700/703/639 992/728/660 995/1922/1896
f 1702/1944/1916 995/1923/1896 994/1925/1898
f 1703/1942/1919 994/1925/1899 993/1927/1901
f 1704/1943/1918 993/1927/1901 991/576/523
f 1705/606/552 1707/1949/1920 963/1945/1851
f 1707/1946/1920 1708/1947/1925 964/1879/1921
f 1708/1947/1922 1709/1952/1927 965/1948/1923
f 965/1948/1923 1709/1952/1927 1706/699/635
f 1028/665/605 1030/1968/1924 1707/1949/1920
f 1030/1950/1924 1031/1951/1943 1708/1947/1925
f 1031/1951/1926 1032/1971/1945 1709/1952/1927
f 1709/1952/1927 1032/1971/1945 1029/595/541
f 1710/510/464 1712/1954/1929 1027/1953/1928
f 1712/1954/1929 1713/1959/1934 1026/1955/1930
f 1713/1956/1931 1714/1960/1935 1025/1957/1932
f 1025/1957/1932 1714/1960/1935 1711/591/537
f 952/512/466 955/1881/1855 1712/1954/1929
f 955/1881/1855 954/1883/1857 1713/1959/1934
f 954/1886/1860 953/1885/1859 1714/1960/1935
f 1714/1960/1935 953/1885/1859 951/553/501
f 1040/1240/1199 1715/680/617 1717/1961/1936
f 1051/1238/1197 1717/1961/1936 1718/1962/1937
f 1052/1228/1186 1718/1962/1937 1719/1963/1938
f 1042/1224/1182 1719/1963/1938 1716/709/598
f 1715/680/617 1033/682/619 1035/1964/1939
f 1717/1961/1936 1035/1964/1939 1036/1965/1940
f 1718/1962/1937 1036/1965/1940 1037/1966/1941
f 1719/1963/1938 1037/1966/1941 1034/1967/547
f 1720/681/618 1722/1973/1942 1030/1968/1924
f 1722/1969/1942 1723/1970/1947 1031/1951/1943
f 1723/1970/1944 1724/1972/1946 1032/1971/1945
f 1724/1972/1946 1721/603/549 1029/595/541
f 1040/1240/1199 1053/1239/1198 1722/1973/1942
f 1053/1244/1198 1047/1243/1201 1723/1970/1947
f 1047/1243/1948 1046/1233/1191 1724/1972/1946
f 1046/1233/1191 1039/1230/1188 1721/603/549
f 1725/683/620 1727/1974/1949 1035/1964/1939
f 1727/1974/1949 1728/1978/1951 1036/1965/1940
f 1728/1975/1950 1729/1979/1952 1037/1976/1941
f 1037/1976/1941 1729/1979/1952 1726/599/545
f 1024/712/647 1027/1953/1928 1727/1974/1949
f 1027/1953/1928 1026/1955/1930 1728/1978/1951
f 1026/1958/1933 1025/1957/1932 1729/1979/1952
f 1025/1957/1932 1023/593/539 1726/599/545
f 1730/679/616 1732/1981/1954 1080/1980/1953
f 1732/1981/1954 1733/1983/1956 1079/1982/1955
f 1733/1983/1956 1734/1985/1958 1078/1984/1957
f 1734/1985/1958 1731/725/657 1076/726/658
f 1061/628/572 1063/1986/1959 1732/1981/1954
f 1063/1986/1959 1064/1987/1960 1733/1983/1956
f 1064/1987/1960 1065/1988/1961 1734/1985/1958
f 1065/1988/1961 1062/724/656 1731/725/657
f 1082/622/566 1735/621/565 1737/1989/1962
f 1085/1990/1963 1737/1989/1962 1738/1991/1964
f 1084/1992/1965 1738/1991/1964 1739/1993/1966
f 1083/1994/1967 1739/1993/1966 1736/660/601
f 1735/621/565 1066/625/569 1068/1995/1968
f 1737/1989/1962 1068/1995/1968 1069/1996/1969
f 1738/1991/1964 1069/1996/1969 1070/1997/1970
f 1739/1993/1966 1070/1997/1970 1067/661/602
f 1057/618/562 1740/609/554 1742/1998/1971
f 1060/1999/1972 1742/1998/1971 1743/2000/1973
f 1058/2003/1976 1744/2002/1975 1741/677/615
f 1740/609/554 1077/608/553 1080/1980/1953
f 1742/1998/1971 1080/1980/1953 1079/1982/1955
f 1743/2000/1973 1079/1982/1955 1078/1984/1957
f 1744/2002/1975 1078/1984/1957 1076/726/658
f 1745/623/567 1747/2005/1978 1075/2004/1977
f 1747/2005/1978 1748/2007/1980 1074/2006/1979
f 1748/2007/1980 1749/2009/1982 1073/2008/1981
f 1749/2009/1982 1746/698/634 1071/717/651
f 1082/622/566 1085/1990/1963 1747/2005/1978
f 1085/1990/1963 1084/1992/1965 1748/2007/1980
f 1084/1992/1965 1083/1994/1967 1749/2009/1982
f 1083/1994/1967 1081/663/604 1746/698/634
f 1750/614/558 1752/2011/1984 1090/2010/1983
f 1752/2011/1984 1753/2013/1986 1089/2012/1985
f 1753/2013/1986 1754/2015/1988 1088/2014/1987
f 1754/2015/1988 1751/631/575 1086/615/559
f 1072/662/603 1075/2004/1977 1752/2011/1984
f 1075/2004/1977 1074/2006/1979 1753/2013/1986
f 1074/2006/1979 1073/2008/1981 1754/2015/1988
f 1073/2008/1981 1071/717/651 1751/631/575
f 1755/629/573 1757/2016/1989 1063/1986/1959
f 1757/2016/1989 1758/2017/1990 1064/1987/1960
f 1758/2017/1990 1759/2018/1991 1065/1988/1961
f 1759/2018/1991 1756/611/556 1062/724/656
f 1091/634/578 1093/2019/1992 1757/2016/1989
f 1094/2020/1993 1095/2021/1994 1759/2018/1991
f 1095/2021/1994 1092/675/613 1756/611/556
f 1760/635/579 1762/2022/1995 1093/2019/1992
f 1763/2023/1996 1764/2024/1997 1095/2021/1994
f 1764/2024/1997 1761/718/652 1092/675/613
f 1103/2025/1998 1104/2026/1999 1763/2023/1996
f 1104/2026/1999 1105/2027/2000 1764/2024/1997
f 1105/2027/2000 1102/715/649 1761/718/652
f 1765/630/574 1767/2029/2002 1100/2028/2001
f 1767/2029/2002 1768/2031/2004 1099/2030/2003
f 1768/2031/2004 1769/2033/2006 1098/2032/2005
f 1769/2033/2006 1766/617/561 1096/638/582
f 1087/692/629 1090/2010/1983 1767/2029/2002
f 1090/2010/1983 1089/2012/1985 1768/2031/2004
f 1089/2012/1985 1088/2014/1987 1769/2033/2006
f 1088/2014/1987 1086/615/559 1766/617/561
f 1124/2034/655 1770/2109/612 1772/2035/2007
f 1127/2036/2008 1772/2035/2007 1773/2037/2009
f 1126/2038/2010 1773/2037/2009 1774/2039/2011
f 1125/2040/2012 1774/2039/2011 1771/706/642
f 1770/674/612 1106/673/611 1110/1247/1204
f 1772/2035/2007 1110/1251/1204 1119/1253/1208
f 1773/2037/2009 1119/1253/1208 1118/1259/1216
f 1774/2039/2011 1118/1259/1216 1108/707/643
f 1775/641/585 1777/2042/2013 1103/2025/1998
f 1777/2042/2013 1778/2043/2014 1104/2026/1999
f 1778/2043/2014 1779/2044/2015 1105/2027/2000
f 1124/2034/655 1127/2036/2008 1777/2042/2013
f 1127/2036/2008 1126/2038/2010 1778/2043/2014
f 1126/2038/2010 1125/2040/2012 1779/2044/2015
f 1125/2040/2012 1123/708/644 1776/693/630
f 1780/636/580 1782/2045/2016 1114/1257/1212
f 1782/2045/2016 1783/2046/2017 1115/1262/1219
f 1783/2046/2017 1784/2047/2018 1120/1260/1217
f 1784/2047/2018 1781/705/641 1108/707/643
f 1097/722/654 1100/2028/2001 1782/2045/2016
f 1100/2028/2001 1099/2030/2003 1783/2046/2017
f 1099/2030/2003 1098/2032/2005 1784/2047/2018
f 1098/2032/2005 1096/638/582 1781/705/641
f 1066/625/569 1785/646/588 1787/2048/2019
f 1068/1995/1968 1787/2048/2019 1788/2049/2020
f 1069/1996/1969 1788/2049/2020 1789/2050/2021
f 1070/1997/1970 1789/2050/2021 1786/700/636
f 1785/646/588 1133/647/589 1135/2051/2022
f 1787/2048/2019 1135/2051/2022 1136/2052/2023
f 1788/2049/2020 1136/2052/2023 1137/2053/2024
f 1789/2050/2021 1137/2053/2024 1134/667/607
f 1132/2055/2026 1792/2054/2025 1793/2056/2027
f 1131/2057/2028 1793/2056/2027 1794/2058/2029
f 1130/2059/2030 1794/2058/2029 1791/652/593
f 1792/2054/2025 1060/1999/1972 1059/2001/1974
f 1793/2056/2027 1059/2001/1974 1058/2003/1976
f 1794/2058/2029 1058/2003/1976 1056/643/587
f 1795/659/600 1797/2060/2031 1146/1266/1223
f 1797/2060/2031 1798/2061/2032 1147/1275/1233
f 1798/2061/2032 1799/2062/2033 1153/1271/1229
f 1799/2062/2033 1796/687/624 1144/1272/1230
f 1140/2063/2034 1141/2064/2035 1798/2061/2032
f 1141/2064/2035 1142/2065/2036 1799/2062/2033
f 1142/2065/2036 1139/684/621 1796/687/624
f 1133/647/589 1800/653/594 1802/2066/2037
f 1135/2051/2022 1802/2066/2037 1803/2067/2038
f 1136/2052/2023 1803/2067/2038 1804/2068/2039
f 1137/2053/2024 1804/2068/2039 1801/686/623
f 1800/653/594 1145/654/595 1157/1278/1237
f 1802/2066/2037 1157/1278/1237 1152/1273/1231
f 1803/2067/2038 1152/1273/1231 1151/1270/1228
f 1804/2068/2039 1151/1270/1228 1144/1272/1230
f 1138/655/596 1805/649/591 1807/2069/2040
f 1140/2063/2034 1807/2069/2040 1808/2070/2041
f 1141/2064/2035 1808/2070/2041 1809/2071/2042
f 1142/2065/2036 1809/2071/2042 1806/685/622
f 1805/649/591 1129/648/590 1132/2055/2026
f 1807/2069/2040 1132/2055/2026 1131/2057/2028
f 1809/2071/2042 1130/2059/2030 1128/651/592
f 1145/654/595 1810/604/550 1812/2072/2043
f 1156/2074/1222 1812/2075/2047 1811/710/645
f 1810/604/550 1039/1230/1188 1048/1232/2044
f 1812/2075/2047 1041/2100/1183 1038/711/646
f 1813/584/530 1815/2078/2051 1006/2076/2048
f 1815/2077/2050 1814/671/609 1001/1201/1159
f 1107/642/586 1109/1256/1211 1815/2078/2051
f 1109/2079/1205 1106/673/611 1814/671/609
