# Rover separado para OpenGL
# Punto de giro original: 2.100000 4.208000 3.054000
mtllib RoverSeparado.mtl
o Rueda_Delantera_Izquierda
v -0.368846 -0.693868 -0.334000
v -0.368846 -0.792349 -0.235520
v -0.368846 -0.763505 -0.305156
v -0.368846 -0.437349 -0.235520
v -0.368846 -0.535830 -0.334000
v -0.368846 -0.466193 -0.305156
v -0.368846 -0.792349 -0.072481
v -0.368846 -0.693868 0.026000
v -0.368846 -0.763505 -0.002844
v -0.368846 -0.535830 0.026000
v -0.368846 -0.437349 -0.072481
v -0.368846 -0.466193 -0.002844
v -1.268846 -0.535830 -0.334000
v -1.268846 -0.437349 -0.235520
v -1.268846 -0.466193 -0.305156
v -1.268846 -0.792349 -0.235520
v -1.268846 -0.693868 -0.334000
v -1.268846 -0.763505 -0.305156
v -1.268846 -0.693868 0.026000
v -1.268846 -0.792349 -0.072481
v -1.268846 -0.763505 -0.002844
v -1.268846 -0.437349 -0.072481
v -1.268846 -0.535830 0.026000
v -1.268846 -0.466193 -0.002844
v 3.144676 -0.789692 -0.095806
v 3.168583 -0.728170 -0.067689
v 3.178485 -0.702686 0.000194
v 3.168583 -0.728170 0.068076
v 3.144676 -0.789692 0.096194
v 3.120769 -0.851214 0.068076
v 3.110867 -0.876697 0.000194
v 3.120769 -0.851214 -0.067689
v 3.217595 -0.841827 -0.115007
v 3.217596 -0.738146 -0.081265
v 3.173291 -0.715824 -0.081265
v 3.217596 -0.695201 0.000194
v 3.185174 -0.685244 0.000194
v 3.217596 -0.738146 0.081653
v 3.173291 -0.715824 0.081653
v 3.217595 -0.841827 0.115394
v 3.144603 -0.789651 0.115394
v 3.217596 -0.945507 0.081653
v 3.115915 -0.863478 0.081653
v 3.217596 -0.988452 0.000194
v 3.104032 -0.894057 0.000194
v 3.217596 -0.945507 -0.081265
v 3.115915 -0.863478 -0.081265
v 3.144603 -0.789651 -0.115007
v 3.441370 -1.127003 -0.339160
v 3.441370 -0.929565 -0.238297
v 3.529058 -1.127003 -0.327615
v 3.502952 -0.929565 -0.230189
v 3.610769 -1.127003 -0.293769
v 3.560338 -0.929565 -0.206419
v 3.680937 -1.127003 -0.239928
v 3.609616 -0.929565 -0.168607
v 3.734779 -1.127003 -0.169760
v 3.647429 -0.929565 -0.119328
v 3.768625 -1.127003 -0.088047
v 3.671199 -0.929565 -0.061942
v 3.780170 -1.127003 -0.000359
v 3.679307 -0.929565 -0.000359
v 3.768625 -1.127003 0.087328
v 3.671199 -0.929565 0.061223
v 3.734779 -1.127003 0.169040
v 3.647429 -0.929565 0.118609
v 3.680937 -1.127003 0.239208
v 3.609616 -0.929565 0.167887
v 3.610769 -1.127003 0.293050
v 3.560338 -0.929565 0.205700
v 3.529058 -1.127003 0.326896
v 3.502952 -0.929565 0.229470
v 3.441370 -1.127003 0.338440
v 3.441370 -0.929565 0.237578
v 3.353682 -1.127003 0.326896
v 3.379787 -0.929565 0.229470
v 3.271970 -1.127003 0.293050
v 3.322401 -0.929565 0.205700
v 3.201802 -1.127003 0.239208
v 3.273123 -0.929565 0.167887
v 3.147960 -1.127003 0.169040
v 3.215456 -0.929565 0.142403
v 3.114114 -1.127003 0.087328
v 3.215456 -0.929565 0.073540
v 3.102570 -1.127003 -0.000360
v 3.215456 -0.929565 -0.000360
v 3.114114 -1.127003 -0.088047
v 3.215456 -0.929565 -0.074259
v 3.147960 -1.127003 -0.169760
v 3.215456 -0.929565 -0.143122
v 3.201802 -1.127003 -0.239927
v 3.273123 -0.929565 -0.168607
v 3.271969 -1.127003 -0.293769
v 3.322401 -0.929565 -0.206419
v 3.353682 -1.127003 -0.327616
v 3.379787 -0.929565 -0.230189
v 3.441370 -1.217003 -0.237520
v 3.502751 -1.217003 -0.229439
v 3.559950 -1.217003 -0.205747
v 3.609067 -1.217003 -0.168057
v 3.646756 -1.217003 -0.118940
v 3.670449 -1.217003 -0.061741
v 3.678530 -1.217003 -0.000360
v 3.670449 -1.217003 0.061022
v 3.646756 -1.217003 0.118220
v 3.609067 -1.217003 0.167338
v 3.559950 -1.217003 0.205027
v 3.502751 -1.217003 0.228719
v 3.441370 -1.217003 0.236800
v 3.379988 -1.217003 0.228719
v 3.322790 -1.217003 0.205027
v 3.273672 -1.217003 0.167338
v 3.235983 -1.217003 0.118220
v 3.212291 -1.217003 0.061022
v 3.204210 -1.217003 -0.000360
v 3.212291 -1.217003 -0.061741
v 3.235983 -1.217003 -0.118940
v 3.273672 -1.217003 -0.168057
v 3.322790 -1.217003 -0.205747
v 3.379988 -1.217003 -0.229439
v 3.529058 -0.929565 -0.327615
v 3.441370 -0.929565 -0.339160
v 3.610769 -0.929565 -0.293769
v 3.680937 -0.929565 -0.239928
v 3.734779 -0.929565 -0.169760
v 3.768625 -0.929565 -0.088047
v 3.780170 -0.929565 -0.000359
v 3.768625 -0.929565 0.087328
v 3.734779 -0.929565 0.169040
v 3.680937 -0.929565 0.239208
v 3.610769 -0.929565 0.293050
v 3.529058 -0.929565 0.326896
v 3.441370 -0.929565 0.338440
v 3.353682 -0.929565 0.326896
v 3.271970 -0.929565 0.293050
v 3.201802 -0.929565 0.239208
v 3.147960 -0.929565 0.169040
v 3.114114 -0.929565 0.087328
v 3.102570 -0.929565 -0.000360
v 3.114114 -0.929565 -0.088047
v 3.147960 -0.929565 -0.169760
v 3.201802 -0.929565 -0.239927
v 3.271969 -0.929565 -0.293769
v 3.353682 -0.929565 -0.327616
v 3.485709 -0.599565 -0.165837
v 3.441370 -0.599565 -0.171675
v 3.527027 -0.599565 -0.148723
v 3.562508 -0.599565 -0.121497
v 3.589733 -0.599565 -0.086017
v 3.606847 -0.599565 -0.044699
v 3.612684 -0.599565 -0.000360
v 3.606847 -0.599565 0.043980
v 3.589733 -0.599565 0.085298
v 3.562508 -0.599565 0.120778
v 3.527027 -0.599565 0.148003
v 3.485709 -0.599565 0.165118
v 3.441370 -0.599565 0.170955
v 3.397030 -0.599565 0.165118
v 3.355712 -0.599565 0.148003
v 3.320232 -0.599565 0.120778
v 3.218711 -0.599565 0.102429
v 3.218711 -0.599565 0.052848
v 3.218711 -0.599565 -0.000360
v 3.218711 -0.599565 -0.053567
v 3.218711 -0.599565 -0.103148
v 3.320232 -0.599565 -0.121497
v 3.355712 -0.599565 -0.148723
v 3.397030 -0.599565 -0.165837
v 3.441370 -0.729565 -0.339160
v 3.441370 -0.729565 0.338440
v 3.353682 -0.729565 0.326896
v 3.271970 -0.729565 0.293050
v 3.353682 -0.729565 -0.327616
v 3.271969 -0.729565 -0.293769
v 3.441370 -0.729565 -0.238297
v 3.441370 -0.729565 0.237578
v 3.379787 -0.729565 0.229470
v 3.322401 -0.729565 0.205700
v 3.379787 -0.729565 -0.230189
v 3.322401 -0.729565 -0.206419
v 0.326167 -0.029565 0.293050
v 0.326167 0.370435 0.293050
v 0.326167 -0.029565 -0.206419
v 0.326167 -0.029565 -0.293769
v 0.326167 0.370435 -0.206419
v 0.326167 0.370435 -0.293769
v 1.899982 -0.449565 -0.293769
v 1.899982 -0.249565 -0.293769
v 1.899982 -0.449565 -0.206419
v 1.899982 -0.249565 -0.206419
v 1.899982 -0.446565 0.205700
v 1.899982 -0.246565 0.205700
v 1.899982 -0.246565 0.293050
v 1.899982 -0.446565 0.293050
v 1.900141 -0.539565 0.205700
v 1.900141 -0.189565 0.293050
v 1.900141 -0.189565 0.205700
v 1.900141 -0.539565 0.293050
v 1.900141 -0.539565 -0.293769
v 1.900141 -0.539565 -0.206419
v 1.900141 -0.189565 -0.293769
v 1.900141 -0.189565 -0.206419
v 0.724813 0.101181 -0.095806
v 0.744161 0.164970 -0.067689
v 0.752175 0.191392 0.000194
v 0.744161 0.164970 0.068076
v 0.724813 0.101181 0.096194
v 0.705466 0.037393 0.068076
v 0.697452 0.010971 0.000194
v 0.705466 0.037393 -0.067689
v 0.274447 0.403667 -0.104345
v 0.244652 0.305433 -0.147646
v 0.804841 0.067139 -0.147646
v 0.286789 0.444358 0.000194
v 0.274447 0.403668 0.104732
v 0.244652 0.305433 0.148034
v 0.214857 0.207199 0.104732
v 0.202515 0.166509 0.000194
v 0.214857 0.207199 -0.104345
v 0.834636 0.165373 -0.104345
v 0.846978 0.206064 0.000194
v 0.834636 0.165374 0.104732
v 0.804841 0.067139 0.148034
v 0.775045 -0.031094 0.104732
v 0.762704 -0.071785 0.000194
v 0.775045 -0.031095 -0.104345
v 0.326167 0.370435 0.205700
v 0.326167 -0.029565 0.205700
v 0.562263 -0.106065 0.293050
v 0.562263 0.286435 0.205700
v 0.562263 0.286435 0.293050
v 0.562263 -0.106065 0.205700
v 0.562263 -0.106065 -0.293769
v 0.562263 -0.106065 -0.206419
v 0.562263 0.286435 -0.293769
v 0.562263 0.286435 -0.206419
v 0.328527 -0.032186 0.410414
v 0.328527 0.374374 0.410414
v 0.328527 0.374373 -0.411132
v 0.328527 -0.032187 -0.411132
v 0.559902 -0.109942 -0.411132
v 0.559902 0.288996 0.410414
v 0.559902 -0.109941 0.410414
v 0.559902 0.288996 -0.411132
v 0.328527 0.342072 -0.411132
v 0.326167 0.338211 -0.293769
v 0.326167 0.002211 -0.293769
v 0.328527 0.000562 -0.411132
v 0.326167 0.338211 0.293050
v 0.328527 0.342073 0.410414
v 0.328527 0.000562 0.410414
v 0.326167 0.002211 0.293050
v -0.173813 0.338211 -0.293769
v -0.273833 0.238157 -0.293769
v -0.244538 0.308906 -0.293769
v -0.273833 0.102221 -0.293769
v -0.173813 0.002211 -0.293769
v -0.244538 0.031504 -0.293769
v -0.271472 0.242018 -0.411132
v -0.171452 0.342072 -0.411132
v -0.242177 0.312767 -0.411132
v -0.171452 0.000562 -0.411132
v -0.271472 0.100571 -0.411132
v -0.242177 0.029854 -0.411132
v -0.273833 0.238157 0.293050
v -0.173813 0.338211 0.293050
v -0.244538 0.308906 0.293050
v -0.173813 0.002211 0.293050
v -0.273833 0.102222 0.293050
v -0.244538 0.031504 0.293050
v -0.171452 0.342073 0.410414
v -0.271472 0.242018 0.410414
v -0.242177 0.312768 0.410414
v -0.271472 0.100571 0.410414
v -0.171452 0.000562 0.410414
v -0.242177 0.029854 0.410414
v -0.173813 0.170211 -0.293769
v -0.171452 0.171317 -0.411132
v 3.320232 -0.599565 -0.000360
v 0.291370 0.325703 0.205700
v -0.289101 0.325703 0.205700
v 0.288679 0.325703 -0.206308
v -0.291792 0.325703 -0.206308
v -0.289101 0.075167 0.205700
v 0.191371 0.075167 0.205700
v -0.291792 0.075167 -0.206308
v 0.188679 0.075167 -0.206308
v -0.016137 0.075167 0.110619
v 0.053863 0.075167 0.040619
v -0.165735 0.075167 0.040619
v -0.095735 0.075167 0.110619
v 0.053863 0.075167 -0.029219
v -0.016137 0.075167 -0.099219
v -0.095735 0.075167 -0.099219
v -0.165735 0.075167 -0.029219
v -0.095735 -0.324833 0.110619
v -0.165735 -0.324833 0.040619
v 0.053863 -0.324833 0.040619
v -0.016137 -0.324833 0.110619
v -0.165735 -0.324833 -0.029219
v -0.095735 -0.324833 -0.099219
v -0.016137 -0.324833 -0.099219
v 0.053863 -0.324833 -0.029219
v 0.326167 -0.029565 0.293050
v 0.326167 0.370435 0.293050
v 0.326167 -0.029565 -0.206419
v 0.326167 -0.029565 -0.293769
v 0.326167 0.370435 -0.206419
v 0.326167 0.370435 -0.293769
v 0.326167 0.370435 0.205700
v 0.326167 -0.029565 0.205700
v -0.373833 0.030435 0.293050
v -0.313833 -0.029565 0.293050
v -0.356259 -0.011990 0.293050
v -0.313833 0.370435 0.293050
v -0.373833 0.310435 0.293050
v -0.356259 0.352863 0.293050
v -0.373833 0.030435 -0.206419
v -0.313833 -0.029565 -0.206419
v -0.356259 -0.011991 -0.206419
v -0.313833 -0.029565 -0.293769
v -0.373833 0.030435 -0.293769
v -0.356259 -0.011991 -0.293769
v -0.313833 0.370435 -0.206419
v -0.373833 0.310435 -0.206419
v -0.356259 0.352863 -0.206419
v -0.373833 0.310435 -0.293769
v -0.313833 0.370435 -0.293769
v -0.356259 0.352863 -0.293769
v -0.373833 0.310435 0.205700
v -0.313833 0.370435 0.205700
v -0.356259 0.352863 0.205700
v -0.313833 -0.029565 0.205700
v -0.373833 0.030435 0.205700
v -0.356259 -0.011990 0.205700
v -0.313833 0.170436 0.205700
v -0.313833 0.170436 0.293050
v -0.313833 0.170435 -0.206419
v -0.313833 0.170435 -0.293769
v 0.291370 0.325703 0.205700
v -0.289101 0.325703 0.205700
v 0.288679 0.325703 -0.206308
v -0.291792 0.325703 -0.206308
v -0.289101 0.075167 0.205700
v 0.191371 0.075167 0.205700
v -0.291792 0.075167 -0.206308
v 0.188679 0.075167 -0.206308
v -0.016137 0.075167 0.110619
v 0.053863 0.075167 0.040619
v -0.165735 0.075167 0.040619
v -0.095735 0.075167 0.110619
v 0.053863 0.075167 -0.029219
v -0.016137 0.075167 -0.099219
v -0.095735 0.075167 -0.099219
v -0.165735 0.075167 -0.029219
v -0.095735 -0.324833 0.110619
v -0.165735 -0.324833 0.040619
v 0.053863 -0.324833 0.040619
v -0.016137 -0.324833 0.110619
v -0.165735 -0.324833 -0.029219
v -0.095735 -0.324833 -0.099219
v -0.016137 -0.324833 -0.099219
v 0.053863 -0.324833 -0.029219
v 0.326167 -0.029565 0.293050
v 0.326167 0.370435 0.293050
v 0.326167 -0.029565 -0.206419
v 0.326167 -0.029565 -0.293769
v 0.326167 0.370435 -0.206419
v 0.326167 0.370435 -0.293769
v 0.326167 0.370435 0.205700
v 0.326167 -0.029565 0.205700
v -0.373833 0.030435 0.293050
v -0.313833 -0.029565 0.293050
v -0.356259 -0.011990 0.293050
v -0.313833 0.370435 0.293050
v -0.373833 0.310435 0.293050
v -0.356259 0.352863 0.293050
v -0.373833 0.030435 -0.206419
v -0.313833 -0.029565 -0.206419
v -0.356259 -0.011991 -0.206419
v -0.313833 -0.029565 -0.293769
v -0.373833 0.030435 -0.293769
v -0.356259 -0.011991 -0.293769
v -0.313833 0.370435 -0.206419
v -0.373833 0.310435 -0.206419
v -0.356259 0.352863 -0.206419
v -0.373833 0.310435 -0.293769
v -0.313833 0.370435 -0.293769
v -0.356259 0.352863 -0.293769
v -0.373833 0.310435 0.205700
v -0.313833 0.370435 0.205700
v -0.356259 0.352863 0.205700
v -0.313833 -0.029565 0.205700
v -0.373833 0.030435 0.205700
v -0.356259 -0.011990 0.205700
v -0.313833 0.170436 0.205700
v -0.313833 0.170436 0.293050
v -0.313833 0.170435 -0.206419
v -0.313833 0.170435 -0.293769
v 3.544948 -2.761391 -0.664998
v 3.679732 -2.761402 -0.664998
v 3.594818 -2.784858 -0.664998
v 3.644152 -2.784862 -0.664998
v 3.332089 -2.504964 -0.664997
v 3.371127 -2.633172 -0.664997
v 3.319797 -2.545602 -0.664997
v 3.334085 -2.592530 -0.664997
v 3.679732 -2.761402 -0.856998
v 3.544948 -2.761391 -0.856998
v 3.644152 -2.784862 -0.856998
v 3.594818 -2.784858 -0.856998
v 3.371127 -2.633172 -0.856997
v 3.332089 -2.504964 -0.856997
v 3.334085 -2.592530 -0.856997
v 3.319797 -2.545602 -0.856997
v 3.555330 -0.925168 -0.940436
v 3.458421 -0.865782 -0.940436
v 3.347905 -0.892315 -0.940436
v 3.288519 -0.989223 -0.940436
v 3.315052 -1.099740 -0.940436
v 3.411960 -1.159125 -0.940436
v 3.522477 -1.132593 -0.940436
v 3.581862 -1.035684 -0.940436
v 3.946830 -1.666109 -0.664998
v 3.946830 -1.666109 -0.856998
v 4.294473 -1.922546 -0.856998
v 4.294473 -1.922546 -0.664998
v 4.224811 -1.287132 -0.664998
v 4.224811 -1.287132 -0.856998
v 3.548295 -0.792594 -0.664998
v 3.346694 -0.793541 -0.664997
v 3.210662 -0.978995 -0.664997
v 3.270314 -1.171571 -0.664997
v 3.192676 -1.040212 -0.664997
v 3.214510 -1.110700 -0.664997
v 3.346694 -0.793541 -0.856997
v 3.548295 -0.792594 -0.856998
v 3.270314 -1.171571 -0.856997
v 3.210662 -0.978995 -0.856997
v 3.214509 -1.110700 -0.856997
v 3.192676 -1.040212 -0.856997
v 4.355177 -1.383296 -0.856998
v 4.454163 -1.704838 -0.856998
v 4.447966 -1.485038 -0.856998
v 4.484198 -1.602731 -0.856998
v 4.454163 -1.704838 -0.664998
v 4.355177 -1.383296 -0.664998
v 4.484198 -1.602731 -0.664998
v 4.447966 -1.485038 -0.664998
v 3.555330 -0.925168 -0.499637
v 3.458422 -0.865782 -0.499637
v 3.347905 -0.892315 -0.499637
v 3.288519 -0.989223 -0.499637
v 3.315052 -1.099740 -0.499637
v 3.411961 -1.159125 -0.499637
v 3.522477 -1.132592 -0.499637
v 3.581862 -1.035684 -0.499637
v 3.441371 -1.100488 0.435860
v 3.441371 -0.926073 0.435860
v 3.331762 -1.100488 0.421429
v 3.331762 -0.926073 0.421429
v 3.229621 -1.100488 0.379121
v 3.229621 -0.926073 0.379121
v 3.141912 -1.100488 0.311820
v 3.141912 -0.926073 0.311820
v 3.074610 -1.100488 0.224110
v 3.074610 -0.926073 0.224110
v 3.032302 -1.100488 0.121970
v 3.032302 -0.926073 0.121970
v 3.017871 -1.100488 0.012360
v 3.017871 -0.926073 0.012360
v 3.032302 -1.100488 -0.097250
v 3.032302 -0.926073 -0.097250
v 3.074609 -1.100488 -0.199390
v 3.074609 -0.926073 -0.199390
v 3.141912 -1.100488 -0.287100
v 3.141912 -0.926073 -0.287100
v 3.229621 -1.100488 -0.354402
v 3.229621 -0.926073 -0.354402
v 3.331761 -1.100488 -0.396710
v 3.331761 -0.926073 -0.396710
v 3.441371 -1.100488 -0.411140
v 3.441371 -0.926073 -0.411140
v 3.550981 -1.100488 -0.396710
v 3.550981 -0.926073 -0.396710
v 3.653121 -1.100488 -0.354402
v 3.653121 -0.926073 -0.354402
v 3.740830 -1.100488 -0.287100
v 3.740830 -0.926073 -0.287100
v 3.808133 -1.100488 -0.199391
v 3.808133 -0.926073 -0.199391
v 3.850441 -1.100488 -0.097250
v 3.850441 -0.926073 -0.097250
v 3.864872 -1.100488 0.012360
v 3.864872 -0.926073 0.012360
v 3.850441 -1.100488 0.121969
v 3.850441 -0.926073 0.121969
v 3.808133 -1.100488 0.224110
v 3.808133 -0.926073 0.224110
v 3.740831 -1.100488 0.311819
v 3.740831 -0.926073 0.311819
v 3.653121 -1.100488 0.379121
v 3.653121 -0.926073 0.379121
v 3.550981 -1.100488 0.421429
v 3.550981 -0.926073 0.421429
v 3.768627 -0.926073 0.100048
v 3.680939 -0.926073 0.251928
v 3.734781 -0.926073 0.181760
v 3.529059 -0.926073 0.339616
v 3.610771 -0.926073 0.305769
v 3.353683 -0.926073 0.339616
v 3.441371 -0.926073 0.351160
v 3.768627 -0.926073 -0.075328
v 3.680939 -0.926073 -0.227208
v 3.734780 -0.926073 -0.157040
v 3.529059 -0.926073 -0.314896
v 3.353683 -0.926073 -0.314896
v 3.441371 -0.926073 -0.326440
v 3.610771 -0.926073 -0.281049
v 3.201804 -0.926073 0.251928
v 3.201803 -0.926073 -0.227208
v 3.102571 -0.926073 0.012360
v 3.114115 -0.926073 0.100048
v 3.147962 -0.926073 -0.157040
v 3.114115 -0.926073 -0.075328
v 3.147962 -0.926073 0.181760
v 3.780171 -0.926073 0.012360
v 3.271971 -0.926073 -0.281049
v 3.271971 -0.926073 0.305770
v 3.441371 -1.100488 0.351160
v 3.271971 -1.100488 0.305770
v 3.353683 -1.100488 0.339616
v 3.114115 -1.100488 0.100048
v 3.147962 -1.100488 0.181760
v 3.102571 -1.100488 0.012360
v 3.201804 -1.100488 0.251928
v 3.610771 -1.100488 -0.281049
v 3.441371 -1.100488 -0.326440
v 3.529059 -1.100488 -0.314896
v 3.271971 -1.100488 -0.281049
v 3.353683 -1.100488 -0.314896
v 3.147962 -1.100488 -0.157040
v 3.201803 -1.100488 -0.227208
v 3.780171 -1.100488 0.012360
v 3.768627 -1.100488 -0.075328
v 3.768627 -1.100488 0.100048
v 3.610771 -1.100488 0.305769
v 3.680939 -1.100488 0.251928
v 3.734780 -1.100488 -0.157040
v 3.734781 -1.100488 0.181760
v 3.680939 -1.100488 -0.227208
v 3.114115 -1.100488 -0.075328
v 3.529059 -1.100488 0.339616
v 3.331761 -1.100488 -0.501520
v 3.331761 -0.926073 -0.501520
v 3.441371 -1.100488 -0.501520
v 3.441371 -0.926073 -0.501520
v 3.550981 -1.100488 -0.501520
v 3.550981 -0.926073 -0.501520
v 3.709333 -2.675551 -0.856998
v 3.782538 -2.602346 -0.856998
v 3.809333 -2.502346 -0.856998
v 3.782538 -2.402346 -0.856998
v 3.409334 -2.502346 -0.856997
v 3.436129 -2.402346 -0.856997
v 3.509334 -2.329141 -0.856998
v 3.436129 -2.602346 -0.856997
v 3.509334 -2.675551 -0.856998
v 3.709333 -2.329140 -0.856998
v 3.653497 -2.690512 -0.856998
v 3.609334 -2.302345 -0.856998
v 3.609334 -2.702346 -0.856998
v 3.782538 -2.602346 -0.664998
v 3.436129 -2.402346 -0.664998
v 3.609334 -2.302345 -0.664998
v 3.509334 -2.329141 -0.664998
v 3.609334 -2.702346 -0.664998
v 3.709333 -2.675551 -0.664998
v 3.625169 -2.698102 -0.664998
v 3.809333 -2.502346 -0.664998
v 3.409334 -2.502346 -0.664998
v 3.709333 -2.329140 -0.664998
v 3.436129 -2.602346 -0.664998
v 3.509334 -2.675551 -0.664998
v 3.525169 -2.679794 -0.664998
v 3.782538 -2.402346 -0.664998
v 3.409304 -0.982082 -0.664998
v 3.409304 -0.982082 -0.856998
v 4.510666 -2.502349 0.535999
v 4.493382 -2.677836 0.535999
v 4.442194 -2.846579 0.535999
v 4.359070 -3.002093 0.535999
v 4.247204 -3.138403 0.535999
v 4.110894 -3.250269 0.535999
v 3.955380 -3.333393 0.535999
v 3.786636 -3.384581 0.535999
v 3.611150 -3.401865 0.536000
v 3.435663 -3.384581 0.536000
v 3.266920 -3.333394 0.536000
v 3.111405 -3.250269 0.536000
v 2.975096 -3.138403 0.536000
v 2.863229 -3.002093 0.536001
v 2.780106 -2.846579 0.536001
v 2.728918 -2.677836 0.536001
v 2.711634 -2.502349 0.536001
v 2.728918 -2.326862 0.536001
v 2.780105 -2.158119 0.536001
v 2.863230 -2.002605 0.536000
v 2.975096 -1.866295 0.536000
v 3.111405 -1.754429 0.536000
v 3.266920 -1.671305 0.536000
v 3.435663 -1.620117 0.536000
v 3.611150 -1.602833 0.536000
v 3.786636 -1.620117 0.535999
v 3.955380 -1.671305 0.535999
v 4.110894 -1.754429 0.535999
v 4.247204 -1.866295 0.535999
v 4.359070 -2.002605 0.535999
v 4.442194 -2.158119 0.535999
v 4.493382 -2.326862 0.535999
v 4.510665 -2.502349 -0.504001
v 4.493380 -2.677836 -0.504001
v 4.442193 -2.846579 -0.504001
v 4.359069 -3.002093 -0.504001
v 4.247202 -3.138403 -0.504001
v 4.110893 -3.250269 -0.504001
v 3.955379 -3.333393 -0.504001
v 3.786635 -3.384581 -0.504000
v 3.611148 -3.401865 -0.504000
v 3.435662 -3.384581 -0.504000
v 3.266919 -3.333393 -0.504000
v 3.111404 -3.250269 -0.504000
v 2.975095 -3.138403 -0.504000
v 2.863228 -3.002093 -0.503999
v 2.780104 -2.846579 -0.503999
v 2.728917 -2.677836 -0.503999
v 2.711633 -2.502349 -0.503999
v 2.728917 -2.326862 -0.503999
v 2.780104 -2.158119 -0.503999
v 2.863228 -2.002605 -0.503999
v 2.975095 -1.866295 -0.503999
v 3.111404 -1.754429 -0.504000
v 3.266919 -1.671305 -0.504000
v 3.435661 -1.620117 -0.504000
v 3.611148 -1.602833 -0.504000
v 3.786635 -1.620117 -0.504000
v 3.955379 -1.671305 -0.504001
v 4.110892 -1.754429 -0.504001
v 4.247202 -1.866295 -0.504001
v 4.359069 -2.002605 -0.504001
v 4.442193 -2.158119 -0.504001
v 4.493380 -2.326862 -0.504001
v 4.615394 -2.703492 -0.504001
v 4.634988 -2.504557 -0.504001
v 4.557367 -2.894783 -0.504001
v 4.463137 -3.071077 -0.504001
v 4.336322 -3.225600 -0.504001
v 4.181799 -3.352414 -0.504001
v 4.005505 -3.446646 -0.504001
v 3.814214 -3.504673 -0.504001
v 3.615279 -3.524266 -0.504000
v 3.416343 -3.504673 -0.504000
v 3.225053 -3.446646 -0.504000
v 3.048759 -3.352414 -0.504000
v 2.894235 -3.225600 -0.503999
v 2.767421 -3.071077 -0.503999
v 2.673190 -2.894783 -0.503999
v 2.615163 -2.703492 -0.503999
v 2.595569 -2.504557 -0.503999
v 2.615163 -2.305621 -0.503999
v 2.673190 -2.114331 -0.503999
v 2.767422 -1.938037 -0.503999
v 2.894235 -1.783513 -0.503999
v 3.048759 -1.656699 -0.504000
v 3.225053 -1.562468 -0.504000
v 3.416343 -1.504440 -0.504000
v 3.615279 -1.484847 -0.504000
v 3.814214 -1.504440 -0.504001
v 4.005505 -1.562468 -0.504001
v 4.181799 -1.656699 -0.504001
v 4.336322 -1.783513 -0.504001
v 4.463137 -1.938037 -0.504001
v 4.557367 -2.114331 -0.504001
v 4.615394 -2.305621 -0.504001
v 4.639701 -2.502349 0.535998
v 4.619938 -2.703010 0.535999
v 4.561408 -2.895959 0.535999
v 4.466359 -3.073782 0.535999
v 4.338446 -3.229645 0.535999
v 4.182583 -3.357558 0.535999
v 4.004760 -3.452607 0.535999
v 3.811811 -3.511137 0.535999
v 3.611150 -3.530901 0.536000
v 3.410489 -3.511137 0.536000
v 3.217540 -3.452607 0.536000
v 3.039717 -3.357559 0.536000
v 2.883854 -3.229645 0.536000
v 2.755940 -3.073782 0.536001
v 2.660892 -2.895959 0.536001
v 2.602362 -2.703010 0.536001
v 2.582598 -2.502349 0.536001
v 2.602362 -2.301689 0.536001
v 2.660892 -2.108740 0.536001
v 2.755940 -1.930916 0.536001
v 2.883854 -1.775053 0.536001
v 3.039717 -1.647140 0.536000
v 3.217540 -1.552092 0.536000
v 3.410489 -1.493561 0.536000
v 3.611150 -1.473797 0.536000
v 3.811811 -1.493561 0.535999
v 4.004760 -1.552092 0.535999
v 4.182582 -1.647140 0.535999
v 4.338446 -1.775053 0.535999
v 4.466359 -1.930916 0.535999
v 4.561408 -2.108740 0.535999
v 4.619938 -2.301689 0.535998
v 3.611149 -2.405877 0.475998
v 3.562913 -2.418802 0.475998
v 3.527602 -2.454113 0.475998
v 3.514677 -2.502349 0.475998
v 3.527602 -2.550585 0.475998
v 3.562913 -2.585897 0.475998
v 3.611149 -2.598822 0.475998
v 3.659386 -2.585897 0.475998
v 3.694697 -2.550585 0.475998
v 3.707622 -2.502349 0.475998
v 3.694697 -2.454113 0.475998
v 3.659386 -2.418802 0.475998
v 3.611149 -2.302349 0.352664
v 3.611149 -2.302349 0.199331
v 3.511149 -2.329144 0.199331
v 3.511149 -2.329144 0.352664
v 3.437944 -2.402349 0.199331
v 3.437944 -2.402349 0.352665
v 3.411149 -2.502349 0.199331
v 3.411149 -2.502349 0.352665
v 3.437944 -2.602349 0.199331
v 3.437944 -2.602349 0.352665
v 3.511149 -2.675554 0.199331
v 3.511149 -2.675554 0.352665
v 3.611149 -2.702349 0.199331
v 3.611149 -2.702349 0.352664
v 3.711149 -2.675554 0.199331
v 3.711149 -2.675554 0.352664
v 3.784354 -2.602349 0.199331
v 3.784354 -2.602349 0.352664
v 3.811149 -2.502349 0.199331
v 3.811149 -2.502349 0.352664
v 3.784354 -2.402349 0.199331
v 3.784354 -2.402349 0.352664
v 3.711149 -2.329144 0.199331
v 3.711149 -2.329144 0.352664
v 3.429976 -1.626201 -0.147336
v 3.429975 -1.626201 -0.400669
v 3.329975 -1.652996 -0.400669
v 3.329976 -1.652996 -0.147335
v 2.761796 -2.221176 -0.400668
v 2.761796 -2.221176 -0.147335
v 2.735001 -2.321176 -0.400668
v 2.735001 -2.321176 -0.147335
v 2.942969 -3.097324 -0.400668
v 2.942969 -3.097324 -0.147335
v 3.016174 -3.170529 -0.400668
v 3.016174 -3.170529 -0.147335
v 3.792322 -3.378497 -0.400669
v 3.792322 -3.378497 -0.147336
v 3.892322 -3.351702 -0.400669
v 3.892323 -3.351702 -0.147336
v 4.460502 -2.783523 -0.400670
v 4.460502 -2.783523 -0.147337
v 4.487296 -2.683523 -0.400670
v 4.487297 -2.683523 -0.147337
v 4.279328 -1.907375 -0.400670
v 4.279328 -1.907375 -0.147336
v 4.206123 -1.834170 -0.400669
v 4.206123 -1.834170 -0.147336
v 3.611149 -2.302349 0.475998
v 3.511149 -2.329144 0.475998
v 3.437944 -2.402349 0.475998
v 3.411150 -2.502349 0.475998
v 3.437944 -2.602349 0.475998
v 3.511149 -2.675554 0.475998
v 3.611149 -2.702349 0.475998
v 3.711149 -2.675554 0.475998
v 3.784354 -2.602349 0.475998
v 3.811149 -2.502349 0.475998
v 3.784354 -2.402349 0.475998
v 3.711149 -2.329144 0.475998
v 3.611149 -2.405877 0.375998
v 3.562913 -2.418802 0.375998
v 3.527602 -2.454113 0.375998
v 3.514677 -2.502349 0.375998
v 3.527602 -2.550585 0.375998
v 3.562913 -2.585897 0.375998
v 3.611149 -2.598822 0.375998
v 3.659385 -2.585897 0.375998
v 3.694697 -2.550585 0.375998
v 3.707622 -2.502349 0.375998
v 3.694697 -2.454113 0.375998
v 3.659385 -2.418802 0.375998
v 3.833433 -1.400550 -0.174667
v 3.832551 -1.396561 0.206666
v 4.044460 -1.464565 -0.174667
v 4.044187 -1.460760 0.206666
v 4.549310 -1.878884 -0.174668
v 4.550492 -1.876274 0.206665
v 4.653264 -2.073368 -0.174668
v 4.654745 -2.071318 0.206665
v 4.409411 -1.708417 -0.174668
v 4.410190 -1.705315 0.206666
v 4.238945 -1.568519 -0.174668
v 4.239232 -1.565013 0.206666
v 3.613971 -1.378935 -0.174667
v 3.612457 -1.374884 0.206666
v 3.183482 -1.464565 -0.174667
v 3.180727 -1.460760 0.206667
v 3.394510 -1.400550 -0.174667
v 3.392363 -1.396561 0.206667
v 2.818531 -1.708417 -0.174666
v 2.814724 -1.705315 0.206667
v 2.988997 -1.568519 -0.174666
v 2.985683 -1.565014 0.206667
v 2.574678 -2.073368 -0.174666
v 2.570169 -2.071318 0.206668
v 2.678633 -1.878884 -0.174666
v 2.674423 -1.876274 0.206667
v 2.489048 -2.503858 -0.174666
v 2.484293 -2.503048 0.206668
v 2.510664 -2.284396 -0.174666
v 2.505970 -2.282954 0.206668
v 2.574678 -2.934347 -0.174666
v 2.570169 -2.934778 0.206668
v 2.510664 -2.723319 -0.174666
v 2.505970 -2.723142 0.206668
v 2.818531 -3.299298 -0.174666
v 2.814724 -3.300781 0.206667
v 2.678632 -3.128831 -0.174666
v 2.674423 -3.129823 0.206668
v 3.183482 -3.543151 -0.174667
v 3.180727 -3.545337 0.206667
v 2.988998 -3.439197 -0.174666
v 2.985683 -3.441083 0.206667
v 3.613971 -3.628780 -0.174667
v 3.612457 -3.631213 0.206666
v 3.394510 -3.607165 -0.174667
v 3.392363 -3.609536 0.206667
v 4.044460 -3.543151 -0.174667
v 4.044187 -3.545336 0.206666
v 3.833433 -3.607165 -0.174667
v 3.832551 -3.609536 0.206666
v 4.409411 -3.299298 -0.174668
v 4.410190 -3.300781 0.206665
v 4.238945 -3.439197 -0.174668
v 4.239232 -3.441083 0.206666
v 4.653264 -2.934347 -0.174668
v 4.654745 -2.934778 0.206665
v 4.549310 -3.128831 -0.174668
v 4.550492 -3.129823 0.206665
v 4.717277 -2.284396 -0.174668
v 4.718944 -2.282954 0.206665
v 4.738893 -2.503858 -0.174668
v 4.740621 -2.503048 0.206665
v 4.717277 -2.723319 -0.174668
v 4.718944 -2.723142 0.206665
v 3.611148 -2.302349 -0.238447
v 3.611148 -2.302349 -0.336224
v 3.511148 -2.329144 -0.336224
v 3.511148 -2.329144 -0.238447
v 3.437943 -2.402349 -0.336224
v 3.437943 -2.402349 -0.238446
v 3.411149 -2.502349 -0.336224
v 3.411149 -2.502349 -0.238446
v 3.437943 -2.602349 -0.336224
v 3.437943 -2.602349 -0.238446
v 3.511148 -2.675554 -0.336224
v 3.511148 -2.675554 -0.238446
v 3.611148 -2.702349 -0.336224
v 3.611149 -2.702349 -0.238447
v 3.711148 -2.675554 -0.336224
v 3.711149 -2.675554 -0.238447
v 3.784354 -2.602349 -0.336225
v 3.784354 -2.602349 -0.238447
v 3.811149 -2.502349 -0.336225
v 3.811149 -2.502349 -0.238447
v 3.784354 -2.402349 -0.336225
v 3.784354 -2.402349 -0.238447
v 3.711148 -2.329144 -0.336225
v 3.711149 -2.329144 -0.238447
v 3.016173 -1.834170 -0.336224
v 3.016173 -1.834170 -0.238446
v 2.942968 -1.907375 -0.336224
v 2.942968 -1.907375 -0.238446
v 3.329975 -3.351702 -0.336224
v 3.329975 -3.351702 -0.238446
v 3.429975 -3.378497 -0.336224
v 3.429975 -3.378497 -0.238446
v 4.487296 -2.321176 -0.336225
v 4.487296 -2.321176 -0.238448
v 4.460502 -2.221176 -0.336225
v 4.460502 -2.221176 -0.238448
v 4.599853 -2.096821 -0.498801
v 4.660493 -2.296719 -0.498801
v 4.368861 -1.751116 -0.498801
v 4.501382 -1.912593 -0.498801
v 4.023158 -1.520124 -0.498800
v 4.207385 -1.618596 -0.498800
v 3.615372 -1.439010 -0.498800
v 3.823259 -1.459485 -0.498800
v 3.207585 -1.520124 -0.498799
v 3.407484 -1.459485 -0.498800
v 2.861881 -1.751116 -0.498799
v 3.023358 -1.618596 -0.498799
v 2.630889 -2.096821 -0.498799
v 2.729361 -1.912593 -0.498799
v 2.549776 -2.504606 -0.498799
v 2.570251 -2.296719 -0.498799
v 2.630889 -2.912393 -0.498799
v 2.570251 -2.712494 -0.498799
v 2.861881 -3.258097 -0.498799
v 2.729361 -3.096620 -0.498799
v 3.207586 -3.489089 -0.498799
v 3.023358 -3.390617 -0.498799
v 3.615372 -3.570202 -0.498800
v 3.407484 -3.549727 -0.498800
v 4.023157 -3.489089 -0.498800
v 3.823259 -3.549727 -0.498800
v 4.368861 -3.258097 -0.498801
v 4.207385 -3.390617 -0.498801
v 4.599853 -2.912392 -0.498801
v 4.501382 -3.096620 -0.498801
v 4.680967 -2.504606 -0.498801
v 4.660493 -2.712494 -0.498801
v 4.665240 -2.711990 0.530799
v 4.685893 -2.502299 0.530799
v 4.504750 -3.099446 0.530799
v 4.604075 -2.913621 0.530799
v 4.208203 -3.395993 0.530799
v 4.371080 -3.262323 0.530799
v 3.820747 -3.556483 0.530800
v 4.022379 -3.495319 0.530800
v 3.401367 -3.556483 0.530800
v 3.611057 -3.577135 0.530800
v 3.013910 -3.395993 0.530801
v 3.199735 -3.495319 0.530800
v 2.717363 -3.099446 0.530801
v 2.851033 -3.262324 0.530801
v 2.556873 -2.711990 0.530801
v 2.618038 -2.913622 0.530801
v 2.556873 -2.292609 0.530801
v 2.536221 -2.502299 0.530801
v 2.717363 -1.905152 0.530801
v 2.618038 -2.090978 0.530801
v 3.013909 -1.608606 0.530801
v 2.851033 -1.742276 0.530801
v 3.401367 -1.448116 0.530800
v 3.199735 -1.509281 0.530800
v 3.820747 -1.448116 0.530800
v 3.611057 -1.427463 0.530800
v 4.208203 -1.608606 0.530799
v 4.022379 -1.509281 0.530800
v 4.504750 -1.905152 0.530799
v 4.371080 -1.742275 0.530799
v 4.665240 -2.292609 0.530799
v 4.604075 -2.090978 0.530799
v 3.854485 -1.285872 0.204760
v 4.087284 -1.356491 0.204760
v 4.644219 -1.813556 0.204759
v 4.758898 -2.028105 0.204759
v 4.489887 -1.625502 0.204759
v 4.301833 -1.471170 0.204759
v 3.612381 -1.262027 0.204760
v 3.137478 -1.356491 0.204761
v 3.370278 -1.285872 0.204760
v 2.734875 -1.625502 0.204761
v 2.922929 -1.471170 0.204761
v 2.465864 -2.028105 0.204761
v 2.580544 -1.813556 0.204761
v 2.371400 -2.503008 0.204761
v 2.395246 -2.260904 0.204761
v 2.465865 -2.977911 0.204761
v 2.395246 -2.745111 0.204761
v 2.734876 -3.380514 0.204761
v 2.580544 -3.192460 0.204761
v 3.137479 -3.649524 0.204760
v 2.922929 -3.534846 0.204761
v 3.612381 -3.743989 0.204760
v 3.370278 -3.720144 0.204760
v 4.087284 -3.649524 0.204759
v 3.854485 -3.720144 0.204760
v 4.489887 -3.380514 0.204759
v 4.301833 -3.534846 0.204759
v 4.758898 -2.977911 0.204759
v 4.644219 -3.192460 0.204759
v 4.829517 -2.260904 0.204759
v 4.853362 -2.503008 0.204759
v 4.829517 -2.745111 0.204759
v 3.855454 -1.290260 -0.172760
v 4.087585 -1.360676 -0.172760
v 4.642919 -1.816427 -0.172761
v 4.757269 -2.030360 -0.172761
v 4.489031 -1.628914 -0.172761
v 4.301518 -1.475025 -0.172761
v 3.614047 -1.266484 -0.172760
v 3.140509 -1.360676 -0.172759
v 3.372639 -1.290260 -0.172760
v 2.739062 -1.628914 -0.172759
v 2.926576 -1.475026 -0.172759
v 2.470825 -2.030360 -0.172759
v 2.585175 -1.816427 -0.172759
v 2.376632 -2.503898 -0.172759
v 2.400409 -2.262490 -0.172759
v 2.470825 -2.977436 -0.172759
v 2.400409 -2.745306 -0.172759
v 2.739063 -3.378882 -0.172759
v 2.585174 -3.191369 -0.172759
v 3.140509 -3.647120 -0.172759
v 2.926576 -3.532771 -0.172759
v 3.614047 -3.741313 -0.172760
v 3.372639 -3.717536 -0.172760
v 4.087585 -3.647120 -0.172760
v 3.855454 -3.717536 -0.172760
v 4.489031 -3.378882 -0.172761
v 4.301518 -3.532771 -0.172761
v 4.757269 -2.977436 -0.172761
v 4.642919 -3.191369 -0.172761
v 4.827684 -2.262491 -0.172761
v 4.851461 -2.503898 -0.172761
v 4.827684 -2.745306 -0.172761
v 3.480626 -1.815230 0.172016
v 3.507856 -1.916854 0.310584
v 3.533269 -2.011696 0.394745
v 3.571930 -2.155982 0.417606
v 3.407856 -1.943649 0.310584
v 3.380626 -1.842025 0.172016
v 3.471930 -2.182777 0.417606
v 3.433269 -2.038491 0.394745
v 3.264782 -2.463130 0.417606
v 3.120496 -2.424469 0.394745
v 3.025654 -2.399056 0.310584
v 2.924030 -2.371826 0.172016
v 3.147291 -2.324469 0.394745
v 3.291577 -2.363130 0.417606
v 2.950825 -2.271826 0.172016
v 3.052449 -2.299056 0.310584
v 3.818298 -2.221996 0.417606
v 3.923922 -2.116372 0.394745
v 3.993351 -2.046942 0.310583
v 4.067745 -1.972548 0.172015
v 3.997126 -2.189577 0.394745
v 3.891503 -2.295201 0.417606
v 4.140950 -2.045753 0.172015
v 4.066556 -2.120147 0.310583
v 4.075007 -2.680229 0.394745
v 3.930722 -2.641568 0.417606
v 4.271473 -2.732872 0.172015
v 4.169849 -2.705642 0.310583
v 4.196645 -2.605642 0.310583
v 4.298268 -2.632873 0.172015
v 3.957517 -2.541568 0.417606
v 4.101802 -2.580229 0.394745
v 3.750369 -2.821922 0.417606
v 3.789030 -2.966207 0.394745
v 3.814443 -3.061049 0.310584
v 3.841672 -3.162673 0.172015
v 3.689030 -2.993002 0.394745
v 3.650368 -2.848717 0.417606
v 3.741673 -3.189468 0.172016
v 3.714442 -3.087844 0.310584
v 3.225172 -2.815122 0.394745
v 3.330796 -2.709498 0.417606
v 3.081348 -2.958945 0.172016
v 3.155742 -2.884551 0.310584
v 3.228947 -2.957756 0.310584
v 3.154553 -3.032150 0.172016
v 3.404001 -2.782703 0.417606
v 3.298377 -2.888327 0.394745
v 3.611148 -2.302349 -0.856669
v 3.511148 -2.329144 -0.856669
v 3.437943 -2.402349 -0.856669
v 3.411148 -2.502349 -0.856669
v 3.437943 -2.602349 -0.856669
v 3.511148 -2.675554 -0.856669
v 3.611148 -2.702349 -0.856669
v 3.711148 -2.675554 -0.856669
v 3.784353 -2.602349 -0.856669
v 3.811148 -2.502349 -0.856669
v 3.784353 -2.402349 -0.856669
v 3.711148 -2.329144 -0.856669
v 3.481148 -2.277183 -1.138248
v 3.611148 -2.242349 -1.138248
v 3.611148 -2.242349 -0.856715
v 3.385981 -2.372349 -1.138248
v 3.351148 -2.502349 -1.138248
v 3.385981 -2.632349 -1.138248
v 3.481148 -2.727516 -1.138248
v 3.611148 -2.762349 -1.138248
v 3.741148 -2.727516 -1.138248
v 3.836314 -2.632349 -1.138249
v 3.871148 -2.502349 -1.138249
v 3.836314 -2.372349 -1.138249
v 3.741148 -2.277183 -1.138249
v 3.481148 -2.277183 -0.856715
v 3.385982 -2.372349 -0.856715
v 3.351148 -2.502349 -0.856715
v 3.385982 -2.632349 -0.856715
v 3.481148 -2.727516 -0.856715
v 3.611148 -2.762349 -0.856715
v 3.741148 -2.727516 -0.856715
v 3.836315 -2.632349 -0.856715
v 3.871148 -2.502349 -0.856715
v 3.836315 -2.372349 -0.856715
v 3.741148 -2.277183 -0.856715
v 3.242230 -1.611698 0.536000
v 3.423076 -1.556839 0.536000
v 3.423076 -3.447859 0.536000
v 3.242230 -3.393000 0.536000
v 3.611150 -1.538315 0.536000
v 3.075562 -3.303914 0.536000
v 3.799223 -1.556839 0.535999
v 2.929475 -3.184024 0.536000
v 3.980069 -1.611698 0.535999
v 2.809585 -3.037938 0.536001
v 4.146738 -1.700784 0.535999
v 2.720499 -2.871269 0.536001
v 4.575184 -2.502349 0.535999
v 4.556660 -2.690423 0.535999
v 4.292825 -1.820674 0.535999
v 2.665640 -2.690423 0.536001
v 4.501800 -2.871269 0.535999
v 4.412714 -1.966761 0.535999
v 2.647116 -2.502349 0.536001
v 4.412715 -3.037938 0.535999
v 4.501800 -2.133429 0.535999
v 2.665639 -2.314275 0.536001
v 4.292825 -3.184024 0.535999
v 4.556660 -2.314275 0.535999
v 2.720499 -2.133429 0.536001
v 4.146738 -3.303914 0.535999
v 2.809585 -1.966761 0.536000
v 3.980069 -3.393000 0.535999
v 2.929475 -1.820674 0.536000
v 3.799223 -3.447859 0.535999
v 3.075561 -1.700784 0.536000
v 3.611150 -3.466383 0.536000
v 4.554388 -2.690664 -0.504001
v 4.499780 -2.870681 -0.504001
v 4.411102 -3.036585 -0.504001
v 4.291762 -3.182002 -0.504001
v 4.146346 -3.301342 -0.504001
v 3.980441 -3.390020 -0.504001
v 3.800425 -3.444627 -0.504000
v 3.613214 -3.463066 -0.504000
v 3.426003 -3.444627 -0.504000
v 3.245986 -3.390020 -0.504000
v 3.080081 -3.301342 -0.504000
v 2.934665 -3.182002 -0.504000
v 2.815325 -3.036585 -0.503999
v 2.726647 -2.870681 -0.503999
v 2.672040 -2.690664 -0.503999
v 2.653601 -2.503453 -0.503999
v 2.672040 -2.316242 -0.503999
v 2.726647 -2.136225 -0.503999
v 2.815325 -1.970321 -0.503999
v 2.934665 -1.824904 -0.503999
v 3.080081 -1.705564 -0.504000
v 3.245986 -1.616886 -0.504000
v 3.426003 -1.562279 -0.504000
v 3.613214 -1.543840 -0.504000
v 3.800425 -1.562279 -0.504000
v 3.980442 -1.616886 -0.504001
v 4.146346 -1.705564 -0.504001
v 4.291762 -1.824904 -0.504001
v 4.411102 -1.970321 -0.504001
v 4.499781 -2.136225 -0.504001
v 4.554388 -2.316242 -0.504001
v 4.572826 -2.503453 -0.504001
v 3.581148 -2.190383 0.249010
v 3.525655 -1.983279 0.216195
v 3.515470 -1.945271 0.182467
v 3.476385 -1.799403 -0.016430
v 3.425654 -2.010074 0.216195
v 3.481148 -2.217178 0.249010
v 3.376385 -1.826198 -0.016430
v 3.415470 -1.972066 0.182467
v 2.908202 -2.367585 -0.016430
v 3.054071 -2.406670 0.182468
v 3.092079 -2.416855 0.216195
v 3.299183 -2.472348 0.249010
v 3.325978 -2.372348 0.249010
v 3.118874 -2.316855 0.216195
v 3.080866 -2.306671 0.182468
v 2.934997 -2.267585 -0.016430
v 4.079331 -1.960962 -0.016431
v 3.972549 -2.067745 0.182467
v 3.944725 -2.095569 0.216195
v 3.793114 -2.247179 0.249009
v 4.045752 -2.140950 0.182467
v 4.152536 -2.034167 -0.016431
v 3.866319 -2.320384 0.249009
v 4.017929 -2.168774 0.216195
v 4.130219 -2.587844 0.216195
v 3.923115 -2.532351 0.249009
v 4.314096 -2.637113 -0.016431
v 4.168227 -2.598028 0.182467
v 4.141433 -2.698028 0.182467
v 4.287300 -2.737113 -0.016431
v 3.896320 -2.632351 0.249009
v 4.103424 -2.687844 0.216195
v 3.845913 -3.178501 -0.016430
v 3.806828 -3.032633 0.182467
v 3.796644 -2.994624 0.216195
v 3.741150 -2.787521 0.249010
v 3.706828 -3.059427 0.182467
v 3.745913 -3.205296 -0.016430
v 3.641150 -2.814316 0.249010
v 3.696644 -3.021419 0.216195
v 3.355979 -2.684314 0.249010
v 3.204369 -2.835925 0.216195
v 3.176545 -2.863749 0.182468
v 3.069761 -2.970532 -0.016430
v 3.277574 -2.909130 0.216195
v 3.429184 -2.757519 0.249010
v 3.142966 -3.043737 -0.016430
v 3.249750 -2.936954 0.182468
vt 0.158491 0.932821
vt 0.236822 0.926542
vt 0.164577 0.949018
vt 0.141144 0.497956
vt 0.170140 0.518034
vt 0.139172 0.518034
vt 0.272475 0.481245
vt 0.260245 0.574143
vt 0.185908 0.517102
vt 0.314867 0.591543
vt 0.282148 0.578375
vt 0.293126 0.569490
vt 0.202555 0.613260
vt 0.228006 0.588844
vt 0.221839 0.619191
vt 0.141144 0.538112
vt 0.175607 0.545607
vt 0.146983 0.557424
vt 0.184794 0.432376
vt 0.214508 0.451376
vt 0.202075 0.458074
vt 0.281333 0.422434
vt 0.282148 0.457693
vt 0.269652 0.451114
vt 0.241907 0.621258
vt 0.256115 0.588977
vt 0.261994 0.619382
vt 0.156467 0.575230
vt 0.191182 0.569006
vt 0.169233 0.590852
vt 0.169233 0.445217
vt 0.182246 0.477997
vt 0.156467 0.460838
vt 0.261994 0.416686
vt 0.242054 0.445777
vt 0.241907 0.414810
vt 0.281333 0.613634
vt 0.299185 0.604235
vt 0.184794 0.603692
vt 0.214508 0.584692
vt 0.171520 0.532089
vt 0.175607 0.490462
vt 0.171520 0.503980
vt 0.202555 0.422808
vt 0.228006 0.447224
vt 0.299184 0.431833
vt 0.293126 0.466578
vt 0.242054 0.590291
vt 0.182246 0.558071
vt 0.191182 0.467062
vt 0.256115 0.447091
vt 0.269652 0.584954
vt 0.202075 0.577995
vt 0.146983 0.478645
vt 0.221839 0.416877
vt 0.355951 0.674789
vt 0.331741 0.729534
vt 0.331741 0.674789
vt 0.292802 0.853465
vt 0.265293 0.845822
vt 0.281298 0.833540
vt 0.272936 0.873331
vt 0.281561 0.862091
vt 0.267514 0.886421
vt 0.253011 0.861828
vt 0.265665 0.900469
vt 0.245291 0.880467
vt 0.245290 0.920471
vt 0.242657 0.900469
vt 0.272936 0.927606
vt 0.267514 0.914516
vt 0.265293 0.955115
vt 0.253011 0.939110
vt 0.281561 0.938847
vt 0.281298 0.967397
vt 0.356133 0.729666
vt 0.380343 0.674921
vt 0.380343 0.729666
vt 0.303026 0.871163
vt 0.283061 0.895406
vt 0.287456 0.870483
vt 0.322059 0.870992
vt 0.305232 0.896374
vt 0.346583 0.881324
vt 0.326898 0.891571
vt 0.331314 0.859962
vt 0.362945 0.866331
vt 0.351179 0.836287
vt 0.341247 0.848124
vt 0.360434 0.825257
vt 0.374868 0.847615
vt 0.382510 0.804279
vt 0.381542 0.826450
vt 0.353925 0.791268
vt 0.357298 0.806484
vt 0.304133 0.674789
vt 0.287130 0.729534
vt 0.287130 0.674789
vt 0.137404 0.836450
vt 0.214768 0.843977
vt 0.138260 0.850593
vt 0.162255 0.712532
vt 0.228028 0.753951
vt 0.156678 0.725557
vt 0.147576 0.752382
vt 0.224503 0.763524
vt 0.221476 0.773266
vt 0.169701 0.961063
vt 0.240512 0.935215
vt 0.215908 0.854115
vt 0.139844 0.864672
vt 0.144077 0.766112
vt 0.218956 0.783151
vt 0.175200 0.973990
vt 0.244471 0.944522
vt 0.217571 0.864180
vt 0.142154 0.878651
vt 0.141291 0.780004
vt 0.216950 0.793154
vt 0.248430 0.953829
vt 0.180699 0.986916
vt 0.219752 0.874145
vt 0.145183 0.892492
vt 0.139226 0.794021
vt 0.215464 0.803246
vt 0.252120 0.962501
vt 0.185823 0.998961
vt 0.148922 0.906158
vt 0.222444 0.883985
vt 0.214500 0.813402
vt 0.137888 0.808126
vt 0.175388 0.687433
vt 0.252120 0.704389
vt 0.241500 0.726502
vt 0.153362 0.919613
vt 0.225641 0.893672
vt 0.214062 0.823594
vt 0.137280 0.822282
vt 0.236539 0.735416
vt 0.168497 0.699813
vt 0.229334 0.903182
vt 0.214152 0.833795
vt 0.232044 0.744574
vt 0.151780 0.738852
vt 0.296054 0.819148
vt 0.237437 0.785305
vt 0.256976 0.751463
vt 0.352529 0.647548
vt 0.331923 0.674921
vt 0.335527 0.647548
vt 0.368952 0.643148
vt 0.356133 0.674921
vt 0.368770 0.761307
vt 0.355951 0.729534
vt 0.379336 0.735800
vt 0.335345 0.756907
vt 0.352347 0.756907
vt 0.287312 0.729666
vt 0.304315 0.674921
vt 0.304315 0.729666
vt 0.270310 0.729666
vt 0.287312 0.674921
vt 0.331923 0.729666
vt 0.270128 0.729534
vt 0.270128 0.674789
vt 0.380161 0.674789
vt 0.304133 0.729534
vt 0.956039 0.781802
vt 0.893884 0.852332
vt 0.932111 0.769751
vt 0.890865 0.898939
vt 0.857526 0.982512
vt 0.833885 0.894386
vt 0.319939 0.846194
vt 0.299937 0.825820
vt 0.319939 0.823187
vt 0.305892 0.848043
vt 0.292802 0.947472
vt 0.305892 0.952894
vt 0.319939 0.954743
vt 0.299937 0.975117
vt 0.319939 0.977751
vt 0.933060 0.769976
vt 0.879378 0.743141
vt 0.935547 0.750207
vt 0.895048 0.851037
vt 0.836230 0.865353
vt 0.838153 0.845521
vt 0.835472 0.874525
vt 0.892452 0.879077
vt 0.937430 0.723339
vt 0.878987 0.736985
vt 0.881155 0.717178
vt 0.876891 0.762910
vt 0.027237 0.272773
vt 0.355043 0.316332
vt 0.012606 0.315985
vt 0.038157 0.252523
vt 0.369674 0.273121
vt 0.023486 0.336257
vt 0.355043 0.336257
vt 0.038551 0.379319
vt 0.370109 0.379319
vt 0.039338 0.273096
vt 0.371101 0.252831
vt 0.371122 0.272756
vt 0.024232 0.316144
vt 0.356037 0.335729
vt 0.013381 0.336432
vt 0.356017 0.315804
vt 0.028138 0.379600
vt 0.370794 0.378897
vt 0.324265 0.104617
vt 0.404101 0.124543
vt 0.324265 0.124542
vt 0.404102 0.106439
vt 0.324265 0.126364
vt 0.324265 0.106439
vt 0.030359 0.208893
vt 0.000348 0.124541
vt 0.030359 0.020265
vt 0.351027 0.029399
vt 0.351594 0.009483
vt 0.030927 0.000348
vt 0.000348 0.104616
vt 0.030359 0.022088
vt 0.351026 0.031221
vt 0.000348 0.106440
vt 0.351594 0.221499
vt 0.030359 0.210717
vt 0.351027 0.201582
vt 0.000348 0.126365
vt 0.835720 0.899164
vt 0.889841 0.897450
vt 0.912984 0.985458
vt 0.589710 0.208842
vt 0.475662 0.169892
vt 0.475662 0.130942
vt 0.833846 0.892038
vt 0.883411 0.716663
vt 0.938656 0.723597
vt 0.938656 0.977793
vt 0.915886 0.891205
vt 0.935261 0.743146
vt 0.876765 0.763676
vt 0.830450 0.847439
vt 0.837807 0.847835
vt 0.826533 0.891137
vt 0.876003 0.715704
vt 0.869336 0.762890
vt 0.873627 0.770455
vt 0.588812 0.132482
vt 0.475302 0.105696
vt 0.589350 0.105696
vt 0.589171 0.104156
vt 0.475123 0.104156
vt 0.589171 0.027512
vt 0.475662 0.000739
vt 0.589710 0.000738
vt 0.588811 0.001021
vt 0.475302 0.027795
vt 0.474763 0.001022
vt 0.440380 0.027718
vt 0.408834 0.001132
vt 0.439841 0.000945
vt 0.458631 0.202443
vt 0.451948 0.155304
vt 0.474764 0.132481
vt 0.459169 0.099011
vt 0.452487 0.050608
vt 0.409194 0.027402
vt 0.440740 0.000816
vt 0.440201 0.027590
vt 0.374265 0.027129
vt 0.391010 0.000424
vt 0.391728 0.027205
vt 0.408476 0.000620
vt 0.457662 0.027580
vt 0.458200 0.000806
vt 0.475123 0.027512
vt 0.408116 0.027914
vt 0.391369 0.001329
vt 0.390650 0.028110
vt 0.373906 0.001405
vt 0.457840 0.027728
vt 0.457302 0.000954
vt 0.475123 0.065834
vt 0.458990 0.034194
vt 0.452308 0.081333
vt 0.458990 0.097471
vt 0.452308 0.050325
vt 0.459529 0.137626
vt 0.452846 0.153764
vt 0.459529 0.202160
vt 0.475662 0.208842
vt 0.452846 0.186029
vt 0.304147 0.812937
vt 0.327305 0.795419
vt 0.327305 0.804844
vt 0.327305 0.785305
vt 0.304147 0.785305
vt 0.327305 0.775191
vt 0.304147 0.757673
vt 0.327305 0.765766
vt 0.189563 0.503461
vt 0.196624 0.491231
vt 0.206610 0.481245
vt 0.218840 0.474184
vt 0.232481 0.470528
vt 0.246604 0.470528
vt 0.260245 0.474183
vt 0.282461 0.491230
vt 0.289522 0.503461
vt 0.293177 0.517102
vt 0.293177 0.531224
vt 0.289522 0.544865
vt 0.282461 0.557095
vt 0.272475 0.567081
vt 0.246604 0.577798
vt 0.232482 0.577798
vt 0.218841 0.574143
vt 0.206610 0.567081
vt 0.196624 0.557095
vt 0.189563 0.544865
vt 0.185908 0.531224
vt 0.314867 0.444525
vt 0.377707 0.782613
vt 0.183637 0.672223
vt 0.266401 0.747559
vt 0.276515 0.746227
vt 0.286629 0.747559
vt 0.296054 0.751463
vt 0.286629 0.823051
vt 0.276515 0.824383
vt 0.266401 0.823051
vt 0.256976 0.819147
vt 0.248883 0.812937
vt 0.242673 0.804844
vt 0.238769 0.795419
vt 0.238769 0.775191
vt 0.242673 0.765766
vt 0.248883 0.757673
vt 0.379518 0.668655
vt 0.270310 0.674921
vt 0.380161 0.729534
vt 0.918428 0.863051
vt 0.914063 0.985413
vt 0.893125 0.870869
vt 0.369714 0.253196
vt 0.028445 0.252831
vt 0.404101 0.104618
vt 0.404102 0.126364
vt 0.351026 0.199760
vt 0.030927 0.230633
vt 0.857431 0.981727
vt 0.855531 0.974503
vt 0.589710 0.130942
vt 0.828132 0.874130
vt 0.828935 0.864453
vt 0.872190 0.742210
vt 0.871778 0.736223
vt 0.840903 0.841148
vt 0.589350 0.027795
vt 0.588811 0.209125
vt 0.474764 0.209125
vt 0.451948 0.186312
vt 0.458631 0.139166
vt 0.452487 0.082873
vt 0.459169 0.034477
vt 0.373547 0.000348
vt 0.373188 0.028186
vt 0.711618 0.959159
vt 0.779235 0.946910
vt 0.779235 0.959159
vt 0.684946 0.912385
vt 0.711618 0.912385
vt 0.704219 0.919784
vt 0.711618 0.982359
vt 0.779235 0.970485
vt 0.779235 0.982358
vt 0.779235 0.900136
vt 0.779235 0.912385
vt 0.711618 0.935584
vt 0.779235 0.923711
vt 0.779235 0.935585
vt 0.779235 0.918048
vt 0.711618 0.918048
vt 0.711618 0.941247
vt 0.711618 0.946910
vt 0.779235 0.941247
vt 0.711618 0.964822
vt 0.711618 0.970485
vt 0.779235 0.964822
vt 0.711618 0.988021
vt 0.779235 0.993684
vt 0.711618 0.993684
vt 0.779235 0.988021
vt 0.687113 0.917617
vt 0.692345 0.919784
vt 0.684946 0.900136
vt 0.687113 0.894904
vt 0.692345 0.892737
vt 0.704219 0.892737
vt 0.711618 0.900136
vt 0.709450 0.894904
vt 0.709450 0.917617
vt 0.711618 0.923711
vt 0.071802 0.403474
vt 0.085879 0.981510
vt 0.072027 0.979730
vt 0.057838 0.403204
vt 0.058079 0.978995
vt 0.044131 0.979741
vt 0.030281 0.981533
vt 0.043874 0.403485
vt 0.016430 0.983325
vt 0.029923 0.404157
vt 0.113680 0.984027
vt 0.127630 0.404792
vt 0.127630 0.983289
vt 0.099703 0.404793
vt 0.099731 0.983290
vt 0.085753 0.404133
vt 0.984733 0.357220
vt 0.961131 0.475824
vt 0.961131 0.357220
vt 0.616959 0.323785
vt 0.553909 0.274002
vt 0.638455 0.290060
vt 0.735649 0.249787
vt 0.703948 0.185710
vt 0.755537 0.218417
vt 0.684060 0.217080
vt 0.668548 0.356492
vt 0.690044 0.322768
vt 0.828763 0.357220
vt 0.808055 0.475824
vt 0.808055 0.357220
vt 0.704386 0.019305
vt 0.725304 0.082156
vt 0.659530 0.105997
vt 0.931778 0.357220
vt 0.911070 0.475824
vt 0.911070 0.357220
vt 0.881717 0.357220
vt 0.881717 0.475824
vt 0.858115 0.475824
vt 0.828762 0.475824
vt 0.778702 0.357220
vt 0.778702 0.475824
vt 0.858116 0.357220
vt 0.997191 0.332046
vt 0.780315 0.302446
vt 0.997191 0.302446
vt 0.780315 0.234672
vt 0.997191 0.137298
vt 0.780315 0.137298
vt 0.780315 0.069524
vt 0.996757 0.332673
vt 0.779881 0.303073
vt 0.996758 0.303073
vt 0.996758 0.167525
vt 0.779881 0.137925
vt 0.996758 0.137925
vt 0.997191 0.166898
vt 0.654309 0.137298
vt 0.749192 0.166898
vt 0.654309 0.166898
vt 0.653875 0.167525
vt 0.748758 0.137925
vt 0.748758 0.167525
vt 0.764320 0.332673
vt 0.748758 0.303073
vt 0.764320 0.303073
vt 0.749192 0.302446
vt 0.764754 0.332046
vt 0.749192 0.332046
vt 0.764754 0.302446
vt 0.780315 0.332046
vt 0.764320 0.167525
vt 0.764320 0.137925
vt 0.779881 0.167525
vt 0.780315 0.166898
vt 0.764754 0.137298
vt 0.764754 0.166898
vt 0.749192 0.137298
vt 0.779881 0.070151
vt 0.779881 0.332673
vt 0.765504 0.173480
vt 0.779881 0.235299
vt 0.779881 0.002377
vt 0.765504 0.008333
vt 0.765504 0.297118
vt 0.759549 0.282741
vt 0.759549 0.187857
vt 0.759549 0.022710
vt 0.759549 0.117593
vt 0.765504 0.131970
vt 0.780315 0.001750
vt 0.765938 0.007705
vt 0.759983 0.022082
vt 0.765938 0.131343
vt 0.759983 0.116966
vt 0.765938 0.172853
vt 0.759983 0.187230
vt 0.765938 0.296490
vt 0.759983 0.282114
vt 0.740296 0.392630
vt 0.710143 0.414319
vt 0.630014 0.416402
vt 0.578425 0.383695
vt 0.610616 0.382179
vt 0.607502 0.367837
vt 0.613886 0.357912
vt 0.628228 0.354798
vt 0.636936 0.360398
vt 0.619324 0.387780
vt 0.640050 0.374741
vt 0.633666 0.384666
vt 0.997191 0.001750
vt 0.653875 0.137925
vt 0.748758 0.332673
vt 0.996758 0.002377
vt 0.015973 0.404828
vt 0.113666 0.405066
vt 0.984733 0.475824
vt 0.546978 0.310493
vt 0.638612 0.085079
vt 0.638612 0.043146
vt 0.662453 0.019305
vt 0.725304 0.040223
vt 0.701463 0.105997
vt 0.931778 0.475824
vt 0.463198 0.188097
vt 0.370971 0.188097
vt 0.463198 0.172459
vt 0.463198 0.203734
vt 0.370971 0.172460
vt 0.370971 0.203734
vt 0.463198 0.156822
vt 0.463198 0.219372
vt 0.370971 0.156822
vt 0.370971 0.219372
vt 0.463198 0.235009
vt 0.370971 0.235009
vt 0.463198 0.141185
vt 0.370971 0.141185
vt 0.463198 0.250647
vt 0.370971 0.250647
vt 0.463198 0.125547
vt 0.370971 0.125547
vt 0.463198 0.109910
vt 0.463198 0.266284
vt 0.370971 0.109910
vt 0.370971 0.266284
vt 0.463198 0.281921
vt 0.463197 0.094272
vt 0.370971 0.094272
vt 0.370971 0.281921
vt 0.463198 0.078635
vt 0.370971 0.297559
vt 0.370971 0.078635
vt 0.463198 0.297559
vt 0.463197 0.062998
vt 0.370971 0.062998
vt 0.463198 0.313196
vt 0.370971 0.313196
vt 0.463198 0.328834
vt 0.463197 0.047360
vt 0.370971 0.047360
vt 0.370971 0.328834
vt 0.463198 0.344471
vt 0.370971 0.344471
vt 0.463197 0.031723
vt 0.370971 0.547757
vt 0.370971 0.532120
vt 0.463197 0.532120
vt 0.463197 0.516482
vt 0.463198 0.360108
vt 0.370971 0.516482
vt 0.370971 0.360108
vt 0.463197 0.500845
vt 0.463198 0.375746
vt 0.370971 0.375746
vt 0.370971 0.500845
vt 0.463198 0.391383
vt 0.463198 0.485208
vt 0.370971 0.391383
vt 0.370971 0.485208
vt 0.463198 0.407021
vt 0.463198 0.469570
vt 0.370971 0.407021
vt 0.370971 0.469570
vt 0.463198 0.422658
vt 0.463198 0.453933
vt 0.370971 0.453933
vt 0.370971 0.422658
vt 0.463198 0.438295
vt 0.370971 0.438295
vt 0.053261 0.802122
vt 0.035664 0.793556
vt 0.055556 0.793556
vt 0.037959 0.859227
vt 0.018438 0.857847
vt 0.024708 0.851577
vt 0.017057 0.823024
vt 0.008492 0.840620
vt 0.008492 0.820729
vt 0.074163 0.838325
vt 0.072783 0.857847
vt 0.066512 0.851576
vt 0.072783 0.803502
vt 0.066512 0.809773
vt 0.017057 0.838325
vt 0.759651 0.236742
vt 0.751085 0.219145
vt 0.759651 0.221440
vt 0.055556 0.867793
vt 0.053261 0.859227
vt 0.074163 0.823024
vt 0.082729 0.820729
vt 0.024708 0.809773
vt 0.037959 0.802122
vt 0.035664 0.867793
vt 0.082729 0.840620
vt 0.915727 0.083729
vt 0.938390 0.068427
vt 0.938390 0.083729
vt 0.915727 0.114331
vt 0.938390 0.099030
vt 0.938390 0.114331
vt 0.915727 0.144934
vt 0.938390 0.129633
vt 0.938390 0.144934
vt 0.385927 0.944544
vt 0.411633 0.913230
vt 0.411633 0.944544
vt 0.915727 0.175537
vt 0.938390 0.160235
vt 0.938390 0.175537
vt 0.915727 0.206139
vt 0.938390 0.190838
vt 0.938390 0.206139
vt 0.915727 0.236742
vt 0.938390 0.221440
vt 0.938390 0.236742
vt 0.392729 0.626002
vt 0.367023 0.587929
vt 0.392729 0.587929
vt 0.392739 0.626370
vt 0.367033 0.588297
vt 0.392739 0.588297
vt 0.392570 0.626370
vt 0.366864 0.588297
vt 0.392570 0.588297
vt 0.392065 0.586984
vt 0.366359 0.625057
vt 0.366358 0.586984
vt 0.392475 0.625222
vt 0.366769 0.587149
vt 0.392475 0.587149
vt 0.098480 0.984914
vt 0.128781 0.934861
vt 0.131181 0.983294
vt 0.324552 0.774464
vt 0.350258 0.659558
vt 0.350258 0.774464
vt 0.325226 0.775777
vt 0.350932 0.660871
vt 0.350932 0.775777
vt 0.411623 0.944176
vt 0.385917 0.912862
vt 0.411623 0.912862
vt 0.367033 0.731655
vt 0.367033 0.626370
vt 0.385758 0.944544
vt 0.411464 0.913230
vt 0.411464 0.944544
vt 0.385663 0.943396
vt 0.411369 0.912082
vt 0.411369 0.943396
vt 0.350258 0.928233
vt 0.324552 0.887298
vt 0.350258 0.887298
vt 0.325226 0.929546
vt 0.350932 0.888611
vt 0.350932 0.929546
vt 0.308861 0.730507
vt 0.324962 0.659723
vt 0.324962 0.774630
vt 0.203015 0.712239
vt 0.172547 0.742163
vt 0.169824 0.687207
vt 0.206741 0.688296
vt 0.167800 0.646359
vt 0.366769 0.730507
vt 0.392475 0.730507
vt 0.089444 0.802547
vt 0.096080 0.936481
vt 0.173330 0.559910
vt 0.134555 0.601420
vt 0.143669 0.554187
vt 0.137123 0.688827
vt 0.135099 0.647979
vt 0.350668 0.659723
vt 0.366769 0.625222
vt 0.375723 0.796911
vt 0.350668 0.774630
vt 0.375723 0.734902
vt 0.299907 0.796911
vt 0.324962 0.817830
vt 0.367023 0.731287
vt 0.392729 0.731287
vt 0.379575 0.815542
vt 0.405282 0.802674
vt 0.405282 0.815542
vt 0.352735 0.927365
vt 0.327029 0.886430
vt 0.352735 0.886430
vt 0.350668 0.849941
vt 0.350668 0.817830
vt 0.309115 0.731287
vt 0.325216 0.660503
vt 0.325216 0.775409
vt 0.282497 0.890651
vt 0.325216 0.850721
vt 0.325216 0.888243
vt 0.393641 0.890651
vt 0.350922 0.850721
vt 0.393641 0.836793
vt 0.375977 0.797691
vt 0.350922 0.775409
vt 0.375977 0.735682
vt 0.405536 0.816322
vt 0.379829 0.803453
vt 0.405536 0.803453
vt 0.350922 0.660503
vt 0.325216 0.929178
vt 0.350922 0.888243
vt 0.350922 0.929178
vt 0.350922 0.818610
vt 0.379839 0.816690
vt 0.405545 0.803821
vt 0.405545 0.816690
vt 0.325226 0.851088
vt 0.350932 0.818978
vt 0.350932 0.851088
vt 0.375987 0.798059
vt 0.375987 0.736050
vt 0.392739 0.731655
vt 0.366864 0.731655
vt 0.392570 0.731655
vt 0.300171 0.798059
vt 0.325226 0.818978
vt 0.308957 0.731655
vt 0.325057 0.660871
vt 0.325057 0.775777
vt 0.300003 0.798059
vt 0.325057 0.818978
vt 0.350764 0.660871
vt 0.366864 0.626370
vt 0.375818 0.798059
vt 0.350764 0.775777
vt 0.375818 0.736050
vt 0.379671 0.816690
vt 0.405377 0.803821
vt 0.405377 0.816690
vt 0.350764 0.929546
vt 0.325057 0.888611
vt 0.350764 0.888611
vt 0.350764 0.851089
vt 0.350764 0.818978
vt 0.308451 0.730342
vt 0.324552 0.659558
vt 0.299497 0.796746
vt 0.324552 0.817665
vt 0.324552 0.849775
vt 0.350258 0.817665
vt 0.350258 0.849775
vt 0.392065 0.730342
vt 0.392065 0.625057
vt 0.385253 0.943231
vt 0.410959 0.911917
vt 0.410959 0.943231
vt 0.404872 0.815377
vt 0.379166 0.802508
vt 0.404872 0.802508
vt 0.851024 0.083729
vt 0.915727 0.068427
vt 0.052560 0.968036
vt 0.067012 0.952734
vt 0.067012 0.968036
vt 0.851024 0.099030
vt 0.915727 0.099030
vt 0.052560 0.983337
vt 0.067012 0.983337
vt 0.851024 0.114331
vt 0.948007 0.533596
vt 0.557964 0.479113
vt 0.948007 0.479114
vt 0.851024 0.129633
vt 0.915727 0.129633
vt 0.021310 0.952709
vt 0.035762 0.937407
vt 0.035762 0.952709
vt 0.851024 0.144934
vt 0.021310 0.968010
vt 0.035762 0.968010
vt 0.851024 0.160235
vt 0.915727 0.160235
vt 0.021310 0.983311
vt 0.035762 0.983311
vt 0.851024 0.175537
vt 0.488059 0.282086
vt 0.520375 0.063579
vt 0.520375 0.282086
vt 0.915727 0.190838
vt 0.051522 0.897372
vt 0.066823 0.882920
vt 0.066823 0.897372
vt 0.851024 0.206139
vt 0.036221 0.897372
vt 0.051522 0.882920
vt 0.851024 0.221440
vt 0.915727 0.221440
vt 0.020919 0.882920
vt 0.020919 0.897372
vt 0.851024 0.236742
vt 0.589753 0.276734
vt 0.620275 0.058228
vt 0.620275 0.276734
vt 0.851024 0.068427
vt 0.915727 0.053126
vt 0.836572 0.068427
vt 0.851024 0.053126
vt 0.526915 0.058228
vt 0.494599 0.027706
vt 0.526916 0.027706
vt 0.557964 0.309259
vt 0.503482 0.366945
vt 0.503482 0.309259
vt 0.488059 0.033057
vt 0.520375 0.033058
vt 0.557437 0.058228
vt 0.589753 0.058228
vt 0.583213 0.282086
vt 0.613735 0.063579
vt 0.613735 0.282086
vt 0.526915 0.276734
vt 0.494599 0.058228
vt 0.948007 0.421428
vt 0.557964 0.421427
vt 0.557437 0.276734
vt 0.557964 0.366945
vt 0.948007 0.366945
vt 0.948007 0.309259
vt 0.550897 0.063579
vt 0.550897 0.282086
vt 0.583213 0.063579
vt 0.209319 0.591439
vt 0.163364 0.604294
vt 0.379575 0.802674
vt 0.393387 0.889871
vt 0.393387 0.836013
vt 0.296055 0.815542
vt 0.324962 0.849941
vt 0.282243 0.889871
vt 0.324962 0.887463
vt 0.379829 0.816322
vt 0.296309 0.816322
vt 0.325216 0.818610
vt 0.300161 0.797691
vt 0.296319 0.816690
vt 0.282507 0.891019
vt 0.325226 0.888611
vt 0.379839 0.803821
vt 0.393651 0.891019
vt 0.393651 0.837161
vt 0.379671 0.803821
vt 0.393483 0.891019
vt 0.393483 0.837161
vt 0.296150 0.816690
vt 0.325057 0.851089
vt 0.282338 0.891019
vt 0.295645 0.815377
vt 0.281833 0.889706
vt 0.139846 0.743783
vt 0.147088 0.889956
vt 0.759651 0.083729
vt 0.836572 0.083729
vt 0.759651 0.099030
vt 0.836572 0.099030
vt 0.759651 0.114331
vt 0.836572 0.114331
vt 0.759651 0.129633
vt 0.836572 0.129633
vt 0.759651 0.144934
vt 0.836572 0.144934
vt 0.759651 0.160235
vt 0.836572 0.160235
vt 0.759651 0.175536
vt 0.836572 0.175537
vt 0.836572 0.190838
vt 0.759651 0.206139
vt 0.836572 0.206139
vt 0.836572 0.221441
vt 0.836572 0.236742
vt 0.759651 0.068427
vt 0.836573 0.053126
vt 0.904258 0.728522
vt 0.918833 0.703896
vt 0.913384 0.731290
vt 0.674265 0.605589
vt 0.686645 0.579788
vt 0.692694 0.587160
vt 0.894285 0.752601
vt 0.902695 0.757096
vt 0.709869 0.564270
vt 0.714364 0.572680
vt 0.879805 0.774271
vt 0.887177 0.780320
vt 0.735674 0.553581
vt 0.738442 0.562707
vt 0.861377 0.792700
vt 0.867426 0.800071
vt 0.764004 0.557622
vt 0.763069 0.548132
vt 0.714364 0.807179
vt 0.735675 0.826278
vt 0.709869 0.815589
vt 0.839707 0.807179
vt 0.844202 0.815589
vt 0.791001 0.548132
vt 0.790067 0.557622
vt 0.692694 0.792700
vt 0.686645 0.800071
vt 0.815628 0.817153
vt 0.818396 0.826278
vt 0.818396 0.553581
vt 0.815628 0.562706
vt 0.666894 0.780321
vt 0.674265 0.774271
vt 0.790066 0.822237
vt 0.791001 0.831727
vt 0.844202 0.564270
vt 0.839706 0.572680
vt 0.651376 0.757096
vt 0.659786 0.752601
vt 0.764004 0.822237
vt 0.763070 0.831727
vt 0.867426 0.579788
vt 0.861377 0.587160
vt 0.640687 0.731291
vt 0.649812 0.728523
vt 0.738443 0.817153
vt 0.879805 0.605589
vt 0.887177 0.599539
vt 0.635238 0.703896
vt 0.644728 0.702961
vt 0.894285 0.627259
vt 0.902695 0.622764
vt 0.635238 0.675964
vt 0.644728 0.676899
vt 0.904258 0.651337
vt 0.913384 0.648569
vt 0.640687 0.648569
vt 0.649812 0.651337
vt 0.909343 0.676899
vt 0.918833 0.675964
vt 0.651376 0.622764
vt 0.659786 0.627259
vt 0.909343 0.702961
vt 0.666894 0.599539
vt 0.838989 0.809207
vt 0.866361 0.801933
vt 0.843243 0.817380
vt 0.814910 0.819181
vt 0.817556 0.828020
vt 0.790287 0.833444
vt 0.789349 0.824265
vt 0.762483 0.833444
vt 0.763286 0.824265
vt 0.735214 0.828020
vt 0.737725 0.819181
vt 0.709527 0.817380
vt 0.713646 0.809207
vt 0.686409 0.801933
vt 0.691976 0.794728
vt 0.666749 0.782273
vt 0.673547 0.776299
vt 0.651302 0.759155
vt 0.659068 0.754629
vt 0.640662 0.733468
vt 0.649094 0.730550
vt 0.635238 0.706199
vt 0.644010 0.704989
vt 0.635238 0.678395
vt 0.644010 0.678926
vt 0.640662 0.651126
vt 0.649094 0.653365
vt 0.651302 0.625439
vt 0.659068 0.629286
vt 0.666749 0.602321
vt 0.673547 0.607616
vt 0.686409 0.582661
vt 0.691976 0.589188
vt 0.709527 0.567214
vt 0.713646 0.574708
vt 0.735214 0.556574
vt 0.737725 0.564735
vt 0.762483 0.551150
vt 0.763286 0.559650
vt 0.789349 0.559650
vt 0.790287 0.551150
vt 0.814910 0.564735
vt 0.817556 0.556574
vt 0.838989 0.574708
vt 0.843243 0.567214
vt 0.860659 0.589188
vt 0.866361 0.582661
vt 0.879088 0.607616
vt 0.886021 0.602321
vt 0.893567 0.629287
vt 0.901468 0.625439
vt 0.903541 0.653365
vt 0.912108 0.651126
vt 0.908625 0.678927
vt 0.917532 0.678395
vt 0.908625 0.704989
vt 0.917532 0.706199
vt 0.903541 0.730551
vt 0.912108 0.733468
vt 0.893567 0.754629
vt 0.901468 0.759155
vt 0.879087 0.776299
vt 0.886021 0.782273
vt 0.860659 0.794728
vt 0.220160 0.554180
vt 0.099658 0.565221
vt 0.106630 0.529090
vt 0.350668 0.928398
vt 0.385663 0.912082
vt 0.324962 0.928398
vt 0.289967 0.912082
vt 0.195810 0.797276
vt 0.179790 0.888336
vt 0.385917 0.944176
vt 0.290221 0.912862
vt 0.385927 0.913230
vt 0.290231 0.913230
vt 0.385758 0.913230
vt 0.325057 0.929546
vt 0.290063 0.913230
vt 0.324552 0.928233
vt 0.289557 0.911916
vt 0.385253 0.911917
vt 0.077776 0.797520
vt 0.106569 0.717018
vt 0.110477 0.795900
vt 0.419094 0.836013
vt 0.401429 0.734902
vt 0.419347 0.836793
vt 0.401683 0.735682
vt 0.419357 0.891019
vt 0.401693 0.736050
vt 0.419189 0.837161
vt 0.401525 0.798059
vt 0.392977 0.835848
vt 0.418684 0.889706
vt 0.392977 0.889706
vt 0.375313 0.734737
vt 0.401019 0.796746
vt 0.375313 0.796746
vt 0.069997 0.559498
vt 0.076970 0.523366
vt 0.367023 0.626002
vt 0.081512 0.599051
vt 0.082293 0.665881
vt 0.100494 0.693560
vt 0.101305 0.709930
vt 0.122145 0.800926
vt 0.309125 0.731655
vt 0.325226 0.660871
vt 0.050395 0.666254
vt 0.049614 0.599424
vt 0.068604 0.711550
vt 0.379166 0.815377
vt 0.366359 0.730342
vt 0.751085 0.239037
vt 0.018437 0.803502
vt 0.308861 0.625222
vt 0.206923 0.791121
vt 0.207553 0.704666
vt 0.299907 0.734902
vt 0.327029 0.927365
vt 0.309116 0.626002
vt 0.282497 0.836793
vt 0.300171 0.736050
vt 0.308957 0.626370
vt 0.300002 0.736050
vt 0.308451 0.625057
vt 0.299497 0.734737
vt 0.052560 0.952734
vt 0.557964 0.533595
vt 0.021310 0.937407
vt 0.488059 0.063579
vt 0.851024 0.190838
vt 0.036221 0.882920
vt 0.494599 0.276734
vt 0.220160 0.653917
vt 0.350668 0.887463
vt 0.296055 0.802674
vt 0.282243 0.836013
vt 0.296309 0.803453
vt 0.300161 0.735682
vt 0.296319 0.803821
vt 0.282507 0.837160
vt 0.296150 0.803821
vt 0.282338 0.837161
vt 0.295645 0.802508
vt 0.281833 0.835848
vt 0.759651 0.190838
vt 0.759651 0.053126
vt 0.289967 0.943396
vt 0.202446 0.931211
vt 0.290221 0.944176
vt 0.290231 0.944544
vt 0.290063 0.944544
vt 0.289557 0.943231
vt 0.073868 0.718638
vt 0.419094 0.889871
vt 0.401429 0.796911
vt 0.419347 0.890651
vt 0.401683 0.797691
vt 0.419357 0.837161
vt 0.401693 0.798059
vt 0.419189 0.891019
vt 0.401525 0.736050
vt 0.418684 0.835848
vt 0.401019 0.734737
vt 0.309125 0.626370
vt 0.067793 0.695180
vt 0.504430 0.564988
vt 0.464329 0.590407
vt 0.464329 0.564988
vt 0.504430 0.590407
vt 0.464329 0.615825
vt 0.504430 0.615825
vt 0.464329 0.641244
vt 0.504430 0.641244
vt 0.464329 0.666662
vt 0.504430 0.666662
vt 0.464329 0.692080
vt 0.464185 0.841407
vt 0.504286 0.815989
vt 0.504286 0.841407
vt 0.464185 0.815989
vt 0.504286 0.790571
vt 0.464185 0.790571
vt 0.504286 0.765152
vt 0.464185 0.765152
vt 0.504286 0.739734
vt 0.464185 0.739734
vt 0.504286 0.714316
vt 0.464185 0.714316
vt 0.504286 0.688897
vt 0.795896 0.719174
vt 0.759757 0.722508
vt 0.779633 0.702785
vt 0.799510 0.683062
vt 0.818369 0.702067
vt 0.504430 0.285387
vt 0.464329 0.310805
vt 0.464329 0.285387
vt 0.504430 0.310805
vt 0.464329 0.336223
vt 0.504430 0.336223
vt 0.464329 0.361642
vt 0.504430 0.361642
vt 0.464329 0.387060
vt 0.504430 0.387060
vt 0.464329 0.412479
vt 0.504430 0.412479
vt 0.464329 0.437897
vt 0.504430 0.437897
vt 0.464329 0.463315
vt 0.504430 0.463315
vt 0.464329 0.488734
vt 0.504430 0.488734
vt 0.464329 0.514152
vt 0.955567 0.641979
vt 0.951869 0.621353
vt 0.955553 0.607604
vt 0.833918 0.609383
vt 0.860001 0.546413
vt 0.851117 0.579621
vt 0.504430 0.514152
vt 0.464329 0.539570
vt 0.504430 0.539570
vt 0.838231 0.627323
vt 0.847128 0.559748
vt 0.847141 0.594123
vt 0.964171 0.575157
vt 0.955275 0.642732
vt 0.955261 0.608357
vt 0.724516 0.790003
vt 0.688378 0.793337
vt 0.708254 0.773614
vt 0.831137 0.651678
vt 0.849996 0.670684
vt 0.746989 0.772897
vt 0.778617 0.741513
vt 0.728130 0.753891
vt 0.504430 0.692080
vt 0.464185 0.688897
vt 0.955553 0.593370
vt 0.969068 0.591590
vt 0.969068 0.609383
vt 0.964463 0.626570
vt 0.942986 0.654560
vt 0.934687 0.643746
vt 0.944752 0.633680
vt 0.922360 0.650863
vt 0.927576 0.663457
vt 0.910390 0.668062
vt 0.892597 0.668062
vt 0.875410 0.663457
vt 0.860001 0.654560
vt 0.847420 0.641979
vt 0.838524 0.626570
vt 0.833918 0.591590
vt 0.838523 0.574404
vt 0.847420 0.558995
vt 0.875410 0.537517
vt 0.892597 0.532912
vt 0.910390 0.532912
vt 0.927576 0.537517
vt 0.942985 0.546413
vt 0.955567 0.558995
vt 0.964463 0.574404
vt 0.951869 0.579620
vt 0.944752 0.567293
vt 0.908611 0.654547
vt 0.894376 0.654547
vt 0.934687 0.557228
vt 0.880627 0.650863
vt 0.922360 0.550111
vt 0.908611 0.546427
vt 0.868300 0.643746
vt 0.858235 0.633680
vt 0.894376 0.546427
vt 0.851117 0.621353
vt 0.880627 0.550111
vt 0.868300 0.557228
vt 0.847433 0.607604
vt 0.847433 0.593370
vt 0.858235 0.567293
vt 0.847141 0.608357
vt 0.850825 0.622106
vt 0.833626 0.610136
vt 0.833626 0.592343
vt 0.838231 0.575157
vt 0.857942 0.568046
vt 0.850825 0.580373
vt 0.868007 0.557981
vt 0.859709 0.547166
vt 0.875118 0.538270
vt 0.892305 0.533665
vt 0.910097 0.533665
vt 0.927284 0.538270
vt 0.942693 0.547166
vt 0.955275 0.559748
vt 0.968776 0.592343
vt 0.968776 0.610136
vt 0.964171 0.627323
vt 0.942693 0.655313
vt 0.927284 0.664210
vt 0.910098 0.668815
vt 0.892305 0.668815
vt 0.875118 0.664210
vt 0.859709 0.655313
vt 0.847128 0.642732
vt 0.857942 0.634433
vt 0.868008 0.644498
vt 0.880335 0.550864
vt 0.894084 0.547180
vt 0.880335 0.651616
vt 0.908318 0.547180
vt 0.894084 0.655300
vt 0.908318 0.655300
vt 0.922067 0.550864
vt 0.934395 0.557981
vt 0.922068 0.651616
vt 0.944460 0.568046
vt 0.934395 0.644498
vt 0.944460 0.634433
vt 0.951577 0.580373
vt 0.955261 0.594123
vt 0.951577 0.622106
vt 0.707237 0.812343
vt 0.568572 0.944563
vt 0.537280 0.956369
vt 0.553971 0.936334
vt 0.520480 0.936775
vt 0.543062 0.923611
vt 0.511467 0.912589
vt 0.537210 0.907906
vt 0.537156 0.891146
vt 0.511384 0.886778
vt 0.616123 0.936055
vt 0.649618 0.936193
vt 0.632994 0.955938
vt 0.153748 0.658318
vt 0.140500 0.649839
vt 0.143872 0.648442
vt 0.153748 0.624599
vt 0.140500 0.633079
vt 0.152351 0.621227
vt 0.167715 0.624599
vt 0.180963 0.633078
vt 0.177591 0.634475
vt 0.167715 0.658318
vt 0.180963 0.649839
vt 0.169112 0.661690
vt 0.152351 0.661690
vt 0.143872 0.634475
vt 0.169112 0.621227
vt 0.177591 0.648442
vt 0.294410 0.628061
vt 0.316404 0.638658
vt 0.303163 0.654603
vt 0.278832 0.634244
vt 0.288540 0.664224
vt 0.271053 0.665000
vt 0.250979 0.659843
vt 0.262587 0.638365
vt 0.359108 0.604284
vt 0.366040 0.585149
vt 0.379236 0.599341
vt 0.343253 0.611702
vt 0.352748 0.595358
vt 0.324403 0.613094
vt 0.329650 0.622718
vt 0.309410 0.620584
vt 0.348497 0.964209
vt 0.511384 0.938399
vt 0.511184 0.964209
vt 0.348697 0.938399
vt 0.348697 0.886778
vt 0.820237 0.989670
vt 0.657349 0.963860
vt 0.820037 0.963860
vt 0.657149 0.938050
vt 0.819836 0.938050
vt 0.657066 0.912240
vt 0.819753 0.912240
vt 0.819836 0.886429
vt 0.348296 0.990018
vt 0.510984 0.990018
vt 0.585097 0.947359
vt 0.559766 0.969040
vt 0.610623 0.968811
vt 0.585214 0.973346
vt 0.601597 0.944414
vt 0.626918 0.923233
vt 0.246051 0.641100
vt 0.339204 0.605230
vt 0.348780 0.912589
vt 0.657549 0.989670
vt 0.657149 0.886429
vt 0.994327 0.817174
vt 0.962802 0.831297
vt 0.962802 0.817174
vt 0.994327 0.831297
vt 0.962802 0.845419
vt 0.994327 0.845419
vt 0.962802 0.859541
vt 0.994327 0.859541
vt 0.962802 0.873664
vt 0.994327 0.873664
vt 0.962802 0.887786
vt 0.994327 0.887786
vt 0.962802 0.901908
vt 0.994327 0.901908
vt 0.962802 0.916030
vt 0.994327 0.916030
vt 0.962802 0.930153
vt 0.994327 0.930153
vt 0.962802 0.944275
vt 0.994327 0.944275
vt 0.962802 0.958397
vt 0.994327 0.958397
vt 0.962802 0.972519
vt 0.994327 0.972519
vt 0.962802 0.986642
vt 0.994327 0.647707
vt 0.962802 0.661830
vt 0.962802 0.647707
vt 0.994327 0.661830
vt 0.962802 0.675952
vt 0.994327 0.675952
vt 0.962802 0.690074
vt 0.994327 0.690074
vt 0.962802 0.704196
vt 0.994327 0.704196
vt 0.962802 0.718319
vt 0.994327 0.718319
vt 0.962802 0.732441
vt 0.994327 0.732441
vt 0.962802 0.746563
vt 0.994327 0.746563
vt 0.962802 0.760685
vt 0.994327 0.760685
vt 0.962802 0.774808
vt 0.994327 0.774808
vt 0.962802 0.788930
vt 0.994327 0.788930
vt 0.962802 0.803052
vt 0.994327 0.803052
vt 0.994327 0.986642
vt 0.228492 0.766132
vt 0.243272 0.773513
vt 0.228492 0.773513
vt 0.956618 0.068427
vt 0.956618 0.083729
vt 0.956618 0.099030
vt 0.956618 0.114331
vt 0.956618 0.129633
vt 0.956618 0.144934
vt 0.956618 0.160235
vt 0.956618 0.175537
vt 0.956618 0.190838
vt 0.956618 0.206139
vt 0.956618 0.221440
vt 0.956618 0.236742
vt 0.956618 0.053126
vt 0.256616 0.587695
vt 0.249486 0.570483
vt 0.260306 0.581303
vt 0.262738 0.562833
vt 0.266698 0.577613
vt 0.278039 0.562833
vt 0.274079 0.577613
vt 0.280471 0.581303
vt 0.291290 0.570483
vt 0.298941 0.583735
vt 0.284161 0.587695
vt 0.284161 0.595076
vt 0.298941 0.599036
vt 0.291290 0.612287
vt 0.280471 0.601468
vt 0.274079 0.605158
vt 0.278039 0.619938
vt 0.262738 0.619938
vt 0.266698 0.605158
vt 0.249486 0.612287
vt 0.260306 0.601468
vt 0.241836 0.599036
vt 0.256616 0.595076
vt 0.241836 0.583735
vt 0.150003 0.911632
vt 0.173858 0.918024
vt 0.156395 0.935487
vt 0.228492 0.788274
vt 0.243272 0.795655
vt 0.228492 0.795655
vt 0.228492 0.736609
vt 0.243272 0.743989
vt 0.228492 0.743989
vt 0.228492 0.721847
vt 0.243272 0.729228
vt 0.228492 0.729228
vt 0.228492 0.758751
vt 0.243272 0.766132
vt 0.243272 0.780893
vt 0.243272 0.788274
vt 0.243272 0.736609
vt 0.228492 0.803036
vt 0.243272 0.810416
vt 0.228492 0.810416
vt 0.228492 0.751370
vt 0.243272 0.758751
vt 0.228492 0.780893
vt 0.243272 0.803036
vt 0.243272 0.751370
vt 0.709475 0.020228
vt 0.751086 0.000337
vt 0.751086 0.020228
vt 0.709475 0.239037
vt 0.709475 0.219145
vt 0.751085 0.199254
vt 0.709475 0.199253
vt 0.751085 0.179362
vt 0.709475 0.159470
vt 0.751085 0.159470
vt 0.751085 0.139578
vt 0.709475 0.139578
vt 0.751085 0.119687
vt 0.709475 0.119687
vt 0.751085 0.099795
vt 0.709475 0.099795
vt 0.751085 0.079903
vt 0.709475 0.079903
vt 0.751085 0.060012
vt 0.662410 0.266209
vt 0.645184 0.201918
vt 0.709475 0.060012
vt 0.751085 0.040120
vt 0.709475 0.040120
vt 0.938390 0.053126
vt 0.150003 0.931796
vt 0.146312 0.925404
vt 0.146312 0.918024
vt 0.156395 0.907941
vt 0.163775 0.907941
vt 0.170167 0.911632
vt 0.173858 0.925404
vt 0.170167 0.931796
vt 0.163775 0.935487
vt 0.243272 0.721847
vt 0.709475 0.000336
vt 0.709475 0.179362
vt 0.699529 0.256264
vt 0.682302 0.266209
vt 0.645184 0.256264
vt 0.635238 0.239037
vt 0.635238 0.219145
vt 0.662410 0.191973
vt 0.682302 0.191973
vt 0.699529 0.201918
vt 0.412781 0.600293
vt 0.447115 0.786267
vt 0.412781 0.786267
vt 0.655773 0.769248
vt 0.646465 0.757291
vt 0.653842 0.756864
vt 0.731026 0.608897
vt 0.683109 0.715848
vt 0.673987 0.702396
vt 0.447115 0.535471
vt 0.412781 0.574095
vt 0.412781 0.535471
vt 0.643519 0.862347
vt 0.640886 0.850941
vt 0.652371 0.847264
vt 0.638652 0.850460
vt 0.636639 0.862785
vt 0.631443 0.859817
vt 0.447115 0.509172
vt 0.412781 0.516793
vt 0.412781 0.509172
vt 0.447115 0.516793
vt 0.412781 0.525615
vt 0.447115 0.525615
vt 0.447115 0.592701
vt 0.447115 0.600293
vt 0.412781 0.592701
vt 0.447115 0.583929
vt 0.412781 0.583929
vt 0.447115 0.574095
vt 0.604933 0.568400
vt 0.531964 0.587214
vt 0.531964 0.568400
vt 0.604933 0.606029
vt 0.531964 0.606029
vt 0.604933 0.455512
vt 0.531964 0.474327
vt 0.531964 0.455512
vt 0.604933 0.474327
vt 0.531964 0.493141
vt 0.604933 0.493142
vt 0.531964 0.511956
vt 0.604933 0.530771
vt 0.531964 0.530771
vt 0.511274 0.852424
vt 0.531804 0.802859
vt 0.581370 0.823389
vt 0.531964 0.549585
vt 0.604933 0.549585
vt 0.446973 0.265650
vt 0.412640 0.415503
vt 0.412640 0.265650
vt 0.412781 0.323198
vt 0.516590 0.709155
vt 0.588510 0.712864
vt 0.521473 0.722452
vt 0.446973 0.710876
vt 0.412639 0.681908
vt 0.446973 0.681908
vt 0.805523 0.631494
vt 0.813393 0.617237
vt 0.446973 0.532055
vt 0.640043 0.501669
vt 0.673401 0.488912
vt 0.646361 0.512610
vt 0.412640 0.454875
vt 0.446973 0.496004
vt 0.412640 0.496003
vt 0.446973 0.415503
vt 0.412640 0.430270
vt 0.446973 0.430270
vt 0.412640 0.443465
vt 0.446973 0.443465
vt 0.683182 0.623136
vt 0.680900 0.632689
vt 0.653904 0.617314
vt 0.412639 0.710876
vt 0.446973 0.735500
vt 0.412639 0.735500
vt 0.504567 0.258512
vt 0.465328 0.283679
vt 0.465328 0.258512
vt 0.447115 0.255884
vt 0.412781 0.274916
vt 0.412781 0.255884
vt 0.447115 0.323198
vt 0.560146 0.874505
vt 0.510580 0.853974
vt 0.531111 0.804409
vt 0.412640 0.532055
vt 0.649216 0.771736
vt 0.641330 0.769962
vt 0.627564 0.754032
vt 0.640055 0.747382
vt 0.634379 0.759821
vt 0.634272 0.764472
vt 0.622654 0.736008
vt 0.631608 0.749796
vt 0.520371 0.693207
vt 0.544588 0.749966
vt 0.811881 0.598457
vt 0.801392 0.580184
vt 0.531802 0.678883
vt 0.548273 0.664970
vt 0.774456 0.658721
vt 0.785106 0.561500
vt 0.609810 0.717537
vt 0.606566 0.723398
vt 0.607213 0.731110
vt 0.611576 0.738613
vt 0.624670 0.800397
vt 0.615122 0.810734
vt 0.664035 0.836051
vt 0.677533 0.822068
vt 0.679490 0.827514
vt 0.650242 0.858669
vt 0.654518 0.846571
vt 0.677874 0.834002
vt 0.673119 0.839797
vt 0.680257 0.615164
vt 0.660567 0.591726
vt 0.674022 0.641261
vt 0.633785 0.593367
vt 0.670297 0.458675
vt 0.700442 0.465214
vt 0.643833 0.481869
vt 0.639117 0.490417
vt 0.621807 0.719660
vt 0.663229 0.756133
vt 0.677342 0.746414
vt 0.629223 0.705049
vt 0.642943 0.696077
vt 0.684312 0.731957
vt 0.659321 0.695108
vt 0.604933 0.587214
vt 0.604933 0.511956
vt 0.581370 0.852424
vt 0.560839 0.872955
vt 0.531804 0.872955
vt 0.511274 0.823389
vt 0.560839 0.802859
vt 0.446973 0.454875
vt 0.504567 0.283679
vt 0.447115 0.274916
vt 0.560146 0.804409
vt 0.580676 0.824939
vt 0.580676 0.853974
vt 0.531111 0.874505
vt 0.510580 0.824939
vt 0.667001 0.822261
vt 0.662613 0.808774
vt 0.626831 0.847723
vt 0.616099 0.837617
vt 0.652068 0.799233
vt 0.612012 0.824374
vt 0.638180 0.796150
vt 0.049333 0.393103
vt 0.056719 0.367919
vt 0.057243 0.393467
vt 0.049014 0.367742
vt 0.058216 0.341468
vt 0.050214 0.341489
vt 0.056363 0.315434
vt 0.048549 0.315527
vt 0.056812 0.288256
vt 0.048704 0.288517
vt 0.053956 0.261559
vt 0.046032 0.261886
vt 0.053463 0.233539
vt 0.045241 0.234071
vt 0.049528 0.206077
vt 0.041484 0.206725
vt 0.047846 0.177070
vt 0.039481 0.178037
vt 0.042244 0.148682
vt 0.034042 0.149940
vt 0.038224 0.118329
vt 0.029619 0.120286
vt 0.028899 0.088586
vt 0.020130 0.091446
vt 0.018582 0.057989
vt 0.180339 0.484432
vt 0.200389 0.463003
vt 0.186607 0.488547
vt 0.199605 0.432092
vt 0.192339 0.459952
vt 0.206428 0.405494
vt 0.207244 0.434157
vt 0.209195 0.377809
vt 0.214289 0.406953
vt 0.213208 0.351192
vt 0.216807 0.378743
vt 0.214126 0.323709
vt 0.221057 0.351885
vt 0.216784 0.297118
vt 0.221776 0.324113
vt 0.216582 0.269747
vt 0.224696 0.297386
vt 0.218218 0.243158
vt 0.224315 0.269797
vt 0.216997 0.215890
vt 0.226228 0.243098
vt 0.217544 0.189326
vt 0.224825 0.215629
vt 0.215034 0.162241
vt 0.225652 0.188924
vt 0.213874 0.135800
vt 0.222937 0.161574
vt 0.208829 0.109207
vt 0.222050 0.134794
vt 0.203469 0.083531
vt 0.216702 0.107579
vt 0.191969 0.059762
vt 0.211380 0.080836
vt 0.038478 0.467473
vt 0.033685 0.493445
vt 0.026911 0.489005
vt 0.051199 0.444065
vt 0.046291 0.470494
vt 0.044019 0.442955
vt 0.053886 0.419402
vt 0.046359 0.418638
vt 0.167973 0.137966
vt 0.160215 0.105757
vt 0.169987 0.106548
vt 0.340828 0.188084
vt 0.330506 0.216454
vt 0.331876 0.187947
vt 0.169529 0.167784
vt 0.158204 0.137724
vt 0.339704 0.216743
vt 0.331817 0.245671
vt 0.168727 0.198273
vt 0.160191 0.167626
vt 0.340723 0.245998
vt 0.329767 0.274029
vt 0.170397 0.227292
vt 0.159283 0.198221
vt 0.338930 0.274543
vt 0.330324 0.303213
vt 0.169276 0.256968
vt 0.161321 0.227102
vt 0.339206 0.303762
vt 0.327577 0.331501
vt 0.165183 0.423701
vt 0.158650 0.395956
vt 0.167011 0.396460
vt 0.170358 0.285248
vt 0.160090 0.256773
vt 0.336719 0.332214
vt 0.327561 0.360707
vt 0.167260 0.449749
vt 0.156610 0.423578
vt 0.168619 0.314106
vt 0.161530 0.284878
vt 0.333693 0.389740
vt 0.336426 0.361379
vt 0.172467 0.476584
vt 0.158775 0.450670
vt 0.169061 0.341645
vt 0.159683 0.313716
vt 0.333784 0.418815
vt 0.324539 0.389054
vt 0.179868 0.501131
vt 0.164290 0.478478
vt 0.166835 0.369685
vt 0.160476 0.341108
vt 0.332774 0.447174
vt 0.324877 0.418477
vt 0.345704 0.039273
vt 0.332481 0.068820
vt 0.335382 0.037141
vt 0.158135 0.369184
vt 0.337202 0.475910
vt 0.323464 0.447492
vt 0.342453 0.069975
vt 0.329673 0.099297
vt 0.345704 0.502226
vt 0.328339 0.477886
vt 0.339303 0.099868
vt 0.331184 0.129587
vt 0.171549 0.075379
vt 0.169558 0.040345
vt 0.179868 0.044214
vt 0.340279 0.129776
vt 0.329987 0.158530
vt 0.160811 0.073588
vt 0.339275 0.158705
vt 0.122208 0.205692
vt 0.123136 0.223048
vt 0.124394 0.319278
vt 0.124473 0.335667
vt 0.094039 0.345321
vt 0.091575 0.336125
vt 0.124016 0.263348
vt 0.124518 0.280135
vt 0.090791 0.373249
vt 0.063041 0.365019
vt 0.093187 0.364097
vt 0.063050 0.344329
vt 0.025431 0.058675
vt 0.034882 0.082805
vt 0.124579 0.492912
vt 0.085944 0.477883
vt 0.120880 0.479912
vt 0.153167 0.366055
vt 0.153654 0.344209
vt 0.284971 0.491514
vt 0.338011 0.505703
vt 0.287163 0.521942
vt 0.116481 0.077424
vt 0.117514 0.099246
vt 0.119269 0.145264
vt 0.120497 0.163674
vt 0.093423 0.310040
vt 0.121824 0.309192
vt 0.080586 0.488869
vt 0.051830 0.469042
vt 0.288529 0.380899
vt 0.289873 0.363722
vt 0.284891 0.441480
vt 0.286154 0.422659
vt 0.091310 0.319398
vt 0.062713 0.312212
vt 0.044384 0.120545
vt 0.048767 0.144216
vt 0.293958 0.267009
vt 0.294468 0.250204
vt 0.291912 0.323620
vt 0.292899 0.306779
vt 0.122046 0.446629
vt 0.088026 0.455485
vt 0.086741 0.445265
vt 0.154532 0.310599
vt 0.154589 0.288215
vt 0.091636 0.235013
vt 0.088395 0.225482
vt 0.056788 0.448240
vt 0.127463 0.519765
vt 0.290543 0.092519
vt 0.289969 0.072326
vt 0.293109 0.153048
vt 0.292641 0.135540
vt 0.294368 0.210380
vt 0.294372 0.193449
vt 0.123454 0.374054
vt 0.123234 0.390341
vt 0.058784 0.236201
vt 0.121990 0.429225
vt 0.053480 0.179609
vt 0.056025 0.202191
vt 0.250092 0.064169
vt 0.286956 0.059755
vt 0.154724 0.253691
vt 0.154260 0.230697
vt 0.087978 0.427577
vt 0.088710 0.197639
vt 0.119002 0.195084
vt 0.249599 0.076052
vt 0.215524 0.076103
vt 0.090475 0.389861
vt 0.260283 0.193386
vt 0.260363 0.210602
vt 0.257423 0.136875
vt 0.258379 0.154564
vt 0.252556 0.095964
vt 0.073669 0.514976
vt 0.087042 0.207742
vt 0.060377 0.258030
vt 0.290913 0.015179
vt 0.242449 0.037870
vt 0.233582 0.024876
vt 0.153709 0.195132
vt 0.152942 0.171416
vt 0.151679 0.420572
vt 0.206209 0.055415
vt 0.198494 0.055508
vt 0.151994 0.398978
vt 0.120788 0.400249
vt 0.061882 0.291009
vt 0.259016 0.304525
vt 0.257893 0.321723
vt 0.260625 0.248994
vt 0.260078 0.266126
vt 0.259234 0.126821
vt 0.289845 0.124798
vt 0.152470 0.134410
vt 0.152454 0.109459
vt 0.226673 0.131285
vt 0.249583 0.418440
vt 0.246670 0.437584
vt 0.255515 0.360497
vt 0.253752 0.378056
vt 0.156992 0.476279
vt 0.256458 0.106076
vt 0.154813 0.069077
vt 0.160326 0.042484
vt 0.084004 0.167127
vt 0.081912 0.148324
vt 0.076492 0.104098
vt 0.072573 0.082226
vt 0.228403 0.513091
vt 0.237048 0.485294
vt 0.154006 0.454103
vt 0.119490 0.457566
vt 0.223724 0.109676
vt 0.325461 0.064592
vt 0.262623 0.183804
vt 0.291940 0.183036
vt 0.320481 0.475142
vt 0.318195 0.450976
vt 0.328964 0.039509
vt 0.286007 0.032051
vt 0.230527 0.185808
vt 0.324007 0.126238
vt 0.261221 0.164157
vt 0.319072 0.391933
vt 0.090849 0.281573
vt 0.090055 0.264429
vt 0.324113 0.102592
vt 0.288101 0.104167
vt 0.229639 0.164336
vt 0.122432 0.290433
vt 0.121263 0.233731
vt 0.121125 0.253054
vt 0.118734 0.174918
vt 0.115433 0.111831
vt 0.115812 0.133974
vt 0.114624 0.033729
vt 0.113107 0.063815
vt 0.281567 0.453098
vt 0.281768 0.477292
vt 0.284511 0.411384
vt 0.285166 0.391303
vt 0.322123 0.334359
vt 0.288321 0.353069
vt 0.288744 0.333824
vt 0.324378 0.277004
vt 0.291124 0.296305
vt 0.291055 0.277240
vt 0.325185 0.219577
vt 0.292381 0.239804
vt 0.291744 0.220726
vt 0.324675 0.161791
vt 0.290718 0.163688
vt 0.119608 0.418936
vt 0.122168 0.345666
vt 0.121138 0.364064
vt 0.061812 0.396549
vt 0.090939 0.418227
vt 0.060365 0.416966
vt 0.092547 0.399152
vt 0.262736 0.220137
vt 0.231244 0.240199
vt 0.231384 0.218722
vt 0.263338 0.239578
vt 0.262125 0.275717
vt 0.229832 0.294663
vt 0.230768 0.273137
vt 0.262067 0.295184
vt 0.259650 0.331438
vt 0.226341 0.349346
vt 0.228128 0.327705
vt 0.258942 0.351124
vt 0.255193 0.388103
vt 0.219866 0.404702
vt 0.223033 0.382717
vt 0.253669 0.408668
vt 0.213167 0.439072
vt 0.243700 0.473532
vt 0.206531 0.461756
vt 0.247497 0.448884
vt 0.072950 0.069125
vt 0.066559 0.039417
vt 0.083272 0.137458
vt 0.081278 0.114892
vt 0.087754 0.177017
vt 0.091945 0.254751
vt 0.093689 0.290894
vt 0.056664 0.025195
vt 0.119881 0.015179
vt 0.317968 0.414800
vt 0.320769 0.356954
vt 0.323472 0.299592
vt 0.324868 0.242232
vt 0.324821 0.184658
vt 0.009813 0.061933
vt 0.172648 0.504207
vn 0.707100 -0.000000 -0.707100
vn 0.965900 -0.000000 -0.258800
vn -0.258800 -0.000000 -0.965900
vn 0.258800 -0.000000 -0.965900
vn -0.965900 -0.000000 -0.258800
vn -0.707100 -0.000000 -0.707100
vn 0.965900 -0.000000 0.258800
vn 0.707100 -0.000000 0.707100
vn -0.707100 -0.000000 0.707100
vn -0.965900 -0.000000 0.258800
vn 0.258800 -0.000000 0.965900
vn -0.258800 -0.000000 0.965900
vn -0.000000 -0.000000 1.000000
vn 0.707100 0.707100 -0.000000
vn 0.965900 0.258800 -0.000000
vn -0.258800 0.965900 -0.000000
vn 0.258800 0.965900 -0.000000
vn -0.965900 0.258800 -0.000000
vn -0.707100 0.707100 -0.000000
vn 0.965900 -0.258800 -0.000000
vn 0.707100 -0.707100 -0.000000
vn -0.707100 -0.707100 -0.000000
vn -0.965900 -0.258800 -0.000000
vn 0.258800 -0.965900 -0.000000
vn -0.258800 -0.965900 -0.000000
vn -0.000000 1.000000 -0.000000
vn 1.000000 -0.000000 -0.000000
vn -0.000000 -0.923900 0.382700
vn -0.000000 -1.000000 -0.000000
vn -0.000000 0.923900 -0.382700
vn -0.000000 -0.923900 -0.382700
vn -0.000000 0.923900 0.382700
vn -0.000000 -0.382700 -0.923900
vn -0.000000 0.382700 0.923900
vn -0.000000 -0.000000 -1.000000
vn -0.000000 -0.382700 0.923900
vn -0.000000 0.382700 -0.923900
vn -1.000000 -0.000000 -0.000000
vn 0.500000 0.866000 -0.000000
vn 0.500000 -0.866000 -0.000000
vn -0.500000 0.866000 -0.000000
vn -0.500000 -0.866000 -0.000000
vn 0.382700 -0.000000 -0.923900
vn -0.382700 -0.000000 -0.923900
vn -0.000000 1.000000 0.000100
vn -0.923900 -0.382700 -0.000000
vn -0.980800 -0.195100 -0.000000
vn 0.923900 -0.382700 -0.000000
vn 0.923900 0.382700 -0.000000
vn 0.382700 0.923900 -0.000000
vn -0.382700 0.923900 -0.000000
vn -0.831500 0.555600 -0.000000
vn -0.923900 0.382700 -0.000000
vn -0.000000 1.000000 -0.000100
vn -0.000100 -1.000000 -0.000000
vn 0.382700 -0.923900 -0.000000
vn -0.831500 -0.555600 -0.000000
vn -0.980800 0.195100 -0.000000
vn -0.480400 0.160500 0.862200
vn -0.202900 0.158200 0.966300
vn -0.401600 0.114000 0.908700
vn 0.171600 -0.748700 -0.640300
vn -0.000000 -0.748700 -0.662900
vn -0.000000 -0.748700 0.662900
vn -0.171600 -0.748700 0.640300
vn -0.662900 -0.748700 -0.000000
vn -0.640300 -0.748700 0.171600
vn -0.171600 -0.748700 -0.640300
vn -0.331500 -0.748700 -0.574100
vn 0.640300 -0.748700 -0.171600
vn 0.662900 -0.748700 -0.000000
vn 0.331500 -0.748700 0.574100
vn 0.171600 -0.748700 0.640300
vn -0.574100 -0.748700 0.331500
vn -0.468800 -0.748700 0.468800
vn -0.468800 -0.748700 -0.468800
vn -0.574100 -0.748700 -0.331500
vn 0.574100 -0.748700 -0.331500
vn 0.468800 -0.748700 -0.468800
vn 0.468800 -0.748700 0.468800
vn 0.574100 -0.748700 0.331500
vn -0.331500 -0.748700 0.574100
vn -0.640300 -0.748700 -0.171600
vn 0.331500 -0.748700 -0.574100
vn 0.640300 -0.748700 0.171600
vn -0.130500 -0.000000 -0.991400
vn -0.043800 -0.000000 -0.999000
vn -0.176100 -0.000000 0.984400
vn -0.372300 -0.000000 0.928100
vn 0.130500 -0.000000 0.991400
vn 0.848900 0.197900 0.490100
vn 0.693100 0.197900 0.693100
vn -0.253700 0.197900 -0.946800
vn -0.000000 0.197900 -0.980200
vn 0.490100 0.197900 -0.848900
vn 0.253700 0.197900 -0.946800
vn -1.000000 0.009900 -0.000000
vn 0.490100 0.197900 0.848900
vn 0.693100 0.197900 -0.693100
vn 0.253700 0.197900 0.946800
vn 0.848900 0.197900 -0.490100
vn -0.000000 0.197900 0.980200
vn 0.946800 0.197900 -0.253700
vn -0.253700 0.197900 0.946800
vn 0.980200 0.197900 -0.000000
vn -0.480400 0.160500 -0.862200
vn -0.406900 0.185800 -0.894400
vn -0.490100 0.197900 0.848900
vn 0.946800 0.197900 0.253700
vn -0.490100 0.197900 -0.848900
vn -0.406900 0.185800 0.894400
vn 0.124600 0.989600 0.072000
vn 0.123900 0.989700 -0.071500
vn 0.188600 0.976400 -0.105600
vn 0.130500 -0.000000 -0.991400
vn 0.217700 -0.000000 -0.976000
vn -0.043800 -0.000000 0.999000
vn 0.176700 -0.000000 0.984300
vn 0.217600 -0.000000 0.976000
vn -0.372200 -0.000000 -0.928200
vn 0.999800 -0.000000 0.020100
vn -0.308200 -0.951300 -0.000000
vn -0.308200 -0.951300 0.007500
vn -0.310700 -0.950500 0.010400
vn 0.335200 0.942100 -0.000000
vn 0.339100 0.940600 0.015700
vn 0.339100 0.940600 -0.015700
vn 0.338200 0.940900 -0.020600
vn 0.335200 0.942100 -0.004600
vn -0.308200 -0.951300 -0.007500
vn 0.329800 0.944000 -0.007200
vn -0.315000 -0.932600 0.176300
vn -0.329800 -0.944000 0.007100
vn -0.330200 -0.943900 -0.000000
vn -0.176200 -0.000000 -0.984400
vn 0.189700 0.976100 0.106200
vn 0.331700 0.943400 0.007100
vn 0.332100 0.943300 -0.000000
vn -0.316700 -0.931800 -0.177200
vn -0.331700 -0.943400 -0.007200
vn -0.316100 -0.931000 -0.182500
vn -0.310700 -0.950500 -0.010400
vn 0.338200 0.940900 0.020600
vn 0.345900 0.937500 0.038400
vn -0.311100 -0.950200 0.021400
vn -0.318300 -0.947200 0.037700
vn 0.999800 -0.000000 -0.020100
vn -0.311100 -0.950200 -0.021400
vn -0.999800 -0.000000 0.020100
vn -0.999800 -0.000000 -0.020100
vn -0.000000 0.999500 -0.032900
vn -0.191900 0.981000 -0.028400
vn -0.000000 0.999500 0.032900
vn -0.191900 0.981000 0.028400
vn -0.198300 0.979700 0.028200
vn -0.000000 -0.999900 0.014000
vn -0.192300 -0.981300 0.009900
vn -0.000000 -0.999900 -0.014000
vn -0.192300 -0.981300 -0.009900
vn -0.197800 -0.980200 -0.009800
vn -0.980200 -0.197200 0.016900
vn -0.981600 0.190600 0.013500
vn -0.981100 -0.192900 0.017000
vn -0.981600 0.190600 -0.013500
vn -0.980200 -0.197200 -0.016900
vn -0.981100 -0.192900 -0.017000
vn -0.382700 0.923600 0.022700
vn -0.923900 0.382600 -0.006000
vn -0.923800 -0.382700 -0.013200
vn -0.382600 -0.923900 0.005300
vn -0.197800 -0.980200 0.009800
vn -0.382700 -0.923900 0.005300
vn -0.923900 0.382600 0.006000
vn -0.382700 0.923600 -0.022700
vn -0.198300 0.979700 -0.028200
vn -0.382600 -0.923900 -0.005300
vn -0.382700 -0.923900 -0.005300
vn -0.923800 -0.382700 0.013200
vn -0.401600 0.114000 -0.908700
vn -0.130500 -0.000000 0.991400
vn 0.335200 0.942100 0.004600
vn 0.345900 0.937500 -0.038400
vn 0.176400 -0.000000 0.984300
vn 0.188700 0.976300 -0.105500
vn 0.330200 0.943900 -0.000000
vn 0.329800 0.944000 -0.007100
vn -0.314400 -0.931800 0.181500
vn -0.332100 -0.943300 -0.000000
vn -0.331700 -0.943400 -0.007100
vn -0.176000 -0.000000 0.984400
vn -0.318300 -0.947200 -0.037700
vn 0.980800 -0.195100 -0.000000
vn -0.382700 -0.923900 -0.000000
vn 0.831500 -0.555600 -0.000000
vn 0.980800 0.195100 -0.000000
vn 0.640400 -0.748700 -0.171600
vn -0.640400 -0.748700 -0.171600
vn 0.640400 -0.748700 0.171600
vn -0.202900 0.158200 -0.966300
vn -0.316700 -0.931800 -0.177300
vn 0.176600 -0.000000 -0.984300
vn -0.979800 0.199400 -0.013200
vn -0.979800 0.199400 0.013200
vn -0.134500 -0.365300 -0.921100
vn -0.135300 -0.367800 -0.920000
vn -0.135300 -0.367900 -0.920000
vn -0.319900 -0.869600 -0.376200
vn -0.320200 -0.870600 -0.373600
vn -0.320200 -0.870600 -0.373500
vn -0.320200 -0.870600 0.373600
vn -0.319900 -0.869600 0.376200
vn -0.320200 -0.870600 0.373500
vn -0.135300 -0.367800 0.920000
vn -0.134500 -0.365300 0.921100
vn -0.135300 -0.367900 0.920000
vn 0.135400 0.367800 0.920000
vn 0.134600 0.365300 0.921100
vn 0.320700 0.870400 0.373600
vn 0.320400 0.869400 0.376200
vn 0.320400 0.869400 -0.376200
vn 0.320700 0.870400 -0.373600
vn 0.320700 0.870400 -0.373500
vn 0.134600 0.365300 -0.921100
vn 0.135400 0.367800 -0.920000
vn -1.000000 -0.000000 0.006500
vn 0.928700 -0.370700 -0.006100
vn -0.134500 -0.365200 -0.921100
vn 0.134500 0.365200 0.921100
vn 0.134500 0.365200 -0.921100
vn 0.500000 -0.000000 -0.866000
vn 0.866000 -0.000000 -0.500000
vn 0.866000 -0.000000 0.500000
vn 0.500000 -0.000000 0.866000
vn -0.500000 -0.000000 0.866000
vn -0.866000 -0.000000 0.500000
vn -0.866000 -0.000000 -0.500000
vn -0.500000 -0.000000 -0.866000
vn -0.195100 -0.980800 -0.000000
vn 0.195100 -0.980800 -0.000000
vn 0.555600 -0.831500 -0.000000
vn -0.555600 -0.831500 -0.000000
vn 0.831500 0.555600 -0.000000
vn 0.555600 0.831500 -0.000000
vn -0.555600 0.831500 -0.000000
vn 0.195100 0.980800 -0.000000
vn -0.195100 0.980800 -0.000000
vn -0.421000 0.907100 -0.000000
vn -0.907100 0.421000 -0.000000
vn -0.575100 -0.818100 -0.000000
vn 0.089000 -0.996000 -0.000000
vn 0.996000 -0.089000 -0.000000
vn 0.818100 0.575100 -0.000000
vn -0.818100 0.575100 -0.000000
vn -0.996000 -0.089000 -0.000000
vn -0.866000 -0.500000 -0.000000
vn -0.089000 -0.996000 -0.000000
vn 0.575100 -0.818100 -0.000000
vn 0.866000 -0.500000 -0.000000
vn 0.907100 0.421000 -0.000000
vn 0.421000 0.907100 -0.000000
vn -0.866000 0.500000 -0.000000
vn 0.866000 0.500000 -0.000000
vn 0.000500 1.000000 -0.000000
vn -0.000000 0.999900 -0.014800
vn -0.000000 0.999800 0.022100
vn -0.000000 -0.999900 0.014900
vn 0.000200 -0.999900 -0.011400
vn -0.000700 -0.000400 1.000000
vn -0.000800 -0.000000 1.000000
vn 0.000700 0.000400 1.000000
vn 0.000400 0.000700 1.000000
vn -0.000400 0.000700 1.000000
vn -0.000000 0.000800 1.000000
vn 0.000400 -0.000700 1.000000
vn 0.000700 -0.000400 1.000000
vn -0.000400 -0.000700 1.000000
vn -0.000700 0.000400 1.000000
vn 0.000800 -0.000000 1.000000
vn -0.000000 -0.000800 1.000000
vn 0.089000 0.996000 -0.000000
vn 0.996000 0.089000 -0.000000
vn 0.818100 -0.575100 -0.000000
vn 0.380500 -0.102000 -0.919100
vn 0.121900 -0.032700 -0.992000
vn -0.421000 -0.907100 -0.000000
vn -0.907100 -0.421000 -0.000000
vn -0.575100 0.818100 -0.000000
vn 0.680600 0.680600 0.271400
vn 0.929700 -0.249100 0.271400
vn 0.249100 -0.929700 0.271400
vn -0.680600 -0.680600 0.271400
vn -0.929700 0.249100 0.271400
vn -0.249100 0.929700 0.271400
vn -0.583800 -0.583800 0.564300
vn 0.797400 -0.213700 0.564300
vn 0.278500 0.278500 -0.919100
vn 0.089200 0.089200 -0.992000
vn 0.102000 -0.380500 -0.919100
vn 0.032700 -0.121900 -0.992000
vn -0.380500 0.102000 -0.919100
vn -0.121900 0.032700 -0.992000
vn 0.278500 0.278500 0.919100
vn 0.089200 0.089200 0.992000
vn -0.380500 0.102000 0.919100
vn -0.121900 0.032700 0.992000
vn 0.827000 -0.221600 -0.516700
vn 0.875300 -0.234500 -0.422900
vn 0.221600 -0.827000 -0.516700
vn 0.234500 -0.875300 -0.422900
vn 0.102000 -0.380500 0.919100
vn 0.032700 -0.121900 0.992000
vn -0.108000 0.402900 0.908900
vn -0.188400 0.702900 0.685900
vn -0.605400 -0.605400 -0.516700
vn -0.640800 -0.640800 -0.422900
vn 0.402900 -0.108000 -0.908900
vn 0.702900 -0.188400 -0.685900
vn -0.797400 0.213700 0.564300
vn 0.380500 -0.102000 0.919100
vn 0.121900 -0.032700 0.992000
vn -0.402900 0.108000 0.908900
vn -0.702900 0.188300 0.685900
vn -0.294900 -0.294900 -0.908900
vn -0.514600 -0.514600 -0.685900
vn 0.583800 0.583800 0.564300
vn -0.278500 -0.278500 0.919100
vn -0.089200 -0.089200 0.992000
vn 0.294900 0.294900 0.908900
vn 0.514600 0.514600 0.685900
vn -0.402900 0.107900 -0.908900
vn -0.702900 0.188400 -0.685900
vn -0.402900 0.108000 -0.908900
vn 0.402900 -0.108000 0.908900
vn 0.702900 -0.188400 0.685900
vn -0.827000 0.221600 -0.516700
vn -0.875300 0.234500 -0.422900
vn -0.221600 0.827000 -0.516700
vn -0.234500 0.875300 -0.422900
vn -0.107900 0.402900 -0.908900
vn -0.188300 0.702900 -0.685900
vn -0.108000 0.402900 -0.908900
vn 0.213700 -0.797400 0.564300
vn -0.102000 0.380500 0.919100
vn -0.032700 0.121900 0.992000
vn 0.108000 -0.402900 0.908900
vn 0.188300 -0.702900 0.685900
vn 0.188400 -0.702900 0.685900
vn -0.294900 -0.294900 0.908900
vn -0.514600 -0.514600 0.685900
vn 0.605400 0.605400 -0.516700
vn 0.640800 0.640800 -0.422900
vn -0.278500 -0.278500 -0.919100
vn -0.089200 -0.089200 -0.992000
vn 0.294900 0.294900 -0.908900
vn 0.514600 0.514600 -0.685900
vn -0.213700 0.797400 0.564300
vn -0.402900 0.107900 0.908900
vn 0.188400 -0.702900 -0.685900
vn -0.702900 0.188300 -0.685900
vn -0.102000 0.380500 -0.919100
vn -0.032700 0.121900 -0.992000
vn 0.107900 -0.402900 -0.908900
vn 0.108000 -0.402900 -0.908900
vn 0.586000 0.171400 0.792000
vn 0.334600 -0.463200 0.820700
vn 0.143600 -0.927900 0.344200
vn 0.143600 -0.927900 -0.344200
vn 0.334600 -0.463200 -0.820700
vn -0.930500 0.366300 -0.000000
vn -0.932100 0.362200 -0.004300
vn -0.933200 0.359300 -0.003100
vn -0.932100 0.362200 0.004300
vn -0.933200 0.359300 0.003100
vn -0.238200 -0.313900 -0.919100
vn -0.238900 -0.311300 -0.919800
vn -0.242200 -0.300300 -0.922600
vn -0.588500 -0.721500 -0.364800
vn -0.590300 -0.717400 -0.369900
vn -0.592400 -0.712700 -0.375700
vn -0.590300 -0.717400 0.370000
vn -0.588500 -0.721500 0.364800
vn -0.592400 -0.712700 0.375700
vn -0.238900 -0.311300 0.919800
vn -0.238200 -0.313900 0.919100
vn -0.242200 -0.300200 0.922600
vn 0.194500 0.329600 0.923900
vn 0.204300 0.317200 0.926100
vn 0.216000 0.302200 0.928500
vn 0.315500 0.864800 0.390500
vn 0.377500 0.827900 0.414900
vn 0.407100 0.808000 0.426000
vn 0.377500 0.827900 -0.414900
vn 0.315400 0.864900 -0.390500
vn 0.407100 0.808000 -0.426000
vn 0.204300 0.317200 -0.926100
vn 0.194500 0.329600 -0.923900
vn 0.216000 0.302200 -0.928500
vn 0.152900 0.359400 -0.920600
vn 0.362900 0.853100 -0.374900
vn 0.362900 0.853100 0.374900
vn 0.152900 0.359400 0.920600
vn -0.152900 -0.359400 0.920600
vn -0.362900 -0.853100 0.374900
vn -0.362900 -0.853100 -0.374900
vn -0.152900 -0.359400 -0.920600
vn 0.744900 0.587300 0.316500
vn 0.744900 0.587300 -0.316500
vn 0.586000 0.171400 -0.792000
vn 0.334500 -0.463200 -0.820700
vn -0.234100 -0.327400 -0.915400
vn -0.586200 -0.726600 -0.358300
vn -0.590300 -0.717400 0.369900
vn -0.586200 -0.726600 0.358300
vn -0.234100 -0.327400 0.915400
vn 0.177000 0.351400 0.919300
vn 0.315400 0.864900 0.390500
vn 0.272400 0.887000 0.372700
vn 0.272400 0.887000 -0.372700
vn 0.177000 0.351400 -0.919300
vn 0.143600 -0.927800 -0.344200
vn -0.930900 0.365100 0.003000
vn -0.931000 0.365100 -0.003100
vn -0.933200 0.359300 -0.003000
vn -0.933700 0.358100 -0.000000
vn -0.931000 0.365100 0.003100
vn -0.930900 0.365100 -0.003000
vn -0.933200 0.359300 0.003000
vn 0.377400 0.827900 0.414900
vn -0.894700 0.446700 -0.000000
vn -0.806600 0.591100 -0.000000
vn -0.669600 -0.742700 -0.000000
vn -0.512200 -0.858900 -0.000000
vn 0.689400 -0.724400 -0.000000
vn 0.550500 -0.834800 -0.000000
vn -0.218200 -0.975900 -0.000000
vn -0.957200 0.289500 -0.000000
vn -0.956600 -0.291300 -0.000000
vn -0.869200 -0.494500 -0.000000
vn -0.590100 -0.807300 -0.000000
vn -0.666900 -0.745200 -0.000000
vn 0.806500 -0.591300 -0.000000
vn 0.669500 0.742900 -0.000000
vn 0.591900 0.806000 -0.000000
vn 0.590100 0.807300 -0.000000
vn -0.806300 0.591500 -0.000000
vn -0.867200 -0.497900 -0.000000
vn -0.955200 -0.295900 -0.000000
vn -0.959400 0.281900 -0.000000
vn 0.868300 0.496000 -0.000000
vn 0.669400 0.742900 -0.000000
vn 0.955700 0.294200 -0.000000
vn 0.959400 -0.282200 -0.000000
vn 0.896300 -0.443500 -0.000000
vn -0.004700 1.000000 -0.000000
vn -0.669600 -0.742800 -0.000000
vn 0.550500 -0.834900 -0.000000
vn -0.896400 0.443300 -0.000000
vn -0.869100 -0.494600 -0.000000
vn 0.522500 0.852600 -0.000000
vn -0.233400 0.972400 -0.000000
vn -0.852600 0.522500 -0.000000
vn -0.972400 -0.233400 -0.000000
vn -0.522500 -0.852600 -0.000000
vn 0.233400 -0.972400 -0.000000
vn 0.852600 -0.522500 -0.000000
vn 0.972400 0.233400 -0.000000
vn -0.959500 0.281900 -0.000000
vn 0.000200 -0.000100 -1.000000
vn -0.972400 -0.233500 -0.000000
vn -1.000000 -0.000700 -0.004400
vn -1.000000 0.000600 -0.004200
vn -1.000000 0.000800 -0.004300
vn -1.000000 0.002600 -0.004800
vn 1.000000 0.000800 0.004300
vn 1.000000 -0.000700 0.004400
vn 1.000000 0.000600 0.004200
vn 1.000000 -0.002300 0.004700
vn 1.000000 -0.000800 0.004400
vn -1.000000 -0.002300 -0.004700
vn -1.000000 -0.000800 -0.004400
vn 1.000000 -0.002500 0.004700
vn 0.039200 0.011900 -0.999200
vn 0.040700 -0.004000 -0.999200
vn 0.039100 0.011900 -0.999200
vn 0.031700 0.026000 -0.999200
vn 0.031600 0.025900 -0.999200
vn 0.019300 0.036200 -0.999200
vn 0.019300 0.036100 -0.999200
vn 0.004000 0.040800 -0.999200
vn -0.011900 0.039300 -0.999200
vn -0.026100 0.031800 -0.999200
vn -0.026000 0.031700 -0.999200
vn -0.036200 0.019400 -0.999200
vn -0.040900 0.004000 -0.999200
vn -0.039300 -0.011900 -0.999200
vn -0.031700 -0.026000 -0.999200
vn -0.019300 -0.036100 -0.999200
vn -0.019300 -0.036200 -0.999200
vn -0.004000 -0.040700 -0.999200
vn -0.004000 -0.040800 -0.999200
vn 0.011900 -0.039100 -0.999200
vn 0.011900 -0.039200 -0.999200
vn 0.025900 -0.031600 -0.999200
vn 0.036100 -0.019300 -0.999200
vn 0.036000 -0.019300 -0.999200
vn -0.011800 0.038800 0.999200
vn -0.019100 -0.035800 0.999200
vn -0.004000 -0.040500 0.999200
vn -0.019200 -0.035900 0.999200
vn 0.004000 0.040400 0.999200
vn -0.031300 -0.025700 0.999200
vn -0.031400 -0.025800 0.999200
vn 0.019200 0.035900 0.999200
vn -0.038800 -0.011800 0.999200
vn 0.040500 -0.004000 0.999200
vn 0.019100 0.035800 0.999200
vn 0.031500 0.025800 0.999200
vn 0.035900 -0.019200 0.999200
vn 0.031400 0.025800 0.999200
vn -0.040300 0.004000 0.999200
vn 0.039000 0.011800 0.999200
vn -0.040400 0.004000 0.999200
vn 0.025800 -0.031500 0.999200
vn 0.038900 0.011800 0.999200
vn -0.035700 0.019100 0.999200
vn 0.011800 -0.038900 0.999200
vn 0.011800 -0.039000 0.999200
vn -0.025700 0.031300 0.999200
vn -0.004000 -0.040400 0.999200
vn 0.287400 0.947600 0.139700
vn 0.278000 0.916500 0.287500
vn 0.287500 0.947700 0.138900
vn 0.872900 0.466600 0.142900
vn 0.843900 0.451100 0.290400
vn 0.873000 0.466600 0.142200
vn -0.383200 0.923600 -0.003900
vn -0.382200 0.924100 -0.003700
vn -0.382000 0.924100 -0.003700
vn 0.628000 0.765200 0.141400
vn 0.607300 0.740000 0.289000
vn 0.628100 0.765300 0.140600
vn 0.194500 -0.980900 0.003100
vn 0.193400 -0.981100 0.003400
vn 0.194700 -0.980900 0.003000
vn -0.380800 0.924600 -0.004200
vn -0.380600 0.924700 -0.004200
vn -0.071900 0.087600 -0.993600
vn -0.071900 0.087700 -0.993500
vn -0.555600 -0.831400 -0.000500
vn -0.555500 -0.831500 -0.000500
vn 0.107500 0.032600 0.993700
vn -0.765800 0.628500 0.136000
vn -0.741100 0.608200 0.284400
vn -0.765800 0.628500 0.135900
vn -0.467000 0.873600 0.136800
vn -0.451900 0.845400 0.284900
vn -0.467000 0.873700 0.136400
vn -0.097100 0.985600 0.138100
vn -0.093900 0.953600 0.286000
vn -0.097100 0.985700 0.137400
vn 0.556100 -0.831100 0.004400
vn 0.555100 -0.831800 0.004200
vn 0.556200 -0.831000 0.004400
vn -0.555400 -0.831600 -0.000500
vn -0.953900 -0.094000 0.284900
vn -0.985800 -0.097100 0.136800
vn -0.985900 -0.097100 0.136400
vn -0.917400 0.278300 0.284400
vn -0.948000 0.287600 0.136000
vn -0.948100 0.287600 0.135900
vn 0.554900 -0.831900 0.004300
vn 0.553700 -0.832700 0.004700
vn -0.032900 0.108500 -0.993600
vn -0.032900 0.108400 -0.993600
vn -0.607600 -0.740400 0.287500
vn -0.628200 -0.765400 0.139700
vn -0.628200 -0.765500 0.138900
vn -0.845100 -0.451700 0.286000
vn -0.873500 -0.466900 0.138100
vn -0.873600 -0.466900 0.137400
vn 0.382600 0.923900 -0.000500
vn 0.382700 0.923900 -0.000500
vn 0.382800 0.923800 -0.000500
vn 0.086800 0.071200 0.993700
vn -0.924200 0.382000 -0.005000
vn -0.923600 0.383300 -0.004800
vn -0.923500 0.383500 -0.004800
vn 0.382900 0.923800 -0.000500
vn 0.739300 -0.606700 0.292100
vn 0.764900 -0.627700 0.144400
vn 0.764900 -0.627800 0.144300
vn 0.450900 -0.843600 0.291500
vn 0.466500 -0.872700 0.143900
vn 0.466500 -0.872800 0.143500
vn 0.093800 -0.952300 0.290400
vn 0.097000 -0.985000 0.142900
vn 0.097000 -0.985100 0.142200
vn -0.277900 -0.916100 0.289000
vn -0.287400 -0.947300 0.141400
vn -0.287400 -0.947400 0.140600
vn 0.984800 0.097000 0.143900
vn 0.952000 0.093800 0.291500
vn 0.984900 0.097000 0.143500
vn -0.922900 0.385100 -0.005400
vn -0.922800 0.385300 -0.005400
vn 0.946900 -0.287200 0.144400
vn 0.915200 -0.277600 0.292100
vn 0.946900 -0.287200 0.144300
vn 0.011100 0.112700 -0.993600
vn -0.831700 -0.555300 -0.002400
vn -0.831300 -0.555800 -0.002300
vn -0.831700 -0.555200 -0.002400
vn 0.052900 0.098900 0.993700
vn 0.913100 -0.277000 -0.299200
vn 0.945800 -0.286900 -0.151900
vn 0.945900 -0.286900 -0.151800
vn 0.980900 -0.194400 0.004800
vn 0.980700 -0.195700 0.004600
vn 0.980900 -0.194300 0.004800
vn -0.831200 -0.555900 -0.002300
vn -0.830800 -0.556600 -0.002500
vn 0.949400 0.093500 -0.299700
vn 0.983500 0.096900 -0.152700
vn 0.983600 0.096900 -0.152300
vn -0.286700 -0.945300 -0.155600
vn -0.276700 -0.912200 -0.302200
vn -0.286800 -0.945400 -0.154800
vn 0.096800 -0.983300 -0.154000
vn 0.093500 -0.949100 -0.300800
vn 0.096900 -0.983400 -0.153300
vn 0.465900 -0.871600 -0.152700
vn 0.449700 -0.841400 -0.299700
vn 0.465900 -0.871600 -0.152300
vn 0.764000 -0.627000 -0.151900
vn 0.737600 -0.605300 -0.299200
vn 0.764100 -0.627000 -0.151800
vn 0.980600 -0.195900 0.004600
vn 0.980300 -0.197500 0.005100
vn 0.053300 0.099800 -0.993600
vn 0.707300 0.706900 0.001500
vn 0.707000 0.707200 0.001400
vn 0.706900 0.707300 0.001400
vn 0.011000 0.111500 0.993700
vn -0.194900 -0.980800 0.001400
vn -0.194300 -0.980900 0.001500
vn -0.194300 -0.980900 0.001600
vn 0.706600 0.707600 0.001600
vn 0.706500 0.707700 0.001600
vn -0.000400 1.000000 -0.002400
vn -0.001200 1.000000 -0.002500
vn 0.087400 0.071700 -0.993600
vn -0.870700 -0.465400 -0.158700
vn -0.839900 -0.448900 -0.305200
vn -0.870800 -0.465500 -0.158000
vn -0.626500 -0.763400 -0.157300
vn -0.604400 -0.736500 -0.303700
vn -0.626600 -0.763500 -0.156400
vn -0.980900 -0.194500 -0.003900
vn -0.980700 -0.195600 -0.003700
vn -0.032500 0.107200 0.993700
vn 0.195600 -0.980700 0.003200
vn 0.196700 -0.980500 0.003400
vn 0.196900 -0.980400 0.003400
vn -0.980600 -0.195800 -0.003700
vn -0.980400 -0.197100 -0.004100
vn -0.944600 0.286500 -0.160300
vn -0.910800 0.276300 -0.306800
vn -0.944600 0.286500 -0.160100
vn -0.982400 -0.096800 -0.159800
vn -0.947400 -0.093300 -0.306200
vn -0.982500 -0.096800 -0.159300
vn -0.555800 -0.831300 -0.000500
vn 0.108100 0.032800 -0.993600
vn 0.924100 0.382200 0.003200
vn 0.923700 0.383100 0.003000
vn 0.923700 0.383200 0.003100
vn -0.071000 0.086500 0.993700
vn -0.093300 0.947700 -0.305200
vn -0.096800 0.982600 -0.158700
vn -0.096800 0.982700 -0.158000
vn -0.448700 0.839600 -0.306200
vn -0.465300 0.870600 -0.159800
vn -0.465400 0.870700 -0.159300
vn -0.735700 0.603800 -0.306800
vn -0.763000 0.626200 -0.160300
vn -0.763000 0.626200 -0.160100
vn 0.382400 0.924000 -0.000500
vn 0.923200 0.384200 0.003400
vn 0.923200 0.384400 0.003400
vn -0.832200 -0.554500 -0.002500
vn -0.832200 -0.554400 -0.002500
vn -0.980600 0.195800 -0.004800
vn -0.980900 0.194500 -0.004600
vn -0.980600 0.195900 -0.004800
vn -0.098700 0.052800 0.993700
vn 0.707600 0.706600 0.001600
vn -0.980900 0.194200 -0.004600
vn -0.981300 0.192600 -0.005100
vn -0.981200 -0.193100 -0.004100
vn -0.981200 -0.192900 -0.004200
vn -0.111400 0.011000 0.993700
vn 0.604700 0.736900 -0.302200
vn 0.626700 0.763600 -0.155600
vn 0.626700 0.763700 -0.154800
vn 0.924500 0.381100 0.003400
vn 1.000000 0.002300 0.004700
vn 1.000000 0.002500 0.004800
vn 0.841100 0.449600 -0.300800
vn 0.871400 0.465800 -0.154000
vn 0.871500 0.465800 -0.153300
vn 0.276600 0.911700 -0.303700
vn 0.286700 0.945000 -0.157300
vn 0.286700 0.945200 -0.156400
vn 0.752900 0.617900 0.226900
vn 0.688900 0.565400 0.453500
vn 0.753100 0.618000 0.225600
vn 0.459300 0.859200 0.225300
vn 0.420400 0.786600 0.452300
vn 0.459400 0.859500 0.223900
vn 0.095500 0.970000 0.223600
vn 0.087500 0.888200 0.451000
vn 0.095600 0.970300 0.222300
vn -0.283000 0.933000 0.222100
vn -0.259200 0.854600 0.450000
vn -0.283100 0.933300 0.221100
vn -0.618700 0.753900 0.220900
vn -0.566800 0.690600 0.449300
vn -0.618800 0.754000 0.220400
vn -0.860200 0.459800 0.220400
vn -0.788000 0.421200 0.449000
vn -0.889100 0.087600 0.449300
vn -0.970600 0.095600 0.220900
vn -0.970700 0.095600 0.220400
vn -0.854600 -0.259200 0.450000
vn -0.933000 -0.283000 0.222100
vn -0.933300 -0.283100 0.221100
vn -0.689900 -0.566200 0.451000
vn -0.753400 -0.618300 0.223600
vn -0.753700 -0.618500 0.222300
vn -0.420400 -0.786600 0.452300
vn -0.459300 -0.859200 0.225300
vn -0.459400 -0.859500 0.223900
vn -0.087400 -0.886900 0.453500
vn -0.095500 -0.969200 0.226900
vn -0.095500 -0.969500 0.225600
vn 0.258600 -0.852300 0.454600
vn 0.282600 -0.931700 0.228100
vn 0.282700 -0.931900 0.227100
vn 0.564800 -0.688200 0.455300
vn 0.617600 -0.752500 0.228800
vn 0.617600 -0.752600 0.228200
vn 0.785100 -0.419600 0.455600
vn 0.858500 -0.458900 0.228800
vn 0.968800 -0.095400 0.228800
vn 0.886000 -0.087300 0.455300
vn 0.968900 -0.095400 0.228200
vn 0.931700 0.282600 0.228100
vn 0.852300 0.258600 0.454600
vn 0.931900 0.282700 0.227100
vn 0.848600 0.257400 -0.462200
vn 0.929500 0.282000 -0.237700
vn 0.929700 0.282000 -0.236700
vn 0.882900 -0.087000 -0.461500
vn 0.966900 -0.095200 -0.236600
vn 0.882900 -0.086900 -0.461500
vn 0.967100 -0.095300 -0.236100
vn 0.857000 -0.458100 -0.236000
vn 0.782500 -0.418300 -0.461200
vn 0.616400 -0.751100 -0.236600
vn 0.562800 -0.685800 -0.461500
vn 0.616500 -0.751200 -0.236100
vn 0.282000 -0.929500 -0.237700
vn 0.257400 -0.848600 -0.462200
vn 0.282000 -0.929700 -0.236700
vn -0.095200 -0.966300 -0.239200
vn -0.086900 -0.882000 -0.463200
vn -0.095200 -0.966600 -0.238000
vn -0.457500 -0.856000 -0.240900
vn -0.417500 -0.781000 -0.464500
vn -0.417500 -0.781000 -0.464400
vn -0.457700 -0.856300 -0.239500
vn -0.749900 -0.615500 -0.242400
vn -0.684100 -0.561400 -0.465700
vn -0.750200 -0.615700 -0.241200
vn -0.928100 -0.281500 -0.243600
vn -0.846300 -0.256700 -0.466700
vn -0.928300 -0.281600 -0.242700
vn -0.965000 0.095000 -0.244300
vn -0.879800 0.086700 -0.467400
vn -0.965200 0.095100 -0.243800
vn -0.779500 0.416700 -0.467600
vn -0.855200 0.457100 -0.244400
vn -0.560800 0.683400 -0.467400
vn -0.615200 0.749600 -0.244300
vn -0.615200 0.749700 -0.243800
vn -0.256700 0.846300 -0.466700
vn -0.281500 0.928100 -0.243600
vn -0.281600 0.928300 -0.242700
vn 0.086700 0.880700 -0.465700
vn 0.095100 0.965500 -0.242400
vn 0.095100 0.965800 -0.241200
vn 0.417500 0.781000 -0.464500
vn 0.457500 0.856000 -0.240900
vn 0.457700 0.856300 -0.239500
vn 0.685100 0.562200 -0.463200
vn 0.750600 0.616000 -0.239200
vn 0.750800 0.616200 -0.238000
vn -0.100000 0.053500 -0.993600
vn -0.706500 0.707700 -0.004600
vn -0.705300 0.708900 -0.005100
vn -0.705100 0.709100 -0.005200
vn 0.000400 1.000000 -0.002300
vn 0.001200 1.000000 -0.002500
vn 0.001400 1.000000 -0.002600
vn -0.707600 0.706600 -0.004800
vn -0.706600 0.707600 -0.004600
vn 0.000300 1.000000 -0.002300
vn -0.112800 0.011100 -0.993600
vn 0.831000 -0.556300 0.004800
vn 0.830000 -0.557700 0.005400
vn 0.831100 -0.556100 0.004800
vn -0.195400 -0.980700 0.001400
vn -0.195800 -0.980600 0.001600
vn -0.195300 -0.980700 0.001400
vn 0.831900 -0.554900 0.005000
vn -0.194900 -0.980800 0.001500
vn -0.108400 -0.032900 -0.993600
vn -1.000000 0.002300 -0.004800
vn -0.087500 -0.071800 -0.993600
vn -0.924100 -0.382100 -0.003100
vn -0.924500 -0.381200 -0.003400
vn -0.924600 -0.381000 -0.003400
vn -0.923700 -0.383100 -0.003200
vn -0.924000 -0.382300 -0.003000
vn -0.053300 -0.099800 -0.993600
vn 0.980900 0.194400 0.003700
vn 0.981200 0.193100 0.004200
vn 0.980900 0.194600 0.003700
vn 0.980700 0.195700 0.003900
vn 0.980600 0.195700 0.003900
vn -0.011100 -0.112500 -0.993600
vn -0.707300 -0.706900 -0.001400
vn -0.707600 -0.706600 -0.001600
vn -0.707700 -0.706500 -0.001600
vn -0.706900 -0.707300 -0.001400
vn -0.707200 -0.707000 -0.001400
vn 0.981300 -0.192600 0.005100
vn 0.981300 -0.192400 0.005100
vn 0.032800 -0.108100 -0.993600
vn 0.831700 0.555200 0.002300
vn 0.832100 0.554500 0.002500
vn 0.831600 0.555300 0.002300
vn -0.924900 0.380300 -0.005300
vn -0.924200 0.381900 -0.005000
vn 0.831300 0.555900 0.002400
vn 0.831200 0.555900 0.002400
vn 0.557500 -0.830200 0.004700
vn 0.557700 -0.830000 0.004700
vn 0.071600 -0.087300 -0.993600
vn -0.382600 -0.923900 0.000500
vn -0.382400 -0.924000 0.000500
vn -0.384500 0.923100 -0.004100
vn -0.383300 0.923600 -0.003900
vn -0.382800 -0.923900 0.000500
vn -0.708900 0.705300 -0.005100
vn -0.707700 0.706500 -0.004800
vn 0.099600 -0.053200 -0.993600
vn 0.099500 -0.053200 -0.993600
vn 0.555600 0.831400 0.000500
vn 0.555800 0.831300 0.000500
vn 0.832900 -0.553400 0.005300
vn 0.833100 -0.553200 0.005400
vn 0.555500 0.831500 0.000500
vn 0.112400 -0.011100 -0.993600
vn 0.000400 -1.000000 0.002300
vn 0.001200 -1.000000 0.002500
vn 0.001400 -1.000000 0.002600
vn -0.923200 -0.384200 -0.003400
vn -0.923700 -0.383200 -0.003200
vn 0.111900 -0.011000 0.993700
vn 0.111800 -0.011000 0.993700
vn -0.000400 -1.000000 0.002400
vn 0.000300 -1.000000 0.002300
vn 0.980400 0.197000 0.004100
vn 0.980300 0.197200 0.004100
vn 0.194800 0.980800 -0.001400
vn 0.194300 0.980900 -0.001600
vn 0.194900 0.980800 -0.001400
vn -0.706600 -0.707600 -0.001500
vn -0.706900 -0.707300 -0.001500
vn 0.099200 -0.053000 0.993700
vn 0.195300 0.980700 -0.001400
vn 0.195300 0.980700 -0.001500
vn 0.830800 0.556600 0.002500
vn 0.830700 0.556700 0.002500
vn 0.383300 -0.923600 0.003700
vn 0.384600 -0.923100 0.004200
vn 0.384800 -0.923000 0.004200
vn -0.382900 -0.923800 0.000500
vn -0.382800 -0.923800 0.000500
vn 0.071300 -0.086900 0.993700
vn 0.382100 -0.924100 0.003900
vn 0.383200 -0.923700 0.003700
vn 0.555400 0.831600 0.000500
vn 0.555300 0.831600 0.000500
vn -0.195700 0.980700 -0.003100
vn -0.196700 0.980500 -0.003400
vn -0.195500 0.980700 -0.003000
vn -0.001200 -1.000000 0.002500
vn 0.032600 -0.107500 0.993700
vn -0.194600 0.980900 -0.003200
vn 0.195800 0.980600 -0.001500
vn 0.195900 0.980600 -0.001600
vn 0.707700 -0.706500 0.004600
vn 0.708900 -0.705300 0.005200
vn 0.709100 -0.705100 0.005200
vn 0.380800 -0.924600 0.004100
vn -0.011000 -0.111700 0.993700
vn 0.706600 -0.707600 0.004800
vn 0.707500 -0.706700 0.004600
vn -0.193500 0.981100 -0.003400
vn -0.193300 0.981100 -0.003400
vn -0.556200 0.831000 -0.004300
vn -0.557500 0.830200 -0.004800
vn -0.556100 0.831100 -0.004200
vn 0.705400 -0.708800 0.005100
vn 0.706500 -0.707700 0.004800
vn -0.052900 -0.098900 0.993700
vn -0.555000 0.831800 -0.004400
vn -0.554900 0.831900 -0.004400
vn -0.553600 0.832700 -0.004700
vn -0.553400 0.832900 -0.004700
vn 0.924200 -0.381800 0.004800
vn 0.924900 -0.380300 0.005400
vn 0.925000 -0.380000 0.005400
vn 0.923600 -0.383400 0.005000
vn 0.922900 -0.385100 0.005300
vn 0.923500 -0.383500 0.005000
vn -0.086600 -0.071100 0.993700
vn 0.924100 -0.382100 0.004800
vn -0.831000 0.556200 -0.005000
vn -0.830000 0.557700 -0.005300
vn -0.829900 0.558000 -0.005300
vn -0.832000 0.554800 -0.004800
vn -0.832900 0.553400 -0.005400
vn -0.831800 0.555000 -0.004800
vn -0.107200 -0.032500 0.993700
vn -0.831000 0.556300 -0.005000
vn -0.980300 0.197500 -0.005100
vn -0.980200 0.197800 -0.005100
vn 0.193300 -0.981100 0.003400
vn 0.553500 -0.832900 0.004800
vn -0.830700 -0.556700 -0.002600
vn 0.980200 -0.197800 0.005200
vn -0.001400 1.000000 -0.002500
vn -0.980300 -0.197300 -0.004200
vn 0.707700 0.706500 0.001600
vn -0.981300 0.192300 -0.005200
vn 0.924600 0.381000 0.003400
vn -0.100000 0.053500 -0.993500
vn 0.829800 -0.558000 0.005400
vn -0.195900 -0.980600 0.001600
vn -0.108500 -0.032900 -0.993600
vn 0.981200 0.192900 0.004200
vn 0.832200 0.554400 0.002600
vn -0.925000 0.380000 -0.005300
vn -0.384700 0.923000 -0.004200
vn -0.709000 0.705100 -0.005200
vn -1.000000 -0.002500 -0.004700
vn -0.923200 -0.384400 -0.003400
vn 0.194200 0.981000 -0.001600
vn -0.706500 -0.707700 -0.001600
vn 0.099100 -0.053000 0.993700
vn -0.196900 0.980400 -0.003500
vn -0.001400 -1.000000 0.002500
vn 0.380600 -0.924700 0.004100
vn -0.557700 0.830000 -0.004800
vn 0.705200 -0.709000 0.005100
vn 0.922800 -0.385300 0.005300
vn -0.833100 0.553200 -0.005400
usemtl SpacialRoverExploreralumWhite
f 80/1/59 161/2/60 82/3/61
f 51/4/62 97/5/63 49/6/63
f 104/7/29 112/8/29 120/9/29
f 73/10/64 110/11/65 109/12/64
f 85/13/66 114/14/67 83/15/67
f 95/16/68 119/17/69 93/18/69
f 59/19/196 103/20/71 102/21/70
f 69/22/72 108/23/73 107/24/72
f 81/25/74 112/26/75 79/27/75
f 91/28/76 117/29/77 89/30/77
f 57/31/78 100/32/79 55/33/79
f 67/34/80 105/35/81 65/36/81
f 77/37/82 110/11/65 75/38/65
f 87/39/83 115/40/66 85/13/66
f 49/6/63 120/41/68 95/16/68
f 51/4/62 99/42/84 98/43/62
f 61/44/71 104/45/85 103/20/71
f 71/46/73 109/47/64 108/23/73
f 81/25/74 114/14/67 113/48/74
f 91/28/76 119/17/69 118/49/76
f 57/31/78 102/21/70 101/50/78
f 67/34/80 107/24/72 106/51/80
f 77/37/82 112/26/75 111/52/82
f 89/30/77 116/53/197 87/39/83
f 55/33/79 99/42/84 53/54/84
f 63/55/198 105/35/81 104/45/85
f 144/56/3 169/57/86 122/58/87
f 54/59/26 124/60/26 123/61/26
f 58/62/26 124/60/26 56/63/26
f 60/64/26 125/65/26 58/62/26
f 62/66/26 126/67/26 60/64/26
f 62/66/26 128/68/26 127/69/26
f 66/70/26 128/68/26 64/71/26
f 66/70/26 130/72/26 129/73/26
f 68/74/26 131/75/26 130/72/26
f 134/76/12 172/77/88 135/78/89
f 80/79/26 135/80/26 78/81/26
f 82/82/26 136/83/26 80/79/26
f 82/82/26 138/84/26 137/85/26
f 84/86/26 139/87/26 138/84/26
f 88/88/26 139/87/26 86/89/26
f 90/90/26 140/91/26 88/88/26
f 90/90/26 142/92/26 141/93/26
f 94/94/26 142/92/26 92/95/26
f 50/96/90 179/97/11 96/98/11
f 66/99/91 154/100/92 68/101/92
f 96/102/93 146/103/94 50/104/94
f 54/105/95 145/106/96 147/107/95
f 84/108/97 161/2/97 162/109/97
f 68/101/92 155/110/98 70/111/98
f 56/112/99 147/107/95 148/113/99
f 86/114/97 162/109/97 163/115/97
f 70/111/98 156/116/100 72/117/100
f 58/118/101 148/113/99 149/119/101
f 86/114/97 164/120/97 88/121/97
f 72/117/100 157/122/102 74/123/102
f 60/124/103 149/119/101 150/125/103
f 88/121/97 165/126/97 90/127/97
f 76/128/104 157/122/102 158/129/104
f 60/124/103 151/130/105 62/131/105
f 92/132/106 165/133/199 166/134/107
f 78/135/108 158/129/104 159/136/108
f 62/131/105 152/137/109 64/138/109
f 92/132/106 167/139/110 94/140/110
f 80/1/59 159/136/108 160/141/111
f 64/138/109 153/142/91 66/99/91
f 94/140/110 168/143/93 96/102/93
f 52/144/96 146/103/94 145/106/96
f 159/145/26 151/146/26 147/147/26
f 177/148/26 170/149/26 176/150/26
f 178/151/112 171/152/26 177/148/26
f 180/153/113 173/154/26 174/155/114
f 175/156/26 173/154/26 179/157/26
f 76/158/4 176/159/115 74/160/115
f 78/161/116 177/162/4 76/158/4
f 133/163/117 171/152/12 134/76/12
f 96/98/11 180/164/118 94/165/119
f 143/166/120 173/154/3 144/56/3
f 122/58/27 175/167/27 50/96/27
f 229/168/121 242/169/121 243/170/121
f 230/171/35 228/172/35 227/173/35
f 133/163/27 176/159/27 170/149/27
f 50/174/26 121/175/26 122/176/26
f 50/174/26 52/177/26 121/175/26
f 131/75/26 70/178/26 72/179/26
f 52/177/26 54/59/26 123/61/26
f 52/177/26 123/61/26 121/175/26
f 74/180/26 132/181/26 72/179/26
f 133/182/26 132/181/26 74/180/26
f 132/181/26 131/75/26 72/179/26
f 234/183/122 184/184/123 233/185/124
f 236/186/125 186/187/126 185/188/125
f 182/189/127 242/169/128 231/190/129
f 232/191/122 181/192/130 228/193/122
f 236/186/13 183/194/13 234/183/13
f 230/171/125 182/189/127 231/190/129
f 180/195/118 189/196/13 94/197/119
f 174/198/114 190/199/131 180/195/113
f 143/200/132 189/196/133 187/201/134
f 174/202/135 187/201/35 188/203/35
f 172/204/136 192/205/137 193/206/138
f 135/207/200 191/208/140 78/209/141
f 172/204/88 194/210/13 135/207/89
f 178/211/201 191/208/35 192/212/35
f 196/213/27 195/214/27 197/215/27
f 200/216/27 201/217/27 202/218/27
f 197/215/35 232/219/35 230/220/35
f 196/213/13 229/221/13 198/222/13
f 195/223/122 229/221/142 232/224/122
f 196/213/125 230/220/125 231/225/129
f 202/218/13 234/226/13 200/227/13
f 201/217/125 236/228/125 202/218/125
f 200/229/122 233/230/124 199/231/122
f 201/217/35 233/230/35 235/232/35
f 245/233/35 244/234/35 241/235/35
f 248/236/35 278/237/35 260/238/35
f 186/187/126 244/234/143 239/239/144
f 233/185/124 240/240/145 241/241/146
f 233/242/147 244/234/147 235/243/147
f 229/244/142 237/245/148 181/192/130
f 182/189/149 250/246/149 238/247/149
f 245/248/150 186/187/150 239/239/150
f 184/184/150 248/249/150 240/240/150
f 251/250/149 181/192/149 237/245/149
f 251/251/13 243/170/13 242/169/13
f 249/252/151 271/253/152 250/254/151
f 246/255/153 260/238/154 253/256/155
f 247/257/156 262/258/157 248/259/156
f 252/260/158 275/261/159 268/262/160
f 274/263/161 265/264/162 269/265/163
f 270/266/35 265/267/35 266/268/35
f 273/269/13 274/270/13 275/261/13
f 254/271/164 263/272/165 256/273/166
f 253/274/155 261/275/167 255/276/167
f 255/276/168 259/277/202 254/271/164
f 263/272/165 258/278/169 256/273/166
f 264/279/170 257/280/171 258/278/172
f 272/281/203 267/282/173 265/264/162
f 273/283/174 266/284/175 267/282/174
f 268/262/160 276/285/176 270/286/177
f 270/286/178 274/263/161 269/265/163
f 246/255/13 277/287/13 257/280/13
f 257/280/13 277/287/13 258/288/13
f 254/289/13 277/287/13 255/290/13
f 255/290/13 277/287/13 253/256/13
f 258/288/13 277/287/13 256/291/13
f 256/291/13 277/287/13 254/289/13
f 260/238/35 278/237/35 261/292/35
f 261/292/35 278/237/35 259/293/35
f 264/294/35 278/237/35 262/295/35
f 259/293/35 278/237/35 263/296/35
f 263/296/35 278/237/35 264/294/35
f 160/297/26 162/298/26 161/299/26
f 163/300/26 279/301/26 164/302/26
f 164/302/26 166/303/26 165/304/26
f 162/298/26 279/301/26 163/300/26
f 80/1/59 160/141/111 161/2/60
f 51/4/62 98/43/62 97/5/63
f 120/9/29 97/305/29 98/306/29
f 98/306/29 99/307/29 100/308/29
f 100/308/29 101/309/29 102/310/29
f 102/310/29 103/311/29 104/7/29
f 104/7/29 105/312/29 106/313/29
f 106/313/29 107/314/29 108/315/29
f 108/315/29 109/316/29 110/317/29
f 110/317/29 111/318/29 112/8/29
f 112/8/29 113/319/29 114/320/29
f 114/320/29 115/321/29 116/322/29
f 116/322/29 117/323/29 118/324/29
f 118/324/29 119/325/29 120/9/29
f 120/9/29 98/306/29 100/308/29
f 100/308/29 102/310/29 104/7/29
f 104/7/29 106/313/29 108/315/29
f 108/315/29 110/317/29 112/8/29
f 112/8/29 114/320/29 116/322/29
f 116/322/29 118/324/29 120/9/29
f 120/9/29 100/308/29 104/7/29
f 104/7/29 108/315/29 112/8/29
f 112/8/29 116/322/29 120/9/29
f 73/10/64 75/38/65 110/11/65
f 85/13/66 115/40/66 114/14/67
f 95/16/68 120/41/68 119/17/69
f 59/19/196 61/44/71 103/20/71
f 69/22/72 71/46/73 108/23/73
f 81/25/74 113/48/74 112/26/75
f 91/28/76 118/49/76 117/29/77
f 57/31/78 101/50/78 100/32/79
f 67/34/80 106/51/80 105/35/81
f 77/37/82 111/52/82 110/11/65
f 87/39/83 116/53/197 115/40/66
f 49/6/63 97/5/63 120/41/68
f 51/4/62 53/54/84 99/42/84
f 61/44/71 63/55/198 104/45/85
f 71/46/73 73/326/64 109/47/64
f 81/25/74 83/15/67 114/14/67
f 91/28/76 93/18/69 119/17/69
f 57/31/78 59/19/196 102/21/70
f 67/34/80 69/22/72 107/24/72
f 77/37/82 79/27/75 112/26/75
f 89/30/77 117/29/77 116/53/197
f 55/33/79 100/32/79 99/42/84
f 63/55/198 65/36/81 105/35/81
f 144/56/3 173/154/3 169/57/86
f 54/59/26 56/63/26 124/60/26
f 58/62/26 125/65/26 124/60/26
f 60/64/26 126/67/26 125/65/26
f 62/66/26 127/69/26 126/67/26
f 62/66/26 64/71/26 128/68/26
f 66/70/26 129/73/26 128/68/26
f 66/70/26 68/74/26 130/72/26
f 68/74/26 70/178/26 131/75/26
f 134/76/12 171/152/12 172/77/88
f 80/79/26 136/83/26 135/80/26
f 82/82/26 137/85/26 136/83/26
f 82/82/26 84/86/26 138/84/26
f 84/86/26 86/89/26 139/87/26
f 88/88/26 140/91/26 139/87/26
f 90/90/26 141/93/26 140/91/26
f 90/90/26 92/95/26 142/92/26
f 94/94/26 143/327/26 142/92/26
f 50/96/90 175/167/90 179/97/11
f 66/99/91 153/142/91 154/100/92
f 96/102/93 168/143/93 146/103/94
f 54/105/95 52/144/96 145/106/96
f 84/108/97 82/3/97 161/2/97
f 68/101/92 154/100/92 155/110/98
f 56/112/99 54/105/95 147/107/95
f 86/114/97 84/108/97 162/109/97
f 70/111/98 155/110/98 156/116/100
f 58/118/101 56/112/99 148/113/99
f 86/114/97 163/115/97 164/120/97
f 72/117/100 156/116/100 157/122/102
f 60/124/103 58/118/101 149/119/101
f 88/121/97 164/120/97 165/126/97
f 76/128/104 74/123/102 157/122/102
f 60/124/103 150/125/103 151/130/105
f 92/132/106 90/328/179 165/133/199
f 78/135/108 76/128/104 158/129/104
f 62/131/105 151/130/105 152/137/109
f 92/132/106 166/134/107 167/139/110
f 80/1/59 78/135/108 159/136/108
f 64/138/109 152/137/109 153/142/91
f 94/140/110 167/139/110 168/143/93
f 52/144/96 50/104/94 146/103/94
f 147/147/26 145/329/26 146/330/26
f 146/330/26 168/331/54 167/332/26
f 167/332/26 166/303/26 279/301/26
f 279/301/26 160/297/26 159/145/26
f 159/145/26 158/333/45 157/334/26
f 157/334/26 156/335/26 155/336/26
f 155/336/26 154/337/26 153/338/26
f 153/338/26 152/339/26 151/146/26
f 151/146/26 150/340/26 149/341/26
f 149/341/26 148/342/26 147/147/26
f 147/147/26 146/330/26 167/332/26
f 167/332/26 279/301/26 159/145/26
f 159/145/26 157/334/26 155/336/26
f 155/336/26 153/338/26 151/146/26
f 151/146/26 149/341/26 147/147/26
f 147/147/26 167/332/26 159/145/26
f 159/145/26 155/336/26 151/146/26
f 177/148/26 171/152/26 170/149/26
f 178/151/112 172/343/136 171/152/26
f 180/153/113 179/157/26 173/154/26
f 175/156/26 169/57/26 173/154/26
f 76/158/4 177/162/4 176/159/115
f 78/161/116 178/344/201 177/162/4
f 133/163/117 170/149/180 171/152/12
f 96/98/11 179/97/11 180/164/118
f 143/166/120 174/345/135 173/154/3
f 122/58/27 169/57/27 175/167/27
f 229/168/121 231/346/121 242/169/121
f 230/171/35 232/347/35 228/172/35
f 133/163/27 74/160/27 176/159/27
f 234/183/122 183/194/122 184/184/123
f 236/186/125 235/348/181 186/187/126
f 182/189/127 238/247/182 242/169/128
f 232/191/122 229/244/142 181/192/130
f 236/186/13 185/188/13 183/194/13
f 230/171/125 227/173/125 182/189/127
f 180/195/183 190/199/13 189/196/13
f 174/198/184 188/349/185 190/199/186
f 143/200/132 94/197/187 189/196/133
f 174/202/135 143/200/120 187/201/35
f 172/204/136 178/350/112 192/205/137
f 135/207/139 194/210/188 191/208/189
f 172/204/190 193/206/13 194/210/13
f 178/211/201 78/209/116 191/208/35
f 196/213/27 198/351/27 195/214/27
f 200/216/27 199/352/27 201/217/27
f 197/215/35 195/353/35 232/219/35
f 196/213/13 231/225/13 229/221/13
f 195/223/122 198/222/122 229/221/142
f 196/213/125 197/215/125 230/220/125
f 202/218/13 236/228/13 234/226/13
f 201/217/125 235/232/181 236/228/125
f 200/229/122 234/354/122 233/230/124
f 201/217/35 199/231/35 233/230/35
f 241/235/35 240/355/35 248/356/35
f 245/233/35 239/239/35 244/234/35
f 241/235/35 248/356/35 245/233/35
f 260/238/35 245/357/35 248/236/35
f 248/236/35 262/295/35 278/237/35
f 186/187/126 235/348/181 244/234/143
f 233/185/124 184/184/123 240/240/145
f 233/242/147 241/235/147 244/234/147
f 229/244/142 243/170/191 237/245/148
f 182/189/149 249/358/149 250/246/149
f 245/248/150 246/359/150 186/187/150
f 184/184/150 247/360/150 248/249/150
f 251/250/149 252/361/149 181/192/149
f 242/169/13 238/247/13 250/362/13
f 251/251/13 237/245/13 243/170/13
f 242/169/13 250/362/13 251/251/13
f 249/252/151 266/268/175 271/253/152
f 246/255/153 245/357/153 260/238/154
f 247/257/156 257/280/171 262/258/157
f 252/260/158 251/363/158 275/261/159
f 274/263/161 272/281/203 265/264/162
f 266/268/35 249/252/35 252/364/35
f 252/364/35 268/365/35 270/266/35
f 270/266/35 269/366/35 265/267/35
f 265/267/35 267/367/35 266/268/35
f 266/268/35 252/364/35 270/266/35
f 275/261/13 251/363/13 250/254/13
f 250/254/13 271/253/13 273/269/13
f 273/269/13 272/368/13 274/270/13
f 274/270/13 276/369/13 275/261/13
f 275/261/13 250/254/13 273/269/13
f 254/271/164 259/277/202 263/272/165
f 253/274/155 260/370/154 261/275/167
f 255/276/168 261/275/168 259/277/202
f 263/272/165 264/279/169 258/278/169
f 264/279/170 262/258/157 257/280/171
f 272/281/203 273/283/173 267/282/173
f 273/283/174 271/371/152 266/284/175
f 268/262/160 275/261/159 276/285/176
f 270/286/178 276/285/178 274/263/161
f 257/280/13 247/257/13 246/255/13
f 246/255/13 253/256/13 277/287/13
f 160/297/26 279/301/26 162/298/26
f 164/302/26 279/301/26 166/303/26
usemtl SpacialRoverExploreralumGray
f 20/372/29 2/373/29 7/374/29
f 16/375/38 14/376/38 13/377/38
f 23/378/13 8/379/13 10/380/13
f 14/376/26 11/381/26 4/382/26
f 17/383/35 5/384/35 1/385/35
f 6/386/30 14/376/30 4/382/30
f 5/384/37 15/387/37 6/386/37
f 18/388/31 2/373/31 16/389/31
f 17/383/33 3/390/33 18/388/33
f 21/391/36 8/379/36 19/392/36
f 20/372/28 9/393/28 21/391/28
f 24/394/32 11/395/32 22/396/32
f 23/378/34 12/397/34 24/394/34
f 20/372/29 16/389/29 2/373/29
f 18/398/38 16/375/38 17/399/38
f 16/375/38 20/400/38 14/376/38
f 20/400/38 21/401/38 19/402/38
f 19/402/38 23/403/38 22/404/38
f 23/403/38 24/405/38 22/404/38
f 22/404/38 14/376/38 20/400/38
f 19/402/38 22/404/38 20/400/38
f 14/376/38 15/406/38 13/377/38
f 13/377/38 17/399/38 16/375/38
f 23/378/13 19/392/13 8/379/13
f 14/376/26 22/404/26 11/381/26
f 17/383/35 13/407/35 5/384/35
f 6/386/30 15/387/30 14/376/30
f 5/384/37 13/407/37 15/387/37
f 18/388/31 3/390/31 2/373/31
f 17/383/33 1/385/33 3/390/33
f 21/391/36 9/393/36 8/379/36
f 20/372/28 7/374/28 9/393/28
f 24/394/32 12/397/32 11/395/32
f 23/378/34 10/380/34 12/397/34
f 210/408/204 25/409/205 32/410/206
f 209/411/207 32/410/208 31/412/209
f 30/413/210 209/411/211 31/412/212
f 29/414/213 208/415/214 30/413/215
f 28/416/216 207/417/217 29/414/216
f 27/418/218 206/419/219 28/420/218
f 204/421/220 27/418/221 26/422/222
f 203/423/223 26/422/224 25/409/224
f 293/424/35 301/425/35 294/426/35
f 287/427/35 283/428/35 282/429/35
f 281/430/225 286/431/225 284/432/225
f 281/430/26 282/429/26 283/433/26
f 285/434/226 282/429/226 280/435/226
f 289/436/27 303/437/27 292/438/27
f 297/439/29 301/440/29 303/441/29
f 295/442/38 297/443/38 290/444/38
f 301/425/6 295/442/6 294/426/6
f 291/445/9 297/443/9 296/446/9
f 289/436/8 299/447/8 298/448/8
f 293/449/1 303/437/1 302/450/1
f 291/445/13 299/447/13 288/451/13
f 306/452/29 321/453/29 307/454/29
f 307/454/35 321/453/35 339/455/35
f 308/456/13 324/457/13 338/458/13
f 304/459/29 333/460/29 311/461/29
f 310/462/26 315/463/26 305/464/26
f 309/465/26 324/457/26 308/456/26
f 318/466/38 327/467/38 322/468/38
f 334/469/38 316/470/38 330/471/38
f 314/472/46 334/473/46 335/474/46
f 322/475/46 320/476/46 318/477/46
f 323/478/193 319/479/193 320/476/193
f 316/470/53 332/480/53 330/471/53
f 317/481/51 331/482/51 332/480/51
f 328/483/51 326/484/51 324/457/51
f 329/485/53 325/486/53 326/484/53
f 305/464/13 315/463/13 337/487/13
f 313/488/193 335/474/193 333/460/193
f 332/489/35 331/482/35 336/490/35
f 313/491/13 337/487/13 314/492/13
f 336/490/35 310/462/35 311/461/35
f 336/490/35 333/460/35 335/493/35
f 334/494/35 330/495/35 336/490/35
f 335/493/35 334/494/35 336/490/35
f 336/490/35 330/495/35 332/489/35
f 314/492/13 337/487/13 312/496/13
f 316/497/13 337/487/13 317/498/13
f 312/496/13 337/487/13 316/497/13
f 317/498/13 337/487/13 315/463/13
f 319/499/13 338/458/13 320/500/13
f 320/500/13 338/458/13 318/501/13
f 326/502/13 338/458/13 324/457/13
f 318/501/13 338/458/13 325/503/13
f 325/503/13 338/458/13 326/502/13
f 328/483/35 339/455/35 329/504/35
f 329/504/35 339/455/35 327/505/35
f 323/506/35 339/455/35 321/453/35
f 327/505/35 339/455/35 322/507/35
f 322/507/35 339/455/35 323/506/35
f 285/434/13 281/508/13 284/509/13
f 284/510/29 286/511/29 295/512/29
f 295/512/29 286/511/29 294/513/29
f 287/427/29 293/514/29 286/511/29
f 293/514/29 287/427/29 292/515/29
f 292/515/29 287/427/29 285/434/29
f 289/516/29 292/515/29 285/434/29
f 284/510/29 295/512/29 290/517/29
f 288/518/29 289/516/29 285/434/29
f 284/510/29 290/517/29 291/519/29
f 284/510/29 291/519/29 288/518/29
f 284/510/29 288/518/29 285/434/29
f 293/514/29 294/513/29 286/511/29
f 306/452/29 319/479/29 321/453/29
f 328/483/35 309/465/35 339/455/35
f 309/465/35 307/454/35 339/455/35
f 319/499/13 306/520/13 338/458/13
f 306/520/13 308/456/13 338/458/13
f 304/459/29 313/488/29 333/460/29
f 310/462/26 331/482/26 315/463/26
f 309/465/26 328/483/26 324/457/26
f 318/466/38 325/486/38 327/467/38
f 334/469/38 312/521/38 316/470/38
f 314/472/46 312/522/46 334/473/46
f 322/475/46 323/478/46 320/476/46
f 323/478/193 321/453/193 319/479/193
f 316/470/53 317/481/53 332/480/53
f 317/481/51 315/463/51 331/482/51
f 328/483/51 329/485/51 326/484/51
f 329/485/53 327/467/53 325/486/53
f 313/491/13 304/523/13 337/487/13
f 304/523/13 305/464/13 337/487/13
f 313/488/193 314/472/193 335/474/193
f 311/461/35 333/460/35 336/490/35
f 336/490/35 331/482/35 310/462/35
f 353/424/35 361/425/35 354/426/35
f 347/427/35 343/428/35 342/429/35
f 341/430/225 346/431/225 344/432/225
f 341/430/26 342/429/26 343/433/26
f 345/434/226 342/429/226 340/435/226
f 349/436/27 363/437/27 352/438/27
f 357/439/29 361/440/29 363/441/29
f 355/442/38 357/443/38 350/444/38
f 361/425/6 355/442/6 354/426/6
f 351/445/9 357/443/9 356/446/9
f 349/436/8 359/447/8 358/448/8
f 353/449/1 363/437/1 362/450/1
f 351/445/13 359/447/13 348/451/13
f 366/452/29 381/453/29 367/454/29
f 367/454/35 381/453/35 399/455/35
f 368/456/13 384/457/13 398/458/13
f 364/459/29 393/460/29 371/461/29
f 370/462/26 375/463/26 365/464/26
f 369/465/26 384/457/26 368/456/26
f 378/466/38 387/467/38 382/468/38
f 394/469/38 376/470/38 390/471/38
f 374/472/46 394/473/46 395/474/46
f 382/475/46 380/476/46 378/477/46
f 383/478/193 379/479/193 380/476/193
f 376/470/53 392/480/53 390/471/53
f 377/481/51 391/482/51 392/480/51
f 388/483/51 386/484/51 384/457/51
f 389/485/53 385/486/53 386/484/53
f 365/464/13 375/463/13 397/487/13
f 373/488/193 395/474/193 393/460/193
f 392/489/35 391/482/35 396/490/35
f 373/491/13 397/487/13 374/492/13
f 396/490/35 370/462/35 371/461/35
f 396/490/35 393/460/35 395/493/35
f 394/494/35 390/495/35 396/490/35
f 395/493/35 394/494/35 396/490/35
f 396/490/35 390/495/35 392/489/35
f 374/492/13 397/487/13 372/496/13
f 376/497/13 397/487/13 377/498/13
f 372/496/13 397/487/13 376/497/13
f 377/498/13 397/487/13 375/463/13
f 379/499/13 398/458/13 380/500/13
f 380/500/13 398/458/13 378/501/13
f 386/502/13 398/458/13 384/457/13
f 378/501/13 398/458/13 385/503/13
f 385/503/13 398/458/13 386/502/13
f 388/483/35 399/455/35 389/504/35
f 389/504/35 399/455/35 387/505/35
f 383/506/35 399/455/35 381/453/35
f 387/505/35 399/455/35 382/507/35
f 382/507/35 399/455/35 383/506/35
f 345/434/13 341/508/13 344/509/13
f 344/510/29 346/511/29 355/512/29
f 355/512/29 346/511/29 354/513/29
f 347/427/29 353/514/29 346/511/29
f 353/514/29 347/427/29 352/515/29
f 352/515/29 347/427/29 345/434/29
f 349/516/29 352/515/29 345/434/29
f 344/510/29 355/512/29 350/517/29
f 348/518/29 349/516/29 345/434/29
f 344/510/29 350/517/29 351/519/29
f 344/510/29 351/519/29 348/518/29
f 344/510/29 348/518/29 345/434/29
f 353/514/29 354/513/29 346/511/29
f 366/452/29 379/479/29 381/453/29
f 388/483/35 369/465/35 399/455/35
f 369/465/35 367/454/35 399/455/35
f 379/499/13 366/520/13 398/458/13
f 366/520/13 368/456/13 398/458/13
f 364/459/29 373/488/29 393/460/29
f 370/462/26 391/482/26 375/463/26
f 369/465/26 388/483/26 384/457/26
f 378/466/38 385/486/38 387/467/38
f 394/469/38 372/521/38 376/470/38
f 374/472/46 372/522/46 394/473/46
f 382/475/46 383/478/46 380/476/46
f 383/478/193 381/453/193 379/479/193
f 376/470/53 377/481/53 392/480/53
f 377/481/51 375/463/51 391/482/51
f 388/483/51 389/485/51 386/484/51
f 389/485/53 387/467/53 385/486/53
f 373/491/13 364/523/13 397/487/13
f 364/523/13 365/464/13 397/487/13
f 373/488/193 374/472/193 395/474/193
f 371/461/35 393/460/35 396/490/35
f 396/490/35 391/482/35 370/462/35
f 210/408/204 203/423/227 25/409/205
f 209/411/207 210/408/207 32/410/208
f 30/413/210 208/415/211 209/411/211
f 29/414/213 207/417/214 208/415/214
f 28/416/216 206/524/228 207/417/217
f 27/418/218 205/525/219 206/419/219
f 204/421/220 205/525/220 27/418/221
f 203/423/223 204/421/229 26/422/224
f 293/424/35 302/526/35 301/425/35
f 287/427/35 286/527/35 283/428/35
f 281/430/225 283/433/225 286/431/225
f 281/430/26 280/435/26 282/429/26
f 285/434/226 287/427/226 282/429/226
f 289/436/27 298/448/27 303/437/27
f 303/441/29 298/528/29 299/529/29
f 299/529/29 296/530/29 297/439/29
f 297/439/29 300/531/29 301/440/29
f 301/440/29 302/532/29 303/441/29
f 303/441/29 299/529/29 297/439/29
f 295/442/38 300/533/38 297/443/38
f 301/425/6 300/533/6 295/442/6
f 291/445/9 290/444/9 297/443/9
f 289/436/8 288/451/8 299/447/8
f 293/449/1 292/438/1 303/437/1
f 291/445/13 296/446/13 299/447/13
f 285/434/13 280/435/13 281/508/13
f 353/424/35 362/526/35 361/425/35
f 347/427/35 346/527/35 343/428/35
f 341/430/225 343/433/225 346/431/225
f 341/430/26 340/435/26 342/429/26
f 345/434/226 347/427/226 342/429/226
f 349/436/27 358/448/27 363/437/27
f 363/441/29 358/528/29 359/529/29
f 359/529/29 356/530/29 357/439/29
f 357/439/29 360/531/29 361/440/29
f 361/440/29 362/532/29 363/441/29
f 363/441/29 359/529/29 357/439/29
f 355/442/38 360/533/38 357/443/38
f 361/425/6 360/533/6 355/442/6
f 351/445/9 350/444/9 357/443/9
f 349/436/8 348/451/8 359/447/8
f 353/449/1 352/438/1 363/437/1
f 351/445/13 356/446/13 359/447/13
f 345/434/13 340/435/13 341/508/13
f 459/1143/13 460/1144/12 458/1145/13
f 461/1146/12 462/1147/234 460/1144/12
f 463/1148/234 464/1149/9 462/1147/234
f 465/1150/9 466/1151/235 464/1149/9
f 467/1152/235 468/1153/10 466/1151/235
f 469/1154/10 470/1155/38 468/1156/10
f 471/1157/38 472/1158/5 470/1155/38
f 473/1159/5 474/1160/236 472/1158/5
f 475/1161/236 476/1162/6 474/1160/236
f 477/1163/6 478/1164/237 476/1162/6
f 479/1165/237 480/1166/44 478/1164/237
f 482/1167/29 554/1168/29 556/1169/29
f 482/1167/29 558/1170/29 484/1171/29
f 485/1172/43 486/1173/230 484/1174/43
f 487/1175/230 488/1176/1 486/1173/230
f 489/1177/1 490/1178/231 488/1176/1
f 491/1179/231 492/1180/2 490/1178/231
f 493/1181/2 494/1182/27 492/1180/2
f 495/1183/27 496/1184/7 494/1182/27
f 497/1185/7 498/1186/232 496/1184/7
f 499/1187/232 500/1188/8 498/1186/232
f 501/1189/8 502/1190/233 500/1188/8
f 465/1191/26 526/1192/26 523/1193/263
f 495/1194/26 487/1195/26 515/1196/26
f 503/1197/233 504/1198/11 502/1190/233
f 505/1199/11 458/1145/13 504/1198/11
f 464/1200/29 472/1201/29 533/1202/29
f 488/1203/29 496/1204/29 545/1205/29
f 483/1206/26 559/1207/26 557/1208/26
f 484/1171/27 559/1209/27 485/1210/27
f 481/1211/38 554/1168/38 480/1212/38
f 483/1206/26 555/1213/26 481/1211/26
f 459/1143/13 461/1146/12 460/1144/12
f 461/1146/12 463/1148/234 462/1147/234
f 463/1148/234 465/1150/9 464/1149/9
f 465/1150/9 467/1152/235 466/1151/235
f 467/1152/235 469/1214/10 468/1153/10
f 469/1154/10 471/1157/38 470/1155/38
f 471/1157/38 473/1159/5 472/1158/5
f 473/1159/5 475/1161/236 474/1160/236
f 475/1161/236 477/1163/6 476/1162/6
f 477/1163/6 479/1165/237 478/1164/237
f 479/1165/237 481/1215/44 480/1166/44
f 482/1167/29 480/1212/29 554/1168/29
f 482/1167/29 556/1169/29 558/1170/29
f 485/1172/43 487/1175/230 486/1173/230
f 487/1175/230 489/1177/1 488/1176/1
f 489/1177/1 491/1179/231 490/1178/231
f 491/1179/231 493/1181/2 492/1180/2
f 493/1181/2 495/1183/27 494/1182/27
f 495/1183/27 497/1185/7 496/1184/7
f 497/1185/7 499/1187/232 498/1186/232
f 499/1187/232 501/1189/8 500/1188/8
f 501/1189/8 503/1197/233 502/1190/233
f 522/1216/26 471/1217/26 469/1218/26
f 469/1218/26 467/1219/26 465/1191/26
f 465/1191/26 463/1220/26 529/1221/26
f 465/1191/26 529/1221/26 520/1222/26
f 522/1216/26 469/1218/26 465/1191/26
f 523/1193/263 522/1216/26 465/1191/26
f 465/1191/26 520/1222/26 526/1192/26
f 511/1223/26 529/1221/26 463/1220/26
f 463/1220/26 461/1224/26 459/1225/26
f 459/1225/26 505/1226/26 503/1227/26
f 503/1227/26 501/1228/26 499/1229/26
f 499/1229/26 497/1230/26 495/1194/26
f 495/1194/26 493/1231/26 491/1232/26
f 491/1232/26 489/1233/26 487/1195/26
f 487/1195/26 485/1234/26 483/1235/26
f 483/1235/26 481/1236/26 479/1237/26
f 479/1237/26 477/1238/26 475/1239/26
f 475/1239/26 473/1240/26 471/1217/26
f 471/1217/26 522/1216/26 525/1241/26
f 471/1217/26 525/1241/26 524/1242/26
f 479/1237/26 475/1239/26 471/1217/26
f 487/1195/26 483/1235/26 479/1237/26
f 495/1194/26 491/1232/26 487/1195/26
f 503/1227/26 499/1229/26 495/1194/26
f 463/1220/26 459/1225/26 503/1227/26
f 512/1243/264 511/1223/26 463/1220/26
f 509/1244/26 512/1243/264 463/1220/26
f 479/1237/26 471/1217/26 524/1242/26
f 479/1237/26 524/1242/26 521/1245/26
f 509/1244/26 463/1220/26 503/1227/26
f 510/1246/26 509/1244/26 503/1227/26
f 479/1237/26 521/1245/26 528/1247/26
f 479/1237/26 528/1247/26 517/1248/26
f 507/1249/26 510/1246/26 503/1227/26
f 508/1250/26 507/1249/26 503/1227/26
f 487/1195/26 479/1237/26 517/1248/26
f 487/1195/26 517/1248/26 518/1251/265
f 508/1250/26 503/1227/26 495/1194/26
f 506/1252/26 508/1250/26 495/1194/26
f 487/1195/26 518/1251/265 516/1253/26
f 487/1195/26 516/1253/26 519/1254/26
f 527/1255/26 506/1252/26 495/1194/26
f 513/1256/26 527/1255/26 495/1194/26
f 487/1195/26 519/1254/26 514/1257/26
f 515/1196/26 513/1256/26 495/1194/26
f 487/1195/26 514/1257/26 515/1196/26
f 503/1197/233 505/1199/11 504/1198/11
f 505/1199/11 459/1143/13 458/1145/13
f 534/1258/29 536/1259/29 464/1200/29
f 464/1200/29 466/1260/29 468/1261/29
f 468/1261/29 470/1262/29 472/1201/29
f 472/1201/29 552/1263/29 535/1264/29
f 533/1202/29 534/1258/29 464/1200/29
f 472/1201/29 535/1264/29 533/1202/29
f 464/1200/29 468/1261/29 472/1201/29
f 542/1265/29 552/1263/29 472/1201/29
f 472/1201/29 474/1266/29 476/1267/29
f 476/1267/29 478/1268/29 480/1269/29
f 480/1269/29 482/1270/29 484/1271/29
f 484/1271/29 486/1272/29 488/1203/29
f 488/1203/29 490/1273/29 492/1274/29
f 492/1274/29 494/1275/29 496/1204/29
f 496/1204/29 498/1276/29 500/1277/29
f 500/1277/29 502/1278/29 504/1279/29
f 504/1279/29 458/1280/29 460/1281/29
f 460/1281/29 462/1282/29 464/1200/29
f 464/1200/29 536/1259/29 531/1283/29
f 464/1200/29 531/1283/29 532/1284/29
f 504/1279/29 460/1281/29 464/1200/29
f 496/1204/29 500/1277/29 504/1279/29
f 488/1203/29 492/1274/29 496/1204/29
f 480/1269/29 484/1271/29 488/1203/29
f 472/1201/29 476/1267/29 480/1269/29
f 543/1285/266 542/1265/29 472/1201/29
f 540/1286/29 543/1285/266 472/1201/29
f 504/1279/29 464/1200/29 532/1284/29
f 504/1279/29 532/1284/29 530/1287/29
f 540/1286/29 472/1201/29 480/1269/29
f 541/1288/29 540/1286/29 480/1269/29
f 504/1279/29 530/1287/29 553/1289/29
f 504/1279/29 553/1289/29 547/1290/29
f 538/1291/29 541/1288/29 480/1269/29
f 539/1292/29 538/1291/29 480/1269/29
f 496/1204/29 504/1279/29 547/1290/29
f 496/1204/29 547/1290/29 548/1293/267
f 539/1292/29 480/1269/29 488/1203/29
f 537/1294/29 539/1292/29 488/1203/29
f 496/1204/29 548/1293/267 550/1295/29
f 496/1204/29 550/1295/29 546/1296/29
f 551/1297/29 537/1294/29 488/1203/29
f 549/1298/29 551/1297/29 488/1203/29
f 496/1204/29 546/1296/29 544/1299/29
f 545/1205/29 549/1298/29 488/1203/29
f 496/1204/29 544/1299/29 545/1205/29
f 483/1206/26 485/1300/26 559/1207/26
f 484/1171/27 558/1170/27 559/1209/27
f 481/1211/38 555/1213/38 554/1168/38
f 483/1206/26 557/1208/26 555/1213/26
f 645/534/29 613/535/29 644/536/239
f 613/535/29 645/534/29 646/537/238
f 613/535/29 612/538/239 644/536/239
f 646/537/238 614/539/238 613/535/29
f 612/538/239 643/540/56 644/536/239
f 646/537/238 647/541/193 614/539/238
f 612/538/239 611/542/56 643/540/56
f 647/541/193 615/543/193 614/539/238
f 647/541/193 648/544/241 615/543/193
f 648/544/241 616/545/241 615/543/193
f 611/542/56 642/546/240 643/540/56
f 642/546/240 611/542/56 610/547/240
f 648/544/241 649/548/22 616/545/241
f 649/548/22 617/549/22 616/545/241
f 642/546/240 610/547/240 641/550/21
f 610/547/240 609/551/21 641/550/21
f 609/551/21 640/552/194 641/550/21
f 649/548/22 650/553/57 617/549/22
f 609/551/21 608/554/194 640/552/194
f 650/553/57 618/555/57 617/549/22
f 650/553/57 651/556/46 618/555/57
f 640/552/194 608/554/194 639/557/48
f 608/554/194 607/558/48 639/557/48
f 618/555/57 651/556/46 619/559/46
f 607/558/48 638/560/192 639/557/48
f 619/559/46 651/556/46 620/561/47
f 607/558/48 606/562/192 638/560/192
f 620/561/47 651/556/46 652/563/47
f 606/562/192 637/564/27 638/560/192
f 637/564/27 606/562/192 605/565/27
f 620/561/47 652/563/47 621/566/38
f 621/566/38 589/567/38 620/561/47
f 621/566/38 622/568/58 589/567/38
f 637/564/27 605/565/27 636/569/195
f 636/569/195 605/565/27 604/570/195
f 589/567/38 622/568/58 590/571/58
f 590/571/58 622/568/58 623/572/53
f 590/571/58 623/572/53 591/573/53
f 636/569/195 604/570/195 635/574/49
f 604/575/195 603/576/49 635/577/49
f 603/576/49 634/578/242 635/577/49
f 591/573/53 623/572/53 624/579/52
f 603/576/49 602/580/242 634/578/242
f 591/573/53 624/579/52 592/581/52
f 634/578/242 602/580/242 633/582/14
f 592/581/52 624/579/52 625/583/19
f 592/581/52 625/583/19 593/584/19
f 633/582/14 602/580/242 601/585/14
f 593/584/19 625/583/19 626/586/244
f 633/582/14 601/585/14 632/587/243
f 593/584/19 626/586/244 594/588/244
f 632/587/243 601/585/14 600/589/243
f 594/588/244 626/586/244 627/590/51
f 632/587/243 600/589/243 631/591/50
f 594/588/244 627/590/51 595/592/51
f 631/591/50 600/589/243 599/593/50
f 595/592/51 627/590/51 628/594/246
f 631/591/50 599/593/50 630/595/245
f 630/595/245 599/593/50 598/596/245
f 595/592/51 628/594/246 596/597/246
f 630/595/245 598/596/245 629/598/26
f 596/597/246 628/594/246 629/598/26
f 629/598/26 598/596/245 597/599/26
f 596/597/246 629/598/26 597/599/26
f 1081/600/268 1104/601/269 1105/602/268
f 1087/603/270 1112/604/271 1088/605/271
f 1078/606/272 1091/607/273 1102/608/272
f 1084/609/274 1109/610/275 1085/611/275
f 1081/600/268 1106/612/276 1082/613/276
f 1077/614/273 1112/604/271 1091/607/273
f 1078/615/272 1103/616/277 1079/617/277
f 1085/611/275 1110/618/278 1086/619/278
f 1083/620/279 1106/612/276 1107/621/279
f 1079/622/277 1104/601/269 1080/623/269
f 1086/619/278 1111/624/270 1087/603/270
f 1083/620/279 1108/625/274 1084/609/274
f 751/626/260 729/627/280 752/628/260
f 747/629/281 750/630/259 748/631/281
f 743/632/257 746/633/282 744/634/257
f 747/635/283 1207/636/284 745/637/283
f 739/638/285 742/639/256 740/640/285
f 735/641/254 738/642/286 736/643/254
f 731/644/287 734/645/253 732/646/287
f 773/647/14 776/648/288 774/649/288
f 769/650/20 772/651/289 770/652/289
f 765/653/24 768/654/290 766/655/290
f 762/656/291 763/657/22 764/658/291
f 757/659/18 760/660/292 758/661/292
f 753/662/293 755/663/16 756/664/293
f 1071/665/294 764/666/291 1074/667/294
f 1055/668/295 772/669/289 1058/670/295
f 749/671/296 1196/672/297 1199/673/297
f 1203/674/17 772/669/17 771/675/17
f 743/676/298 1215/677/299 741/678/298
f 735/679/300 1189/680/301 733/681/300
f 740/682/302 1070/683/303 1075/684/303
f 746/685/304 1059/686/305 748/687/304
f 1192/688/17 758/689/17 1043/690/17
f 1179/691/15 1029/692/15 1030/693/15
f 1178/694/15 1030/693/15 1031/695/15
f 1185/696/306 757/659/307 1192/697/306
f 1180/698/308 755/663/309 754/699/309
f 729/700/310 1035/701/311 732/702/310
f 1031/695/312 1033/703/313 1036/704/312
f 1185/696/25 760/705/25 759/706/25
f 1186/707/25 1040/708/25 1185/709/25
f 1191/710/17 1043/690/17 1044/711/17
f 1193/712/314 773/647/315 1198/713/314
f 1187/714/316 1191/715/317 1190/716/316
f 1043/690/318 760/705/292 1040/708/318
f 736/717/319 1042/718/320 1037/719/320
f 1038/720/321 1044/711/322 1039/721/322
f 1198/722/21 774/723/21 1051/724/21
f 1199/725/21 1049/726/21 1050/727/21
f 1196/728/19 1046/729/19 1195/730/19
f 1194/731/19 1048/732/19 1193/733/19
f 1200/734/323 1194/735/324 1197/736/324
f 1051/724/325 776/737/288 1048/732/325
f 750/738/326 1045/739/327 752/740/326
f 1049/726/328 1047/741/329 1046/729/328
f 1201/742/330 1205/743/331 1208/744/332
f 1053/745/333 1057/746/334 1060/747/333
f 1204/748/17 1058/670/17 1203/749/17
f 1203/674/335 769/650/336 1206/750/335
f 1209/751/337 765/653/338 1214/752/337
f 1205/753/25 1055/668/25 1056/754/25
f 1214/755/23 766/756/23 1067/757/23
f 1213/758/23 1067/757/23 1068/759/23
f 1209/751/15 768/760/15 767/761/15
f 1210/762/15 1064/763/15 1209/764/15
f 1211/765/339 1213/766/340 1216/767/341
f 1067/757/342 768/760/290 1064/763/342
f 744/768/343 1066/769/344 1061/770/344
f 1062/771/345 1068/759/346 1063/772/347
f 1220/773/19 762/774/19 1071/665/19
f 1219/775/19 1071/665/19 1072/776/19
f 1069/777/348 1073/778/349 1076/779/348
f 1220/780/350 763/657/351 761/781/351
f 739/782/352 1217/783/353 737/784/352
f 1218/785/354 1224/786/355 1219/787/355
f 888/788/39 730/789/280 751/626/260
f 887/790/39 865/791/26 888/792/39
f 886/793/252 751/626/260 749/794/259
f 885/795/252 888/792/39 886/796/252
f 884/797/251 749/794/259 747/629/281
f 875/798/18 894/799/18 876/800/18
f 882/801/258 747/629/281 745/802/282
f 881/803/258 884/804/251 882/805/258
f 880/806/40 745/802/282 743/632/257
f 879/807/40 882/805/258 880/808/40
f 878/809/250 743/632/257 741/810/256
f 877/811/250 880/808/40 878/812/250
f 876/813/249 741/810/256 739/638/285
f 869/814/35 889/815/35 867/816/35
f 737/817/286 876/813/249 739/638/285
f 874/818/255 875/819/249 876/820/249
f 872/821/38 737/817/286 735/641/254
f 872/822/38 873/823/255 874/818/255
f 870/824/248 735/641/254 733/825/253
f 869/826/248 872/822/38 870/827/248
f 868/828/247 733/825/253 731/644/287
f 886/829/16 899/830/16 885/831/16
f 865/832/26 731/833/287 730/789/280
f 866/834/26 868/835/247 865/832/26
f 897/836/15 900/837/15 898/838/15
f 893/839/25 896/840/25 894/841/25
f 889/815/19 892/842/19 890/843/19
f 886/829/13 898/844/13 900/845/13
f 870/846/22 891/847/22 869/848/22
f 883/849/35 899/850/35 897/836/35
f 878/851/13 894/799/13 896/852/13
f 883/849/24 898/844/24 884/853/24
f 878/851/20 895/854/20 877/855/20
f 877/855/35 893/839/35 875/856/35
f 867/816/14 890/857/14 868/858/14
f 868/858/13 892/859/13 870/846/13
f 1177/860/15 1031/695/15 1032/861/15
f 1187/714/25 1039/721/25 1186/862/25
f 1188/863/25 1038/720/25 1187/864/25
f 1190/865/17 1044/711/17 1041/866/17
f 1189/867/17 1041/866/17 1042/868/17
f 1195/869/19 1047/741/19 1194/735/19
f 1200/870/21 1052/871/21 1049/726/21
f 1197/872/21 1051/724/21 1052/871/21
f 1208/873/25 1056/754/25 1053/745/25
f 1207/874/25 1053/745/25 1054/875/25
f 1201/742/17 1057/746/17 1204/876/17
f 1202/877/17 1060/747/17 1201/878/17
f 1211/765/15 1063/772/15 1210/879/15
f 1212/880/15 1062/771/15 1211/881/15
f 1216/882/23 1068/759/23 1065/883/23
f 1215/884/23 1065/883/23 1066/769/23
f 1218/885/19 1072/776/19 1069/777/19
f 1217/886/19 1069/777/19 1070/683/19
f 1031/695/312 1035/701/311 1032/861/311
f 1034/887/356 1030/693/313 1029/692/356
f 1038/720/321 1042/868/320 1041/866/357
f 1040/708/318 1044/711/322 1043/690/318
f 1046/729/328 1050/727/327 1049/726/328
f 1048/732/325 1052/871/329 1051/724/325
f 1060/747/333 1054/875/305 1053/745/333
f 1058/670/295 1056/754/334 1055/668/295
f 1062/771/345 1066/769/344 1065/883/345
f 1067/757/342 1063/772/347 1068/759/346
f 1076/779/348 1070/683/303 1069/777/348
f 1074/667/294 1072/776/349 1071/665/294
f 1029/692/356 756/888/293 1034/887/356
f 1088/889/39 866/834/26 887/890/39
f 1087/891/262 887/890/39 885/892/252
f 1086/893/27 885/892/252 883/894/251
f 1085/895/258 883/894/251 881/896/258
f 1084/897/40 881/896/258 879/898/40
f 1083/899/29 879/898/40 877/900/250
f 1082/901/42 877/900/250 875/902/249
f 873/903/255 1082/901/42 875/902/249
f 1080/904/38 873/903/255 871/905/38
f 1079/617/261 871/905/38 869/906/248
f 1078/615/41 869/906/248 867/907/247
f 1077/908/26 867/909/247 866/834/26
f 597/910/13 1115/911/13 1144/912/13
f 611/913/13 1143/914/13 610/915/13
f 596/916/13 1144/912/13 1142/917/13
f 610/915/13 1141/918/13 609/919/13
f 595/920/13 1142/917/13 1140/921/13
f 609/919/13 1139/922/13 608/923/13
f 594/924/13 1140/921/13 1138/925/13
f 607/926/13 1139/922/13 1137/927/13
f 620/928/13 1125/929/13 1136/930/13
f 593/931/13 1138/925/13 1135/932/13
f 607/926/13 1134/933/13 606/934/13
f 619/935/13 1136/930/13 1133/936/13
f 592/937/13 1135/932/13 1132/938/13
f 606/934/13 1131/939/13 605/940/13
f 619/935/13 1130/941/13 618/942/13
f 591/943/13 1132/938/13 1129/944/13
f 605/940/13 1128/945/13 604/946/13
f 618/942/13 1127/947/13 617/948/13
f 590/949/13 1129/944/13 1126/950/13
f 604/946/13 1124/951/13 603/952/13
f 617/948/13 1123/953/13 616/954/13
f 590/949/13 1125/929/13 589/955/13
f 602/956/13 1124/951/13 1122/957/13
f 616/954/13 1121/958/13 615/959/13
f 601/960/13 1122/957/13 1120/961/13
f 615/959/13 1119/962/13 614/963/13
f 600/964/13 1120/961/13 1118/965/13
f 614/963/13 1117/966/13 613/967/13
f 599/968/13 1118/965/13 1116/969/13
f 613/967/13 1114/970/13 612/971/13
f 598/972/13 1116/969/13 1115/911/13
f 612/971/13 1113/973/13 611/913/13
f 622/974/35 1176/975/35 1145/976/35
f 623/977/35 1145/976/35 1146/978/35
f 623/977/35 1147/979/35 624/980/35
f 624/980/35 1148/981/35 625/982/35
f 625/982/35 1149/983/35 626/984/35
f 626/984/35 1150/985/35 627/986/35
f 627/986/35 1151/987/35 628/988/35
f 628/988/35 1152/989/35 629/990/35
f 629/990/35 1153/991/35 630/992/35
f 630/992/35 1154/993/35 631/994/35
f 631/994/35 1155/995/35 632/996/35
f 632/996/35 1156/997/35 633/998/35
f 633/998/35 1157/999/35 634/1000/35
f 634/1000/35 1158/1001/35 635/1002/35
f 635/1002/35 1159/1003/35 636/1004/35
f 636/1004/35 1160/1005/35 637/1006/35
f 637/1006/35 1161/1007/35 638/1008/35
f 638/1008/35 1162/1009/35 639/1010/35
f 639/1010/35 1163/1011/35 640/1012/35
f 641/1013/35 1163/1011/35 1164/1014/35
f 642/1015/35 1164/1014/35 1165/1016/35
f 643/1017/35 1165/1016/35 1166/1018/35
f 644/1019/35 1166/1018/35 1167/1020/35
f 645/1021/35 1167/1020/35 1168/1022/35
f 646/1023/35 1168/1022/35 1169/1024/35
f 647/1025/35 1169/1024/35 1170/1026/35
f 648/1027/35 1170/1026/35 1171/1028/35
f 649/1029/35 1171/1028/35 1172/1030/35
f 650/1031/35 1172/1030/35 1173/1032/35
f 651/1033/35 1173/1032/35 1174/1034/35
f 652/1035/35 1174/1034/35 1175/1036/35
f 621/1037/35 1175/1036/35 1176/975/35
f 1177/860/15 729/700/15 730/1038/15
f 732/702/23 1182/1039/23 731/1040/23
f 736/1041/25 1188/1042/25 735/679/25
f 734/1043/17 1189/1044/17 1042/868/17
f 1180/1045/15 753/1046/15 1029/692/15
f 752/740/19 1196/672/19 751/1047/19
f 750/738/21 1199/1048/21 1050/727/21
f 748/687/17 1202/1049/17 747/635/17
f 746/685/25 1207/1050/25 1054/875/25
f 744/768/15 1212/1051/15 743/676/15
f 742/1052/23 1215/1053/23 1066/769/23
f 738/1054/19 1217/1055/19 1070/683/19
f 740/682/21 1222/1056/21 739/782/21
f 1180/1057/308 1184/1058/358 1183/1059/308
f 1190/1060/316 1188/863/301 1187/864/316
f 1192/1061/306 1186/707/317 1185/709/306
f 1200/1062/323 1196/728/297 1195/730/323
f 1198/1063/314 1194/731/324 1193/733/314
f 1201/878/330 1207/1064/284 1202/877/284
f 1206/1065/335 1204/748/359 1203/749/335
f 1216/1066/341 1212/880/299 1211/881/339
f 1209/764/337 1213/1067/340 1210/762/340
f 1221/1068/354 1217/1069/353 1222/1070/353
f 1223/1071/350 1219/1072/355 1224/1073/355
f 731/1040/360 1177/1074/361 730/1075/360
f 1193/712/19 776/737/19 775/1076/19
f 1182/1077/23 1036/704/23 1181/1078/23
f 1181/1079/23 1033/703/23 1184/1080/23
f 1184/1058/23 1034/887/23 1183/1059/23
f 1183/1081/23 756/888/23 755/663/23
f 1206/1082/25 770/1083/25 1055/668/25
f 1182/1077/361 1178/1084/362 1177/1085/361
f 1179/1086/358 1181/1079/363 1184/1080/358
f 1222/1070/21 1076/779/21 1221/1068/21
f 1221/1087/21 1073/778/21 1224/786/21
f 1224/1073/21 1074/667/21 1223/1071/21
f 1223/1088/21 764/666/21 763/657/21
f 1081/600/268 1080/623/269 1104/601/269
f 1087/603/270 1111/624/270 1112/604/271
f 1078/606/272 1077/614/273 1091/607/273
f 1084/609/274 1108/625/274 1109/610/275
f 1081/600/268 1105/602/268 1106/612/276
f 1077/614/273 1088/605/271 1112/604/271
f 1078/615/272 1102/1089/272 1103/616/277
f 1085/611/275 1109/610/275 1110/618/278
f 1083/620/279 1082/613/276 1106/612/276
f 1079/622/277 1103/1090/277 1104/601/269
f 1086/619/278 1110/618/278 1111/624/270
f 1083/620/279 1107/621/279 1108/625/274
f 751/626/260 730/789/280 729/627/280
f 747/629/281 749/794/259 750/630/259
f 743/632/257 745/802/282 746/633/282
f 747/635/283 1202/1049/284 1207/636/284
f 739/638/285 741/810/256 742/639/256
f 735/641/254 737/817/286 738/642/286
f 731/644/287 733/825/253 734/645/253
f 773/647/14 775/1076/14 776/648/288
f 769/650/20 771/675/20 772/651/289
f 765/653/24 767/761/24 768/654/290
f 762/656/291 761/781/22 763/657/22
f 757/659/18 759/706/18 760/660/292
f 753/662/293 754/699/16 755/663/16
f 1071/665/294 762/774/291 764/666/291
f 1055/668/295 770/1083/289 772/669/289
f 749/671/296 751/1047/296 1196/672/297
f 1203/674/17 1058/670/17 772/669/17
f 743/676/298 1212/1051/299 1215/677/299
f 735/679/300 1188/1042/301 1189/680/301
f 740/682/302 738/1054/302 1070/683/303
f 746/685/304 1054/875/305 1059/686/305
f 1192/688/17 757/1091/17 758/689/17
f 1179/691/15 1180/1092/15 1029/692/15
f 1178/694/15 1179/1093/15 1030/693/15
f 1185/696/306 759/706/307 757/659/307
f 1180/698/308 1183/1081/308 755/663/309
f 729/700/310 1032/861/311 1035/701/311
f 1031/695/312 1030/693/313 1033/703/313
f 1185/696/25 1040/708/25 760/705/25
f 1186/707/25 1039/721/25 1040/708/25
f 1191/710/17 1192/1094/17 1043/690/17
f 1193/712/314 775/1076/315 773/647/315
f 1187/714/316 1186/862/317 1191/715/317
f 1043/690/318 758/689/292 760/705/292
f 736/717/319 734/1095/319 1042/718/320
f 1038/720/321 1041/866/357 1044/711/322
f 1198/722/21 773/1096/21 774/723/21
f 1199/725/21 1200/1097/21 1049/726/21
f 1196/728/19 1045/739/19 1046/729/19
f 1194/731/19 1047/741/19 1048/732/19
f 1200/734/323 1195/869/323 1194/735/324
f 1051/724/325 774/723/288 776/737/288
f 750/738/326 1050/727/327 1045/739/327
f 1049/726/328 1052/871/329 1047/741/329
f 1201/742/330 1204/876/359 1205/743/331
f 1053/745/333 1056/754/334 1057/746/334
f 1204/748/17 1057/746/17 1058/670/17
f 1203/674/335 771/675/336 769/650/336
f 1209/751/337 767/761/338 765/653/338
f 1205/753/25 1206/1098/25 1055/668/25
f 1214/755/23 765/1099/23 766/756/23
f 1213/758/23 1214/1100/23 1067/757/23
f 1209/751/15 1064/763/15 768/760/15
f 1210/762/15 1063/772/15 1064/763/15
f 1211/765/339 1210/879/340 1213/766/340
f 1067/757/342 766/756/290 768/760/290
f 744/768/343 742/1052/343 1066/769/344
f 1062/771/345 1065/883/345 1068/759/346
f 1220/773/19 761/1101/19 762/774/19
f 1219/775/19 1220/1102/19 1071/665/19
f 1069/777/348 1072/776/349 1073/778/349
f 1220/780/350 1223/1088/350 763/657/351
f 739/782/352 1222/1056/353 1217/783/353
f 1218/785/354 1221/1087/354 1224/786/355
f 888/788/39 865/832/26 730/789/280
f 887/790/39 866/1103/26 865/791/26
f 886/793/252 888/788/39 751/626/260
f 885/795/252 887/790/39 888/792/39
f 884/797/251 886/793/252 749/794/259
f 875/798/18 893/1104/18 894/799/18
f 882/801/258 884/797/251 747/629/281
f 881/803/258 883/1105/251 884/804/251
f 880/806/40 882/801/258 745/802/282
f 879/807/40 881/803/258 882/805/258
f 878/809/250 880/806/40 743/632/257
f 877/811/250 879/807/40 880/808/40
f 876/813/249 878/809/250 741/810/256
f 869/814/35 891/1106/35 889/815/35
f 737/817/286 874/1107/255 876/813/249
f 874/818/255 873/823/255 875/819/249
f 872/821/38 874/1107/255 737/817/286
f 872/822/38 871/1108/38 873/823/255
f 870/824/248 872/821/38 735/641/254
f 869/826/248 871/1108/38 872/822/38
f 868/828/247 870/824/248 733/825/253
f 886/829/16 900/845/16 899/830/16
f 865/832/26 868/835/247 731/833/287
f 866/834/26 867/909/247 868/835/247
f 897/836/15 899/850/15 900/837/15
f 893/839/25 895/854/25 896/840/25
f 889/815/19 891/1106/19 892/842/19
f 886/829/13 884/853/13 898/844/13
f 870/846/22 892/859/22 891/847/22
f 883/849/35 885/1109/35 899/850/35
f 878/851/13 876/800/13 894/799/13
f 883/849/24 897/836/24 898/844/24
f 878/851/20 896/852/20 895/854/20
f 877/855/35 895/854/35 893/839/35
f 867/816/14 889/815/14 890/857/14
f 868/858/13 890/857/13 892/859/13
f 1177/860/15 1178/1110/15 1031/695/15
f 1187/714/25 1038/720/25 1039/721/25
f 1188/863/25 1037/1111/25 1038/720/25
f 1190/865/17 1191/1112/17 1044/711/17
f 1189/867/17 1190/1113/17 1041/866/17
f 1195/869/19 1046/729/19 1047/741/19
f 1200/870/21 1197/1114/21 1052/871/21
f 1197/872/21 1198/1115/21 1051/724/21
f 1208/873/25 1205/1116/25 1056/754/25
f 1207/874/25 1208/1117/25 1053/745/25
f 1201/742/17 1060/747/17 1057/746/17
f 1202/877/17 1059/686/17 1060/747/17
f 1211/765/15 1062/771/15 1063/772/15
f 1212/880/15 1061/770/15 1062/771/15
f 1216/882/23 1213/1118/23 1068/759/23
f 1215/884/23 1216/1119/23 1065/883/23
f 1218/885/19 1219/1120/19 1072/776/19
f 1217/886/19 1218/1121/19 1069/777/19
f 1031/695/312 1036/704/312 1035/701/311
f 1034/887/356 1033/703/313 1030/693/313
f 1038/720/321 1037/1111/320 1042/868/320
f 1040/708/318 1039/721/322 1044/711/322
f 1046/729/328 1045/739/327 1050/727/327
f 1048/732/325 1047/741/329 1052/871/329
f 1060/747/333 1059/686/305 1054/875/305
f 1058/670/295 1057/746/334 1056/754/334
f 1062/771/345 1061/770/344 1066/769/344
f 1067/757/342 1064/763/342 1063/772/347
f 1076/779/348 1075/684/303 1070/683/303
f 1074/667/294 1073/778/349 1072/776/349
f 1029/692/356 753/1046/293 756/888/293
f 1088/889/39 1077/908/26 866/834/26
f 1087/891/262 1088/889/39 887/890/39
f 1086/893/27 1087/891/262 885/892/252
f 1085/895/258 1086/893/27 883/894/251
f 1084/897/40 1085/895/258 881/896/258
f 1083/899/29 1084/897/40 879/898/40
f 1082/901/42 1083/899/29 877/900/250
f 873/903/255 1081/1122/255 1082/901/42
f 1080/904/38 1081/1122/255 873/903/255
f 1079/617/261 1080/904/38 871/905/38
f 1078/615/41 1079/617/261 869/906/248
f 1077/908/26 1078/1123/41 867/909/247
f 597/910/13 598/972/13 1115/911/13
f 611/913/13 1113/973/13 1143/914/13
f 596/916/13 597/910/13 1144/912/13
f 610/915/13 1143/914/13 1141/918/13
f 595/920/13 596/916/13 1142/917/13
f 609/919/13 1141/918/13 1139/922/13
f 594/924/13 595/920/13 1140/921/13
f 607/926/13 608/923/13 1139/922/13
f 620/928/13 589/955/13 1125/929/13
f 593/931/13 594/924/13 1138/925/13
f 607/926/13 1137/927/13 1134/933/13
f 619/935/13 620/928/13 1136/930/13
f 592/937/13 593/931/13 1135/932/13
f 606/934/13 1134/933/13 1131/939/13
f 619/935/13 1133/936/13 1130/941/13
f 591/943/13 592/937/13 1132/938/13
f 605/940/13 1131/939/13 1128/945/13
f 618/942/13 1130/941/13 1127/947/13
f 590/949/13 591/943/13 1129/944/13
f 604/946/13 1128/945/13 1124/951/13
f 617/948/13 1127/947/13 1123/953/13
f 590/949/13 1126/950/13 1125/929/13
f 602/956/13 603/952/13 1124/951/13
f 616/954/13 1123/953/13 1121/958/13
f 601/960/13 602/956/13 1122/957/13
f 615/959/13 1121/958/13 1119/962/13
f 600/964/13 601/960/13 1120/961/13
f 614/963/13 1119/962/13 1117/966/13
f 599/968/13 600/964/13 1118/965/13
f 613/967/13 1117/966/13 1114/970/13
f 598/972/13 599/968/13 1116/969/13
f 612/971/13 1114/970/13 1113/973/13
f 622/974/35 621/1037/35 1176/975/35
f 623/977/35 622/974/35 1145/976/35
f 623/977/35 1146/978/35 1147/979/35
f 624/980/35 1147/979/35 1148/981/35
f 625/982/35 1148/981/35 1149/983/35
f 626/984/35 1149/983/35 1150/985/35
f 627/986/35 1150/985/35 1151/987/35
f 628/988/35 1151/987/35 1152/989/35
f 629/990/35 1152/989/35 1153/991/35
f 630/992/35 1153/991/35 1154/993/35
f 631/994/35 1154/993/35 1155/995/35
f 632/996/35 1155/995/35 1156/997/35
f 633/998/35 1156/997/35 1157/999/35
f 634/1000/35 1157/999/35 1158/1001/35
f 635/1002/35 1158/1001/35 1159/1003/35
f 636/1004/35 1159/1003/35 1160/1005/35
f 637/1006/35 1160/1005/35 1161/1007/35
f 638/1008/35 1161/1007/35 1162/1009/35
f 639/1010/35 1162/1009/35 1163/1011/35
f 641/1013/35 640/1012/35 1163/1011/35
f 642/1015/35 641/1013/35 1164/1014/35
f 643/1017/35 642/1015/35 1165/1016/35
f 644/1019/35 643/1017/35 1166/1018/35
f 645/1021/35 644/1019/35 1167/1020/35
f 646/1023/35 645/1021/35 1168/1022/35
f 647/1025/35 646/1023/35 1169/1024/35
f 648/1027/35 647/1025/35 1170/1026/35
f 649/1029/35 648/1027/35 1171/1028/35
f 650/1031/35 649/1029/35 1172/1030/35
f 651/1033/35 650/1031/35 1173/1032/35
f 652/1035/35 651/1033/35 1174/1034/35
f 621/1037/35 652/1035/35 1175/1036/35
f 1177/860/15 1032/861/15 729/700/15
f 732/702/23 1035/701/23 1182/1039/23
f 736/1041/25 1037/1111/25 1188/1042/25
f 734/1043/17 733/1124/17 1189/1044/17
f 1180/1045/15 754/1125/15 753/1046/15
f 752/740/19 1045/739/19 1196/672/19
f 750/738/21 749/1126/21 1199/1048/21
f 748/687/17 1059/686/17 1202/1049/17
f 746/685/25 745/1127/25 1207/1050/25
f 744/768/15 1061/770/15 1212/1051/15
f 742/1052/23 741/1128/23 1215/1053/23
f 738/1054/19 737/1129/19 1217/1055/19
f 740/682/21 1075/684/21 1222/1056/21
f 1180/1057/308 1179/1130/358 1184/1058/358
f 1190/1060/316 1189/1131/301 1188/863/301
f 1192/1061/306 1191/1132/317 1186/707/317
f 1200/1062/323 1199/1133/297 1196/728/297
f 1198/1063/314 1197/1134/324 1194/731/324
f 1201/878/330 1208/1135/332 1207/1064/284
f 1206/1065/335 1205/1136/331 1204/748/359
f 1216/1066/341 1215/1137/299 1212/880/299
f 1209/764/337 1214/1138/337 1213/1067/340
f 1221/1068/354 1218/1139/354 1217/1069/353
f 1223/1071/350 1220/1140/350 1219/1072/355
f 731/1040/360 1182/1039/361 1177/1074/361
f 1193/712/19 1048/732/19 776/737/19
f 1182/1077/23 1035/701/23 1036/704/23
f 1181/1079/23 1036/704/23 1033/703/23
f 1184/1058/23 1033/703/23 1034/887/23
f 1183/1081/23 1034/887/23 756/888/23
f 1206/1082/25 769/1141/25 770/1083/25
f 1182/1077/361 1181/1078/363 1178/1084/362
f 1179/1086/358 1178/1142/362 1181/1079/363
f 1222/1070/21 1075/684/21 1076/779/21
f 1221/1087/21 1076/779/21 1073/778/21
f 1224/1073/21 1073/778/21 1074/667/21
f 1223/1088/21 1074/667/21 764/666/21
usemtl SpacialRoverExploreralumBlack
f 210/1301/364 213/1302/364 203/1303/364
f 203/1303/365 220/1304/365 204/1305/365
f 204/1305/366 221/1306/366 205/1307/366
f 206/1308/367 221/1306/367 222/1309/420
f 207/1310/368 222/1311/368 223/1312/368
f 32/1313/421 45/1314/369 31/1315/369
f 29/1316/370 43/1317/422 41/1318/370
f 28/1319/423 37/1320/424 27/1321/424
f 25/1322/372 35/1323/373 48/1324/372
f 25/1322/372 47/1325/425 32/1313/421
f 30/1326/426 45/1314/369 43/1317/422
f 29/1316/370 39/1327/371 28/1319/423
f 26/1328/427 37/1320/424 35/1323/373
f 47/1329/374 33/1330/375 46/1331/376
f 45/1332/377 46/1331/378 44/1333/379
f 42/1334/380 45/1332/381 44/1333/382
f 40/1335/383 43/1336/384 42/1334/385
f 38/1337/386 41/1338/387 40/1339/388
f 36/1340/389 39/1341/390 38/1337/391
f 35/1342/392 36/1340/393 34/1343/394
f 48/1344/395 34/1343/396 33/1330/397
f 212/1345/398 220/1346/398 213/1347/398
f 211/1348/399 221/1306/399 220/1346/399
f 221/1306/400 215/1349/400 222/1309/400
f 222/1350/401 216/1351/401 223/1352/401
f 223/1352/402 217/1353/402 224/1354/402
f 224/1354/403 218/1355/403 225/1356/403
f 218/1355/404 226/1357/404 225/1356/404
f 219/1358/405 213/1347/405 226/1359/405
f 209/1360/406 226/1361/406 210/1301/406
f 209/1360/407 224/1362/407 225/1363/407
f 208/1364/408 223/1312/408 224/1362/408
f 210/1301/364 226/1361/364 213/1302/364
f 203/1303/365 213/1302/365 220/1304/365
f 204/1305/366 220/1304/366 221/1306/366
f 206/1308/367 205/1307/367 221/1306/367
f 207/1310/368 206/1365/409 222/1311/368
f 32/1313/421 47/1325/425 45/1314/369
f 29/1316/370 30/1326/426 43/1317/422
f 28/1319/423 39/1327/371 37/1320/424
f 25/1322/372 26/1328/427 35/1323/373
f 25/1322/372 48/1324/372 47/1325/425
f 30/1326/426 31/1315/369 45/1314/369
f 29/1316/370 41/1318/370 39/1327/371
f 26/1328/427 27/1321/424 37/1320/424
f 47/1329/374 48/1344/410 33/1330/375
f 45/1332/377 47/1329/411 46/1331/378
f 42/1334/412 43/1336/413 45/1332/381
f 40/1335/383 41/1366/414 43/1336/384
f 38/1337/386 39/1341/415 41/1338/387
f 36/1340/416 37/1367/417 39/1341/428
f 35/1342/392 37/1367/418 36/1340/393
f 48/1344/395 35/1342/419 34/1343/396
f 212/1345/398 211/1348/398 220/1346/398
f 211/1348/399 214/1368/399 221/1306/399
f 221/1306/400 214/1368/400 215/1349/400
f 222/1350/401 215/1369/401 216/1351/401
f 223/1352/402 216/1351/402 217/1353/402
f 224/1354/403 217/1353/403 218/1355/403
f 218/1355/404 219/1370/404 226/1357/404
f 219/1358/405 212/1345/405 213/1347/405
f 209/1360/406 225/1363/406 226/1361/406
f 209/1360/407 208/1364/407 224/1362/407
f 208/1364/408 207/1310/408 223/1312/408
usemtl SpacialRoverExploreralumOrange
f 122/1371/87 51/1372/4 49/1373/35
f 121/1374/4 53/1375/230 51/1372/4
f 123/1376/230 55/1377/1 53/1375/230
f 124/1378/1 57/1379/231 55/1377/1
f 125/1380/231 59/1381/2 57/1379/231
f 126/1382/2 61/1383/27 59/1381/2
f 127/1384/27 63/1385/7 61/1383/27
f 128/1386/7 65/1387/232 63/1385/7
f 129/1388/232 67/1389/8 65/1387/232
f 130/1390/8 69/1391/233 67/1389/8
f 131/1392/233 71/1393/11 69/1391/233
f 132/1394/11 73/1395/13 71/1393/11
f 133/1396/117 75/1397/12 73/1398/13
f 134/1399/12 77/1400/234 75/1397/12
f 135/1401/89 79/1402/9 77/1400/234
f 136/1403/9 81/1404/235 79/1402/9
f 137/1405/235 83/1406/10 81/1404/235
f 138/1407/10 85/1408/38 83/1406/10
f 139/1409/38 87/1410/5 85/1408/38
f 140/1411/5 89/1412/236 87/1410/5
f 141/1413/236 91/1414/6 89/1412/236
f 142/1415/6 93/1416/237 91/1414/6
f 143/1417/120 95/1418/3 93/1416/237
f 144/1419/3 49/1373/35 95/1418/3
f 122/1371/87 121/1374/4 51/1372/4
f 121/1374/4 123/1376/230 53/1375/230
f 123/1376/230 124/1378/1 55/1377/1
f 124/1378/1 125/1380/231 57/1379/231
f 125/1380/231 126/1382/2 59/1381/2
f 126/1382/2 127/1384/27 61/1383/27
f 127/1384/27 128/1386/7 63/1385/7
f 128/1386/7 129/1388/232 65/1387/232
f 129/1388/232 130/1390/8 67/1389/8
f 130/1390/8 131/1392/233 69/1391/233
f 131/1392/233 132/1394/11 71/1393/11
f 132/1394/11 133/1420/117 73/1395/13
f 133/1396/117 134/1399/12 75/1397/12
f 134/1399/12 135/1401/89 77/1400/234
f 135/1401/89 136/1403/9 79/1402/9
f 136/1403/9 137/1405/235 81/1404/235
f 137/1405/235 138/1407/10 83/1406/10
f 138/1407/10 139/1409/38 85/1408/38
f 139/1409/38 140/1411/5 87/1410/5
f 140/1411/5 141/1413/236 89/1412/236
f 141/1413/236 142/1415/6 91/1414/6
f 142/1415/6 143/1417/120 93/1416/237
f 143/1417/120 144/1419/3 95/1418/3
f 144/1419/3 122/1371/87 49/1373/35
usemtl SpacialRoverExploreralumGrayDeep
f 413/1531/429 424/1532/430 425/1533/430
f 408/1534/35 572/1535/35 570/1536/35
f 425/1537/35 563/1538/35 569/1539/35
f 400/1540/432 412/1541/431 409/1542/432
f 402/1543/13 577/1544/13 585/1545/13
f 579/1546/13 403/1547/13 401/1548/13
f 401/1549/433 410/1550/456 408/1551/433
f 403/1552/55 411/1553/435 410/1550/55
f 402/1554/435 409/1542/432 411/1553/435
f 413/1531/429 406/1555/436 404/1556/429
f 415/1557/437 407/1558/458 406/1555/437
f 414/1559/438 405/1560/455 407/1558/458
f 416/1561/459 451/1562/459 450/1563/459
f 451/1562/460 418/1564/460 452/1565/460
f 418/1566/461 453/1567/461 452/1568/461
f 419/1569/462 454/1570/462 453/1567/462
f 420/1571/463 455/1572/463 454/1570/463
f 455/1572/464 422/1573/464 456/1574/464
f 417/1575/35 423/1576/35 421/1577/35
f 422/1573/465 457/1578/465 456/1574/465
f 423/1579/466 450/1563/466 457/1578/466
f 424/1580/439 438/1581/440 425/1582/439
f 426/1583/441 401/1549/433 408/1551/433
f 448/1584/13 424/1585/13 446/1586/13
f 447/1587/450 429/1588/443 428/1589/443
f 443/1590/35 425/1537/35 445/1591/35
f 429/1588/443 430/1592/444 428/1589/443
f 440/1593/35 588/1594/35 438/1595/35
f 439/1596/457 431/1597/445 436/1598/445
f 433/1599/440 440/1600/446 438/1581/440
f 435/1601/446 441/1602/447 440/1600/446
f 434/1603/467 439/1596/457 441/1602/448
f 434/1604/13 435/1605/13 587/1606/13
f 442/1607/442 449/1608/449 444/1609/449
f 449/1610/449 445/1611/451 444/1612/449
f 448/1613/452 443/1614/453 445/1615/452
f 443/1614/453 427/1616/441 426/1583/441
f 452/1617/13 454/1618/13 456/1619/13
f 436/1598/454 430/1592/454 437/1620/454
f 572/1535/35 410/1621/35 411/1622/35
f 409/1623/35 572/1624/35 411/1625/35
f 409/1626/35 567/1627/35 568/1628/35
f 424/1585/13 448/1584/13 449/1629/13
f 446/1586/13 424/1585/13 427/1630/13
f 444/1631/35 425/1537/35 442/1632/35
f 447/1633/13 428/1634/13 424/1585/13
f 424/1585/13 449/1629/13 447/1633/13
f 425/1537/35 443/1590/35 426/1635/35
f 445/1591/35 425/1537/35 444/1631/35
f 442/1632/35 425/1537/35 429/1636/35
f 413/1637/35 567/1627/35 415/1638/35
f 414/1639/35 567/1627/35 412/1640/35
f 415/1638/35 567/1627/35 414/1639/35
f 579/1546/13 402/1543/13 403/1547/13
f 427/1630/13 582/1641/13 586/1642/13
f 583/1643/13 404/1644/13 406/1645/13
f 400/1646/13 584/1647/13 583/1643/13
f 406/1645/13 407/1648/13 583/1643/13
f 407/1648/13 405/1649/13 583/1643/13
f 587/1606/13 424/1585/13 428/1634/13
f 432/1650/13 587/1606/13 431/1651/13
f 587/1606/13 435/1605/13 433/1652/13
f 587/1606/13 432/1650/13 434/1604/13
f 431/1651/13 587/1606/13 430/1653/13
f 588/1594/35 429/1636/35 425/1537/35
f 588/1594/35 436/1654/35 437/1655/35
f 436/1654/35 588/1594/35 439/1656/35
f 588/1594/35 441/1657/35 439/1656/35
f 441/1657/35 588/1594/35 440/1593/35
f 413/1531/429 404/1556/429 424/1532/430
f 408/1534/35 410/1621/35 572/1535/35
f 564/1658/35 567/1627/35 413/1637/35
f 408/1534/35 570/1536/35 560/1659/35
f 408/1534/35 560/1659/35 561/1660/35
f 565/1661/468 564/1658/35 413/1637/35
f 566/1662/35 565/1661/468 413/1637/35
f 426/1635/35 408/1534/35 561/1660/35
f 426/1635/35 561/1660/35 562/1663/35
f 566/1662/35 413/1637/35 425/1537/35
f 571/1664/35 566/1662/35 425/1537/35
f 425/1537/35 426/1635/35 562/1663/35
f 425/1537/35 562/1663/35 563/1538/35
f 569/1539/35 571/1664/35 425/1537/35
f 400/1540/432 405/1560/455 412/1541/431
f 585/1545/13 400/1646/13 402/1543/13
f 402/1543/13 579/1546/13 577/1544/13
f 401/1549/433 403/1552/434 410/1550/456
f 403/1552/55 402/1554/435 411/1553/435
f 402/1554/435 400/1540/432 409/1542/432
f 413/1531/429 415/1557/436 406/1555/436
f 415/1557/437 414/1559/438 407/1558/458
f 414/1559/438 412/1541/431 405/1560/455
f 416/1561/459 417/1665/459 451/1562/459
f 451/1562/460 417/1665/460 418/1564/460
f 418/1566/461 419/1569/461 453/1567/461
f 419/1569/462 420/1571/469 454/1570/462
f 420/1571/463 421/1666/463 455/1572/463
f 455/1572/464 421/1666/464 422/1573/464
f 421/1577/35 420/1667/35 419/1668/35
f 419/1668/35 418/1669/35 417/1575/35
f 417/1575/35 416/1670/35 423/1576/35
f 423/1576/35 422/1671/35 421/1577/35
f 421/1577/35 419/1668/35 417/1575/35
f 422/1573/465 423/1579/465 457/1578/465
f 423/1579/466 416/1561/466 450/1563/466
f 424/1580/439 433/1599/440 438/1581/440
f 426/1583/441 427/1616/441 401/1549/433
f 447/1587/450 442/1607/442 429/1588/443
f 429/1588/443 437/1620/444 430/1592/444
f 439/1596/457 432/1672/457 431/1597/445
f 433/1599/440 435/1601/446 440/1600/446
f 435/1601/446 434/1603/447 441/1602/447
f 434/1603/467 432/1672/457 439/1596/457
f 442/1607/442 447/1587/450 449/1608/449
f 449/1610/449 448/1673/451 445/1611/451
f 448/1613/452 446/1674/453 443/1614/453
f 443/1614/453 446/1674/453 427/1616/441
f 456/1619/13 457/1675/13 450/1676/13
f 450/1676/13 451/1677/13 452/1617/13
f 452/1617/13 453/1678/13 454/1618/13
f 454/1618/13 455/1679/13 456/1619/13
f 456/1619/13 450/1676/13 452/1617/13
f 436/1598/454 431/1597/454 430/1592/454
f 568/1628/35 572/1535/35 409/1626/35
f 409/1626/35 412/1640/35 567/1627/35
f 404/1644/13 583/1643/13 581/1680/13
f 404/1644/13 581/1680/13 574/1681/13
f 578/1682/13 579/1546/13 401/1548/13
f 573/1683/13 578/1682/13 401/1548/13
f 424/1585/13 404/1644/13 574/1681/13
f 424/1585/13 574/1681/13 576/1684/13
f 573/1683/13 401/1548/13 427/1630/13
f 580/1685/13 573/1683/13 427/1630/13
f 427/1630/13 424/1585/13 576/1684/13
f 427/1630/13 576/1684/13 575/1686/13
f 586/1642/13 580/1685/13 427/1630/13
f 427/1630/13 575/1686/13 582/1641/13
f 583/1643/13 405/1649/13 400/1646/13
f 400/1646/13 585/1545/13 584/1647/13
f 428/1634/13 430/1653/13 587/1606/13
f 587/1606/13 433/1652/13 424/1585/13
f 425/1537/35 438/1595/35 588/1594/35
f 588/1594/35 437/1655/35 429/1636/35
f 724/1421/41 795/1422/26 723/1423/26
f 752/628/260 777/1424/26 788/1425/39
f 787/1426/262 752/628/260 788/1425/39
f 748/631/281 787/1426/262 786/1427/27
f 746/633/282 786/1427/27 785/1428/258
f 744/634/257 785/1428/258 784/1429/40
f 742/639/256 784/1429/40 783/1430/29
f 740/640/285 783/1430/29 782/1431/42
f 781/1432/255 740/640/285 782/1431/42
f 780/1433/38 738/642/286 781/1432/255
f 734/645/253 780/1433/38 779/1434/261
f 732/646/287 779/1434/261 778/1435/41
f 729/627/280 778/1436/41 777/1424/26
f 717/1437/13 778/1438/13 718/1439/13
f 718/1439/13 779/1440/13 719/1441/13
f 719/1441/13 780/1442/13 720/1443/13
f 721/1444/13 780/1442/13 781/1445/13
f 721/1444/13 782/1446/13 722/1447/13
f 723/1448/13 782/1446/13 783/1449/13
f 723/1448/13 784/1450/13 724/1451/13
f 725/1452/13 784/1450/13 785/1453/13
f 725/1452/13 786/1454/13 726/1455/13
f 726/1455/13 787/1456/13 727/1457/13
f 727/1457/13 788/1458/13 728/1459/13
f 717/1437/13 788/1458/13 777/1460/13
f 792/1461/13 796/1462/13 800/1463/13
f 721/1464/262 792/1465/27 720/1466/27
f 728/1467/42 799/1468/255 727/1469/255
f 718/1470/40 789/1471/29 717/1472/29
f 725/1473/261 796/1474/41 724/1421/41
f 721/1464/262 794/1475/39 793/1476/262
f 717/1472/29 800/1477/42 728/1467/42
f 719/1478/258 790/1479/40 718/1480/40
f 726/1481/38 797/1482/261 725/1473/261
f 723/1423/26 794/1475/39 722/1483/39
f 720/1466/27 791/1484/258 719/1478/258
f 727/1469/255 798/1485/38 726/1481/38
f 1090/1486/26 1102/1487/41 1091/1488/26
f 1089/1489/41 1103/616/261 1102/1089/41
f 1092/1490/261 1104/1491/38 1103/616/261
f 1093/1492/38 1105/1493/255 1104/1491/38
f 1105/1493/255 1095/1494/42 1106/1495/42
f 1095/1494/42 1107/1496/29 1106/1495/42
f 1096/1497/29 1108/1498/40 1107/1496/29
f 1097/1499/40 1109/1500/258 1108/1498/40
f 1098/1501/258 1110/1502/27 1109/1500/258
f 1099/1503/27 1111/1504/262 1110/1502/27
f 1100/1505/35 1096/1506/35 1092/1490/35
f 1100/1507/262 1112/1508/39 1111/1504/262
f 1101/1509/39 1091/1488/26 1112/1508/39
f 724/1421/41 796/1474/41 795/1422/26
f 752/628/260 729/627/280 777/1424/26
f 787/1426/262 750/630/259 752/628/260
f 748/631/281 750/630/259 787/1426/262
f 746/633/282 748/631/281 786/1427/27
f 744/634/257 746/633/282 785/1428/258
f 742/639/256 744/634/257 784/1429/40
f 740/640/285 742/639/256 783/1430/29
f 781/1432/255 738/642/286 740/640/285
f 780/1433/38 736/643/254 738/642/286
f 734/645/253 736/643/254 780/1433/38
f 732/646/287 734/645/253 779/1434/261
f 729/627/280 732/1510/287 778/1436/41
f 717/1437/13 777/1460/13 778/1438/13
f 718/1439/13 778/1438/13 779/1440/13
f 719/1441/13 779/1440/13 780/1442/13
f 721/1444/13 720/1443/13 780/1442/13
f 721/1444/13 781/1445/13 782/1446/13
f 723/1448/13 722/1447/13 782/1446/13
f 723/1448/13 783/1449/13 784/1450/13
f 725/1452/13 724/1451/13 784/1450/13
f 725/1452/13 785/1453/13 786/1454/13
f 726/1455/13 786/1454/13 787/1456/13
f 727/1457/13 787/1456/13 788/1458/13
f 717/1437/13 728/1459/13 788/1458/13
f 800/1463/13 789/1511/13 790/1512/13
f 790/1512/13 791/1513/13 792/1461/13
f 792/1461/13 793/1514/13 794/1515/13
f 794/1515/13 795/1516/13 796/1462/13
f 796/1462/13 797/1517/13 798/1518/13
f 798/1518/13 799/1519/13 800/1463/13
f 800/1463/13 790/1512/13 792/1461/13
f 792/1461/13 794/1515/13 796/1462/13
f 796/1462/13 798/1518/13 800/1463/13
f 721/1464/262 793/1476/262 792/1465/27
f 728/1467/42 800/1477/42 799/1468/255
f 718/1470/40 790/1520/40 789/1471/29
f 725/1473/261 797/1482/261 796/1474/41
f 721/1464/262 722/1483/39 794/1475/39
f 717/1472/29 789/1471/29 800/1477/42
f 719/1478/258 791/1484/258 790/1479/40
f 726/1481/38 798/1485/38 797/1482/261
f 723/1423/26 795/1422/26 794/1475/39
f 720/1466/27 792/1465/27 791/1484/258
f 727/1469/255 799/1468/255 798/1485/38
f 1090/1486/26 1089/1521/41 1102/1487/41
f 1089/1489/41 1092/1490/261 1103/616/261
f 1092/1490/261 1093/1492/38 1104/1491/38
f 1093/1492/38 1094/1522/255 1105/1493/255
f 1105/1493/255 1094/1522/255 1095/1494/42
f 1095/1494/42 1096/1497/29 1107/1496/29
f 1096/1497/29 1097/1499/40 1108/1498/40
f 1097/1499/40 1098/1501/258 1109/1500/258
f 1098/1501/258 1099/1503/27 1110/1502/27
f 1099/1503/27 1100/1507/262 1111/1504/262
f 1092/1490/35 1089/1489/35 1090/1523/35
f 1090/1523/35 1101/1524/35 1100/1505/35
f 1100/1505/35 1099/1525/35 1098/1526/35
f 1098/1526/35 1097/1527/35 1096/1506/35
f 1096/1506/35 1095/1528/35 1094/1529/35
f 1094/1529/35 1093/1530/35 1092/1490/35
f 1092/1490/35 1090/1523/35 1100/1505/35
f 1100/1505/35 1098/1526/35 1096/1506/35
f 1096/1506/35 1094/1529/35 1092/1490/35
f 1100/1507/262 1101/1509/39 1112/1508/39
f 1101/1509/39 1090/1486/26 1091/1488/26
usemtl SpacialRoverExplorerwheels
f 1176/1687/35 684/1688/482 654/1689/483
f 1175/1690/35 683/1691/484 684/1688/482
f 1174/1692/35 682/1693/485 683/1691/484
f 1173/1694/35 681/1695/486 682/1693/485
f 1172/1696/35 680/1697/487 681/1695/486
f 1171/1698/35 679/1699/488 680/1697/487
f 1170/1700/35 678/1701/489 679/1699/488
f 1169/1702/35 677/1703/489 678/1701/489
f 1168/1704/35 676/1705/490 677/1703/489
f 1167/1706/35 675/1707/490 676/1705/490
f 1166/1708/35 674/1709/491 675/1707/490
f 1165/1710/35 673/1711/492 674/1709/491
f 1164/1712/35 672/1713/493 673/1714/492
f 1162/1715/35 672/1713/493 1163/1716/35
f 1161/1717/35 671/1718/493 1162/1715/35
f 1160/1719/35 670/1720/494 1161/1717/35
f 1159/1721/35 669/1722/494 1160/1719/35
f 1158/1723/35 668/1724/495 1159/1721/35
f 1157/1725/35 667/1726/495 1158/1723/35
f 1156/1727/35 666/1728/496 1157/1725/35
f 1155/1729/35 665/1730/496 1156/1727/35
f 1154/1731/35 664/1732/497 1155/1729/35
f 1153/1733/35 663/1734/498 1154/1731/35
f 1152/1735/35 662/1736/499 1153/1733/35
f 1151/1737/35 661/1738/500 1152/1735/35
f 1150/1739/35 660/1740/501 1151/1737/35
f 1149/1741/35 659/1742/502 1150/1739/35
f 1148/1743/35 658/1744/503 1149/1741/35
f 1147/1745/35 657/1746/503 1148/1747/35
f 1147/1745/35 655/1748/504 656/1749/505
f 1146/1750/35 653/1751/483 655/1748/504
f 1145/1752/35 654/1689/483 653/1751/483
f 1114/1753/13 707/1754/506 1113/1755/13
f 1115/1756/13 695/1757/507 694/1758/508
f 1117/1759/13 708/1760/506 1114/1753/13
f 1116/1761/13 696/1762/509 695/1757/507
f 1119/1763/13 709/1764/510 1117/1759/13
f 1118/1765/13 697/1766/511 696/1762/509
f 1121/1767/13 710/1768/510 1119/1763/13
f 1120/1769/13 698/1770/512 697/1766/511
f 1123/1771/13 711/1772/513 1121/1767/13
f 1122/1773/13 699/1774/514 698/1770/512
f 1126/1775/13 685/1776/515 1125/1777/13
f 1127/1778/13 712/1779/516 1123/1771/13
f 1124/1780/13 700/1781/514 699/1774/514
f 1129/1782/13 686/1783/515 1126/1775/13
f 1130/1784/13 713/1785/517 1127/1778/13
f 1131/1786/13 700/1781/514 1128/1787/13
f 1132/1788/13 687/1789/518 1129/1782/13
f 1133/1790/13 714/1791/519 1130/1784/13
f 1134/1792/13 701/1793/520 1131/1786/13
f 1135/1794/13 688/1795/518 1132/1788/13
f 1136/1796/13 715/1797/521 1133/1790/13
f 1137/1798/13 702/1799/522 1134/1792/13
f 1135/1800/13 690/1801/523 689/1802/523
f 1125/1777/13 716/1803/524 1136/1796/13
f 1139/1804/13 703/1805/525 1137/1798/13
f 1138/1806/13 691/1807/526 690/1801/523
f 1141/1808/13 704/1809/525 1139/1804/13
f 1140/1810/13 692/1811/527 691/1807/526
f 1143/1812/13 705/1813/528 1141/1814/13
f 1142/1815/13 693/1816/529 692/1811/527
f 1113/1755/13 706/1817/528 1143/1812/13
f 1144/1818/13 694/1758/508 693/1816/529
f 802/1819/530 711/1772/531 804/1820/532
f 806/1821/533 715/1797/534 808/1822/535
f 808/1822/536 1000/1823/537 807/1824/538
f 812/1825/539 713/1785/540 810/1826/541
f 859/1827/542 902/1828/543 1026/1829/544
f 807/1824/538 901/1830/545 683/1691/546
f 674/1709/491 911/1831/547 912/1832/548
f 858/1833/549 1025/1834/550 993/1835/549
f 715/1797/521 963/1836/551 964/1837/551
f 826/1838/552 705/1839/553 820/1840/554
f 822/1841/555 707/1754/556 816/1842/557
f 818/1843/558 709/1764/559 814/1844/560
f 806/1821/561 999/1845/562 967/1846/563
f 857/1847/550 930/1848/564 1025/1834/550
f 700/1781/565 828/1849/566 834/1850/567
f 702/1799/568 824/1851/569 830/1852/570
f 805/1853/571 904/1854/572 999/1845/562
f 676/1705/490 909/1855/573 910/1856/574
f 696/1762/575 836/1857/576 842/1858/577
f 698/1770/578 832/1859/579 838/1860/580
f 856/1861/581 1024/1862/582 855/1863/583
f 713/1785/517 961/1864/584 962/1865/584
f 804/1820/585 998/1866/586 803/1867/587
f 855/1863/583 929/1868/588 655/1748/588
f 688/1795/589 852/1869/590 858/1833/591
f 690/1801/592 848/1870/593 854/1871/594
f 692/1811/595 844/1872/596 850/1873/597
f 694/1758/598 840/1874/599 846/1875/600
f 860/1876/601 685/1776/602 862/1877/603
f 803/1867/587 905/1878/604 679/1699/605
f 864/1879/606 687/1789/607 856/1861/608
f 678/1701/489 907/1880/609 908/1881/609
f 854/1871/610 1023/1882/611 991/1883/612
f 711/1772/513 959/1884/613 960/1885/613
f 653/1751/614 855/1863/615 655/1748/614
f 863/1886/616 856/1861/608 855/1863/615
f 802/1819/617 997/1887/618 965/1888/619
f 853/1889/620 928/1890/621 1023/1882/611
f 684/1688/622 861/1891/623 654/1689/622
f 859/1827/624 862/1877/603 861/1891/623
f 845/1892/625 663/1734/626 662/1736/626
f 846/1875/600 839/1893/627 845/1892/625
f 849/1894/628 661/1738/629 660/1740/629
f 850/1873/597 843/1895/630 849/1894/628
f 853/1889/631 659/1742/632 658/1744/632
f 854/1871/594 847/1896/633 853/1889/631
f 857/1847/634 657/1746/635 656/1749/635
f 858/1833/591 851/1897/636 857/1847/634
f 801/1898/637 908/1881/638 997/1887/618
f 680/1697/487 905/1878/639 906/1899/639
f 852/1900/640 1022/1901/641 851/1902/642
f 709/1764/510 957/1903/643 958/1904/643
f 864/1879/644 933/1905/645 686/1783/646
f 851/1902/642 927/1906/647 657/1907/648
f 862/1877/649 934/1908/650 995/1909/649
f 682/1693/485 903/1910/651 904/1854/651
f 837/1911/652 667/1726/653 666/1728/653
f 838/1860/580 831/1912/654 837/1911/652
f 841/1913/655 665/1730/656 664/1732/656
f 842/1858/577 835/1914/657 841/1913/655
f 850/1873/658 1021/1915/659 989/1916/658
f 707/1754/506 955/1917/660 956/1918/660
f 860/1876/661 963/1836/662 716/1803/663
f 849/1894/664 926/1919/665 1021/1915/659
f 829/1920/666 671/1718/667 670/1720/667
f 830/1852/570 823/1921/668 829/1920/666
f 833/1922/669 669/1722/670 668/1724/670
f 834/1850/567 827/1923/671 833/1922/669
f 858/1833/549 935/1924/672 688/1795/672
f 684/1688/482 901/1830/673 902/1828/673
f 848/1870/674 1020/1925/675 847/1896/676
f 705/1813/528 953/1926/677 954/1927/677
f 676/1705/678 813/1928/679 677/1703/678
f 817/1929/680 814/1844/560 813/1928/679
f 674/1709/681 815/1930/682 675/1707/681
f 821/1931/683 816/1842/557 815/1930/682
f 672/1713/684 819/1932/685 673/1714/684
f 825/1933/686 820/1840/554 819/1932/685
f 856/1861/581 936/1934/687 992/1935/581
f 847/1896/676 925/1936/688 659/1742/689
f 854/1871/610 937/1937/690 690/1801/691
f 846/1875/692 1019/1938/693 987/1939/694
f 703/1805/525 951/1940/695 952/1941/695
f 852/1900/640 938/1942/696 990/1943/640
f 845/1892/697 924/1944/698 1019/1938/693
f 850/1873/658 939/1945/699 692/1811/700
f 844/1872/475 1018/1946/476 843/1895/474
f 702/1799/522 950/1947/701 701/1793/520
f 680/1697/702 809/1948/703 681/1695/702
f 811/1949/704 810/1826/541 809/1948/703
f 848/1870/674 940/1950/705 988/1951/674
f 843/1895/474 923/1952/706 661/1738/707
f 682/1693/708 807/1824/709 683/1691/708
f 805/1853/710 808/1822/535 807/1824/709
f 678/1701/711 803/1867/712 679/1699/711
f 801/1898/713 804/1820/532 803/1867/712
f 969/1953/714 961/1864/715 967/1846/716
f 966/1954/717 959/1884/718 970/1955/719
f 971/1956/720 957/1903/721 965/1888/722
f 972/1957/723 955/1917/724 973/1958/725
f 974/1959/726 953/1926/727 975/1960/728
f 976/1961/729 951/1940/730 977/1962/729
f 950/1947/731 979/1963/732 978/1964/733
f 948/1965/734 981/1966/735 980/1967/736
f 946/1968/737 983/1969/738 982/1970/739
f 944/1971/740 985/1972/741 984/1973/742
f 942/1974/743 987/1939/744 986/1975/745
f 940/1950/746 989/1916/747 988/1951/748
f 938/1942/749 991/1883/750 990/1943/751
f 936/1934/752 993/1835/753 992/1935/753
f 995/1909/754 933/1905/755 996/1976/756
f 968/1977/757 963/1836/758 994/1978/759
f 901/1830/760 1026/1829/761 902/1828/760
f 1000/1823/762 994/1978/759 1026/1829/761
f 931/1979/763 1028/1980/764 932/1981/765
f 1027/1982/766 996/1976/756 1028/1980/764
f 1024/1862/767 930/1848/768 929/1868/768
f 992/1935/753 1025/1834/767 1024/1862/767
f 1022/1901/769 928/1890/770 927/1906/770
f 990/1943/751 1023/1882/771 1022/1901/769
f 1020/1925/772 926/1919/773 925/1936/773
f 988/1951/748 1021/1915/774 1020/1925/772
f 1018/1946/775 924/1944/776 923/1952/776
f 986/1975/745 1019/1938/777 1018/1946/775
f 1016/1983/778 922/1984/779 921/1985/780
f 984/1973/742 1017/1986/781 1016/1983/778
f 1014/1987/782 920/1988/783 919/1989/783
f 982/1970/739 1015/1990/784 1014/1987/782
f 1012/1991/785 918/1992/786 917/1993/786
f 980/1967/736 1013/1994/787 1012/1991/785
f 1010/1995/788 916/1996/789 915/1997/789
f 978/1964/733 1011/1998/790 1010/1995/788
f 913/1999/791 1009/2000/792 914/2001/791
f 976/1961/729 1009/2000/792 1008/2002/792
f 911/1831/793 1007/2003/794 912/1832/793
f 1006/2004/795 975/1960/728 1007/2003/794
f 909/1855/796 1005/2005/797 910/1856/796
f 1004/2006/798 973/1958/725 1005/2005/797
f 907/1880/799 997/1887/800 908/1881/799
f 1003/2007/801 965/1888/722 997/1887/800
f 905/1878/802 1002/2008/803 906/1899/802
f 998/1866/804 970/1955/719 1002/2008/803
f 903/1910/805 999/1845/806 904/1854/805
f 1001/2009/807 967/1846/716 999/1845/806
f 860/1876/661 1026/1829/544 994/1978/661
f 671/1718/493 914/2001/808 672/1713/493
f 809/1948/809 903/1910/810 681/1695/811
f 861/1891/812 931/1979/813 654/1689/814
f 810/1826/815 1001/2009/816 809/1948/809
f 862/1877/649 1027/1982/817 861/1891/812
f 669/1722/494 916/1996/818 670/1720/494
f 811/1949/819 906/1899/820 1002/2008/821
f 863/1886/822 932/1981/823 1028/1980/824
f 812/1825/825 1002/2008/821 970/1955/825
f 864/1879/644 1028/1980/824 996/1976/826
f 667/1726/495 918/1992/827 668/1724/495
f 813/1928/472 907/1880/828 677/1703/473
f 814/1844/470 1003/2007/471 813/1928/472
f 665/1730/496 920/1988/829 666/1728/496
f 815/1930/830 909/1855/831 675/1707/832
f 816/1842/833 1004/2006/834 815/1930/830
f 663/1734/498 922/1984/835 664/1732/497
f 817/1929/836 910/1856/837 1005/2005/838
f 818/1843/839 1005/2005/838 973/1958/840
f 661/1738/500 924/1944/841 662/1736/499
f 819/2010/842 911/1831/843 673/1711/844
f 820/2011/845 1006/2004/846 819/2010/842
f 802/1819/617 957/1903/847 710/1768/848
f 659/1742/502 926/1919/849 660/1740/501
f 821/1931/850 912/1832/851 1007/2003/852
f 804/1820/585 960/1885/853 966/1954/854
f 822/1841/855 1007/2003/852 975/1960/856
f 806/1821/561 961/1864/857 714/1791/858
f 657/1907/503 928/1890/859 658/1744/503
f 823/1921/860 913/1999/861 671/1718/861
f 808/1822/536 964/1837/862 968/1977/863
f 824/1851/864 1008/2002/860 823/1921/860
f 810/1826/815 962/1865/865 969/1953/866
f 656/1749/505 929/1868/867 930/1848/868
f 825/1933/869 914/2001/870 1009/2000/869
f 812/1825/825 959/1884/871 712/1779/872
f 826/1838/873 1009/2000/869 977/1962/873
f 814/1844/470 958/1904/479 971/1956/480
f 653/1751/483 931/1979/874 932/1981/874
f 827/1923/875 915/1997/876 669/1722/877
f 816/1842/833 956/1918/878 972/1957/879
f 685/1776/515 933/1905/880 934/1908/881
f 828/1849/882 1010/1995/883 827/1923/875
f 818/1843/839 955/1917/884 708/1760/885
f 829/1920/886 916/1996/887 1011/1998/888
f 820/2011/845 954/1927/889 974/1959/890
f 688/1795/518 936/1934/891 687/1789/518
f 830/1852/892 1011/1998/888 979/1963/893
f 822/1841/855 953/1926/894 706/1817/895
f 831/1912/896 917/1993/897 667/1726/898
f 824/1851/864 952/1941/899 976/1961/900
f 690/1801/523 938/1942/901 689/1802/523
f 832/1859/902 1012/1991/903 831/1912/896
f 826/1838/873 951/1940/904 704/1809/905
f 833/1922/906 918/1992/907 1013/1994/908
f 828/1849/882 950/1947/909 978/1964/882
f 692/1811/527 940/1950/910 691/1807/526
f 834/1850/911 1013/1994/908 981/1966/911
f 830/1852/892 949/2012/912 702/1799/913
f 835/1914/914 919/1989/915 665/1730/916
f 832/1859/902 948/1965/917 980/1967/902
f 694/1758/508 942/1974/918 693/1816/529
f 836/1857/919 1014/1987/920 835/1914/914
f 834/1850/911 947/2013/921 700/1781/922
f 837/1911/923 920/1988/924 1015/1990/925
f 836/1857/919 946/1968/926 982/1970/927
f 696/1762/509 944/1971/928 695/1757/507
f 838/1860/929 1015/1990/925 983/1969/930
f 838/1860/929 945/2014/931 698/1770/932
f 839/1893/933 921/1985/934 663/1734/935
f 840/1874/936 944/1971/937 984/1973/938
f 698/1770/512 946/1968/939 697/1766/511
f 840/1874/936 1016/1983/940 839/1893/933
f 842/1858/941 943/2015/942 696/1762/943
f 841/1913/944 922/1984/945 1017/1986/946
f 844/1872/475 942/1974/477 986/1975/478
f 700/1781/514 948/1965/947 699/1774/514
f 842/1858/941 1017/1986/946 985/1972/948
f 846/1875/692 941/2016/949 694/1758/950
f 1176/1687/35 1175/1690/35 684/1688/482
f 1175/1690/35 1174/1692/35 683/1691/484
f 1174/1692/35 1173/1694/35 682/1693/485
f 1173/1694/35 1172/1696/35 681/1695/486
f 1172/1696/35 1171/1698/35 680/1697/487
f 1171/1698/35 1170/1700/35 679/1699/488
f 1170/1700/35 1169/1702/35 678/1701/489
f 1169/1702/35 1168/1704/35 677/1703/489
f 1168/1704/35 1167/1706/35 676/1705/490
f 1167/1706/35 1166/1708/35 675/1707/490
f 1166/1708/35 1165/1710/35 674/1709/491
f 1165/1710/35 1164/2017/35 673/1711/492
f 1164/1712/35 1163/1716/35 672/1713/493
f 1162/1715/35 671/1718/493 672/1713/493
f 1161/1717/35 670/1720/494 671/1718/493
f 1160/1719/35 669/1722/494 670/1720/494
f 1159/1721/35 668/1724/495 669/1722/494
f 1158/1723/35 667/1726/495 668/1724/495
f 1157/1725/35 666/1728/496 667/1726/495
f 1156/1727/35 665/1730/496 666/1728/496
f 1155/1729/35 664/1732/497 665/1730/496
f 1154/1731/35 663/1734/498 664/1732/497
f 1153/1733/35 662/1736/499 663/1734/498
f 1152/1735/35 661/1738/500 662/1736/499
f 1151/1737/35 660/1740/501 661/1738/500
f 1150/1739/35 659/1742/502 660/1740/501
f 1149/1741/35 658/1744/503 659/1742/502
f 1148/1743/35 657/1907/503 658/1744/503
f 1147/1745/35 656/1749/505 657/1746/503
f 1147/1745/35 1146/1750/35 655/1748/504
f 1146/1750/35 1145/1752/35 653/1751/483
f 1145/1752/35 1176/1687/35 654/1689/483
f 1114/1753/13 708/1760/506 707/1754/506
f 1115/1756/13 1116/1761/13 695/1757/507
f 1117/1759/13 709/1764/510 708/1760/506
f 1116/1761/13 1118/1765/13 696/1762/509
f 1119/1763/13 710/1768/510 709/1764/510
f 1118/1765/13 1120/1769/13 697/1766/511
f 1121/1767/13 711/1772/513 710/1768/510
f 1120/1769/13 1122/1773/13 698/1770/512
f 1123/1771/13 712/1779/516 711/1772/513
f 1122/1773/13 1124/1780/13 699/1774/514
f 1126/1775/13 686/1783/515 685/1776/515
f 1127/1778/13 713/1785/517 712/1779/516
f 1124/1780/13 1128/1787/13 700/1781/514
f 1129/1782/13 687/1789/518 686/1783/515
f 1130/1784/13 714/1791/519 713/1785/517
f 1131/1786/13 701/1793/520 700/1781/514
f 1132/1788/13 688/1795/518 687/1789/518
f 1133/1790/13 715/1797/521 714/1791/519
f 1134/1792/13 702/1799/522 701/1793/520
f 1135/1794/13 689/2018/523 688/1795/518
f 1136/1796/13 716/1803/524 715/1797/521
f 1137/1798/13 703/1805/525 702/1799/522
f 1135/1800/13 1138/1806/13 690/1801/523
f 1125/1777/13 685/1776/515 716/1803/524
f 1139/1804/13 704/1809/525 703/1805/525
f 1138/1806/13 1140/1810/13 691/1807/526
f 1141/1808/13 705/1839/528 704/1809/525
f 1140/1810/13 1142/1815/13 692/1811/527
f 1143/1812/13 706/1817/528 705/1813/528
f 1142/1815/13 1144/1818/13 693/1816/529
f 1113/1755/13 707/1754/506 706/1817/528
f 1144/1818/13 1115/1756/13 694/1758/508
f 802/1819/530 710/1768/531 711/1772/531
f 806/1821/533 714/1791/534 715/1797/534
f 808/1822/536 968/1977/863 1000/1823/537
f 812/1825/539 712/1779/540 713/1785/540
f 859/1827/542 684/1688/951 902/1828/543
f 807/1824/538 1000/1823/537 901/1830/545
f 674/1709/491 673/1711/492 911/1831/547
f 858/1833/549 857/1847/550 1025/1834/550
f 715/1797/521 716/1803/524 963/1836/551
f 826/1838/552 704/1809/553 705/1839/553
f 822/1841/555 706/1817/556 707/1754/556
f 818/1843/558 708/1760/559 709/1764/559
f 806/1821/561 805/1853/571 999/1845/562
f 857/1847/550 656/1749/564 930/1848/564
f 700/1781/565 701/1793/565 828/1849/566
f 702/1799/568 703/1805/568 824/1851/569
f 805/1853/571 682/1693/952 904/1854/572
f 676/1705/490 675/1707/490 909/1855/573
f 696/1762/575 697/1766/575 836/1857/576
f 698/1770/578 699/1774/578 832/1859/579
f 856/1861/581 992/1935/581 1024/1862/582
f 713/1785/517 714/1791/519 961/1864/584
f 804/1820/585 966/1954/854 998/1866/586
f 855/1863/583 1024/1862/582 929/1868/588
f 688/1795/589 689/2018/589 852/1869/590
f 690/1801/592 691/1807/592 848/1870/593
f 692/1811/595 693/1816/595 844/1872/596
f 694/1758/598 695/1757/598 840/1874/599
f 860/1876/601 716/1803/602 685/1776/602
f 803/1867/587 998/1866/586 905/1878/604
f 864/1879/606 686/1783/607 687/1789/607
f 678/1701/489 677/1703/489 907/1880/609
f 854/1871/610 853/1889/620 1023/1882/611
f 711/1772/513 712/1779/516 959/1884/613
f 653/1751/614 863/1886/616 855/1863/615
f 863/1886/616 864/1879/606 856/1861/608
f 802/1819/617 801/1898/637 997/1887/618
f 853/1889/620 658/1744/953 928/1890/621
f 684/1688/622 859/1827/624 861/1891/623
f 859/1827/624 860/1876/601 862/1877/603
f 845/1892/625 839/1893/627 663/1734/626
f 846/1875/600 840/1874/599 839/1893/627
f 849/1894/628 843/1895/630 661/1738/629
f 850/1873/597 844/1872/596 843/1895/630
f 853/1889/631 847/1896/633 659/1742/632
f 854/1871/594 848/1870/593 847/1896/633
f 857/1847/634 851/1897/636 657/1746/635
f 858/1833/591 852/1869/590 851/1897/636
f 801/1898/637 678/1701/954 908/1881/638
f 680/1697/487 679/1699/488 905/1878/639
f 852/1900/640 990/1943/640 1022/1901/641
f 709/1764/510 710/1768/510 957/1903/643
f 864/1879/644 996/1976/826 933/1905/645
f 851/1902/642 1022/1901/641 927/1906/647
f 862/1877/649 685/1776/955 934/1908/650
f 682/1693/485 681/1695/486 903/1910/651
f 837/1911/652 831/1912/654 667/1726/653
f 838/1860/580 832/1859/579 831/1912/654
f 841/1913/655 835/1914/657 665/1730/656
f 842/1858/577 836/1857/576 835/1914/657
f 850/1873/658 849/1894/664 1021/1915/659
f 707/1754/506 708/1760/506 955/1917/660
f 860/1876/661 994/1978/661 963/1836/662
f 849/1894/664 660/1740/956 926/1919/665
f 829/1920/666 823/1921/668 671/1718/667
f 830/1852/570 824/1851/569 823/1921/668
f 833/1922/669 827/1923/671 669/1722/670
f 834/1850/567 828/1849/566 827/1923/671
f 858/1833/549 993/1835/549 935/1924/672
f 684/1688/482 683/1691/484 901/1830/673
f 848/1870/674 988/1951/674 1020/1925/675
f 705/1813/528 706/1817/528 953/1926/677
f 676/1705/678 817/1929/680 813/1928/679
f 817/1929/680 818/1843/558 814/1844/560
f 674/1709/681 821/1931/683 815/1930/682
f 821/1931/683 822/1841/555 816/1842/557
f 672/1713/684 825/1933/686 819/1932/685
f 825/1933/686 826/1838/552 820/1840/554
f 856/1861/581 687/1789/687 936/1934/687
f 847/1896/676 1020/1925/675 925/1936/688
f 854/1871/610 991/1883/612 937/1937/690
f 846/1875/692 845/1892/697 1019/1938/693
f 703/1805/525 704/1809/525 951/1940/695
f 852/1900/640 689/1802/957 938/1942/696
f 845/1892/697 662/1736/958 924/1944/698
f 850/1873/658 989/1916/658 939/1945/699
f 844/1872/475 986/1975/478 1018/1946/476
f 702/1799/522 949/2012/701 950/1947/701
f 680/1697/702 811/1949/704 809/1948/703
f 811/1949/704 812/1825/539 810/1826/541
f 848/1870/674 691/1807/959 940/1950/705
f 843/1895/474 1018/1946/476 923/1952/706
f 682/1693/708 805/1853/710 807/1824/709
f 805/1853/710 806/1821/533 808/1822/535
f 678/1701/711 801/1898/713 803/1867/712
f 801/1898/713 802/1819/530 804/1820/532
f 969/1953/714 962/1865/715 961/1864/715
f 966/1954/717 960/1885/718 959/1884/718
f 971/1956/720 958/1904/721 957/1903/721
f 972/1957/723 956/1918/724 955/1917/724
f 974/1959/726 954/1927/727 953/1926/727
f 976/1961/729 952/1941/730 951/1940/730
f 950/1947/731 949/2012/731 979/1963/732
f 948/1965/734 947/2013/734 981/1966/735
f 946/1968/737 945/2014/737 983/1969/738
f 944/1971/740 943/2015/740 985/1972/741
f 942/1974/743 941/2016/743 987/1939/744
f 940/1950/746 939/1945/746 989/1916/747
f 938/1942/749 937/1937/749 991/1883/750
f 936/1934/752 935/1924/752 993/1835/753
f 995/1909/754 934/1908/755 933/1905/755
f 968/1977/757 964/1837/758 963/1836/758
f 901/1830/760 1000/1823/762 1026/1829/761
f 1000/1823/762 968/1977/757 994/1978/759
f 931/1979/763 1027/1982/766 1028/1980/764
f 1027/1982/766 995/1909/754 996/1976/756
f 1024/1862/767 1025/1834/767 930/1848/768
f 992/1935/753 993/1835/753 1025/1834/767
f 1022/1901/769 1023/1882/771 928/1890/770
f 990/1943/751 991/1883/750 1023/1882/771
f 1020/1925/772 1021/1915/774 926/1919/773
f 988/1951/748 989/1916/747 1021/1915/774
f 1018/1946/775 1019/1938/777 924/1944/776
f 986/1975/745 987/1939/744 1019/1938/777
f 1016/1983/778 1017/1986/781 922/1984/779
f 984/1973/742 985/1972/741 1017/1986/781
f 1014/1987/782 1015/1990/784 920/1988/783
f 982/1970/739 983/1969/738 1015/1990/784
f 1012/1991/785 1013/1994/787 918/1992/786
f 980/1967/736 981/1966/735 1013/1994/787
f 1010/1995/788 1011/1998/790 916/1996/789
f 978/1964/733 979/1963/732 1011/1998/790
f 913/1999/791 1008/2002/792 1009/2000/792
f 976/1961/729 977/1962/729 1009/2000/792
f 911/1831/793 1006/2004/795 1007/2003/794
f 1006/2004/795 974/1959/726 975/1960/728
f 909/1855/796 1004/2006/798 1005/2005/797
f 1004/2006/798 972/1957/723 973/1958/725
f 907/1880/799 1003/2007/801 997/1887/800
f 1003/2007/801 971/1956/720 965/1888/722
f 905/1878/802 998/1866/804 1002/2008/803
f 998/1866/804 966/1954/717 970/1955/719
f 903/1910/805 1001/2009/807 999/1845/806
f 1001/2009/807 969/1953/714 967/1846/716
f 860/1876/661 859/1827/542 1026/1829/544
f 671/1718/493 913/1999/960 914/2001/808
f 809/1948/809 1001/2009/816 903/1910/810
f 861/1891/812 1027/1982/817 931/1979/813
f 810/1826/815 969/1953/866 1001/2009/816
f 862/1877/649 995/1909/649 1027/1982/817
f 669/1722/494 915/1997/818 916/1996/818
f 811/1949/819 680/1697/961 906/1899/820
f 863/1886/822 653/1751/962 932/1981/823
f 812/1825/825 811/1949/819 1002/2008/821
f 864/1879/644 863/1886/822 1028/1980/824
f 667/1726/495 917/1993/963 918/1992/827
f 813/1928/472 1003/2007/471 907/1880/828
f 814/1844/470 971/1956/480 1003/2007/471
f 665/1730/496 919/1989/829 920/1988/829
f 815/1930/830 1004/2006/834 909/1855/831
f 816/1842/833 972/1957/879 1004/2006/834
f 663/1734/498 921/1985/835 922/1984/835
f 817/1929/836 676/1705/964 910/1856/837
f 818/1843/839 817/1929/836 1005/2005/838
f 661/1738/500 923/1952/841 924/1944/841
f 819/2010/842 1006/2004/846 911/1831/843
f 820/2011/845 974/1959/890 1006/2004/846
f 802/1819/617 965/1888/619 957/1903/847
f 659/1742/502 925/1936/849 926/1919/849
f 821/1931/850 674/1709/965 912/1832/851
f 804/1820/585 711/1772/966 960/1885/853
f 822/1841/855 821/1931/850 1007/2003/852
f 806/1821/561 967/1846/563 961/1864/857
f 657/1907/503 927/1906/859 928/1890/859
f 823/1921/860 1008/2002/860 913/1999/861
f 808/1822/536 715/1797/967 964/1837/862
f 824/1851/864 976/1961/900 1008/2002/860
f 810/1826/815 713/1785/968 962/1865/865
f 656/1749/505 655/1748/504 929/1868/867
f 825/1933/869 672/1713/870 914/2001/870
f 812/1825/825 970/1955/825 959/1884/871
f 826/1838/873 825/1933/869 1009/2000/869
f 814/1844/470 709/1764/969 958/1904/479
f 653/1751/483 654/1689/483 931/1979/874
f 827/1923/875 1010/1995/883 915/1997/876
f 816/1842/833 707/1754/970 956/1918/878
f 685/1776/515 686/1783/515 933/1905/880
f 828/1849/882 978/1964/882 1010/1995/883
f 818/1843/839 973/1958/840 955/1917/884
f 829/1920/886 670/1720/971 916/1996/887
f 820/2011/845 705/1813/972 954/1927/889
f 688/1795/518 935/1924/973 936/1934/891
f 830/1852/892 829/1920/886 1011/1998/888
f 822/1841/855 975/1960/856 953/1926/894
f 831/1912/896 1012/1991/903 917/1993/897
f 824/1851/864 703/1805/899 952/1941/899
f 690/1801/523 937/1937/901 938/1942/901
f 832/1859/902 980/1967/902 1012/1991/903
f 826/1838/873 977/1962/873 951/1940/904
f 833/1922/906 668/1724/974 918/1992/907
f 828/1849/882 701/1793/975 950/1947/909
f 692/1811/527 939/1945/910 940/1950/910
f 834/1850/911 833/1922/906 1013/1994/908
f 830/1852/892 979/1963/893 949/2012/912
f 835/1914/914 1014/1987/920 919/1989/915
f 832/1859/902 699/1774/976 948/1965/917
f 694/1758/508 941/2016/918 942/1974/918
f 836/1857/919 982/1970/927 1014/1987/920
f 834/1850/911 981/1966/911 947/2013/921
f 837/1911/923 666/1728/977 920/1988/924
f 836/1857/919 697/1766/978 946/1968/926
f 696/1762/509 943/2015/928 944/1971/928
f 838/1860/929 837/1911/923 1015/1990/925
f 838/1860/929 983/1969/930 945/2014/931
f 839/1893/933 1016/1983/940 921/1985/934
f 840/1874/936 695/1757/979 944/1971/937
f 698/1770/512 945/2014/939 946/1968/939
f 840/1874/936 984/1973/938 1016/1983/940
f 842/1858/941 985/1972/948 943/2015/942
f 841/1913/944 664/1732/980 922/1984/945
f 844/1872/475 693/1816/481 942/1974/477
f 700/1781/514 947/2013/947 948/1965/947
f 842/1858/941 841/1913/944 1017/1986/946
f 846/1875/692 987/1939/694 941/2016/949
