# Rover separado para OpenGL
# Punto de giro original: -3.035000 3.284000 3.009000
mtllib RoverSeparado.mtl
o Rueda_Trasera_Izquierda
v -0.501156 0.443115 0.200000
v -0.501156 0.443115 -0.500001
v -0.426156 0.423019 0.200000
v -0.426156 0.423019 -0.500001
v -0.371252 0.368115 0.200000
v -0.371252 0.368115 -0.500001
v -0.351156 0.293115 0.200000
v -0.351156 0.293115 -0.500001
v -0.371252 0.218115 0.200000
v -0.371252 0.218115 -0.500001
v -0.426156 0.163211 0.200000
v -0.426156 0.163211 -0.500001
v -0.501156 0.143115 0.200000
v -0.501156 0.143115 -0.500001
v -0.576156 0.163211 0.200000
v -0.576156 0.163211 -0.500001
v -0.631060 0.218115 0.200000
v -0.631060 0.218115 -0.500001
v -0.651156 0.293115 0.200000
v -0.651156 0.293115 -0.500001
v -0.631060 0.368115 0.200000
v -0.631060 0.368115 -0.500001
v -0.576156 0.423019 0.200000
v -0.576156 0.423019 -0.500001
v -1.703781 -1.666690 0.020601
v -1.778304 -1.588487 0.128601
v -1.725609 -1.643785 0.096968
v -1.808115 -1.557203 0.128601
v -1.882637 -1.479000 0.020601
v -1.860810 -1.501905 0.096968
v -1.778304 -1.588487 -0.130599
v -1.703781 -1.666690 -0.022599
v -1.725609 -1.643785 -0.098967
v -1.882637 -1.479000 -0.022599
v -1.808115 -1.557203 -0.130599
v -1.860810 -1.501905 -0.098967
v -2.515647 -1.801745 0.479000
v -2.515648 -2.084588 0.479000
v -2.574226 -1.943166 0.479000
v -2.515648 -2.084588 -0.481000
v -2.515647 -1.801745 -0.481000
v -2.574226 -1.943166 -0.481000
v -2.303516 -2.296720 0.479000
v -2.020673 -2.296720 0.479000
v -2.162094 -2.355298 0.479000
v -2.020673 -2.296720 -0.481000
v -2.303516 -2.296720 -0.481000
v -2.162094 -2.355298 -0.481000
v 0.016230 -0.292117 0.395000
v -0.543906 0.279063 0.395000
v 0.016230 -0.292117 0.203000
v -0.543906 0.279063 0.203000
v -2.371995 -2.426478 0.395000
v -2.089167 -2.429239 0.395000
v -2.282847 -2.479115 0.395000
v -2.179325 -2.480125 0.395000
v -2.649304 -1.858060 0.395000
v -2.652064 -2.140889 0.395000
v -2.701940 -1.947208 0.395000
v -2.702951 -2.050730 0.395000
v -2.371996 -2.426478 0.203000
v -2.282847 -2.479115 0.203000
v -2.652064 -2.140889 0.203000
v -2.702951 -2.050730 0.203000
v -2.701940 -1.947208 0.203000
v -1.981576 -1.593213 -0.481000
v -1.929548 -1.621023 -0.481000
v -1.883944 -1.658448 -0.481000
v -1.846519 -1.704050 -0.481000
v -1.801585 -1.812533 -0.481000
v -1.818710 -1.756079 -0.481000
v -2.038029 -2.166397 -0.481000
v -1.801585 -1.929952 -0.481000
v -1.883944 -2.084037 -0.481000
v -1.929548 -2.121462 -0.481000
v -1.846519 -2.038434 -0.481000
v -2.096739 -2.172179 -0.481000
v -1.981576 -2.149271 -0.481000
v -1.818710 -1.986406 -0.481000
v -2.100603 -2.171799 -0.481000
v -1.795802 -1.871242 -0.481000
v -2.309534 -1.658448 -0.481000
v -2.346959 -1.704051 -0.481000
v -2.263931 -1.621022 -0.481000
v -2.374768 -1.756079 -0.481000
v -2.211903 -1.593213 -0.481000
v -2.391894 -1.812532 -0.481000
v -2.391894 -1.929952 -0.481000
v -2.397676 -1.871242 -0.481000
v -2.309534 -2.084037 -0.481000
v -2.346959 -2.038434 -0.481000
v -2.374768 -1.986406 -0.481000
v -2.155449 -1.576088 -0.481000
v -2.096739 -1.570305 -0.481000
v -2.038029 -1.576088 -0.481000
v -2.263931 -2.121462 -0.481000
v -2.211903 -2.149272 -0.481000
v -2.155449 -2.166397 -0.481000
v -1.982832 -2.149653 0.479000
v -1.981576 -2.149271 0.479000
v -1.883944 -2.084037 0.479000
v -1.846519 -2.038434 0.479000
v -1.929548 -2.121462 0.479000
v -2.309534 -1.658448 0.479000
v -2.346959 -1.704051 0.479000
v -2.263931 -1.621022 0.479000
v -2.374768 -1.756079 0.479000
v -2.211903 -1.593213 0.479000
v -2.391894 -1.812532 0.479000
v -2.155449 -1.576088 0.479000
v -2.096739 -1.570305 0.479000
v -1.981576 -1.593213 0.479000
v -2.038029 -1.576088 0.479000
v -1.883944 -1.658448 0.479000
v -1.846519 -1.704050 0.479000
v -1.929548 -1.621023 0.479000
v -2.346959 -2.038434 0.479000
v -2.309534 -2.084037 0.479000
v -2.211903 -2.149272 0.479000
v -2.155449 -2.166397 0.479000
v -2.263931 -2.121462 0.479000
v -2.038029 -2.166397 0.479000
v -2.096739 -2.172179 0.479000
v -1.818710 -1.986406 0.479000
v -1.801585 -1.929952 0.479000
v -1.795802 -1.871242 0.479000
v -2.397676 -1.871242 0.479000
v -2.391894 -1.929952 0.479000
v -1.801585 -1.812533 0.479000
v -1.818710 -1.756079 0.479000
v -2.374768 -1.986406 0.479000
v -2.211903 -1.593213 0.203000
v -2.346959 -2.038434 0.203000
v -1.929548 -1.621023 0.203000
v -2.263931 -2.121462 0.203000
v -1.846519 -1.704050 0.203000
v -1.981576 -2.149271 0.203000
v -1.818710 -1.986406 0.203000
v -2.096739 -2.172179 0.203000
v -2.346959 -1.704051 0.395000
v -2.211903 -1.593213 0.395000
v -2.096739 -1.570305 0.395000
v -2.391894 -1.812532 0.395000
v -2.374768 -1.986406 0.395000
v -2.263931 -2.121462 0.395000
v -1.846519 -1.704050 0.395000
v -1.929548 -1.621023 0.395000
v -1.801585 -1.812533 0.395000
v -2.096739 -2.172179 0.395000
v -1.981576 -2.149271 0.395000
v -1.883944 -2.084037 0.395000
v -1.801585 -1.929952 0.395000
v -0.411124 -0.713260 0.395000
v -0.411124 -0.713260 0.203000
v -0.693680 -0.494836 0.128601
v -0.721327 -0.466674 0.128601
v -0.644809 -0.544619 -0.098967
v -0.624566 -0.565239 0.020601
v -0.770198 -0.416892 0.096968
v -0.721327 -0.466674 -0.130599
v -0.644809 -0.544619 0.096968
v -0.624566 -0.565239 -0.022599
v -0.790441 -0.396272 -0.022599
v -0.790441 -0.396272 0.020601
v -0.693680 -0.494836 -0.130599
v -0.770198 -0.416892 -0.098967
v 0.390789 -0.292086 0.395000
v 0.564547 -0.118255 0.395000
v 0.513654 -0.241142 0.395000
v 0.564547 0.125408 0.395000
v 0.390843 0.294847 0.395000
v 0.513670 0.247008 0.395000
v 0.564547 -0.118255 0.203000
v 0.390789 -0.292086 0.203000
v 0.513654 -0.241142 0.203000
v 0.390843 0.294847 0.203000
v 0.564547 0.125408 0.203000
v 0.513670 0.247008 0.203000
v -2.038029 -1.576088 0.203000
v -2.374768 -1.756079 0.203000
v -2.649304 -1.858060 0.203000
v -0.196280 -0.009435 0.184329
v -0.126335 -0.080564 0.139094
v -0.800768 -0.393042 0.139094
v -0.829740 -0.363580 0.029889
v -0.592337 -0.605002 0.029889
v -0.621310 -0.575539 0.139094
v -0.592337 -0.605002 -0.031887
v -0.621310 -0.575539 -0.141093
v -0.691254 -0.504410 -0.186327
v -0.235849 0.030804 0.184329
v -0.235849 0.030804 -0.186327
v -0.305793 0.101933 -0.141093
v -0.730823 -0.464171 -0.186327
v -0.800768 -0.393042 -0.141093
v -0.691254 -0.504410 0.184329
v -0.730823 -0.464171 0.184329
v -0.196280 -0.009435 -0.186327
v -0.829740 -0.363580 -0.031887
v -0.126335 -0.080564 -0.141093
v -0.097362 -0.110027 0.029889
v -0.097362 -0.110027 -0.031887
v -0.305793 0.101933 0.139094
v -0.334765 0.131395 0.029889
v -0.334765 0.131395 -0.031887
v -1.907163 -1.448564 0.479000
v -2.162467 -1.448564 0.479000
v -2.034815 -1.395689 0.479000
v -2.162467 -1.448564 -0.481000
v -1.907163 -1.448564 -0.481000
v -2.034815 -1.395689 -0.481000
v -1.667492 -1.943539 0.479000
v -1.667492 -1.688235 0.479000
v -1.614617 -1.815887 0.479000
v -1.667492 -1.688235 -0.481000
v -1.667492 -1.943539 -0.481000
v -1.614617 -1.815887 -0.481000
v -2.396050 -1.854736 0.203000
v -1.795802 -1.871242 0.203000
v -2.089167 -2.429239 0.203000
v -2.179325 -2.480125 0.203000
v -2.309534 -1.658448 0.203000
v -1.883944 -2.084037 0.203000
v 0.390816 0.001380 0.395000
v 0.390816 0.001380 0.203000
v 0.016230 -0.292117 -0.205000
v -0.543906 0.279063 -0.205000
v 0.016230 -0.292117 -0.397000
v -0.543906 0.279063 -0.397000
v -2.371995 -2.426478 -0.205000
v -2.089167 -2.429239 -0.205000
v -2.282847 -2.479115 -0.205000
v -2.179325 -2.480125 -0.205000
v -2.649304 -1.858060 -0.205000
v -2.652064 -2.140889 -0.205000
v -2.701940 -1.947208 -0.205000
v -2.702951 -2.050730 -0.205000
v -2.371996 -2.426478 -0.397000
v -2.282847 -2.479115 -0.397000
v -2.652064 -2.140889 -0.397000
v -2.702951 -2.050730 -0.397000
v -2.701940 -1.947208 -0.397000
v -2.211903 -1.593213 -0.397000
v -2.346959 -2.038434 -0.397000
v -1.929548 -1.621023 -0.397000
v -2.263931 -2.121462 -0.397000
v -1.846519 -1.704050 -0.397000
v -1.981576 -2.149271 -0.397000
v -1.818710 -1.986406 -0.397000
v -2.096739 -2.172179 -0.397000
v -2.346959 -1.704051 -0.205000
v -2.211903 -1.593213 -0.205000
v -2.096739 -1.570305 -0.205000
v -2.391894 -1.812532 -0.205000
v -2.374768 -1.986406 -0.205000
v -2.263931 -2.121462 -0.205000
v -1.846519 -1.704050 -0.205000
v -1.929548 -1.621023 -0.205000
v -1.801585 -1.812533 -0.205000
v -2.096739 -2.172179 -0.205000
v -1.981576 -2.149271 -0.205000
v -1.883944 -2.084037 -0.205000
v -1.801585 -1.929952 -0.205000
v -0.411124 -0.713260 -0.205000
v -0.411124 -0.713260 -0.397000
v 0.390789 -0.292086 -0.205000
v 0.564547 -0.118255 -0.205000
v 0.513654 -0.241142 -0.205000
v 0.564547 0.125408 -0.205000
v 0.390843 0.294847 -0.205000
v 0.513670 0.247008 -0.205000
v 0.564547 -0.118255 -0.397000
v 0.390789 -0.292086 -0.397000
v 0.513654 -0.241142 -0.397000
v 0.390843 0.294847 -0.397000
v 0.564547 0.125408 -0.397000
v 0.513670 0.247008 -0.397000
v -2.038029 -1.576088 -0.397000
v -2.374768 -1.756079 -0.397000
v -2.649304 -1.858060 -0.397000
v -2.396050 -1.854736 -0.397000
v -1.795802 -1.871242 -0.397000
v -2.089167 -2.429239 -0.397000
v -2.179325 -2.480125 -0.397000
v -2.309534 -1.658448 -0.397000
v -1.883944 -2.084037 -0.397000
v 0.390816 0.001380 -0.205000
v 0.390816 0.001380 -0.397000
v -1.796204 -1.929953 0.690999
v -1.841139 -2.038434 0.690999
v -1.924167 -2.121463 0.690999
v -2.032649 -2.166397 0.690999
v -2.206522 -2.149272 0.690999
v -2.304153 -2.084037 0.690999
v -2.369388 -1.986407 0.690999
v -2.392296 -1.871243 0.690999
v -2.369388 -1.756079 0.690999
v -2.304153 -1.658448 0.690999
v -2.206522 -1.593214 0.690999
v -2.091359 -1.570306 0.690999
v -1.924167 -1.621023 0.690999
v -1.841139 -1.704051 0.690999
v -1.796204 -1.812533 0.690999
v -1.796204 -1.929952 -0.565001
v -1.841138 -2.038434 -0.565001
v -1.976195 -2.149272 -0.565001
v -2.091358 -2.172180 -0.565001
v -2.206521 -2.149272 -0.565001
v -2.304153 -2.084037 -0.565001
v -2.386513 -1.929953 -0.565001
v -2.369388 -1.756079 -0.565001
v -2.304152 -1.658448 -0.565001
v -2.206522 -1.593214 -0.565001
v -2.032648 -1.576089 -0.565001
v -1.878564 -1.658448 -0.565001
v -1.796204 -1.812533 -0.565001
v -1.197225 -1.871242 1.669949
v -1.214509 -2.046729 1.669949
v -1.265696 -2.215472 1.669949
v -1.348821 -2.370986 1.669949
v -1.460687 -2.507296 1.669949
v -1.596997 -2.619162 1.669950
v -1.752511 -2.702286 1.669950
v -1.921254 -2.753474 1.669950
v -2.096741 -2.770758 1.669950
v -2.272228 -2.753474 1.669950
v -2.440971 -2.702287 1.669950
v -2.596485 -2.619162 1.669950
v -2.732794 -2.507296 1.669950
v -2.844661 -2.370986 1.669950
v -2.927785 -2.215472 1.669950
v -2.978973 -2.046729 1.669950
v -2.996257 -1.871242 1.669950
v -2.978973 -1.695755 1.669950
v -2.927785 -1.527012 1.669950
v -2.844661 -1.371498 1.669950
v -2.732795 -1.235188 1.669950
v -2.596485 -1.123322 1.669950
v -2.440971 -1.040198 1.669950
v -2.272228 -0.989010 1.669950
v -2.096741 -0.971726 1.669950
v -1.921254 -0.989010 1.669950
v -1.752511 -1.040198 1.669950
v -1.596997 -1.123322 1.669950
v -1.460687 -1.235188 1.669950
v -1.348821 -1.371498 1.669949
v -1.265696 -1.527012 1.669949
v -1.214509 -1.695755 1.669949
v -1.197225 -1.871242 0.629950
v -1.214509 -2.046729 0.629950
v -1.265697 -2.215472 0.629950
v -1.348821 -2.370986 0.629950
v -1.460687 -2.507296 0.629950
v -1.596997 -2.619162 0.629950
v -1.752511 -2.702286 0.629950
v -1.921254 -2.753474 0.629950
v -2.096741 -2.770758 0.629950
v -2.272228 -2.753474 0.629950
v -2.440971 -2.702286 0.629950
v -2.596485 -2.619162 0.629950
v -2.732795 -2.507296 0.629950
v -2.844661 -2.370986 0.629950
v -2.927786 -2.215472 0.629950
v -2.978973 -2.046729 0.629950
v -2.996257 -1.871242 0.629950
v -2.978973 -1.695755 0.629950
v -2.927786 -1.527012 0.629950
v -2.844661 -1.371498 0.629950
v -2.732795 -1.235188 0.629950
v -2.596486 -1.123322 0.629950
v -2.440971 -1.040198 0.629950
v -2.272228 -0.989010 0.629950
v -2.096741 -0.971726 0.629950
v -1.921254 -0.989010 0.629950
v -1.752511 -1.040198 0.629950
v -1.596997 -1.123322 0.629950
v -1.460687 -1.235188 0.629950
v -1.348821 -1.371498 0.629950
v -1.265697 -1.527012 0.629950
v -1.214509 -1.695755 0.629950
v -1.092495 -2.072385 0.629950
v -1.072901 -1.873450 0.629949
v -1.150522 -2.263676 0.629950
v -1.244753 -2.439970 0.629950
v -1.371567 -2.594493 0.629950
v -1.526091 -2.721307 0.629950
v -1.702385 -2.815538 0.629950
v -1.893676 -2.873566 0.629950
v -2.092611 -2.893159 0.629950
v -2.291546 -2.873566 0.629950
v -2.482837 -2.815539 0.629950
v -2.659131 -2.721307 0.629950
v -2.813654 -2.594493 0.629950
v -2.940469 -2.439970 0.629950
v -3.034700 -2.263676 0.629950
v -3.092727 -2.072385 0.629950
v -3.112320 -1.873450 0.629950
v -3.092727 -1.674514 0.629950
v -3.034700 -1.483224 0.629950
v -2.940468 -1.306930 0.629950
v -2.813654 -1.152406 0.629950
v -2.659131 -1.025592 0.629950
v -2.482837 -0.931361 0.629950
v -2.291547 -0.873333 0.629950
v -2.092611 -0.853740 0.629950
v -1.893675 -0.873333 0.629950
v -1.702385 -0.931361 0.629950
v -1.526091 -1.025592 0.629950
v -1.371567 -1.152406 0.629950
v -1.244753 -1.306930 0.629949
v -1.150522 -1.483224 0.629950
v -1.092495 -1.674514 0.629950
v -1.068189 -1.871242 1.669949
v -1.087952 -2.071903 1.669949
v -1.146483 -2.264852 1.669949
v -1.241531 -2.442675 1.669949
v -1.369445 -2.598538 1.669949
v -1.525308 -2.726451 1.669950
v -1.703131 -2.821500 1.669950
v -1.896080 -2.880030 1.669950
v -2.096741 -2.899794 1.669950
v -2.297401 -2.880030 1.669950
v -2.490350 -2.821500 1.669950
v -2.668173 -2.726452 1.669950
v -2.824036 -2.598538 1.669950
v -2.951950 -2.442675 1.669950
v -3.046998 -2.264852 1.669950
v -3.105529 -2.071903 1.669950
v -3.125292 -1.871242 1.669950
v -3.105529 -1.670582 1.669950
v -3.046999 -1.477632 1.669950
v -2.951950 -1.299809 1.669950
v -2.824037 -1.143946 1.669950
v -2.668174 -1.016033 1.669950
v -2.490350 -0.920984 1.669950
v -2.297401 -0.862454 1.669950
v -2.096741 -0.842690 1.669950
v -1.896080 -0.862454 1.669950
v -1.703131 -0.920984 1.669950
v -1.525308 -1.016033 1.669950
v -1.369445 -1.143946 1.669950
v -1.241531 -1.299809 1.669949
v -1.146483 -1.477632 1.669949
v -1.087952 -1.670582 1.669949
v -2.096741 -1.774770 1.609948
v -2.144977 -1.787695 1.609948
v -2.180289 -1.823006 1.609948
v -2.193213 -1.871242 1.609948
v -2.180289 -1.919478 1.609948
v -2.144977 -1.954790 1.609948
v -2.096741 -1.967715 1.609948
v -2.048505 -1.954790 1.609948
v -2.013194 -1.919478 1.609948
v -2.000269 -1.871242 1.609948
v -2.013194 -1.823006 1.609948
v -2.048505 -1.787695 1.609948
v -2.096741 -1.671242 1.486615
v -2.096741 -1.671242 1.333281
v -2.196741 -1.698037 1.333281
v -2.196741 -1.698037 1.486615
v -2.269946 -1.771242 1.333281
v -2.269946 -1.771242 1.486615
v -2.296741 -1.871242 1.333281
v -2.296741 -1.871242 1.486615
v -2.269946 -1.971242 1.333281
v -2.269946 -1.971242 1.486615
v -2.196741 -2.044447 1.333281
v -2.196741 -2.044447 1.486615
v -2.096741 -2.071242 1.333281
v -2.096741 -2.071242 1.486615
v -1.996741 -2.044447 1.333281
v -1.996741 -2.044447 1.486615
v -1.923536 -1.971242 1.333281
v -1.923536 -1.971242 1.486615
v -1.896741 -1.871242 1.333281
v -1.896741 -1.871242 1.486615
v -1.923536 -1.771242 1.333281
v -1.923536 -1.771242 1.486615
v -1.996741 -1.698037 1.333281
v -1.996741 -1.698037 1.486615
v -2.277914 -0.995094 0.986615
v -2.277914 -0.995094 0.733281
v -2.377915 -1.021889 0.733281
v -2.377915 -1.021889 0.986615
v -2.946094 -1.590069 0.733281
v -2.946094 -1.590069 0.986615
v -2.972889 -1.690069 0.733281
v -2.972889 -1.690069 0.986615
v -2.764921 -2.466217 0.733282
v -2.764921 -2.466217 0.986615
v -2.691716 -2.539422 0.733281
v -2.691716 -2.539422 0.986615
v -1.915568 -2.747390 0.733281
v -1.915568 -2.747390 0.986615
v -1.815568 -2.720595 0.733281
v -1.815568 -2.720595 0.986615
v -1.247388 -2.152415 0.733281
v -1.247388 -2.152415 0.986614
v -1.220593 -2.052416 0.733281
v -1.220593 -2.052416 0.986614
v -1.428561 -1.276267 0.733281
v -1.428561 -1.276267 0.986614
v -1.501767 -1.203062 0.733281
v -1.501766 -1.203062 0.986614
v -2.096741 -1.671242 1.609948
v -2.196741 -1.698037 1.609948
v -2.269946 -1.771242 1.609948
v -2.296741 -1.871242 1.609948
v -2.269946 -1.971242 1.609948
v -2.196741 -2.044447 1.609948
v -2.096741 -2.071242 1.609948
v -1.996741 -2.044447 1.609948
v -1.923536 -1.971242 1.609948
v -1.896741 -1.871242 1.609948
v -1.923536 -1.771242 1.609948
v -1.996741 -1.698037 1.609948
v -2.096741 -1.774770 1.509948
v -2.144977 -1.787695 1.509948
v -2.180289 -1.823006 1.509948
v -2.193213 -1.871242 1.509948
v -2.180289 -1.919478 1.509948
v -2.144977 -1.954790 1.509948
v -2.096741 -1.967715 1.509948
v -2.048505 -1.954790 1.509948
v -2.013194 -1.919478 1.509948
v -2.000269 -1.871242 1.509948
v -2.013194 -1.823006 1.509948
v -2.048505 -1.787695 1.509948
v -1.874457 -0.769443 0.959283
v -1.875339 -0.765454 1.340617
v -1.663429 -0.833458 0.959283
v -1.663703 -0.829653 1.340617
v -1.158580 -1.247777 0.959283
v -1.157398 -1.245166 1.340616
v -1.054626 -1.442261 0.959283
v -1.053145 -1.440211 1.340616
v -1.298478 -1.077310 0.959283
v -1.297700 -1.074208 1.340617
v -1.468945 -0.937411 0.959283
v -1.468658 -0.933906 1.340617
v -2.093919 -0.747828 0.959283
v -2.095433 -0.743777 1.340617
v -2.524408 -0.833458 0.959283
v -2.527163 -0.829653 1.340617
v -2.313380 -0.769443 0.959283
v -2.315527 -0.765454 1.340617
v -2.889359 -1.077310 0.959284
v -2.893166 -1.074208 1.340617
v -2.718892 -0.937412 0.959283
v -2.722208 -0.933906 1.340617
v -3.133212 -1.442261 0.959284
v -3.137721 -1.440211 1.340617
v -3.029258 -1.247777 0.959284
v -3.033468 -1.245166 1.340617
v -3.218841 -1.872750 0.959284
v -3.223598 -1.871941 1.340617
v -3.197226 -1.653289 0.959284
v -3.201920 -1.651847 1.340617
v -3.133211 -2.303240 0.959284
v -3.137721 -2.303671 1.340617
v -3.197226 -2.092212 0.959284
v -3.201920 -2.092035 1.340617
v -2.889359 -2.668191 0.959284
v -2.893166 -2.669674 1.340617
v -3.029258 -2.497724 0.959284
v -3.033468 -2.498716 1.340617
v -2.524408 -2.912044 0.959283
v -2.527163 -2.914229 1.340617
v -2.718892 -2.808090 0.959283
v -2.722208 -2.809976 1.340617
v -2.093919 -2.997673 0.959283
v -2.095433 -3.000106 1.340617
v -2.313380 -2.976058 0.959283
v -2.315527 -2.978429 1.340617
v -1.663429 -2.912044 0.959283
v -1.663703 -2.914229 1.340617
v -1.874457 -2.976058 0.959283
v -1.875339 -2.978429 1.340617
v -1.298478 -2.668191 0.959283
v -1.297700 -2.669674 1.340616
v -1.468945 -2.808090 0.959283
v -1.468658 -2.809976 1.340617
v -1.054626 -2.303240 0.959283
v -1.053145 -2.303671 1.340616
v -1.158580 -2.497724 0.959283
v -1.157398 -2.498716 1.340616
v -0.990611 -1.653289 0.959283
v -0.988946 -1.651847 1.340616
v -0.968996 -1.872750 0.959283
v -0.967268 -1.871941 1.340616
v -0.990611 -2.092212 0.959283
v -0.988946 -2.092035 1.340616
v -2.096741 -1.671242 0.895504
v -2.096741 -1.671242 0.797726
v -2.196741 -1.698037 0.797726
v -2.196741 -1.698037 0.895504
v -2.269946 -1.771242 0.797726
v -2.269946 -1.771242 0.895504
v -2.296741 -1.871242 0.797726
v -2.296741 -1.871242 0.895504
v -2.269946 -1.971242 0.797726
v -2.269946 -1.971242 0.895504
v -2.196741 -2.044447 0.797726
v -2.196741 -2.044447 0.895504
v -2.096741 -2.071242 0.797726
v -2.096741 -2.071242 0.895504
v -1.996741 -2.044447 0.797726
v -1.996741 -2.044447 0.895504
v -1.923536 -1.971242 0.797726
v -1.923536 -1.971242 0.895503
v -1.896741 -1.871242 0.797726
v -1.896741 -1.871242 0.895503
v -1.923536 -1.771242 0.797726
v -1.923536 -1.771242 0.895503
v -1.996741 -1.698037 0.797726
v -1.996741 -1.698037 0.895503
v -2.691716 -1.203063 0.797726
v -2.691716 -1.203063 0.895504
v -2.764921 -1.276268 0.797726
v -2.764921 -1.276268 0.895504
v -2.377915 -2.720595 0.797726
v -2.377915 -2.720595 0.895504
v -2.277915 -2.747390 0.797726
v -2.277915 -2.747390 0.895504
v -1.220593 -1.690069 0.797726
v -1.220593 -1.690069 0.895503
v -1.247388 -1.590069 0.797726
v -1.247388 -1.590069 0.895503
v -1.108036 -1.465713 0.635150
v -1.047397 -1.665612 0.635150
v -1.339028 -1.120009 0.635150
v -1.206507 -1.281486 0.635150
v -1.684732 -0.889017 0.635150
v -1.500505 -0.987488 0.635150
v -2.092518 -0.807903 0.635150
v -1.884631 -0.828378 0.635150
v -2.500304 -0.889017 0.635150
v -2.300406 -0.828378 0.635150
v -2.846009 -1.120009 0.635151
v -2.684532 -0.987489 0.635150
v -3.077000 -1.465713 0.635151
v -2.978529 -1.281486 0.635150
v -3.158114 -1.873499 0.635151
v -3.137639 -1.665612 0.635151
v -3.077000 -2.281285 0.635151
v -3.137639 -2.081387 0.635151
v -2.846009 -2.626990 0.635150
v -2.978529 -2.465513 0.635150
v -2.500304 -2.857982 0.635150
v -2.684531 -2.759510 0.635150
v -2.092518 -2.939095 0.635150
v -2.300406 -2.918620 0.635150
v -1.684732 -2.857982 0.635150
v -1.884631 -2.918620 0.635150
v -1.339028 -2.626990 0.635150
v -1.500505 -2.759510 0.635150
v -1.108036 -2.281285 0.635150
v -1.206507 -2.465513 0.635150
v -1.026922 -1.873499 0.635150
v -1.047397 -2.081387 0.635150
v -1.042650 -2.080882 1.664750
v -1.021998 -1.871192 1.664750
v -1.203140 -2.468339 1.664750
v -1.103815 -2.282514 1.664750
v -1.499687 -2.764886 1.664750
v -1.336810 -2.631216 1.664750
v -1.887144 -2.925376 1.664750
v -1.685512 -2.864212 1.664750
v -2.306524 -2.925376 1.664750
v -2.096834 -2.946028 1.664750
v -2.693981 -2.764886 1.664750
v -2.508156 -2.864212 1.664750
v -2.990527 -2.468339 1.664750
v -2.856858 -2.631216 1.664750
v -3.151017 -2.080882 1.664750
v -3.089853 -2.282515 1.664751
v -3.151017 -1.661502 1.664750
v -3.171670 -1.871192 1.664751
v -2.990527 -1.274045 1.664750
v -3.089853 -1.459871 1.664751
v -2.693981 -0.977499 1.664750
v -2.856858 -1.111169 1.664750
v -2.306524 -0.817009 1.664750
v -2.508156 -0.878174 1.664750
v -1.887144 -0.817009 1.664750
v -2.096834 -0.796356 1.664750
v -1.499687 -0.977499 1.664750
v -1.685512 -0.878174 1.664750
v -1.203140 -1.274045 1.664750
v -1.336810 -1.111168 1.664750
v -1.042650 -1.661502 1.664750
v -1.103815 -1.459871 1.664750
v -1.853405 -0.654765 1.338710
v -1.620606 -0.725384 1.338710
v -1.063671 -1.182449 1.338710
v -0.948992 -1.396998 1.338710
v -1.218003 -0.994394 1.338710
v -1.406057 -0.840063 1.338710
v -2.095509 -0.630920 1.338710
v -2.570412 -0.725384 1.338711
v -2.337612 -0.654765 1.338710
v -2.973015 -0.994395 1.338711
v -2.784961 -0.840063 1.338711
v -3.242026 -1.396998 1.338711
v -3.127346 -1.182449 1.338711
v -3.336490 -1.871901 1.338711
v -3.312645 -1.629797 1.338711
v -3.242026 -2.346804 1.338711
v -3.312645 -2.114004 1.338711
v -2.973015 -2.749407 1.338711
v -3.127347 -2.561353 1.338711
v -2.570412 -3.018417 1.338710
v -2.784961 -2.903739 1.338711
v -2.095509 -3.112882 1.338710
v -2.337612 -3.089037 1.338710
v -1.620606 -3.018417 1.338710
v -1.853405 -3.089037 1.338710
v -1.218003 -2.749407 1.338710
v -1.406057 -2.903738 1.338710
v -0.948992 -2.346803 1.338710
v -1.063671 -2.561353 1.338710
v -0.878373 -1.629797 1.338710
v -0.854528 -1.871901 1.338710
v -0.878373 -2.114004 1.338710
v -1.852435 -0.659153 0.961190
v -1.620305 -0.729569 0.961190
v -1.064971 -1.185320 0.961190
v -0.950621 -1.399253 0.961190
v -1.218859 -0.997806 0.961190
v -1.406373 -0.843918 0.961190
v -2.093843 -0.635377 0.961190
v -2.567381 -0.729569 0.961191
v -2.335251 -0.659153 0.961190
v -2.968827 -0.997807 0.961191
v -2.781314 -0.843919 0.961191
v -3.237065 -1.399253 0.961191
v -3.122715 -1.185320 0.961191
v -3.331258 -1.872791 0.961191
v -3.307481 -1.631383 0.961191
v -3.237065 -2.346329 0.961191
v -3.307481 -2.114199 0.961191
v -2.968827 -2.747775 0.961191
v -3.122716 -2.560262 0.961191
v -2.567381 -3.016013 0.961190
v -2.781314 -2.901664 0.961191
v -2.093843 -3.110206 0.961190
v -2.335251 -3.086429 0.961190
v -1.620305 -3.016013 0.961190
v -1.852436 -3.086429 0.961190
v -1.218859 -2.747775 0.961190
v -1.406372 -2.901663 0.961190
v -0.950621 -2.346329 0.961190
v -1.064971 -2.560262 0.961190
v -0.880205 -1.631384 0.961190
v -0.856429 -1.872791 0.961190
v -0.880205 -2.114199 0.961190
v -2.227264 -1.184123 1.305966
v -2.200034 -1.285747 1.444534
v -2.174621 -1.380589 1.528695
v -2.135960 -1.524875 1.551556
v -2.300034 -1.312542 1.444534
v -2.327264 -1.210918 1.305966
v -2.235960 -1.551670 1.551556
v -2.274621 -1.407384 1.528695
v -2.443109 -1.832023 1.551556
v -2.587394 -1.793362 1.528695
v -2.682236 -1.767949 1.444534
v -2.783860 -1.740719 1.305966
v -2.560599 -1.693362 1.528695
v -2.416314 -1.732023 1.551556
v -2.757065 -1.640719 1.305966
v -2.655441 -1.667949 1.444534
v -1.889593 -1.590889 1.551556
v -1.783968 -1.485264 1.528695
v -1.714539 -1.415835 1.444534
v -1.640145 -1.341441 1.305966
v -1.710763 -1.558470 1.528695
v -1.816387 -1.664094 1.551556
v -1.566940 -1.414646 1.305965
v -1.641334 -1.489040 1.444534
v -1.632883 -2.049122 1.528695
v -1.777168 -2.010461 1.551556
v -1.436417 -2.101765 1.305965
v -1.538041 -2.074535 1.444534
v -1.511246 -1.974535 1.444534
v -1.409622 -2.001765 1.305965
v -1.750374 -1.910461 1.551556
v -1.606088 -1.949122 1.528695
v -1.957522 -2.190815 1.551556
v -1.918861 -2.335100 1.528695
v -1.893448 -2.429942 1.444534
v -1.866218 -2.531566 1.305966
v -2.018861 -2.361895 1.528695
v -2.057522 -2.217610 1.551556
v -1.966218 -2.558361 1.305966
v -1.993448 -2.456737 1.444534
v -2.482719 -2.184015 1.528695
v -2.377094 -2.078391 1.551556
v -2.626542 -2.327838 1.305966
v -2.552148 -2.253444 1.444534
v -2.478943 -2.326649 1.444534
v -2.553337 -2.401043 1.305966
v -2.303889 -2.151596 1.551556
v -2.409514 -2.257220 1.528695
v -2.096741 -1.671242 0.277281
v -2.196742 -1.698037 0.277281
v -2.269947 -1.771242 0.277281
v -2.296741 -1.871242 0.277281
v -2.269947 -1.971242 0.277281
v -2.196742 -2.044447 0.277281
v -2.096741 -2.071242 0.277281
v -1.996742 -2.044447 0.277281
v -1.923537 -1.971242 0.277281
v -1.896742 -1.871242 0.277281
v -1.923537 -1.771242 0.277281
v -1.996742 -1.698037 0.277281
v -2.226742 -1.646076 -0.004298
v -2.096742 -1.611242 -0.004298
v -2.096741 -1.611242 0.277235
v -2.321908 -1.741242 -0.004298
v -2.356741 -1.871242 -0.004298
v -2.321908 -2.001242 -0.004298
v -2.226742 -2.096409 -0.004298
v -2.096742 -2.131242 -0.004298
v -1.966742 -2.096409 -0.004298
v -1.871575 -2.001242 -0.004298
v -1.836742 -1.871242 -0.004298
v -1.871575 -1.741242 -0.004298
v -1.966742 -1.646076 -0.004298
v -2.226742 -1.646076 0.277235
v -2.321908 -1.741242 0.277235
v -2.356741 -1.871242 0.277235
v -2.321908 -2.001242 0.277235
v -2.226742 -2.096409 0.277235
v -2.096741 -2.131242 0.277235
v -1.966742 -2.096409 0.277235
v -1.871575 -2.001242 0.277235
v -1.836742 -1.871242 0.277235
v -1.871575 -1.741242 0.277235
v -1.966742 -1.646076 0.277235
v -2.465661 -0.980591 1.669950
v -2.284814 -0.925732 1.669950
v -2.284814 -2.816752 1.669950
v -2.465660 -2.761893 1.669950
v -2.096741 -0.907208 1.669950
v -2.632329 -2.672807 1.669950
v -1.908667 -0.925732 1.669950
v -2.778415 -2.552917 1.669950
v -1.727821 -0.980591 1.669950
v -2.898306 -2.406830 1.669950
v -1.561152 -1.069677 1.669950
v -2.987392 -2.240162 1.669950
v -1.132707 -1.871242 1.669949
v -1.151231 -2.059316 1.669949
v -1.415066 -1.189567 1.669950
v -3.042251 -2.059316 1.669950
v -1.206090 -2.240162 1.669949
v -1.295176 -1.335654 1.669949
v -3.060775 -1.871242 1.669950
v -1.295176 -2.406830 1.669949
v -1.206090 -1.502322 1.669949
v -3.042251 -1.683168 1.669950
v -1.415066 -2.552917 1.669949
v -1.151231 -1.683168 1.669949
v -2.987392 -1.502322 1.669950
v -1.561152 -2.672807 1.669950
v -2.898306 -1.335654 1.669950
v -1.727821 -2.761893 1.669950
v -2.778416 -1.189567 1.669950
v -1.908667 -2.816752 1.669950
v -2.632329 -1.069677 1.669950
v -2.096741 -2.835276 1.669950
v -1.153502 -2.059557 0.629950
v -1.208109 -2.239574 0.629950
v -1.296787 -2.405478 0.629950
v -1.416127 -2.550894 0.629950
v -1.561544 -2.670235 0.629950
v -1.727448 -2.758913 0.629950
v -1.907465 -2.813520 0.629950
v -2.094676 -2.831959 0.629950
v -2.281887 -2.813520 0.629950
v -2.461904 -2.758913 0.629950
v -2.627808 -2.670235 0.629950
v -2.773225 -2.550894 0.629950
v -2.892565 -2.405478 0.629950
v -2.981242 -2.239574 0.629950
v -3.035850 -2.059557 0.629950
v -3.054289 -1.872346 0.629950
v -3.035850 -1.685135 0.629950
v -2.981242 -1.505118 0.629950
v -2.892565 -1.339214 0.629950
v -2.773225 -1.193797 0.629950
v -2.627808 -1.074457 0.629950
v -2.461904 -0.985779 0.629950
v -2.281887 -0.931172 0.629950
v -2.094676 -0.912733 0.629950
v -1.907465 -0.931172 0.629950
v -1.727448 -0.985779 0.629950
v -1.561544 -1.074457 0.629950
v -1.416127 -1.193797 0.629950
v -1.296787 -1.339214 0.629950
v -1.208109 -1.505118 0.629950
v -1.153502 -1.685135 0.629950
v -1.135063 -1.872346 0.629950
v -2.126742 -1.559276 1.382960
v -2.182236 -1.352172 1.350145
v -2.192420 -1.314164 1.316417
v -2.231505 -1.168296 1.117520
v -2.282236 -1.378967 1.350145
v -2.226742 -1.586071 1.382960
v -2.331505 -1.195091 1.117520
v -2.292420 -1.340959 1.316418
v -2.799688 -1.736478 1.117520
v -2.653819 -1.775563 1.316418
v -2.615811 -1.785748 1.350145
v -2.408707 -1.841241 1.382960
v -2.381912 -1.741241 1.382960
v -2.589016 -1.685748 1.350145
v -2.627024 -1.675564 1.316418
v -2.772893 -1.636478 1.117520
v -1.628559 -1.329855 1.117520
v -1.735342 -1.436638 1.316417
v -1.763166 -1.464462 1.350145
v -1.914776 -1.616072 1.382960
v -1.662137 -1.509843 1.316417
v -1.555354 -1.403060 1.117520
v -1.841571 -1.689277 1.382960
v -1.689961 -1.537667 1.350145
v -1.577671 -1.956737 1.350145
v -1.784775 -1.901244 1.382960
v -1.393795 -2.006006 1.117520
v -1.539663 -1.966921 1.316417
v -1.566458 -2.066921 1.316417
v -1.420590 -2.106006 1.117520
v -1.811570 -2.001244 1.382960
v -1.604466 -2.056737 1.350145
v -1.861977 -2.547394 1.117520
v -1.901062 -2.401525 1.316418
v -1.911247 -2.363517 1.350145
v -1.966740 -2.156414 1.382960
v -2.001062 -2.428320 1.316418
v -1.961977 -2.574189 1.117520
v -2.066740 -2.183209 1.382960
v -2.011246 -2.390312 1.350145
v -2.351911 -2.053207 1.382960
v -2.503521 -2.204818 1.350145
v -2.531346 -2.232642 1.316418
v -2.638129 -2.339425 1.117520
v -2.430316 -2.278023 1.350145
v -2.278706 -2.126412 1.382960
v -2.564924 -2.412630 1.117520
v -2.458141 -2.305847 1.316418
vt 0.241622 0.510735
vt 0.262199 0.510897
vt 0.286090 0.562227
vt 0.489608 0.005306
vt 0.412377 0.408469
vt 0.393727 0.416523
vt 0.489280 0.541730
vt 0.476932 0.554704
vt 0.467015 0.487651
vt 0.355586 0.650679
vt 0.322106 0.581599
vt 0.355325 0.581474
vt 0.355122 0.527739
vt 0.321971 0.545776
vt 0.321904 0.527865
vt 0.355189 0.545651
vt 0.322039 0.563688
vt 0.322571 0.704539
vt 0.355721 0.686502
vt 0.355789 0.704413
vt 0.322503 0.686627
vt 0.355654 0.668590
vt 0.322435 0.668716
vt 0.359014 0.718922
vt 0.466215 0.740939
vt 0.359014 0.740939
vt 0.524386 0.718922
vt 0.496445 0.740938
vt 0.496445 0.718922
vt 0.465644 0.774585
vt 0.465073 0.808231
vt 0.597839 0.740938
vt 0.554889 0.718922
vt 0.597839 0.718922
vt 0.422129 0.652351
vt 0.465644 0.685276
vt 0.466215 0.718922
vt 0.554889 0.740938
vt 0.539637 0.718922
vt 0.539637 0.740938
vt 0.481330 0.718922
vt 0.481330 0.740938
vt 0.387036 0.496738
vt 0.390568 0.561476
vt 0.373158 0.557269
vt 0.360184 0.544921
vt 0.459751 0.559766
vt 0.413904 0.510586
vt 0.493487 0.524320
vt 0.289409 0.496661
vt 0.303742 0.557895
vt 0.316852 0.545313
vt 0.213057 0.493957
vt 0.216178 0.560147
vt 0.199008 0.555032
vt 0.186683 0.541999
vt 0.182530 0.524541
vt 0.480205 0.713200
vt 0.485803 0.699160
vt 0.485331 0.671223
vt 0.479258 0.657233
vt 0.465073 0.651630
vt 0.479258 0.802628
vt 0.485803 0.760701
vt 0.480205 0.746661
vt 0.485331 0.788638
vt 0.353162 0.008700
vt 0.320336 0.112629
vt 0.319944 0.008825
vt 0.353554 0.112504
vt 0.351243 0.008725
vt 0.015007 0.718923
vt 0.015007 0.740939
vt 0.182530 0.004687
vt 0.263125 0.406809
vt 0.242722 0.406644
vt 0.322372 0.007743
vt 0.069176 0.510735
vt 0.089753 0.510897
vt 0.113644 0.562227
vt 0.317162 0.005306
vt 0.239931 0.408469
vt 0.221281 0.416523
vt 0.316834 0.541730
vt 0.304486 0.554704
vt 0.294569 0.487651
vt 0.183140 0.650679
vt 0.149661 0.581599
vt 0.182879 0.581474
vt 0.182676 0.527740
vt 0.149525 0.545776
vt 0.149458 0.527865
vt 0.182744 0.545651
vt 0.149593 0.563688
vt 0.150125 0.704539
vt 0.183276 0.686502
vt 0.183343 0.704413
vt 0.150057 0.686627
vt 0.183208 0.668590
vt 0.149990 0.668716
vt 0.358473 0.718923
vt 0.465674 0.740939
vt 0.358473 0.740939
vt 0.523845 0.718922
vt 0.495904 0.740938
vt 0.495904 0.718922
vt 0.465103 0.774585
vt 0.464532 0.808231
vt 0.597298 0.740938
vt 0.554348 0.718922
vt 0.597298 0.718922
vt 0.421588 0.652351
vt 0.465103 0.685276
vt 0.465674 0.718922
vt 0.554348 0.740938
vt 0.539097 0.718922
vt 0.539097 0.740938
vt 0.480789 0.718922
vt 0.480790 0.740939
vt 0.214590 0.496738
vt 0.218122 0.561476
vt 0.200712 0.557269
vt 0.187738 0.544921
vt 0.287305 0.559766
vt 0.241458 0.510587
vt 0.321041 0.524320
vt 0.116963 0.496661
vt 0.131296 0.557895
vt 0.144407 0.545313
vt 0.040612 0.493957
vt 0.043732 0.560147
vt 0.026563 0.555032
vt 0.014238 0.541999
vt 0.010084 0.524541
vt 0.479664 0.713200
vt 0.485262 0.699160
vt 0.484790 0.671223
vt 0.478717 0.657233
vt 0.464532 0.651630
vt 0.478718 0.802628
vt 0.485262 0.760701
vt 0.479664 0.746661
vt 0.484790 0.788638
vt 0.180716 0.008700
vt 0.147890 0.112629
vt 0.147498 0.008825
vt 0.181108 0.112504
vt 0.178797 0.008725
vt 0.014467 0.718923
vt 0.014467 0.740940
vt 0.010084 0.004687
vt 0.090679 0.406809
vt 0.070276 0.406644
vt 0.149926 0.007743
vt 0.041319 0.640085
vt 0.048123 0.567897
vt 0.048068 0.640090
vt 0.091856 0.640067
vt 0.088455 0.567875
vt 0.095205 0.567872
vt 0.081814 0.640078
vt 0.034570 0.640080
vt 0.041374 0.567892
vt 0.081706 0.567885
vt 0.031332 0.567879
vt 0.074957 0.567895
vt 0.024528 0.640068
vt 0.021290 0.567867
vt 0.068316 0.640098
vt 0.075065 0.640088
vt 0.017778 0.640055
vt 0.112104 0.640045
vt 0.105247 0.567862
vt 0.111996 0.567852
vt 0.061567 0.640100
vt 0.064915 0.567905
vt 0.105355 0.640055
vt 0.011247 0.567842
vt 0.054872 0.567902
vt 0.054817 0.640095
vt 0.098605 0.640065
vt 0.118745 0.567842
vt 0.118853 0.640035
vt 0.203386 0.653880
vt 0.252675 0.674297
vt 0.216271 0.718655
vt 0.247843 0.705742
vt 0.199276 0.710525
vt 0.199276 0.657175
vt 0.375498 0.480017
vt 0.474507 0.468769
vt 0.471095 0.438735
vt 0.371238 0.460154
vt 0.459557 0.422014
vt 0.379579 0.431101
vt 0.432689 0.408165
vt 0.322368 0.650804
vt 0.355257 0.563563
vt 0.524386 0.740938
vt 0.422129 0.807510
vt 0.443938 0.507174
vt 0.203707 0.479271
vt 0.301010 0.479645
vt 0.305221 0.459500
vt 0.199888 0.459461
vt 0.204282 0.437423
vt 0.300863 0.438172
vt 0.223782 0.414267
vt 0.289721 0.421211
vt 0.203053 0.480017
vt 0.302061 0.468769
vt 0.298649 0.438735
vt 0.198792 0.460154
vt 0.287111 0.422014
vt 0.207133 0.431101
vt 0.260243 0.408165
vt 0.149922 0.650804
vt 0.182811 0.563562
vt 0.523845 0.740938
vt 0.421588 0.807510
vt 0.271492 0.507174
vt 0.031261 0.479271
vt 0.128564 0.479645
vt 0.132775 0.459500
vt 0.027442 0.459461
vt 0.031836 0.437423
vt 0.128417 0.438171
vt 0.051336 0.414267
vt 0.117276 0.421211
vt 0.011029 0.640034
vt 0.186631 0.674296
vt 0.192978 0.662422
vt 0.223036 0.649972
vt 0.235920 0.653880
vt 0.246328 0.662422
vt 0.252675 0.694331
vt 0.241545 0.710989
vt 0.229670 0.717336
vt 0.197762 0.710989
vt 0.186631 0.694331
vt 0.211151 0.650828
vt 0.224551 0.649509
vt 0.237435 0.653417
vt 0.247843 0.661959
vt 0.254190 0.673833
vt 0.254190 0.693868
vt 0.237435 0.714284
vt 0.224550 0.718192
vt 0.211151 0.716872
vt 0.190735 0.700117
vt 0.186826 0.687233
vt 0.190735 0.667583
vt 0.751619 0.779437
vt 0.757735 0.724299
vt 0.757735 0.779437
vt 0.745503 0.779437
vt 0.751619 0.724299
vt 0.739387 0.779437
vt 0.745503 0.724299
vt 0.733271 0.779437
vt 0.739387 0.724299
vt 0.727155 0.779437
vt 0.733271 0.724299
vt 0.721039 0.779437
vt 0.727155 0.724299
vt 0.714923 0.779437
vt 0.721039 0.724299
vt 0.708807 0.779437
vt 0.714923 0.724299
vt 0.702691 0.779437
vt 0.708807 0.724299
vt 0.696575 0.779437
vt 0.702691 0.724299
vt 0.690459 0.779437
vt 0.696575 0.724299
vt 0.763851 0.724299
vt 0.763851 0.779437
vt 0.749381 0.793908
vt 0.752438 0.782495
vt 0.772206 0.787792
vt 0.690459 0.724299
vt 0.769148 0.782495
vt 0.772206 0.793908
vt 0.757735 0.802263
vt 0.769148 0.799205
vt 0.763851 0.802263
vt 0.752439 0.799205
vt 0.749380 0.787792
vt 0.566835 0.188397
vt 0.972358 0.174418
vt 0.972430 0.185814
vt 0.565584 0.122015
vt 0.971579 0.102075
vt 0.971813 0.122275
vt 0.565029 0.100217
vt 0.971543 0.080541
vt 0.566762 0.177004
vt 0.972183 0.152884
vt 0.566458 0.155205
vt 0.971945 0.132683
vt 0.971603 0.069150
vt 0.565316 0.045226
vt 0.971864 0.047617
vt 0.566100 0.023436
vt 0.972308 0.027420
vt 0.972549 0.227551
vt 0.566808 0.210198
vt 0.972530 0.207349
vt 0.565899 0.133407
vt 0.566533 0.012048
vt 0.564916 0.067024
vt 0.564857 0.078417
vt 0.566527 0.232001
vt 0.972549 0.017014
vt 0.463198 0.188097
vt 0.370971 0.188097
vt 0.463198 0.172459
vt 0.463198 0.203734
vt 0.370971 0.172460
vt 0.370971 0.203734
vt 0.463198 0.156822
vt 0.463198 0.219372
vt 0.370971 0.156822
vt 0.370971 0.219372
vt 0.463198 0.235009
vt 0.370971 0.235009
vt 0.463198 0.141185
vt 0.370971 0.141185
vt 0.463198 0.250647
vt 0.370971 0.250647
vt 0.463198 0.125547
vt 0.370971 0.125547
vt 0.463198 0.109910
vt 0.463198 0.266284
vt 0.370971 0.109910
vt 0.370971 0.266284
vt 0.463198 0.281921
vt 0.463197 0.094272
vt 0.370971 0.094272
vt 0.370971 0.281921
vt 0.463198 0.078635
vt 0.370971 0.297559
vt 0.370971 0.078635
vt 0.463198 0.297559
vt 0.463197 0.062998
vt 0.370971 0.062998
vt 0.463198 0.313196
vt 0.370971 0.313196
vt 0.463198 0.328834
vt 0.463197 0.047360
vt 0.370971 0.047360
vt 0.370971 0.328834
vt 0.463198 0.344471
vt 0.370971 0.344471
vt 0.463197 0.031723
vt 0.370971 0.547757
vt 0.370971 0.532120
vt 0.463197 0.532120
vt 0.463197 0.516482
vt 0.463198 0.360108
vt 0.370971 0.516482
vt 0.370971 0.360108
vt 0.463197 0.500845
vt 0.463198 0.375746
vt 0.370971 0.375746
vt 0.370971 0.500845
vt 0.463198 0.391383
vt 0.463198 0.485208
vt 0.370971 0.391383
vt 0.370971 0.485208
vt 0.463198 0.407021
vt 0.463198 0.469570
vt 0.370971 0.407021
vt 0.370971 0.469570
vt 0.463198 0.422658
vt 0.463198 0.453933
vt 0.370971 0.453933
vt 0.370971 0.422658
vt 0.463198 0.438295
vt 0.370971 0.438295
vt 0.053261 0.802122
vt 0.035664 0.793556
vt 0.055556 0.793556
vt 0.037959 0.859227
vt 0.018438 0.857847
vt 0.024708 0.851577
vt 0.017057 0.823024
vt 0.008492 0.840620
vt 0.008492 0.820729
vt 0.074163 0.838325
vt 0.072783 0.857847
vt 0.066512 0.851576
vt 0.072783 0.803502
vt 0.066512 0.809773
vt 0.017057 0.838325
vt 0.759651 0.236742
vt 0.751085 0.219145
vt 0.759651 0.221440
vt 0.055556 0.867793
vt 0.053261 0.859227
vt 0.074163 0.823024
vt 0.082729 0.820729
vt 0.024708 0.809773
vt 0.037959 0.802122
vt 0.035664 0.867793
vt 0.082729 0.840620
vt 0.915727 0.083729
vt 0.938390 0.068427
vt 0.938390 0.083729
vt 0.915727 0.114331
vt 0.938390 0.099030
vt 0.938390 0.114331
vt 0.915727 0.144934
vt 0.938390 0.129633
vt 0.938390 0.144934
vt 0.385927 0.944544
vt 0.411633 0.913230
vt 0.411633 0.944544
vt 0.915727 0.175537
vt 0.938390 0.160235
vt 0.938390 0.175537
vt 0.915727 0.206139
vt 0.938390 0.190838
vt 0.938390 0.206139
vt 0.915727 0.236742
vt 0.938390 0.221440
vt 0.938390 0.236742
vt 0.392729 0.626002
vt 0.367023 0.587929
vt 0.392729 0.587929
vt 0.392739 0.626370
vt 0.367033 0.588297
vt 0.392739 0.588297
vt 0.392570 0.626370
vt 0.366864 0.588297
vt 0.392570 0.588297
vt 0.392065 0.586984
vt 0.366359 0.625057
vt 0.366358 0.586984
vt 0.392475 0.625222
vt 0.366769 0.587149
vt 0.392475 0.587149
vt 0.098480 0.984914
vt 0.128781 0.934861
vt 0.131181 0.983294
vt 0.324552 0.774464
vt 0.350258 0.659558
vt 0.350258 0.774464
vt 0.325226 0.775777
vt 0.350932 0.660871
vt 0.350932 0.775777
vt 0.411623 0.944176
vt 0.385917 0.912862
vt 0.411623 0.912862
vt 0.367033 0.731655
vt 0.367033 0.626370
vt 0.385758 0.944544
vt 0.411464 0.913230
vt 0.411464 0.944544
vt 0.385663 0.943396
vt 0.411369 0.912082
vt 0.411369 0.943396
vt 0.350258 0.928233
vt 0.324552 0.887298
vt 0.350258 0.887298
vt 0.325226 0.929546
vt 0.350932 0.888611
vt 0.350932 0.929546
vt 0.308861 0.730507
vt 0.324962 0.659723
vt 0.324962 0.774630
vt 0.203015 0.712239
vt 0.172547 0.742163
vt 0.169824 0.687207
vt 0.206741 0.688296
vt 0.167800 0.646359
vt 0.366769 0.730507
vt 0.392475 0.730507
vt 0.089444 0.802547
vt 0.096080 0.936481
vt 0.173330 0.559910
vt 0.134555 0.601420
vt 0.143669 0.554187
vt 0.137123 0.688827
vt 0.135099 0.647979
vt 0.350668 0.659723
vt 0.366769 0.625222
vt 0.375723 0.796911
vt 0.350668 0.774630
vt 0.375723 0.734902
vt 0.299907 0.796911
vt 0.324962 0.817830
vt 0.367023 0.731287
vt 0.392729 0.731287
vt 0.379575 0.815542
vt 0.405282 0.802674
vt 0.405282 0.815542
vt 0.352735 0.927365
vt 0.327029 0.886430
vt 0.352735 0.886430
vt 0.350668 0.849941
vt 0.350668 0.817830
vt 0.309115 0.731287
vt 0.325216 0.660503
vt 0.325216 0.775409
vt 0.282497 0.890651
vt 0.325216 0.850721
vt 0.325216 0.888243
vt 0.393641 0.890651
vt 0.350922 0.850721
vt 0.393641 0.836793
vt 0.375977 0.797691
vt 0.350922 0.775409
vt 0.375977 0.735682
vt 0.405536 0.816322
vt 0.379829 0.803453
vt 0.405536 0.803453
vt 0.350922 0.660503
vt 0.325216 0.929178
vt 0.350922 0.888243
vt 0.350922 0.929178
vt 0.350922 0.818610
vt 0.379839 0.816690
vt 0.405545 0.803821
vt 0.405545 0.816690
vt 0.325226 0.851088
vt 0.350932 0.818978
vt 0.350932 0.851088
vt 0.375987 0.798059
vt 0.375987 0.736050
vt 0.392739 0.731655
vt 0.366864 0.731655
vt 0.392570 0.731655
vt 0.300171 0.798059
vt 0.325226 0.818978
vt 0.308957 0.731655
vt 0.325057 0.660871
vt 0.325057 0.775777
vt 0.300003 0.798059
vt 0.325057 0.818978
vt 0.350764 0.660871
vt 0.366864 0.626370
vt 0.375818 0.798059
vt 0.350764 0.775777
vt 0.375818 0.736050
vt 0.379671 0.816690
vt 0.405377 0.803821
vt 0.405377 0.816690
vt 0.350764 0.929546
vt 0.325057 0.888611
vt 0.350764 0.888611
vt 0.350764 0.851089
vt 0.350764 0.818978
vt 0.308451 0.730342
vt 0.324552 0.659558
vt 0.299497 0.796746
vt 0.324552 0.817665
vt 0.324552 0.849775
vt 0.350258 0.817665
vt 0.350258 0.849775
vt 0.392065 0.730342
vt 0.392065 0.625057
vt 0.385253 0.943231
vt 0.410959 0.911917
vt 0.410959 0.943231
vt 0.404872 0.815377
vt 0.379166 0.802508
vt 0.404872 0.802508
vt 0.851024 0.083729
vt 0.915727 0.068427
vt 0.052560 0.968036
vt 0.067012 0.952734
vt 0.067012 0.968036
vt 0.851024 0.099030
vt 0.915727 0.099030
vt 0.052560 0.983337
vt 0.067012 0.983337
vt 0.851024 0.114331
vt 0.948007 0.533596
vt 0.557964 0.479113
vt 0.948007 0.479114
vt 0.851024 0.129633
vt 0.915727 0.129633
vt 0.021310 0.952709
vt 0.035762 0.937407
vt 0.035762 0.952709
vt 0.851024 0.144934
vt 0.021310 0.968010
vt 0.035762 0.968010
vt 0.851024 0.160235
vt 0.915727 0.160235
vt 0.021310 0.983311
vt 0.035762 0.983311
vt 0.851024 0.175537
vt 0.488059 0.282086
vt 0.520375 0.063579
vt 0.520375 0.282086
vt 0.915727 0.190838
vt 0.051522 0.897372
vt 0.066823 0.882920
vt 0.066823 0.897372
vt 0.851024 0.206139
vt 0.036221 0.897372
vt 0.051522 0.882920
vt 0.851024 0.221440
vt 0.915727 0.221440
vt 0.020919 0.882920
vt 0.020919 0.897372
vt 0.851024 0.236742
vt 0.589753 0.276734
vt 0.620275 0.058228
vt 0.620275 0.276734
vt 0.851024 0.068427
vt 0.915727 0.053126
vt 0.836572 0.068427
vt 0.851024 0.053126
vt 0.526915 0.058228
vt 0.494599 0.027706
vt 0.526916 0.027706
vt 0.557964 0.309259
vt 0.503482 0.366945
vt 0.503482 0.309259
vt 0.488059 0.033057
vt 0.520375 0.033058
vt 0.557437 0.058228
vt 0.589753 0.058228
vt 0.583213 0.282086
vt 0.613735 0.063579
vt 0.613735 0.282086
vt 0.526915 0.276734
vt 0.494599 0.058228
vt 0.948007 0.421428
vt 0.557964 0.421427
vt 0.557437 0.276734
vt 0.557964 0.366945
vt 0.948007 0.366945
vt 0.948007 0.309259
vt 0.550897 0.063579
vt 0.550897 0.282086
vt 0.583213 0.063579
vt 0.209319 0.591439
vt 0.163364 0.604294
vt 0.379575 0.802674
vt 0.393387 0.889871
vt 0.393387 0.836013
vt 0.296055 0.815542
vt 0.324962 0.849941
vt 0.282243 0.889871
vt 0.324962 0.887463
vt 0.379829 0.816322
vt 0.296309 0.816322
vt 0.325216 0.818610
vt 0.300161 0.797691
vt 0.296319 0.816690
vt 0.282507 0.891019
vt 0.325226 0.888611
vt 0.379839 0.803821
vt 0.393651 0.891019
vt 0.393651 0.837161
vt 0.379671 0.803821
vt 0.393483 0.891019
vt 0.393483 0.837161
vt 0.296150 0.816690
vt 0.325057 0.851089
vt 0.282338 0.891019
vt 0.295645 0.815377
vt 0.281833 0.889706
vt 0.139846 0.743783
vt 0.147088 0.889956
vt 0.759651 0.083729
vt 0.836572 0.083729
vt 0.759651 0.099030
vt 0.836572 0.099030
vt 0.759651 0.114331
vt 0.836572 0.114331
vt 0.759651 0.129633
vt 0.836572 0.129633
vt 0.759651 0.144934
vt 0.836572 0.144934
vt 0.759651 0.160235
vt 0.836572 0.160235
vt 0.759651 0.175536
vt 0.836572 0.175537
vt 0.836572 0.190838
vt 0.759651 0.206139
vt 0.836572 0.206139
vt 0.836572 0.221441
vt 0.836572 0.236742
vt 0.759651 0.068427
vt 0.836573 0.053126
vt 0.904258 0.728522
vt 0.918833 0.703896
vt 0.913384 0.731290
vt 0.674265 0.605589
vt 0.686645 0.579788
vt 0.692694 0.587160
vt 0.894285 0.752601
vt 0.902695 0.757096
vt 0.709869 0.564270
vt 0.714364 0.572680
vt 0.879805 0.774271
vt 0.887177 0.780320
vt 0.735674 0.553581
vt 0.738442 0.562707
vt 0.861377 0.792700
vt 0.867426 0.800071
vt 0.764004 0.557622
vt 0.763069 0.548132
vt 0.714364 0.807179
vt 0.735675 0.826278
vt 0.709869 0.815589
vt 0.839707 0.807179
vt 0.844202 0.815589
vt 0.791001 0.548132
vt 0.790067 0.557622
vt 0.692694 0.792700
vt 0.686645 0.800071
vt 0.815628 0.817153
vt 0.818396 0.826278
vt 0.818396 0.553581
vt 0.815628 0.562706
vt 0.666894 0.780321
vt 0.674265 0.774271
vt 0.790066 0.822237
vt 0.791001 0.831727
vt 0.844202 0.564270
vt 0.839706 0.572680
vt 0.651376 0.757096
vt 0.659786 0.752601
vt 0.764004 0.822237
vt 0.763070 0.831727
vt 0.867426 0.579788
vt 0.861377 0.587160
vt 0.640687 0.731291
vt 0.649812 0.728523
vt 0.738443 0.817153
vt 0.879805 0.605589
vt 0.887177 0.599539
vt 0.635238 0.703896
vt 0.644728 0.702961
vt 0.894285 0.627259
vt 0.902695 0.622764
vt 0.635238 0.675964
vt 0.644728 0.676899
vt 0.904258 0.651337
vt 0.913384 0.648569
vt 0.640687 0.648569
vt 0.649812 0.651337
vt 0.909343 0.676899
vt 0.918833 0.675964
vt 0.651376 0.622764
vt 0.659786 0.627259
vt 0.909343 0.702961
vt 0.666894 0.599539
vt 0.838989 0.809207
vt 0.866361 0.801933
vt 0.843243 0.817380
vt 0.814910 0.819181
vt 0.817556 0.828020
vt 0.790287 0.833444
vt 0.789349 0.824265
vt 0.762483 0.833444
vt 0.763286 0.824265
vt 0.735214 0.828020
vt 0.737725 0.819181
vt 0.709527 0.817380
vt 0.713646 0.809207
vt 0.686409 0.801933
vt 0.691976 0.794728
vt 0.666749 0.782273
vt 0.673547 0.776299
vt 0.651302 0.759155
vt 0.659068 0.754629
vt 0.640662 0.733468
vt 0.649094 0.730550
vt 0.635238 0.706199
vt 0.644010 0.704989
vt 0.635238 0.678395
vt 0.644010 0.678926
vt 0.640662 0.651126
vt 0.649094 0.653365
vt 0.651302 0.625439
vt 0.659068 0.629286
vt 0.666749 0.602321
vt 0.673547 0.607616
vt 0.686409 0.582661
vt 0.691976 0.589188
vt 0.709527 0.567214
vt 0.713646 0.574708
vt 0.735214 0.556574
vt 0.737725 0.564735
vt 0.762483 0.551150
vt 0.763286 0.559650
vt 0.789349 0.559650
vt 0.790287 0.551150
vt 0.814910 0.564735
vt 0.817556 0.556574
vt 0.838989 0.574708
vt 0.843243 0.567214
vt 0.860659 0.589188
vt 0.866361 0.582661
vt 0.879088 0.607616
vt 0.886021 0.602321
vt 0.893567 0.629287
vt 0.901468 0.625439
vt 0.903541 0.653365
vt 0.912108 0.651126
vt 0.908625 0.678927
vt 0.917532 0.678395
vt 0.908625 0.704989
vt 0.917532 0.706199
vt 0.903541 0.730551
vt 0.912108 0.733468
vt 0.893567 0.754629
vt 0.901468 0.759155
vt 0.879087 0.776299
vt 0.886021 0.782273
vt 0.860659 0.794728
vt 0.220160 0.554180
vt 0.099658 0.565221
vt 0.106630 0.529090
vt 0.350668 0.928398
vt 0.385663 0.912082
vt 0.324962 0.928398
vt 0.289967 0.912082
vt 0.195810 0.797276
vt 0.179790 0.888336
vt 0.385917 0.944176
vt 0.290221 0.912862
vt 0.385927 0.913230
vt 0.290231 0.913230
vt 0.385758 0.913230
vt 0.325057 0.929546
vt 0.290063 0.913230
vt 0.324552 0.928233
vt 0.289557 0.911916
vt 0.385253 0.911917
vt 0.077776 0.797520
vt 0.106569 0.717018
vt 0.110477 0.795900
vt 0.419094 0.836013
vt 0.401429 0.734902
vt 0.419347 0.836793
vt 0.401683 0.735682
vt 0.419357 0.891019
vt 0.401693 0.736050
vt 0.419189 0.837161
vt 0.401525 0.798059
vt 0.392977 0.835848
vt 0.418684 0.889706
vt 0.392977 0.889706
vt 0.375313 0.734737
vt 0.401019 0.796746
vt 0.375313 0.796746
vt 0.069997 0.559498
vt 0.076970 0.523366
vt 0.367023 0.626002
vt 0.081512 0.599051
vt 0.082293 0.665881
vt 0.100494 0.693560
vt 0.101305 0.709930
vt 0.122145 0.800926
vt 0.309125 0.731655
vt 0.325226 0.660871
vt 0.050395 0.666254
vt 0.049614 0.599424
vt 0.068604 0.711550
vt 0.379166 0.815377
vt 0.366359 0.730342
vt 0.751085 0.239037
vt 0.018437 0.803502
vt 0.308861 0.625222
vt 0.206923 0.791121
vt 0.207553 0.704666
vt 0.299907 0.734902
vt 0.327029 0.927365
vt 0.309116 0.626002
vt 0.282497 0.836793
vt 0.300171 0.736050
vt 0.308957 0.626370
vt 0.300002 0.736050
vt 0.308451 0.625057
vt 0.299497 0.734737
vt 0.052560 0.952734
vt 0.557964 0.533595
vt 0.021310 0.937407
vt 0.488059 0.063579
vt 0.851024 0.190838
vt 0.036221 0.882920
vt 0.494599 0.276734
vt 0.220160 0.653917
vt 0.350668 0.887463
vt 0.296055 0.802674
vt 0.282243 0.836013
vt 0.296309 0.803453
vt 0.300161 0.735682
vt 0.296319 0.803821
vt 0.282507 0.837160
vt 0.296150 0.803821
vt 0.282338 0.837161
vt 0.295645 0.802508
vt 0.281833 0.835848
vt 0.759651 0.190838
vt 0.759651 0.053126
vt 0.289967 0.943396
vt 0.202446 0.931211
vt 0.290221 0.944176
vt 0.290231 0.944544
vt 0.290063 0.944544
vt 0.289557 0.943231
vt 0.073868 0.718638
vt 0.419094 0.889871
vt 0.401429 0.796911
vt 0.419347 0.890651
vt 0.401683 0.797691
vt 0.419357 0.837161
vt 0.401693 0.798059
vt 0.419189 0.891019
vt 0.401525 0.736050
vt 0.418684 0.835848
vt 0.401019 0.734737
vt 0.309125 0.626370
vt 0.067793 0.695180
vt 0.232807 0.594563
vt 0.240762 0.603562
vt 0.232461 0.601632
vt 0.198973 0.580562
vt 0.209438 0.566528
vt 0.210555 0.575731
vt 0.197826 0.612659
vt 0.207263 0.627403
vt 0.191235 0.619333
vt 0.217574 0.576043
vt 0.210243 0.566457
vt 0.219474 0.566967
vt 0.057949 0.714444
vt 0.046703 0.646475
vt 0.058043 0.646457
vt 0.029269 0.714404
vt 0.040703 0.646467
vt 0.040609 0.714454
vt 0.018631 0.714308
vt 0.029363 0.646417
vt 0.068587 0.714377
vt 0.068682 0.646391
vt 0.096047 0.714255
vt 0.102141 0.646276
vt 0.102047 0.714263
vt 0.084706 0.714272
vt 0.074163 0.646352
vt 0.084801 0.646286
vt 0.013150 0.714255
vt 0.018725 0.646321
vt 0.113481 0.646325
vt 0.113387 0.714312
vt 0.096141 0.646268
vt 0.074068 0.714339
vt 0.046609 0.714462
vt 0.124119 0.646422
vt 0.124025 0.714408
vt 0.228709 0.581829
vt 0.241256 0.593453
vt 0.235398 0.575242
vt 0.227141 0.613906
vt 0.216500 0.627796
vt 0.215494 0.618578
vt 0.185140 0.601200
vt 0.193564 0.599979
vt 0.193817 0.592905
vt 0.185502 0.591086
vt 0.192875 0.573434
vt 0.209034 0.618303
vt 0.233155 0.621113
vt 0.211118 0.575686
vt 0.013244 0.646268
vt 0.210617 0.819606
vt 0.118606 0.996451
vt 0.118606 0.819606
vt 0.316598 0.638264
vt 0.295815 0.658845
vt 0.291751 0.641371
vt 0.062210 0.819606
vt 0.006945 0.996451
vt 0.006945 0.819605
vt 0.267978 0.641369
vt 0.273802 0.643137
vt 0.315475 0.638254
vt 0.285919 0.643221
vt 0.291742 0.641452
vt 0.243029 0.638456
vt 0.243338 0.586724
vt 0.249404 0.606719
vt 0.523274 0.996451
vt 0.495075 0.819605
vt 0.523274 0.819605
vt 0.495075 0.996451
vt 0.466877 0.819605
vt 0.090408 0.996451
vt 0.062210 0.996451
vt 0.090408 0.819606
vt 0.323961 0.819606
vt 0.261522 0.996451
vt 0.261522 0.819606
vt 0.244234 0.638171
vt 0.244241 0.586658
vt 0.249416 0.606634
vt 0.250272 0.652759
vt 0.262611 0.638499
vt 0.264856 0.658808
vt 0.254048 0.629934
vt 0.257908 0.634638
vt 0.349414 0.996451
vt 0.323961 0.996451
vt 0.349414 0.819605
vt 0.374867 0.996451
vt 0.236070 0.996451
vt 0.210617 0.996451
vt 0.236069 0.819606
vt 0.466877 0.996451
vt 0.294873 0.658884
vt 0.267968 0.641461
vt 0.273800 0.643230
vt 0.309443 0.652836
vt 0.262585 0.638580
vt 0.263919 0.658955
vt 0.249275 0.653010
vt 0.253970 0.629908
vt 0.257859 0.634689
vt 0.248790 0.573597
vt 0.267994 0.584120
vt 0.262630 0.586983
vt 0.257926 0.590834
vt 0.310013 0.573608
vt 0.308528 0.600913
vt 0.305660 0.595550
vt 0.316413 0.586632
vt 0.310337 0.618753
vt 0.310925 0.612692
vt 0.291735 0.584013
vt 0.310960 0.573486
vt 0.297807 0.568042
vt 0.262615 0.586884
vt 0.249695 0.573494
vt 0.262859 0.568042
vt 0.273803 0.582250
vt 0.267981 0.584016
vt 0.257911 0.590744
vt 0.297127 0.638494
vt 0.301533 0.634870
vt 0.310444 0.652850
vt 0.285921 0.643141
vt 0.279861 0.643735
vt 0.297106 0.638584
vt 0.301808 0.634724
vt 0.250949 0.624158
vt 0.251132 0.624484
vt 0.254062 0.595528
vt 0.251184 0.600892
vt 0.249389 0.618838
vt 0.248796 0.612795
vt 0.251180 0.624567
vt 0.254051 0.595447
vt 0.251183 0.600812
vt 0.249414 0.618744
vt 0.248819 0.612689
vt 0.374867 0.819605
vt 0.279861 0.643821
vt 0.261929 0.568160
vt 0.273814 0.582357
vt 0.296856 0.568160
vt 0.315465 0.586765
vt 0.305666 0.630021
vt 0.308532 0.624657
vt 0.279865 0.581764
vt 0.310296 0.618837
vt 0.310891 0.612784
vt 0.285917 0.582360
vt 0.291737 0.584125
vt 0.310294 0.606732
vt 0.297100 0.586992
vt 0.301801 0.590850
vt 0.297102 0.586875
vt 0.301886 0.634594
vt 0.305612 0.630063
vt 0.301807 0.590729
vt 0.305671 0.595429
vt 0.308548 0.624621
vt 0.308545 0.600796
vt 0.310320 0.606625
vt 0.285913 0.582248
vt 0.279858 0.581653
vt 0.228492 0.766132
vt 0.243272 0.773513
vt 0.228492 0.773513
vt 0.956618 0.068427
vt 0.956618 0.083729
vt 0.956618 0.099030
vt 0.956618 0.114331
vt 0.956618 0.129633
vt 0.956618 0.144934
vt 0.956618 0.160235
vt 0.956618 0.175537
vt 0.956618 0.190838
vt 0.956618 0.206139
vt 0.956618 0.221440
vt 0.956618 0.236742
vt 0.956618 0.053126
vt 0.256616 0.587695
vt 0.249486 0.570483
vt 0.260306 0.581303
vt 0.262738 0.562833
vt 0.266698 0.577613
vt 0.278039 0.562833
vt 0.274079 0.577613
vt 0.280471 0.581303
vt 0.291290 0.570483
vt 0.298941 0.583735
vt 0.284161 0.587695
vt 0.284161 0.595076
vt 0.298941 0.599036
vt 0.291290 0.612287
vt 0.280471 0.601468
vt 0.274079 0.605158
vt 0.278039 0.619938
vt 0.262738 0.619938
vt 0.266698 0.605158
vt 0.249486 0.612287
vt 0.260306 0.601468
vt 0.241836 0.599036
vt 0.256616 0.595076
vt 0.241836 0.583735
vt 0.150003 0.911632
vt 0.173858 0.918024
vt 0.156395 0.935487
vt 0.228492 0.788274
vt 0.243272 0.795655
vt 0.228492 0.795655
vt 0.228492 0.736609
vt 0.243272 0.743989
vt 0.228492 0.743989
vt 0.228492 0.721847
vt 0.243272 0.729228
vt 0.228492 0.729228
vt 0.228492 0.758751
vt 0.243272 0.766132
vt 0.243272 0.780893
vt 0.243272 0.788274
vt 0.243272 0.736609
vt 0.228492 0.803036
vt 0.243272 0.810416
vt 0.228492 0.810416
vt 0.228492 0.751370
vt 0.243272 0.758751
vt 0.228492 0.780893
vt 0.243272 0.803036
vt 0.243272 0.751370
vt 0.709475 0.020228
vt 0.751086 0.000337
vt 0.751086 0.020228
vt 0.709475 0.239037
vt 0.709475 0.219145
vt 0.751085 0.199254
vt 0.709475 0.199253
vt 0.751085 0.179362
vt 0.709475 0.159470
vt 0.751085 0.159470
vt 0.751085 0.139578
vt 0.709475 0.139578
vt 0.751085 0.119687
vt 0.709475 0.119687
vt 0.751085 0.099795
vt 0.709475 0.099795
vt 0.751085 0.079903
vt 0.709475 0.079903
vt 0.751085 0.060012
vt 0.662410 0.266209
vt 0.645184 0.201918
vt 0.709475 0.060012
vt 0.751085 0.040120
vt 0.709475 0.040120
vt 0.938390 0.053126
vt 0.150003 0.931796
vt 0.146312 0.925404
vt 0.146312 0.918024
vt 0.156395 0.907941
vt 0.163775 0.907941
vt 0.170167 0.911632
vt 0.173858 0.925404
vt 0.170167 0.931796
vt 0.163775 0.935487
vt 0.243272 0.721847
vt 0.709475 0.000336
vt 0.709475 0.179362
vt 0.699529 0.256264
vt 0.682302 0.266209
vt 0.645184 0.256264
vt 0.635238 0.239037
vt 0.635238 0.219145
vt 0.662410 0.191973
vt 0.682302 0.191973
vt 0.699529 0.201918
vt 0.049333 0.393103
vt 0.056719 0.367919
vt 0.057243 0.393467
vt 0.049014 0.367742
vt 0.058216 0.341468
vt 0.050214 0.341489
vt 0.056363 0.315434
vt 0.048549 0.315527
vt 0.056812 0.288256
vt 0.048704 0.288517
vt 0.053956 0.261559
vt 0.046032 0.261886
vt 0.053463 0.233539
vt 0.045241 0.234071
vt 0.049528 0.206077
vt 0.041484 0.206725
vt 0.047846 0.177070
vt 0.039481 0.178037
vt 0.042244 0.148682
vt 0.034042 0.149940
vt 0.038224 0.118329
vt 0.029619 0.120286
vt 0.028899 0.088586
vt 0.020130 0.091446
vt 0.018582 0.057989
vt 0.180339 0.484432
vt 0.200389 0.463003
vt 0.186607 0.488547
vt 0.199605 0.432092
vt 0.192339 0.459952
vt 0.206428 0.405494
vt 0.207244 0.434157
vt 0.209195 0.377809
vt 0.214289 0.406953
vt 0.213208 0.351192
vt 0.216807 0.378743
vt 0.214126 0.323709
vt 0.221057 0.351885
vt 0.216784 0.297118
vt 0.221776 0.324113
vt 0.216582 0.269747
vt 0.224696 0.297386
vt 0.218218 0.243158
vt 0.224315 0.269797
vt 0.216997 0.215890
vt 0.226228 0.243098
vt 0.217544 0.189326
vt 0.224825 0.215629
vt 0.215034 0.162241
vt 0.225652 0.188924
vt 0.213874 0.135800
vt 0.222937 0.161574
vt 0.208829 0.109207
vt 0.222050 0.134794
vt 0.203469 0.083531
vt 0.216702 0.107579
vt 0.191969 0.059762
vt 0.211380 0.080836
vt 0.038478 0.467473
vt 0.033685 0.493445
vt 0.026911 0.489005
vt 0.051199 0.444065
vt 0.046291 0.470494
vt 0.044019 0.442955
vt 0.053886 0.419402
vt 0.046359 0.418638
vt 0.167973 0.137966
vt 0.160215 0.105757
vt 0.169987 0.106548
vt 0.340828 0.188084
vt 0.330506 0.216454
vt 0.331876 0.187947
vt 0.169529 0.167784
vt 0.158204 0.137724
vt 0.339704 0.216743
vt 0.331817 0.245671
vt 0.168727 0.198273
vt 0.160191 0.167626
vt 0.340723 0.245998
vt 0.329767 0.274029
vt 0.170397 0.227292
vt 0.159283 0.198221
vt 0.338930 0.274543
vt 0.330324 0.303213
vt 0.169276 0.256968
vt 0.161321 0.227102
vt 0.339206 0.303762
vt 0.327577 0.331501
vt 0.165183 0.423701
vt 0.158650 0.395956
vt 0.167011 0.396460
vt 0.170358 0.285248
vt 0.160090 0.256773
vt 0.336719 0.332214
vt 0.327561 0.360707
vt 0.167260 0.449749
vt 0.156610 0.423578
vt 0.168619 0.314106
vt 0.161530 0.284878
vt 0.333693 0.389740
vt 0.336426 0.361379
vt 0.172467 0.476584
vt 0.158775 0.450670
vt 0.169061 0.341645
vt 0.159683 0.313716
vt 0.333784 0.418815
vt 0.324539 0.389054
vt 0.179868 0.501131
vt 0.164290 0.478478
vt 0.166835 0.369685
vt 0.160476 0.341108
vt 0.332774 0.447174
vt 0.324877 0.418477
vt 0.345704 0.039273
vt 0.332481 0.068820
vt 0.335382 0.037141
vt 0.158135 0.369184
vt 0.337202 0.475910
vt 0.323464 0.447492
vt 0.342453 0.069975
vt 0.329673 0.099297
vt 0.345704 0.502226
vt 0.328339 0.477886
vt 0.339303 0.099868
vt 0.331184 0.129587
vt 0.171549 0.075379
vt 0.169558 0.040345
vt 0.179868 0.044214
vt 0.340279 0.129776
vt 0.329987 0.158530
vt 0.160811 0.073588
vt 0.339275 0.158705
vt 0.122208 0.205692
vt 0.123136 0.223048
vt 0.124394 0.319278
vt 0.124473 0.335667
vt 0.094039 0.345321
vt 0.091575 0.336125
vt 0.124016 0.263348
vt 0.124518 0.280135
vt 0.090791 0.373249
vt 0.063041 0.365019
vt 0.093187 0.364097
vt 0.063050 0.344329
vt 0.025431 0.058675
vt 0.034882 0.082805
vt 0.124579 0.492912
vt 0.085944 0.477883
vt 0.120880 0.479912
vt 0.153167 0.366055
vt 0.153654 0.344209
vt 0.284971 0.491514
vt 0.338011 0.505703
vt 0.287163 0.521942
vt 0.116481 0.077424
vt 0.117514 0.099246
vt 0.119269 0.145264
vt 0.120497 0.163674
vt 0.093423 0.310040
vt 0.121824 0.309192
vt 0.080586 0.488869
vt 0.051830 0.469042
vt 0.288529 0.380899
vt 0.289873 0.363722
vt 0.284891 0.441480
vt 0.286154 0.422659
vt 0.091310 0.319398
vt 0.062713 0.312212
vt 0.044384 0.120545
vt 0.048767 0.144216
vt 0.293958 0.267009
vt 0.294468 0.250204
vt 0.291912 0.323620
vt 0.292899 0.306779
vt 0.122046 0.446629
vt 0.088026 0.455485
vt 0.086741 0.445265
vt 0.154532 0.310599
vt 0.154589 0.288215
vt 0.091636 0.235013
vt 0.088395 0.225482
vt 0.056788 0.448240
vt 0.127463 0.519765
vt 0.290543 0.092519
vt 0.289969 0.072326
vt 0.293109 0.153048
vt 0.292641 0.135540
vt 0.294368 0.210380
vt 0.294372 0.193449
vt 0.123454 0.374054
vt 0.123234 0.390341
vt 0.058784 0.236201
vt 0.121990 0.429225
vt 0.053480 0.179609
vt 0.056025 0.202191
vt 0.250092 0.064169
vt 0.286956 0.059755
vt 0.154724 0.253691
vt 0.154260 0.230697
vt 0.087978 0.427577
vt 0.088710 0.197639
vt 0.119002 0.195084
vt 0.249599 0.076052
vt 0.215524 0.076103
vt 0.090475 0.389861
vt 0.260283 0.193386
vt 0.260363 0.210602
vt 0.257423 0.136875
vt 0.258379 0.154564
vt 0.252556 0.095964
vt 0.073669 0.514976
vt 0.087042 0.207742
vt 0.060377 0.258030
vt 0.290913 0.015179
vt 0.242449 0.037870
vt 0.233582 0.024876
vt 0.153709 0.195132
vt 0.152942 0.171416
vt 0.151679 0.420572
vt 0.206209 0.055415
vt 0.198494 0.055508
vt 0.151994 0.398978
vt 0.120788 0.400249
vt 0.061882 0.291009
vt 0.259016 0.304525
vt 0.257893 0.321723
vt 0.260625 0.248994
vt 0.260078 0.266126
vt 0.259234 0.126821
vt 0.289845 0.124798
vt 0.152470 0.134410
vt 0.152454 0.109459
vt 0.226673 0.131285
vt 0.249583 0.418440
vt 0.246670 0.437584
vt 0.255515 0.360497
vt 0.253752 0.378056
vt 0.156992 0.476279
vt 0.256458 0.106076
vt 0.154813 0.069077
vt 0.160326 0.042484
vt 0.084004 0.167127
vt 0.081912 0.148324
vt 0.076492 0.104098
vt 0.072573 0.082226
vt 0.228403 0.513091
vt 0.237048 0.485294
vt 0.154006 0.454103
vt 0.119490 0.457566
vt 0.223724 0.109676
vt 0.325461 0.064592
vt 0.262623 0.183804
vt 0.291940 0.183036
vt 0.320481 0.475142
vt 0.318195 0.450976
vt 0.328964 0.039509
vt 0.286007 0.032051
vt 0.230527 0.185808
vt 0.324007 0.126238
vt 0.261221 0.164157
vt 0.319072 0.391933
vt 0.090849 0.281573
vt 0.090055 0.264429
vt 0.324113 0.102592
vt 0.288101 0.104167
vt 0.229639 0.164336
vt 0.122432 0.290433
vt 0.121263 0.233731
vt 0.121125 0.253054
vt 0.118734 0.174918
vt 0.115433 0.111831
vt 0.115812 0.133974
vt 0.114624 0.033729
vt 0.113107 0.063815
vt 0.281567 0.453098
vt 0.281768 0.477292
vt 0.284511 0.411384
vt 0.285166 0.391303
vt 0.322123 0.334359
vt 0.288321 0.353069
vt 0.288744 0.333824
vt 0.324378 0.277004
vt 0.291124 0.296305
vt 0.291055 0.277240
vt 0.325185 0.219577
vt 0.292381 0.239804
vt 0.291744 0.220726
vt 0.324675 0.161791
vt 0.290718 0.163688
vt 0.119608 0.418936
vt 0.122168 0.345666
vt 0.121138 0.364064
vt 0.061812 0.396549
vt 0.090939 0.418227
vt 0.060365 0.416966
vt 0.092547 0.399152
vt 0.262736 0.220137
vt 0.231244 0.240199
vt 0.231384 0.218722
vt 0.263338 0.239578
vt 0.262125 0.275717
vt 0.229832 0.294663
vt 0.230768 0.273137
vt 0.262067 0.295184
vt 0.259650 0.331438
vt 0.226341 0.349346
vt 0.228128 0.327705
vt 0.258942 0.351124
vt 0.255193 0.388103
vt 0.219866 0.404702
vt 0.223033 0.382717
vt 0.253669 0.408668
vt 0.213167 0.439072
vt 0.243700 0.473532
vt 0.206531 0.461756
vt 0.247497 0.448884
vt 0.072950 0.069125
vt 0.066559 0.039417
vt 0.083272 0.137458
vt 0.081278 0.114892
vt 0.087754 0.177017
vt 0.091945 0.254751
vt 0.093689 0.290894
vt 0.056664 0.025195
vt 0.119881 0.015179
vt 0.317968 0.414800
vt 0.320769 0.356954
vt 0.323472 0.299592
vt 0.324868 0.242232
vt 0.324821 0.184658
vt 0.009813 0.061933
vt 0.172648 0.504207
vn -0.000000 -0.000000 1.000000
vn 0.707100 0.707100 -0.000000
vn 0.965900 0.258800 -0.000000
vn -0.258800 0.965900 -0.000000
vn 0.258800 0.965900 -0.000000
vn -0.965900 0.258800 -0.000000
vn -0.707100 0.707100 -0.000000
vn 0.965900 -0.258800 -0.000000
vn 0.707100 -0.707100 -0.000000
vn -0.707100 -0.707100 -0.000000
vn -0.965900 -0.258800 -0.000000
vn 0.258800 -0.965900 -0.000000
vn -0.258800 -0.965900 -0.000000
vn -0.000000 1.000000 -0.000000
vn 1.000000 -0.000000 -0.000000
vn -0.000000 -1.000000 -0.000000
vn -0.000000 -0.000000 -1.000000
vn -1.000000 -0.000000 -0.000000
vn 0.500000 0.866000 -0.000000
vn 0.500000 -0.866000 -0.000000
vn -0.500000 0.866000 -0.000000
vn -0.500000 -0.866000 -0.000000
vn -0.923900 -0.382700 -0.000000
vn -0.980800 -0.195100 -0.000000
vn 0.923900 -0.382700 -0.000000
vn 0.923900 0.382700 -0.000000
vn 0.382700 0.923900 -0.000000
vn -0.382700 0.923900 -0.000000
vn -0.831500 0.555600 -0.000000
vn -0.923900 0.382700 -0.000000
vn -0.000100 -0.000000 1.000000
vn 0.382700 -0.923900 -0.000000
vn -0.831500 -0.555600 -0.000000
vn -0.980800 0.195100 -0.000000
vn -0.799300 -0.601000 -0.000000
vn -0.616500 -0.787400 -0.000000
vn 0.609300 -0.792900 -0.000000
vn 0.249400 -0.968400 -0.000000
vn -0.009800 -1.000000 -0.000000
vn -0.508400 -0.861100 -0.000000
vn -0.792700 0.609700 -0.000000
vn -0.963400 0.268200 -0.000000
vn -1.000000 0.009800 -0.000000
vn -0.870900 -0.491500 -0.000000
vn -0.016900 0.999900 -0.000000
vn 0.176300 0.984300 -0.000000
vn 0.980800 -0.195100 -0.000000
vn 0.980400 0.196800 -0.000000
vn 0.000100 -1.000000 -0.000000
vn 0.195300 -0.980700 -0.000000
vn 0.383000 -0.923700 -0.000000
vn 0.923900 -0.382600 -0.000000
vn 0.922500 0.386000 -0.000000
vn 0.362900 0.931800 -0.000000
vn 0.701900 -0.712300 -0.000000
vn 0.708500 -0.705700 -0.000000
vn -0.712400 0.701800 -0.000000
vn 0.148200 -0.988900 0.006700
vn -0.001500 -1.000000 -0.001900
vn 0.426200 -0.904600 -0.006700
vn -0.339600 -0.940500 0.004400
vn 0.046100 0.998900 0.004200
vn -0.339600 0.940600 -0.004400
vn -0.382700 -0.923900 -0.000000
vn 0.195100 0.980700 -0.008700
vn -0.739000 -0.673700 -0.004400
vn 0.515300 0.857000 0.006300
vn 0.707100 0.707100 -0.009100
vn -0.923300 -0.384000 0.001900
vn 0.832300 0.554300 0.001900
vn 0.804900 -0.593400 -0.004400
vn -1.000000 0.001500 0.001900
vn -0.980700 -0.195100 -0.009100
vn 0.831500 -0.555600 -0.000000
vn 0.970700 0.240200 -0.004400
vn -0.940500 0.339600 -0.004400
vn 0.556800 -0.830700 0.001900
vn 0.980800 0.195100 -0.000000
vn -0.195100 -0.980800 -0.000000
vn 0.195100 -0.980800 -0.000000
vn 0.555600 -0.831500 -0.000000
vn -0.555600 -0.831500 -0.000000
vn 0.831500 0.555600 -0.000000
vn 0.555600 0.831500 -0.000000
vn -0.555600 0.831500 -0.000000
vn 0.195100 0.980800 -0.000000
vn -0.195100 0.980800 -0.000000
vn -0.421000 0.907100 -0.000000
vn -0.907100 0.421000 -0.000000
vn -0.575100 -0.818100 -0.000000
vn 0.089000 -0.996000 -0.000000
vn 0.996000 -0.089000 -0.000000
vn 0.818100 0.575100 -0.000000
vn -0.818100 0.575100 -0.000000
vn -0.996000 -0.089000 -0.000000
vn -0.866000 -0.500000 -0.000000
vn -0.089000 -0.996000 -0.000000
vn 0.575100 -0.818100 -0.000000
vn 0.866000 -0.500000 -0.000000
vn 0.907100 0.421000 -0.000000
vn 0.421000 0.907100 -0.000000
vn -0.866000 0.500000 -0.000000
vn 0.866000 0.500000 -0.000000
vn -0.691100 0.696000 -0.195000
vn -0.692600 0.698600 0.179800
vn -0.692600 0.698600 -0.179800
vn 0.141900 -0.139600 0.980000
vn 0.292600 -0.290100 0.911200
vn 0.148800 -0.147600 0.977800
vn 0.660200 -0.646900 0.381600
vn 0.701900 -0.688900 0.180800
vn 0.666900 -0.655800 0.353900
vn -0.691100 0.696000 0.195000
vn -0.658200 0.663900 0.354900
vn -0.271700 0.270900 0.923500
vn -0.149600 0.150400 0.977200
vn -0.291300 0.292800 0.910700
vn 0.701900 -0.688900 -0.181100
vn 0.660200 -0.646900 -0.381600
vn 0.666900 -0.655800 -0.353800
vn 0.292600 -0.290100 -0.911200
vn 0.141900 -0.139600 -0.980000
vn 0.148800 -0.147600 -0.977800
vn -0.149800 0.150500 -0.977200
vn -0.271700 0.270900 -0.923500
vn -0.291300 0.292800 -0.910700
vn -0.658200 0.663900 -0.354900
vn -0.136000 0.135600 0.981400
vn -0.136000 0.135500 -0.981400
vn 0.700700 -0.686500 -0.194200
vn 0.700700 -0.686500 0.194200
vn 0.272900 -0.268400 0.923800
vn -0.651600 0.655000 0.382700
vn 0.701900 -0.688900 -0.180700
vn 0.660200 -0.646900 -0.381700
vn 0.272900 -0.268400 -0.923800
vn -0.149500 0.150300 -0.977300
vn -0.271700 0.270900 -0.923400
vn -0.651600 0.655000 -0.382700
vn -0.000700 -0.000400 1.000000
vn -0.000800 -0.000000 1.000000
vn 0.000700 0.000400 1.000000
vn 0.000400 0.000700 1.000000
vn -0.000400 0.000700 1.000000
vn -0.000000 0.000800 1.000000
vn 0.000400 -0.000700 1.000000
vn 0.000700 -0.000400 1.000000
vn -0.000400 -0.000700 1.000000
vn -0.000700 0.000400 1.000000
vn 0.000800 -0.000000 1.000000
vn -0.000000 -0.000800 1.000000
vn 0.089000 0.996000 -0.000000
vn 0.996000 0.089000 -0.000000
vn 0.818100 -0.575100 -0.000000
vn 0.380500 -0.102000 -0.919100
vn 0.121900 -0.032700 -0.992000
vn -0.421000 -0.907100 -0.000000
vn -0.907100 -0.421000 -0.000000
vn -0.575100 0.818100 -0.000000
vn 0.680600 0.680600 0.271400
vn 0.929700 -0.249100 0.271400
vn 0.249100 -0.929700 0.271400
vn -0.680600 -0.680600 0.271400
vn -0.929700 0.249100 0.271400
vn -0.249100 0.929700 0.271400
vn -0.583800 -0.583800 0.564300
vn 0.797400 -0.213700 0.564300
vn 0.278500 0.278500 -0.919100
vn 0.089200 0.089200 -0.992000
vn 0.102000 -0.380500 -0.919100
vn 0.032700 -0.121900 -0.992000
vn -0.380500 0.102000 -0.919100
vn -0.121900 0.032700 -0.992000
vn 0.278500 0.278500 0.919100
vn 0.089200 0.089200 0.992000
vn -0.380500 0.102000 0.919100
vn -0.121900 0.032700 0.992000
vn 0.827000 -0.221600 -0.516700
vn 0.875300 -0.234500 -0.422900
vn 0.221600 -0.827000 -0.516700
vn 0.234500 -0.875300 -0.422900
vn 0.102000 -0.380500 0.919100
vn 0.032700 -0.121900 0.992000
vn -0.108000 0.402900 0.908900
vn -0.188400 0.702900 0.685900
vn -0.605400 -0.605400 -0.516700
vn -0.640800 -0.640800 -0.422900
vn 0.402900 -0.108000 -0.908900
vn 0.702900 -0.188400 -0.685900
vn -0.797400 0.213700 0.564300
vn 0.380500 -0.102000 0.919100
vn 0.121900 -0.032700 0.992000
vn -0.402900 0.108000 0.908900
vn -0.702900 0.188300 0.685900
vn -0.294900 -0.294900 -0.908900
vn -0.514600 -0.514600 -0.685900
vn 0.583800 0.583800 0.564300
vn -0.278500 -0.278500 0.919100
vn -0.089200 -0.089200 0.992000
vn 0.294900 0.294900 0.908900
vn 0.514600 0.514600 0.685900
vn -0.702900 0.188400 -0.685900
vn -0.402900 0.108000 -0.908900
vn 0.402900 -0.108000 0.908900
vn 0.702900 -0.188400 0.685900
vn -0.827000 0.221600 -0.516700
vn -0.221600 0.827000 -0.516700
vn -0.234500 0.875300 -0.422900
vn -0.108000 0.402900 -0.908900
vn 0.213700 -0.797400 0.564300
vn -0.032700 0.121900 0.992000
vn 0.108000 -0.402900 0.908900
vn 0.188300 -0.702900 0.685900
vn 0.188400 -0.702900 0.685900
vn -0.294900 -0.294900 0.908900
vn -0.514600 -0.514600 0.685900
vn 0.605400 0.605400 -0.516700
vn 0.640800 0.640800 -0.422900
vn -0.278500 -0.278500 -0.919100
vn -0.089200 -0.089200 -0.992000
vn 0.294900 0.294900 -0.908900
vn 0.514600 0.514600 -0.685900
vn -0.213700 0.797400 0.564300
vn -0.102000 0.380500 -0.919100
vn -0.032700 0.121900 -0.992000
vn 0.108000 -0.402900 -0.908900
vn -0.702900 0.188400 0.685900
vn -0.188400 0.702900 -0.685900
vn -0.101900 0.380500 0.919100
vn -0.278600 -0.278500 -0.919100
vn 0.188300 -0.702900 -0.685900
vn 0.402900 -0.107900 0.908900
vn -0.875300 0.234600 -0.422900
vn 0.702900 -0.188300 -0.685900
vn 0.278600 0.278600 -0.919100
vn -0.774800 -0.631900 0.016800
vn -0.774900 -0.631900 -0.016900
vn -0.774800 -0.631900 -0.016800
vn -0.663400 -0.745900 0.059000
vn -0.697700 -0.711100 0.087000
vn -0.697000 -0.711800 0.086800
vn -0.663400 -0.745900 -0.059000
vn -0.697700 -0.711100 -0.087000
vn -0.665400 -0.744000 -0.061700
vn -0.724300 -0.684000 0.086200
vn -0.723000 -0.685500 0.086100
vn 0.661300 -0.661300 0.353900
vn 0.695600 -0.695600 0.180000
vn 0.661300 -0.661300 -0.353900
vn 0.695600 -0.695600 -0.180000
vn 0.695600 -0.695600 -0.179700
vn 0.150200 -0.150200 -0.977200
vn 0.292000 -0.292000 -0.910700
vn 0.150100 -0.150100 0.977200
vn 0.292000 -0.292000 0.910700
vn 0.148600 -0.148600 0.977700
vn -0.695600 0.695600 0.180000
vn -0.695600 0.695600 -0.179700
vn -0.695600 0.695500 -0.179900
vn -0.292000 0.292000 0.910700
vn -0.150100 0.150100 0.977200
vn -0.148600 0.148600 -0.977700
vn 0.148600 -0.148600 -0.977700
vn 0.150000 -0.150000 -0.977200
vn -0.695500 0.695500 -0.180100
vn -0.661400 0.661400 -0.353900
vn -0.661400 0.661400 0.353900
vn -0.695600 0.695600 0.179700
vn -0.148600 0.148600 0.977700
vn 0.695600 -0.695600 0.179700
vn -0.292000 0.292000 -0.910700
vn -0.150100 0.150100 -0.977200
vn -0.755800 -0.652300 0.057300
vn -0.774900 -0.631900 0.016900
vn -0.753800 -0.654300 0.059800
vn -0.755800 -0.652300 -0.057300
vn -0.723000 -0.685500 -0.086100
vn -0.724300 -0.684000 -0.086200
vn -0.642000 -0.766500 -0.017700
vn -0.641900 -0.766600 -0.017800
vn -0.641900 -0.766600 0.017800
vn -0.642000 -0.766500 0.017700
vn -0.665400 -0.744000 0.061700
vn -0.697000 -0.711800 -0.086800
vn -0.753800 -0.654300 -0.059800
vn -0.661300 0.661400 -0.353900
vn -0.661300 0.661400 0.353900
vn 0.005200 0.001400 -1.000000
vn -1.000000 -0.000700 -0.004400
vn -1.000000 0.000600 -0.004200
vn -1.000000 0.000800 -0.004300
vn -1.000000 0.002600 -0.004800
vn 1.000000 0.000800 0.004300
vn 1.000000 0.002600 0.004800
vn 1.000000 -0.000700 0.004400
vn 1.000000 0.000600 0.004200
vn 1.000000 -0.002300 0.004700
vn -1.000000 -0.002300 -0.004700
vn 1.000000 -0.002500 0.004700
vn 0.039200 0.011900 -0.999200
vn 0.040700 -0.004000 -0.999200
vn 0.039100 0.011900 -0.999200
vn 0.031700 0.026000 -0.999200
vn 0.019300 0.036200 -0.999200
vn 0.019300 0.036100 -0.999200
vn 0.004000 0.040800 -0.999200
vn -0.011900 0.039300 -0.999200
vn -0.026100 0.031800 -0.999200
vn -0.026000 0.031700 -0.999200
vn -0.036200 0.019400 -0.999200
vn -0.040900 0.004000 -0.999200
vn -0.039300 -0.011900 -0.999200
vn -0.031700 -0.026000 -0.999200
vn -0.019300 -0.036100 -0.999200
vn -0.019300 -0.036200 -0.999200
vn -0.004000 -0.040700 -0.999200
vn -0.004000 -0.040800 -0.999200
vn 0.011900 -0.039100 -0.999200
vn 0.011900 -0.039200 -0.999200
vn 0.025900 -0.031600 -0.999200
vn 0.036100 -0.019300 -0.999200
vn 0.036000 -0.019300 -0.999200
vn -0.011800 0.038800 0.999200
vn -0.019100 -0.035800 0.999200
vn -0.004000 -0.040500 0.999200
vn -0.019200 -0.035900 0.999200
vn 0.004000 0.040400 0.999200
vn -0.031400 -0.025800 0.999200
vn 0.019200 0.035900 0.999200
vn -0.038800 -0.011800 0.999200
vn 0.040500 -0.004000 0.999200
vn 0.019100 0.035800 0.999200
vn 0.031500 0.025800 0.999200
vn 0.035900 -0.019200 0.999200
vn 0.031400 0.025800 0.999200
vn -0.040300 0.004000 0.999200
vn 0.039000 0.011800 0.999200
vn -0.040400 0.004000 0.999200
vn 0.025800 -0.031500 0.999200
vn 0.038900 0.011800 0.999200
vn -0.035700 0.019100 0.999200
vn 0.011800 -0.038900 0.999200
vn 0.011800 -0.039000 0.999200
vn -0.025700 0.031300 0.999200
vn -0.004000 -0.040400 0.999200
vn 0.287400 0.947600 0.139700
vn 0.278000 0.916500 0.287500
vn 0.287500 0.947700 0.138900
vn 0.872900 0.466600 0.142900
vn 0.843900 0.451100 0.290400
vn 0.873000 0.466600 0.142200
vn -0.383200 0.923600 -0.003900
vn -0.382200 0.924100 -0.003700
vn -0.382000 0.924100 -0.003700
vn 0.628000 0.765200 0.141400
vn 0.607300 0.740000 0.289000
vn 0.628100 0.765300 0.140600
vn 0.194500 -0.980900 0.003100
vn 0.194700 -0.980900 0.003000
vn -0.380600 0.924700 -0.004200
vn -0.071900 0.087600 -0.993600
vn -0.555600 -0.831400 -0.000500
vn -0.555500 -0.831500 -0.000500
vn 0.107500 0.032600 0.993700
vn -0.765800 0.628500 0.136000
vn -0.741100 0.608200 0.284400
vn -0.765800 0.628500 0.135900
vn -0.467000 0.873600 0.136800
vn -0.451900 0.845400 0.284900
vn -0.467000 0.873700 0.136400
vn -0.097100 0.985600 0.138100
vn -0.093900 0.953600 0.286000
vn -0.097100 0.985700 0.137400
vn 0.556100 -0.831100 0.004400
vn 0.555100 -0.831800 0.004200
vn 0.556200 -0.831000 0.004400
vn -0.555400 -0.831600 -0.000500
vn -0.953900 -0.094000 0.284900
vn -0.985800 -0.097100 0.136800
vn -0.985900 -0.097100 0.136400
vn -0.917400 0.278300 0.284400
vn -0.948000 0.287600 0.136000
vn -0.948100 0.287600 0.135900
vn 0.554900 -0.831900 0.004300
vn -0.032900 0.108400 -0.993600
vn -0.607600 -0.740400 0.287500
vn -0.628200 -0.765400 0.139700
vn -0.628200 -0.765500 0.138900
vn -0.845100 -0.451700 0.286000
vn -0.873500 -0.466900 0.138100
vn -0.873600 -0.466900 0.137400
vn 0.382600 0.923900 -0.000500
vn 0.382700 0.923900 -0.000500
vn 0.382800 0.923800 -0.000500
vn 0.086800 0.071200 0.993700
vn -0.924200 0.382000 -0.005000
vn -0.923600 0.383300 -0.004800
vn -0.923500 0.383500 -0.004800
vn 0.382900 0.923800 -0.000500
vn 0.739300 -0.606700 0.292100
vn 0.764900 -0.627700 0.144400
vn 0.764900 -0.627800 0.144300
vn 0.450900 -0.843600 0.291500
vn 0.466500 -0.872700 0.143900
vn 0.466500 -0.872800 0.143500
vn 0.093800 -0.952300 0.290400
vn 0.097000 -0.985000 0.142900
vn 0.097000 -0.985100 0.142200
vn -0.277900 -0.916100 0.289000
vn -0.287400 -0.947300 0.141400
vn -0.287400 -0.947400 0.140600
vn 0.984800 0.097000 0.143900
vn 0.952000 0.093800 0.291500
vn 0.984900 0.097000 0.143500
vn -0.922900 0.385100 -0.005400
vn -0.922800 0.385300 -0.005400
vn 0.946900 -0.287200 0.144400
vn 0.915200 -0.277600 0.292100
vn 0.946900 -0.287200 0.144300
vn 0.011100 0.112700 -0.993600
vn -0.831700 -0.555300 -0.002400
vn -0.831300 -0.555800 -0.002300
vn -0.831700 -0.555200 -0.002400
vn 0.052900 0.098900 0.993700
vn 0.913100 -0.277000 -0.299200
vn 0.945800 -0.286900 -0.151900
vn 0.945900 -0.286900 -0.151800
vn 0.980900 -0.194400 0.004800
vn 0.980700 -0.195700 0.004600
vn 0.980900 -0.194300 0.004800
vn -0.831200 -0.555900 -0.002300
vn -0.830800 -0.556600 -0.002500
vn 0.949400 0.093500 -0.299700
vn 0.983500 0.096900 -0.152700
vn 0.983600 0.096900 -0.152300
vn -0.286700 -0.945300 -0.155600
vn -0.276700 -0.912200 -0.302200
vn -0.286800 -0.945400 -0.154800
vn 0.096800 -0.983300 -0.154000
vn 0.093500 -0.949100 -0.300800
vn 0.096900 -0.983400 -0.153300
vn 0.465900 -0.871600 -0.152700
vn 0.449700 -0.841400 -0.299700
vn 0.465900 -0.871600 -0.152300
vn 0.764000 -0.627000 -0.151900
vn 0.737600 -0.605300 -0.299200
vn 0.764100 -0.627000 -0.151800
vn 0.980300 -0.197500 0.005100
vn 0.053300 0.099800 -0.993600
vn 0.707300 0.706900 0.001500
vn 0.707000 0.707200 0.001400
vn 0.706900 0.707300 0.001400
vn 0.011000 0.111500 0.993700
vn -0.194300 -0.980900 0.001600
vn 0.706600 0.707600 0.001600
vn 0.706500 0.707700 0.001600
vn -0.000400 1.000000 -0.002400
vn -0.001200 1.000000 -0.002500
vn 0.087400 0.071700 -0.993600
vn -0.870700 -0.465400 -0.158700
vn -0.839900 -0.448900 -0.305200
vn -0.870800 -0.465500 -0.158000
vn -0.626500 -0.763400 -0.157300
vn -0.626600 -0.763500 -0.156400
vn -0.980900 -0.194500 -0.003900
vn -0.980700 -0.195600 -0.003700
vn -0.032500 0.107200 0.993700
vn 0.195600 -0.980700 0.003200
vn 0.196700 -0.980500 0.003400
vn 0.196900 -0.980400 0.003400
vn -0.980600 -0.195800 -0.003700
vn -0.944600 0.286500 -0.160300
vn -0.910800 0.276300 -0.306800
vn -0.944600 0.286500 -0.160100
vn -0.982400 -0.096800 -0.159800
vn -0.947400 -0.093300 -0.306200
vn -0.982500 -0.096800 -0.159300
vn -0.555800 -0.831300 -0.000500
vn 0.108100 0.032800 -0.993600
vn 0.924100 0.382200 0.003200
vn 0.923700 0.383100 0.003000
vn 0.923700 0.383200 0.003100
vn -0.071000 0.086500 0.993700
vn -0.093300 0.947700 -0.305200
vn -0.096800 0.982600 -0.158700
vn -0.096800 0.982700 -0.158000
vn -0.465300 0.870600 -0.159800
vn -0.465400 0.870700 -0.159300
vn -0.735700 0.603800 -0.306800
vn -0.763000 0.626200 -0.160300
vn -0.763000 0.626200 -0.160100
vn 0.382400 0.924000 -0.000500
vn 0.923200 0.384200 0.003400
vn 0.923200 0.384400 0.003400
vn -0.832200 -0.554500 -0.002500
vn -0.832200 -0.554400 -0.002500
vn -0.980600 0.195800 -0.004800
vn -0.980900 0.194500 -0.004600
vn -0.980600 0.195900 -0.004800
vn -0.098700 0.052800 0.993700
vn -0.980900 0.194200 -0.004600
vn -0.981300 0.192600 -0.005100
vn -0.981200 -0.193100 -0.004100
vn -0.981200 -0.192900 -0.004200
vn -0.111400 0.011000 0.993700
vn 0.604700 0.736900 -0.302200
vn 0.626700 0.763600 -0.155600
vn 0.626700 0.763700 -0.154800
vn 1.000000 0.002300 0.004700
vn 0.841100 0.449600 -0.300800
vn 0.871400 0.465800 -0.154000
vn 0.871500 0.465800 -0.153300
vn 0.276600 0.911700 -0.303700
vn 0.286700 0.945000 -0.157300
vn 0.286700 0.945200 -0.156400
vn 0.752900 0.617900 0.226900
vn 0.688900 0.565400 0.453500
vn 0.753100 0.618000 0.225600
vn 0.459300 0.859200 0.225300
vn 0.420400 0.786600 0.452300
vn 0.459400 0.859500 0.223900
vn 0.095500 0.970000 0.223600
vn 0.087500 0.888200 0.451000
vn 0.095600 0.970300 0.222300
vn -0.283000 0.933000 0.222100
vn -0.259200 0.854600 0.450000
vn -0.283100 0.933300 0.221100
vn -0.618700 0.753900 0.220900
vn -0.566800 0.690600 0.449300
vn -0.618800 0.754000 0.220400
vn -0.860200 0.459800 0.220400
vn -0.788000 0.421200 0.449000
vn -0.889100 0.087600 0.449300
vn -0.970600 0.095600 0.220900
vn -0.970700 0.095600 0.220400
vn -0.854600 -0.259200 0.450000
vn -0.933000 -0.283000 0.222100
vn -0.933300 -0.283100 0.221100
vn -0.689900 -0.566200 0.451000
vn -0.753400 -0.618300 0.223600
vn -0.753700 -0.618500 0.222300
vn -0.420400 -0.786600 0.452300
vn -0.459300 -0.859200 0.225300
vn -0.459400 -0.859500 0.223900
vn -0.087400 -0.886900 0.453500
vn -0.095500 -0.969200 0.226900
vn -0.095500 -0.969500 0.225600
vn 0.258600 -0.852300 0.454600
vn 0.282600 -0.931700 0.228100
vn 0.282700 -0.931900 0.227100
vn 0.564800 -0.688200 0.455300
vn 0.617600 -0.752500 0.228800
vn 0.617600 -0.752600 0.228200
vn 0.785100 -0.419600 0.455600
vn 0.858500 -0.458900 0.228800
vn 0.968800 -0.095400 0.228800
vn 0.886000 -0.087300 0.455300
vn 0.968900 -0.095400 0.228200
vn 0.931700 0.282600 0.228100
vn 0.852300 0.258600 0.454600
vn 0.931900 0.282700 0.227100
vn 0.848600 0.257400 -0.462200
vn 0.929500 0.282000 -0.237700
vn 0.929700 0.282000 -0.236700
vn 0.882900 -0.087000 -0.461500
vn 0.966900 -0.095200 -0.236600
vn 0.857000 -0.458100 -0.236000
vn 0.782500 -0.418300 -0.461200
vn 0.616400 -0.751100 -0.236600
vn 0.562800 -0.685800 -0.461500
vn 0.616500 -0.751200 -0.236100
vn 0.282000 -0.929500 -0.237700
vn 0.257400 -0.848600 -0.462200
vn 0.282000 -0.929700 -0.236700
vn -0.095200 -0.966300 -0.239200
vn -0.086900 -0.882000 -0.463200
vn -0.095200 -0.966600 -0.238000
vn -0.457500 -0.856000 -0.240900
vn -0.417500 -0.781000 -0.464500
vn -0.457700 -0.856300 -0.239500
vn -0.749900 -0.615500 -0.242400
vn -0.684100 -0.561400 -0.465700
vn -0.750200 -0.615700 -0.241200
vn -0.846300 -0.256700 -0.466700
vn -0.928300 -0.281600 -0.242700
vn -0.965000 0.095000 -0.244300
vn -0.879800 0.086700 -0.467400
vn -0.965200 0.095100 -0.243800
vn -0.779500 0.416700 -0.467600
vn -0.855200 0.457100 -0.244400
vn -0.560800 0.683400 -0.467400
vn -0.615200 0.749600 -0.244300
vn -0.615200 0.749700 -0.243800
vn -0.256700 0.846300 -0.466700
vn -0.281500 0.928100 -0.243600
vn -0.281600 0.928300 -0.242700
vn 0.086700 0.880700 -0.465700
vn 0.095100 0.965500 -0.242400
vn 0.095100 0.965800 -0.241200
vn 0.417500 0.781000 -0.464500
vn 0.457500 0.856000 -0.240900
vn 0.457700 0.856300 -0.239500
vn 0.685100 0.562200 -0.463200
vn 0.750600 0.616000 -0.239200
vn 0.750800 0.616200 -0.238000
vn -0.100000 0.053500 -0.993600
vn -0.706500 0.707700 -0.004600
vn -0.705300 0.708900 -0.005100
vn -0.705100 0.709100 -0.005200
vn 0.000400 1.000000 -0.002300
vn 0.001200 1.000000 -0.002500
vn 0.001400 1.000000 -0.002600
vn -0.707600 0.706600 -0.004800
vn 0.000300 1.000000 -0.002300
vn 0.831000 -0.556300 0.004800
vn 0.830000 -0.557700 0.005400
vn 0.831100 -0.556100 0.004800
vn -0.195400 -0.980700 0.001400
vn -0.195800 -0.980600 0.001600
vn -0.195300 -0.980700 0.001400
vn 0.831900 -0.554900 0.005000
vn -0.194900 -0.980800 0.001500
vn -1.000000 0.002300 -0.004800
vn -0.087500 -0.071800 -0.993600
vn -0.924100 -0.382100 -0.003100
vn -0.923700 -0.383100 -0.003200
vn -0.924000 -0.382300 -0.003000
vn -0.053300 -0.099800 -0.993600
vn 0.980900 0.194400 0.003700
vn 0.981200 0.193100 0.004200
vn 0.980900 0.194600 0.003700
vn 0.980700 0.195700 0.003900
vn -0.011100 -0.112500 -0.993600
vn -0.707300 -0.706900 -0.001400
vn -0.707600 -0.706600 -0.001600
vn -0.707700 -0.706500 -0.001600
vn -0.707200 -0.707000 -0.001400
vn 0.981300 -0.192600 0.005100
vn 0.981300 -0.192400 0.005100
vn 0.032800 -0.108100 -0.993600
vn 0.831700 0.555200 0.002300
vn 0.831600 0.555300 0.002300
vn -0.924200 0.381900 -0.005000
vn 0.831300 0.555900 0.002400
vn 0.831200 0.555900 0.002400
vn 0.557500 -0.830200 0.004700
vn 0.557700 -0.830000 0.004700
vn 0.071600 -0.087300 -0.993600
vn -0.382600 -0.923900 0.000500
vn -0.382400 -0.924000 0.000500
vn -0.384500 0.923100 -0.004100
vn -0.383300 0.923600 -0.003900
vn -0.382800 -0.923900 0.000500
vn -0.708900 0.705300 -0.005100
vn -0.707700 0.706500 -0.004800
vn 0.099600 -0.053200 -0.993600
vn 0.099500 -0.053200 -0.993600
vn 0.555600 0.831400 0.000500
vn 0.555800 0.831300 0.000500
vn 0.832900 -0.553400 0.005300
vn 0.833100 -0.553200 0.005400
vn 0.555500 0.831500 0.000500
vn 0.112400 -0.011100 -0.993600
vn 0.000400 -1.000000 0.002300
vn 0.001200 -1.000000 0.002500
vn 0.001400 -1.000000 0.002600
vn -0.923200 -0.384200 -0.003400
vn -0.923700 -0.383200 -0.003200
vn 0.111900 -0.011000 0.993700
vn 0.111800 -0.011000 0.993700
vn -0.000400 -1.000000 0.002400
vn 0.000300 -1.000000 0.002300
vn 0.194800 0.980800 -0.001400
vn 0.194300 0.980900 -0.001600
vn 0.194900 0.980800 -0.001400
vn -0.706600 -0.707600 -0.001500
vn -0.706900 -0.707300 -0.001500
vn 0.195300 0.980700 -0.001400
vn 0.195300 0.980700 -0.001500
vn 0.830800 0.556600 0.002500
vn 0.830700 0.556700 0.002500
vn 0.383300 -0.923600 0.003700
vn 0.384800 -0.923000 0.004200
vn -0.382900 -0.923800 0.000500
vn 0.071300 -0.086900 0.993700
vn 0.382100 -0.924100 0.003900
vn 0.555400 0.831600 0.000500
vn 0.555300 0.831600 0.000500
vn -0.195700 0.980700 -0.003100
vn -0.196700 0.980500 -0.003400
vn -0.195500 0.980700 -0.003000
vn -0.001200 -1.000000 0.002500
vn 0.032600 -0.107500 0.993700
vn -0.194600 0.980900 -0.003200
vn 0.195800 0.980600 -0.001500
vn 0.195900 0.980600 -0.001600
vn 0.707700 -0.706500 0.004600
vn 0.709100 -0.705100 0.005200
vn 0.380800 -0.924600 0.004100
vn -0.011000 -0.111700 0.993700
vn 0.706600 -0.707600 0.004800
vn 0.707500 -0.706700 0.004600
vn -0.193500 0.981100 -0.003400
vn -0.193300 0.981100 -0.003400
vn -0.556200 0.831000 -0.004300
vn -0.557500 0.830200 -0.004800
vn -0.556100 0.831100 -0.004200
vn 0.706500 -0.707700 0.004800
vn -0.052900 -0.098900 0.993700
vn -0.555000 0.831800 -0.004400
vn -0.554900 0.831900 -0.004400
vn -0.553400 0.832900 -0.004700
vn 0.924200 -0.381800 0.004800
vn 0.924900 -0.380300 0.005400
vn 0.925000 -0.380000 0.005400
vn 0.923600 -0.383400 0.005000
vn 0.922900 -0.385100 0.005300
vn 0.923500 -0.383500 0.005000
vn -0.086600 -0.071100 0.993700
vn 0.924100 -0.382100 0.004800
vn -0.831000 0.556200 -0.005000
vn -0.830000 0.557700 -0.005300
vn -0.832000 0.554800 -0.004800
vn -0.832900 0.553400 -0.005400
vn -0.831800 0.555000 -0.004800
vn -0.107200 -0.032500 0.993700
vn -0.831000 0.556300 -0.005000
vn -0.980300 0.197500 -0.005100
vn 0.193300 -0.981100 0.003400
vn -0.830700 -0.556700 -0.002600
vn 0.980200 -0.197800 0.005200
vn -0.001400 1.000000 -0.002500
vn -0.980300 -0.197300 -0.004200
vn 0.707700 0.706500 0.001600
vn 0.924600 0.381000 0.003400
vn -0.100000 0.053500 -0.993500
vn 0.829800 -0.558000 0.005400
vn -0.195900 -0.980600 0.001600
vn -0.108500 -0.032900 -0.993600
vn 0.981200 0.192900 0.004200
vn 0.832200 0.554400 0.002600
vn -0.925000 0.380000 -0.005300
vn -0.384700 0.923000 -0.004200
vn -1.000000 -0.002500 -0.004700
vn -0.923200 -0.384400 -0.003400
vn 0.194200 0.981000 -0.001600
vn -0.706500 -0.707700 -0.001600
vn 0.099100 -0.053000 0.993700
vn -0.196900 0.980400 -0.003500
vn -0.001400 -1.000000 0.002500
vn 0.380600 -0.924700 0.004100
vn -0.557700 0.830000 -0.004800
vn 0.031600 0.026000 -0.999200
vn -0.011900 0.039200 -0.999200
vn -0.031400 -0.025700 0.999200
vn 0.193500 -0.981100 0.003400
vn 0.553600 -0.832700 0.004700
vn 0.980600 -0.196000 0.004600
vn -0.194200 -0.981000 0.001600
vn -0.604400 -0.736500 -0.303800
vn -0.980400 -0.197100 -0.004200
vn -0.448800 0.839600 -0.306200
vn 0.707600 0.706600 0.001500
vn 0.924500 0.381200 0.003400
vn 0.967100 -0.095200 -0.236100
vn -0.706700 0.707500 -0.004600
vn -0.112900 0.011100 -0.993500
vn -0.924500 -0.381100 -0.003400
vn -0.924600 -0.381000 -0.003500
vn -0.924800 0.380300 -0.005300
vn 0.980400 0.197100 0.004100
vn 0.384500 -0.923100 0.004200
vn 0.383100 -0.923700 0.003700
vn -0.553700 0.832700 -0.004700
vn -0.107100 -0.032500 0.993700
vn -0.555300 -0.831600 -0.000500
vn 0.553400 -0.832900 0.004800
vn -0.981300 0.192400 -0.005200
vn -0.833100 0.553100 -0.005400
vn -0.380800 0.924600 -0.004100
vn -0.071900 0.087700 -0.993600
vn 0.276600 0.911700 -0.303800
vn -0.928100 -0.281500 -0.243700
vn 0.417500 0.781000 -0.464400
vn -0.194800 -0.980800 0.001500
vn 0.832100 0.554600 0.002500
vn -0.382700 -0.923900 0.000500
vn 0.555700 0.831400 0.000500
vn 0.980300 0.197300 0.004200
vn 0.708900 -0.705300 0.005100
vn 0.705300 -0.708900 0.005100
vn -0.829800 0.558000 -0.005400
vn -0.980200 0.197800 -0.005200
vn -0.709000 0.705100 -0.005100
vn 0.705100 -0.709100 0.005100
vn 0.922800 -0.385300 0.005400
usemtl SpacialRoverExploreralumWhite
f 133/1/17 135/2/17 61/3/17
f 50/4/1 146/5/1 148/6/1
f 59/7/1 60/8/1 143/9/1
f 58/10/35 61/11/36 53/12/36
f 54/13/37 221/14/38 220/15/37
f 56/16/38 62/17/39 221/14/38
f 62/17/40 53/12/36 61/11/36
f 181/18/41 59/19/42 57/20/41
f 65/21/42 60/22/43 59/19/42
f 64/23/44 58/10/35 60/22/44
f 50/24/45 176/25/46 52/26/45
f 168/27/47 177/28/48 170/29/48
f 52/26/17 225/30/17 174/31/17
f 51/32/49 167/33/50 49/34/49
f 49/35/1 224/36/1 171/37/1
f 174/38/50 169/39/51 167/33/50
f 175/40/52 168/27/47 169/39/52
f 177/28/48 172/41/53 170/29/48
f 178/42/54 171/37/46 172/41/54
f 149/43/1 53/44/1 55/45/1
f 55/45/1 56/46/1 149/43/1
f 54/13/1 149/43/1 56/46/1
f 58/47/1 149/43/1 145/48/1
f 143/9/1 57/49/1 59/7/1
f 143/9/1 60/8/1 58/47/1
f 61/3/17 139/50/17 62/51/17
f 62/51/17 139/50/17 221/52/17
f 218/53/17 63/54/17 64/55/17
f 65/56/17 181/57/17 218/53/17
f 64/55/17 65/56/17 218/53/17
f 139/50/17 220/15/17 221/52/17
f 171/37/1 224/36/1 172/58/1
f 172/58/1 224/36/1 170/59/1
f 170/59/1 224/36/1 168/60/1
f 169/61/1 224/36/1 167/62/1
f 168/60/1 224/36/1 169/61/1
f 174/31/17 225/30/17 175/63/17
f 177/64/17 225/30/17 178/65/17
f 178/65/17 225/30/17 176/25/17
f 175/63/17 225/30/17 173/66/17
f 173/66/17 225/30/17 177/64/17
f 49/67/55 154/68/56 51/69/55
f 50/4/1 153/70/1 49/71/1
f 153/70/56 220/15/37 154/68/56
f 57/72/41 52/26/57 181/73/41
f 52/74/17 136/75/17 134/76/17
f 154/68/17 52/74/17 51/77/17
f 244/78/17 246/79/17 238/80/17
f 227/81/1 257/82/1 259/83/1
f 236/84/1 237/85/1 254/86/1
f 235/87/35 238/88/36 230/89/36
f 231/90/37 284/91/38 283/92/37
f 233/93/38 239/94/39 284/91/38
f 239/94/40 230/89/36 238/88/36
f 280/95/41 236/96/42 234/97/41
f 242/98/42 237/99/43 236/96/42
f 241/100/44 235/87/35 237/99/44
f 227/101/45 275/102/46 229/103/45
f 267/104/47 276/105/48 269/106/48
f 229/103/17 288/107/17 273/108/17
f 228/109/49 266/110/50 226/111/49
f 226/112/1 287/113/1 270/114/1
f 273/115/50 268/116/51 266/110/50
f 274/117/52 267/104/47 268/116/52
f 276/105/48 271/118/53 269/106/48
f 277/119/54 270/114/46 271/118/54
f 260/120/1 230/121/1 232/122/1
f 232/122/1 233/123/1 260/120/1
f 231/90/1 260/120/1 233/123/1
f 235/124/1 260/120/1 256/125/1
f 254/86/1 234/126/1 236/84/1
f 254/86/1 237/85/1 235/124/1
f 238/80/17 250/127/17 239/128/17
f 239/128/17 250/127/17 284/129/17
f 281/130/17 240/131/17 241/132/17
f 242/133/17 280/134/17 281/130/17
f 241/132/17 242/133/17 281/130/17
f 250/127/17 283/92/17 284/129/17
f 270/114/1 287/113/1 271/135/1
f 271/135/1 287/113/1 269/136/1
f 269/136/1 287/113/1 267/137/1
f 268/138/1 287/113/1 266/139/1
f 267/137/1 287/113/1 268/138/1
f 273/108/17 288/107/17 274/140/17
f 276/141/17 288/107/17 277/142/17
f 277/142/17 288/107/17 275/102/17
f 274/140/17 288/107/17 272/143/17
f 272/143/17 288/107/17 276/141/17
f 226/144/55 265/145/56 228/146/55
f 227/81/1 264/147/1 226/148/1
f 264/147/56 283/92/37 265/145/56
f 234/149/41 229/103/57 280/150/41
f 229/151/17 247/152/17 245/153/17
f 265/145/17 229/151/17 228/154/17
f 299/155/28 312/156/7 298/157/7
f 292/158/58 307/159/59 306/160/60
f 292/158/58 293/161/61 307/159/59
f 299/155/28 300/162/62 313/163/63
f 293/161/61 308/164/64 307/159/59
f 300/162/62 314/165/65 313/163/63
f 293/161/61 309/166/66 308/164/64
f 300/162/62 301/167/67 314/165/65
f 301/167/67 315/168/68 314/165/65
f 295/169/69 309/166/66 294/170/10
f 301/167/67 302/171/70 315/168/68
f 289/172/47 305/173/71 304/174/47
f 295/169/69 296/175/72 310/176/73
f 289/172/47 290/177/74 305/173/71
f 302/171/70 316/178/75 315/168/68
f 296/175/72 311/179/76 310/176/73
f 296/175/72 297/180/30 311/179/76
f 291/181/77 305/173/71 290/177/74
f 289/172/47 316/182/75 303/183/78
f 298/157/7 311/179/76 297/180/30
f 291/181/77 292/158/58 306/160/60
f 305/184/17 309/185/17 313/186/17
f 299/187/1 295/188/1 291/189/1
f 61/3/17 63/54/17 218/53/17
f 61/3/17 218/53/17 133/1/17
f 135/2/17 139/50/17 61/3/17
f 150/190/1 149/43/1 54/13/1
f 57/49/1 143/9/1 140/191/1
f 57/49/1 140/191/1 141/192/1
f 151/193/1 150/190/1 54/13/1
f 151/193/1 54/13/1 153/70/1
f 50/4/1 57/49/1 141/192/1
f 50/4/1 141/192/1 142/194/1
f 151/193/1 153/70/1 50/4/1
f 152/195/31 151/193/1 50/4/1
f 50/4/1 142/194/1 147/196/1
f 50/4/1 147/196/1 146/5/1
f 148/6/1 152/195/31 50/4/1
f 58/10/35 63/197/35 61/11/36
f 54/13/37 56/16/38 221/14/38
f 56/16/38 55/198/39 62/17/39
f 62/17/40 55/198/40 53/12/36
f 181/18/41 65/21/42 59/19/42
f 65/21/42 64/23/43 60/22/43
f 64/23/44 63/197/35 58/10/35
f 50/24/45 171/37/46 176/25/46
f 168/27/47 173/199/47 177/28/48
f 174/31/17 51/200/17 52/26/17
f 52/26/17 176/25/17 225/30/17
f 51/32/49 174/38/50 167/33/50
f 171/37/1 50/24/1 49/35/1
f 49/35/1 167/62/1 224/36/1
f 174/38/50 175/40/51 169/39/51
f 175/40/52 173/199/47 168/27/47
f 177/28/48 178/42/53 172/41/53
f 178/42/54 176/25/46 171/37/46
f 144/201/1 143/9/1 58/47/1
f 58/47/1 53/44/1 149/43/1
f 145/48/1 144/201/1 58/47/1
f 49/67/55 153/70/56 154/68/56
f 153/70/56 54/13/37 220/15/37
f 57/72/41 50/24/57 52/26/57
f 180/202/17 218/53/17 181/57/17
f 220/15/17 139/50/17 137/203/17
f 220/15/17 137/203/17 223/204/17
f 222/205/17 180/202/17 181/57/17
f 132/206/17 222/205/17 181/57/17
f 154/68/17 220/15/17 223/204/17
f 154/68/17 223/204/17 138/207/17
f 132/206/17 181/57/17 52/74/17
f 179/208/17 132/206/17 52/74/17
f 52/74/17 154/68/17 138/207/17
f 52/74/17 138/207/17 219/209/17
f 134/76/17 179/208/17 52/74/17
f 52/74/17 219/209/17 136/75/17
f 238/80/17 240/131/17 281/130/17
f 238/80/17 281/130/17 244/78/17
f 246/79/17 250/127/17 238/80/17
f 261/210/1 260/120/1 231/90/1
f 234/126/1 254/86/1 251/211/1
f 234/126/1 251/211/1 252/212/1
f 262/213/1 261/210/1 231/90/1
f 262/213/1 231/90/1 264/147/1
f 227/81/1 234/126/1 252/212/1
f 227/81/1 252/212/1 253/214/1
f 262/213/1 264/147/1 227/81/1
f 263/215/31 262/213/1 227/81/1
f 227/81/1 253/214/1 258/216/1
f 227/81/1 258/216/1 257/82/1
f 259/83/1 263/215/31 227/81/1
f 235/87/35 240/217/35 238/88/36
f 231/90/37 233/93/38 284/91/38
f 233/93/38 232/218/39 239/94/39
f 239/94/40 232/218/40 230/89/36
f 280/95/41 242/98/42 236/96/42
f 242/98/42 241/100/43 237/99/43
f 241/100/44 240/217/35 235/87/35
f 227/101/45 270/114/46 275/102/46
f 267/104/47 272/219/47 276/105/48
f 273/108/17 228/220/17 229/103/17
f 229/103/17 275/102/17 288/107/17
f 228/109/49 273/115/50 266/110/50
f 270/114/1 227/101/1 226/112/1
f 226/112/1 266/139/1 287/113/1
f 273/115/50 274/117/51 268/116/51
f 274/117/52 272/219/47 267/104/47
f 276/105/48 277/119/53 271/118/53
f 277/119/54 275/102/46 270/114/46
f 255/221/1 254/86/1 235/124/1
f 235/124/1 230/121/1 260/120/1
f 256/125/1 255/221/1 235/124/1
f 226/144/55 264/147/56 265/145/56
f 264/147/56 231/90/37 283/92/37
f 234/149/41 227/101/57 229/103/57
f 279/222/17 281/130/17 280/134/17
f 283/92/17 250/127/17 248/223/17
f 283/92/17 248/223/17 286/224/17
f 285/225/17 279/222/17 280/134/17
f 243/226/17 285/225/17 280/134/17
f 265/145/17 283/92/17 286/224/17
f 265/145/17 286/224/17 249/227/17
f 243/226/17 280/134/17 229/151/17
f 278/228/17 243/226/17 229/151/17
f 229/151/17 265/145/17 249/227/17
f 229/151/17 249/227/17 282/229/17
f 245/153/17 278/228/17 229/151/17
f 229/151/17 282/229/17 247/152/17
f 299/155/28 313/163/63 312/156/7
f 293/161/61 294/170/10 309/166/66
f 295/169/69 310/176/73 309/166/66
f 302/171/70 303/230/78 316/178/75
f 291/181/77 306/160/60 305/173/71
f 289/172/47 304/174/47 316/182/75
f 298/157/7 312/156/7 311/179/76
f 316/231/17 304/232/17 305/184/17
f 305/184/17 306/233/17 307/234/17
f 307/234/17 308/235/17 309/185/17
f 309/185/17 310/236/17 311/237/17
f 311/237/17 312/238/17 313/186/17
f 313/186/17 314/239/17 315/240/17
f 315/240/17 316/231/17 305/184/17
f 305/184/17 307/234/17 309/185/17
f 309/185/17 311/237/17 313/186/17
f 313/186/17 315/240/17 305/184/17
f 290/241/1 289/242/1 303/243/1
f 303/243/1 302/244/1 301/245/1
f 301/245/1 300/246/1 299/187/1
f 299/187/1 298/247/1 297/248/1
f 297/248/1 296/249/1 295/188/1
f 295/188/1 294/250/1 293/251/1
f 293/251/1 292/252/1 291/189/1
f 291/189/1 290/241/1 303/243/1
f 303/243/1 301/245/1 299/187/1
f 299/187/1 297/248/1 295/188/1
f 295/188/1 293/251/1 291/189/1
f 291/189/1 303/243/1 299/187/1
usemtl SpacialRoverExploreralumGray
f 3/253/5 2/254/5 1/255/5
f 5/256/2 4/257/2 3/253/2
f 7/258/3 6/259/3 5/256/3
f 9/260/8 8/261/8 7/258/8
f 11/262/9 10/263/9 9/260/9
f 13/264/12 12/265/12 11/262/12
f 15/266/13 14/267/13 13/264/13
f 17/268/10 16/269/10 15/266/10
f 19/270/11 18/271/11 17/268/11
f 21/272/6 20/273/6 19/270/6
f 23/274/7 22/275/7 21/272/7
f 1/255/4 24/276/4 23/277/4
f 7/278/1 3/279/1 19/280/1
f 3/253/5 4/257/5 2/254/5
f 5/256/2 6/259/2 4/257/2
f 7/258/3 8/261/3 6/259/3
f 9/260/8 10/263/8 8/261/8
f 11/262/9 12/265/9 10/263/9
f 13/264/12 14/267/12 12/265/12
f 15/266/13 16/269/13 14/267/13
f 17/268/10 18/271/10 16/269/10
f 19/270/11 20/273/11 18/271/11
f 21/272/6 22/275/6 20/273/6
f 23/274/7 24/281/7 22/275/7
f 1/255/4 2/254/4 24/276/4
f 3/279/1 1/255/1 23/277/1
f 23/277/1 21/282/1 3/279/1
f 21/282/1 19/280/1 3/279/1
f 19/280/1 17/283/1 11/284/1
f 17/283/1 15/285/1 11/284/1
f 15/285/1 13/286/1 11/284/1
f 11/284/1 9/287/1 7/278/1
f 7/278/1 5/288/1 3/279/1
f 11/284/1 7/278/1 19/280/1
f 34/289/104 164/290/105 163/291/106
f 26/292/107 161/293/108 155/294/109
f 27/295/110 158/296/111 161/293/112
f 29/297/113 159/298/114 164/290/105
f 30/299/115 156/300/116 159/298/117
f 162/301/118 33/302/119 157/303/120
f 157/303/121 31/304/122 165/305/123
f 160/306/124 36/307/125 166/308/126
f 166/308/127 34/289/104 163/291/106
f 28/309/128 155/294/109 156/300/116
f 35/310/129 165/305/123 31/304/122
f 32/311/130 158/296/111 25/312/131
f 34/289/104 29/297/113 164/290/105
f 26/292/107 27/295/132 161/293/108
f 27/295/110 25/312/131 158/296/111
f 29/297/113 30/299/133 159/298/114
f 30/299/115 28/309/128 156/300/116
f 162/301/134 32/311/130 33/302/135
f 157/303/121 33/302/136 31/304/122
f 160/306/137 35/313/129 36/307/138
f 166/308/127 36/307/139 34/289/104
f 28/309/128 26/292/107 155/294/109
f 35/310/129 160/314/137 165/305/123
f 32/311/130 162/301/134 158/296/111
f 373/315/16 341/316/16 372/317/80
f 341/316/16 373/315/16 374/318/79
f 341/316/16 340/319/80 372/317/80
f 374/318/79 342/320/79 341/316/16
f 340/319/80 371/321/32 372/317/80
f 374/318/79 375/322/64 342/320/79
f 340/319/80 339/323/32 371/321/32
f 375/322/64 343/324/64 342/320/79
f 375/322/64 376/325/82 343/324/64
f 376/325/82 344/326/82 343/324/64
f 339/323/32 370/327/81 371/321/32
f 370/327/81 339/323/32 338/328/81
f 376/325/82 377/329/10 344/326/82
f 377/329/10 345/330/10 344/326/82
f 370/327/81 338/328/81 369/331/9
f 338/328/81 337/332/9 369/331/9
f 337/332/9 368/333/74 369/331/9
f 377/329/10 378/334/33 345/330/10
f 337/332/9 336/335/74 368/333/74
f 378/334/33 346/336/33 345/330/10
f 378/334/33 379/337/23 346/336/33
f 368/333/74 336/335/74 367/338/25
f 336/335/74 335/339/25 367/338/25
f 346/336/33 379/337/23 347/340/23
f 335/339/25 366/341/47 367/338/25
f 347/340/23 379/337/23 348/342/24
f 335/339/25 334/343/47 366/341/47
f 348/342/24 379/337/23 380/344/24
f 334/343/47 365/345/15 366/341/47
f 365/345/15 334/343/47 333/346/15
f 348/342/24 380/344/24 349/347/18
f 349/347/18 317/348/18 348/342/24
f 349/347/18 350/349/34 317/348/18
f 365/345/15 333/346/15 364/350/78
f 364/350/78 333/346/15 332/351/78
f 317/348/18 350/349/34 318/352/34
f 318/352/34 350/349/34 351/353/30
f 318/352/34 351/353/30 319/354/30
f 364/350/78 332/351/78 363/355/26
f 332/356/78 331/357/26 363/358/26
f 331/357/26 362/359/83 363/358/26
f 319/354/30 351/353/30 352/360/29
f 331/357/26 330/361/83 362/359/83
f 319/354/30 352/360/29 320/362/29
f 362/359/83 330/361/83 361/363/2
f 320/362/29 352/360/29 353/364/7
f 320/362/29 353/364/7 321/365/7
f 361/363/2 330/361/83 329/366/2
f 321/365/7 353/364/7 354/367/85
f 361/363/2 329/366/2 360/368/84
f 321/365/7 354/367/85 322/369/85
f 360/368/84 329/366/2 328/370/84
f 322/369/85 354/367/85 355/371/28
f 360/368/84 328/370/84 359/372/27
f 322/369/85 355/371/28 323/373/28
f 359/372/27 328/370/84 327/374/27
f 323/373/28 355/371/28 356/375/87
f 359/372/27 327/374/27 358/376/86
f 358/376/86 327/374/27 326/377/86
f 323/373/28 356/375/87 324/378/87
f 358/376/86 326/377/86 357/379/14
f 324/378/87 356/375/87 357/379/14
f 357/379/14 326/377/86 325/380/14
f 324/378/87 357/379/14 325/380/14
f 809/381/140 832/382/141 833/383/140
f 815/384/142 840/385/143 816/386/143
f 806/387/144 819/388/145 830/389/144
f 812/390/146 837/391/147 813/392/147
f 809/381/140 834/393/148 810/394/148
f 805/395/145 840/385/143 819/388/145
f 806/396/144 831/397/149 807/398/149
f 813/392/147 838/399/150 814/400/150
f 811/401/151 834/393/148 835/402/151
f 807/403/149 832/382/141 808/404/141
f 814/400/150 839/405/142 815/384/142
f 811/401/151 836/406/146 812/390/146
f 479/407/101 457/408/152 480/409/101
f 475/410/153 478/411/100 476/412/153
f 471/413/98 474/414/154 472/415/98
f 475/416/155 935/417/156 473/418/155
f 467/419/157 470/420/97 468/421/157
f 463/422/95 466/423/158 464/424/95
f 459/425/159 462/426/94 460/427/159
f 501/428/2 504/429/160 502/430/160
f 497/431/8 500/432/161 498/433/161
f 493/434/12 496/435/162 494/436/162
f 490/437/163 491/438/10 492/439/163
f 485/440/6 488/441/164 486/442/164
f 481/443/165 483/444/4 484/445/165
f 799/446/166 492/447/163 802/448/166
f 783/449/167 500/450/161 786/451/167
f 477/452/168 924/453/169 927/454/169
f 931/455/5 500/450/5 499/456/5
f 471/457/170 943/458/171 469/459/170
f 463/460/172 917/461/173 461/462/172
f 468/463/174 798/464/175 803/465/175
f 474/466/176 787/467/177 476/468/176
f 920/469/5 486/470/5 771/471/5
f 907/472/3 757/473/3 758/474/3
f 906/475/3 758/474/3 759/476/3
f 913/477/178 485/440/179 920/478/178
f 908/479/180 483/444/181 482/480/181
f 457/481/182 763/482/183 460/483/182
f 759/476/184 761/484/185 764/485/184
f 913/477/13 488/486/13 487/487/13
f 914/488/13 768/489/13 913/490/13
f 919/491/5 771/471/5 772/492/5
f 921/493/186 501/428/187 926/494/186
f 915/495/188 919/496/189 918/497/188
f 771/471/190 488/486/164 768/489/190
f 464/498/191 770/499/192 765/500/192
f 766/501/193 772/492/227 767/502/194
f 926/503/9 502/504/9 779/505/9
f 927/506/9 777/507/9 778/508/9
f 924/509/7 774/510/7 923/511/7
f 922/512/7 776/513/7 921/514/7
f 928/515/195 922/516/196 925/517/196
f 779/505/197 504/518/160 776/513/197
f 478/519/198 773/520/199 480/521/198
f 777/507/200 775/522/201 774/510/200
f 929/523/203 933/524/202 936/525/203
f 781/526/204 785/527/205 788/528/232
f 932/529/5 786/451/5 931/530/5
f 931/455/206 497/431/233 934/531/206
f 937/532/207 493/434/208 942/533/207
f 933/534/13 783/449/13 784/535/13
f 942/536/11 494/537/11 795/538/11
f 941/539/11 795/538/11 796/540/11
f 937/532/3 496/541/3 495/542/3
f 938/543/3 792/544/3 937/545/3
f 939/546/209 941/547/228 944/548/209
f 795/538/210 496/541/162 792/544/210
f 472/549/229 794/550/211 789/551/211
f 790/552/212 796/540/214 791/553/213
f 948/554/7 490/555/7 799/446/7
f 947/556/7 799/446/7 800/557/7
f 797/558/215 801/559/216 804/560/215
f 948/561/217 491/438/218 489/562/218
f 467/563/219 945/564/220 465/565/230
f 946/566/221 952/567/222 947/568/222
f 616/569/19 458/570/152 479/407/101
f 615/571/19 593/572/14 616/573/19
f 614/574/93 479/407/101 477/575/100
f 613/576/93 616/573/19 614/577/93
f 612/578/92 477/575/100 475/410/153
f 603/579/6 622/580/6 604/581/6
f 610/582/99 475/410/153 473/583/154
f 609/584/99 612/585/92 610/586/99
f 608/587/20 473/583/154 471/413/98
f 607/588/20 610/586/99 608/589/20
f 606/590/91 471/413/98 469/591/97
f 605/592/91 608/589/20 606/593/91
f 604/594/90 469/591/97 467/419/157
f 597/595/17 617/596/17 595/597/17
f 465/598/158 604/594/90 467/419/157
f 602/599/96 603/600/90 604/601/90
f 600/602/18 465/598/158 463/422/95
f 600/603/18 601/604/96 602/599/96
f 598/605/89 463/422/95 461/606/94
f 597/607/89 600/603/18 598/608/89
f 596/609/88 461/606/94 459/425/159
f 614/610/4 627/611/4 613/612/4
f 593/613/14 459/614/159 458/570/152
f 594/615/14 596/616/88 593/613/14
f 625/617/3 628/618/3 626/619/3
f 621/620/13 624/621/13 622/622/13
f 617/596/7 620/623/7 618/624/7
f 614/610/1 626/625/1 628/626/1
f 598/627/10 619/628/10 597/629/10
f 611/630/17 627/631/17 625/617/17
f 606/632/1 622/580/1 624/633/1
f 611/630/12 626/625/12 612/634/12
f 606/632/8 623/635/8 605/636/8
f 605/636/17 621/620/17 603/637/17
f 595/597/2 618/638/2 596/639/2
f 596/639/1 620/640/1 598/627/1
f 905/641/3 759/476/3 760/642/3
f 915/495/13 767/502/13 914/643/13
f 916/644/13 766/501/13 915/645/13
f 918/646/5 772/492/5 769/647/5
f 917/648/5 769/647/5 770/649/5
f 923/650/7 775/522/7 922/516/7
f 928/651/9 780/652/9 777/507/9
f 925/653/9 779/505/9 780/652/9
f 936/654/13 784/535/13 781/526/13
f 935/655/13 781/526/13 782/656/13
f 929/523/5 785/527/5 932/657/5
f 930/658/5 788/528/5 929/659/5
f 939/546/3 791/553/3 938/660/3
f 940/661/3 790/552/3 939/662/3
f 944/663/11 796/540/11 793/664/11
f 943/665/11 793/664/11 794/550/11
f 946/666/7 800/557/7 797/558/7
f 945/667/7 797/558/7 798/464/7
f 759/476/184 763/482/183 760/642/183
f 762/668/223 758/474/185 757/473/223
f 766/501/193 770/649/192 769/647/193
f 768/489/190 772/492/227 771/471/190
f 774/510/200 778/508/199 777/507/200
f 776/513/197 780/652/201 779/505/197
f 788/528/232 782/656/177 781/526/204
f 786/451/167 784/535/205 783/449/167
f 790/552/212 794/550/211 793/664/212
f 795/538/210 791/553/213 796/540/214
f 804/560/215 798/464/175 797/558/215
f 802/448/166 800/557/216 799/446/166
f 757/473/223 484/669/165 762/668/223
f 816/670/19 594/615/14 615/671/19
f 815/672/103 615/671/19 613/673/93
f 814/674/15 613/673/93 611/675/92
f 813/676/99 611/675/92 609/677/99
f 812/678/20 609/677/99 607/679/20
f 811/680/16 607/679/20 605/681/91
f 810/682/22 605/681/91 603/683/90
f 601/684/96 810/682/22 603/683/90
f 808/685/18 601/684/96 599/686/18
f 807/398/102 599/686/18 597/687/89
f 806/396/21 597/687/89 595/688/88
f 805/689/14 595/690/88 594/615/14
f 325/691/1 843/692/1 872/693/1
f 339/694/1 871/695/1 338/696/1
f 324/697/1 872/693/1 870/698/1
f 338/696/1 869/699/1 337/700/1
f 323/701/1 870/698/1 868/702/1
f 337/700/1 867/703/1 336/704/1
f 322/705/1 868/702/1 866/706/1
f 335/707/1 867/703/1 865/708/1
f 348/709/1 853/710/1 864/711/1
f 321/712/1 866/706/1 863/713/1
f 335/707/1 862/714/1 334/715/1
f 347/716/1 864/711/1 861/717/1
f 320/718/1 863/713/1 860/719/1
f 334/715/1 859/720/1 333/721/1
f 347/716/1 858/722/1 346/723/1
f 319/724/1 860/719/1 857/725/1
f 333/721/1 856/726/1 332/727/1
f 346/723/1 855/728/1 345/729/1
f 318/730/1 857/725/1 854/731/1
f 332/727/1 852/732/1 331/733/1
f 345/729/1 851/734/1 344/735/1
f 318/730/1 853/710/1 317/736/1
f 330/737/1 852/732/1 850/738/1
f 344/735/1 849/739/1 343/740/1
f 329/741/1 850/738/1 848/742/1
f 343/740/1 847/743/1 342/744/1
f 328/745/1 848/742/1 846/746/1
f 342/744/1 845/747/1 341/748/1
f 327/749/1 846/746/1 844/750/1
f 341/748/1 842/751/1 340/752/1
f 326/753/1 844/750/1 843/692/1
f 340/752/1 841/754/1 339/694/1
f 350/755/17 904/756/17 873/757/17
f 351/758/17 873/757/17 874/759/17
f 351/758/17 875/760/17 352/761/17
f 352/761/17 876/762/17 353/763/17
f 353/763/17 877/764/17 354/765/17
f 354/765/17 878/766/17 355/767/17
f 355/767/17 879/768/17 356/769/17
f 356/769/17 880/770/17 357/771/17
f 357/771/17 881/772/17 358/773/17
f 358/773/17 882/774/17 359/775/17
f 359/775/17 883/776/17 360/777/17
f 360/777/17 884/778/17 361/779/17
f 361/779/17 885/780/17 362/781/17
f 362/781/17 886/782/17 363/783/17
f 363/783/17 887/784/17 364/785/17
f 364/785/17 888/786/17 365/787/17
f 365/787/17 889/788/17 366/789/17
f 366/789/17 890/790/17 367/791/17
f 367/791/17 891/792/17 368/793/17
f 369/794/17 891/792/17 892/795/17
f 370/796/17 892/795/17 893/797/17
f 371/798/17 893/797/17 894/799/17
f 372/800/17 894/799/17 895/801/17
f 373/802/17 895/801/17 896/803/17
f 374/804/17 896/803/17 897/805/17
f 375/806/17 897/805/17 898/807/17
f 376/808/17 898/807/17 899/809/17
f 377/810/17 899/809/17 900/811/17
f 378/812/17 900/811/17 901/813/17
f 379/814/17 901/813/17 902/815/17
f 380/816/17 902/815/17 903/817/17
f 349/818/17 903/817/17 904/756/17
f 905/641/3 457/481/3 458/819/3
f 460/483/11 910/820/11 459/821/11
f 464/822/13 916/823/13 463/460/13
f 462/824/5 917/825/5 770/649/5
f 908/826/3 481/827/3 757/473/3
f 480/521/7 924/453/7 479/828/7
f 478/519/9 927/829/9 778/508/9
f 476/468/5 930/830/5 475/416/5
f 474/466/13 935/831/13 782/656/13
f 472/549/3 940/832/3 471/457/3
f 470/833/11 943/834/11 794/550/11
f 466/835/7 945/836/7 798/464/7
f 468/463/9 950/837/9 467/563/9
f 908/838/180 912/839/231 911/840/180
f 918/841/188 916/644/173 915/645/188
f 920/842/178 914/488/234 913/490/178
f 928/843/195 924/509/169 923/511/195
f 926/844/186 922/512/196 921/514/186
f 929/659/203 935/845/156 930/658/156
f 934/846/206 932/529/202 931/530/206
f 944/847/209 940/661/171 939/662/209
f 937/545/207 941/848/228 938/543/228
f 949/849/221 945/850/220 950/851/220
f 951/852/217 947/853/222 952/854/222
f 459/821/224 905/855/225 458/856/224
f 921/493/7 504/518/7 503/857/7
f 910/858/11 764/485/11 909/859/11
f 909/860/11 761/484/11 912/861/11
f 912/839/11 762/668/11 911/840/11
f 911/862/11 484/669/11 483/444/11
f 934/863/13 498/864/13 783/449/13
f 910/858/225 906/865/226 905/866/225
f 907/867/231 909/860/226 912/861/231
f 950/851/9 804/560/9 949/849/9
f 949/868/9 801/559/9 952/567/9
f 952/854/9 802/448/9 951/852/9
f 951/869/9 492/447/9 491/438/9
f 809/381/140 808/404/141 832/382/141
f 815/384/142 839/405/142 840/385/143
f 806/387/144 805/395/145 819/388/145
f 812/390/146 836/406/146 837/391/147
f 809/381/140 833/383/140 834/393/148
f 805/395/145 816/386/143 840/385/143
f 806/396/144 830/870/144 831/397/149
f 813/392/147 837/391/147 838/399/150
f 811/401/151 810/394/148 834/393/148
f 807/403/149 831/871/149 832/382/141
f 814/400/150 838/399/150 839/405/142
f 811/401/151 835/402/151 836/406/146
f 479/407/101 458/570/152 457/408/152
f 475/410/153 477/575/100 478/411/100
f 471/413/98 473/583/154 474/414/154
f 475/416/155 930/830/156 935/417/156
f 467/419/157 469/591/97 470/420/97
f 463/422/95 465/598/158 466/423/158
f 459/425/159 461/606/94 462/426/94
f 501/428/2 503/857/2 504/429/160
f 497/431/8 499/456/8 500/432/161
f 493/434/12 495/542/12 496/435/162
f 490/437/163 489/562/10 491/438/10
f 485/440/6 487/487/6 488/441/164
f 481/443/165 482/480/4 483/444/4
f 799/446/166 490/555/163 492/447/163
f 783/449/167 498/864/161 500/450/161
f 477/452/168 479/828/235 924/453/169
f 931/455/5 786/451/5 500/450/5
f 471/457/170 940/832/171 943/458/171
f 463/460/172 916/823/173 917/461/173
f 468/463/174 466/835/174 798/464/175
f 474/466/176 782/656/177 787/467/177
f 920/469/5 485/872/5 486/470/5
f 907/472/3 908/873/3 757/473/3
f 906/475/3 907/874/3 758/474/3
f 913/477/178 487/487/179 485/440/179
f 908/479/180 911/862/180 483/444/181
f 457/481/182 760/642/183 763/482/183
f 759/476/184 758/474/185 761/484/185
f 913/477/13 768/489/13 488/486/13
f 914/488/13 767/502/13 768/489/13
f 919/491/5 920/875/5 771/471/5
f 921/493/186 503/857/187 501/428/187
f 915/495/188 914/643/234 919/496/189
f 771/471/190 486/470/164 488/486/164
f 464/498/191 462/876/191 770/499/192
f 766/501/193 769/647/193 772/492/227
f 926/503/9 501/877/9 502/504/9
f 927/506/9 928/878/9 777/507/9
f 924/509/7 773/520/7 774/510/7
f 922/512/7 775/522/7 776/513/7
f 928/515/195 923/650/195 922/516/196
f 779/505/197 502/504/160 504/518/160
f 478/519/198 778/508/199 773/520/199
f 777/507/200 780/652/201 775/522/201
f 929/523/203 932/657/202 933/524/202
f 781/526/204 784/535/205 785/527/205
f 932/529/5 785/527/5 786/451/5
f 931/455/206 499/456/233 497/431/233
f 937/532/207 495/542/208 493/434/208
f 933/534/13 934/879/13 783/449/13
f 942/536/11 493/880/11 494/537/11
f 941/539/11 942/881/11 795/538/11
f 937/532/3 792/544/3 496/541/3
f 938/543/3 791/553/3 792/544/3
f 939/546/209 938/660/228 941/547/228
f 795/538/210 494/537/162 496/541/162
f 472/549/229 470/833/229 794/550/211
f 790/552/212 793/664/212 796/540/214
f 948/554/7 489/882/7 490/555/7
f 947/556/7 948/883/7 799/446/7
f 797/558/215 800/557/216 801/559/216
f 948/561/217 951/869/217 491/438/218
f 467/563/219 950/837/220 945/564/220
f 946/566/221 949/868/221 952/567/222
f 616/569/19 593/613/14 458/570/152
f 615/571/19 594/884/14 593/572/14
f 614/574/93 616/569/19 479/407/101
f 613/576/93 615/571/19 616/573/19
f 612/578/92 614/574/93 477/575/100
f 603/579/6 621/885/6 622/580/6
f 610/582/99 612/578/92 475/410/153
f 609/584/99 611/886/92 612/585/92
f 608/587/20 610/582/99 473/583/154
f 607/588/20 609/584/99 610/586/99
f 606/590/91 608/587/20 471/413/98
f 605/592/91 607/588/20 608/589/20
f 604/594/90 606/590/91 469/591/97
f 597/595/17 619/887/17 617/596/17
f 465/598/158 602/888/96 604/594/90
f 602/599/96 601/604/96 603/600/90
f 600/602/18 602/888/96 465/598/158
f 600/603/18 599/889/18 601/604/96
f 598/605/89 600/602/18 463/422/95
f 597/607/89 599/889/18 600/603/18
f 596/609/88 598/605/89 461/606/94
f 614/610/4 628/626/4 627/611/4
f 593/613/14 596/616/88 459/614/159
f 594/615/14 595/690/88 596/616/88
f 625/617/3 627/631/3 628/618/3
f 621/620/13 623/635/13 624/621/13
f 617/596/7 619/887/7 620/623/7
f 614/610/1 612/634/1 626/625/1
f 598/627/10 620/640/10 619/628/10
f 611/630/17 613/890/17 627/631/17
f 606/632/1 604/581/1 622/580/1
f 611/630/12 625/617/12 626/625/12
f 606/632/8 624/633/8 623/635/8
f 605/636/17 623/635/17 621/620/17
f 595/597/2 617/596/2 618/638/2
f 596/639/1 618/638/1 620/640/1
f 905/641/3 906/891/3 759/476/3
f 915/495/13 766/501/13 767/502/13
f 916/644/13 765/892/13 766/501/13
f 918/646/5 919/893/5 772/492/5
f 917/648/5 918/894/5 769/647/5
f 923/650/7 774/510/7 775/522/7
f 928/651/9 925/895/9 780/652/9
f 925/653/9 926/896/9 779/505/9
f 936/654/13 933/897/13 784/535/13
f 935/655/13 936/898/13 781/526/13
f 929/523/5 788/528/5 785/527/5
f 930/658/5 787/467/5 788/528/5
f 939/546/3 790/552/3 791/553/3
f 940/661/3 789/551/3 790/552/3
f 944/663/11 941/899/11 796/540/11
f 943/665/11 944/900/11 793/664/11
f 946/666/7 947/901/7 800/557/7
f 945/667/7 946/902/7 797/558/7
f 759/476/184 764/485/184 763/482/183
f 762/668/223 761/484/185 758/474/185
f 766/501/193 765/892/192 770/649/192
f 768/489/190 767/502/194 772/492/227
f 774/510/200 773/520/199 778/508/199
f 776/513/197 775/522/201 780/652/201
f 788/528/232 787/467/177 782/656/177
f 786/451/167 785/527/205 784/535/205
f 790/552/212 789/551/211 794/550/211
f 795/538/210 792/544/210 791/553/213
f 804/560/215 803/465/175 798/464/175
f 802/448/166 801/559/216 800/557/216
f 757/473/223 481/827/165 484/669/165
f 816/670/19 805/689/14 594/615/14
f 815/672/103 816/670/19 615/671/19
f 814/674/15 815/672/103 613/673/93
f 813/676/99 814/674/15 611/675/92
f 812/678/20 813/676/99 609/677/99
f 811/680/16 812/678/20 607/679/20
f 810/682/22 811/680/16 605/681/91
f 601/684/96 809/903/96 810/682/22
f 808/685/18 809/903/96 601/684/96
f 807/398/102 808/685/18 599/686/18
f 806/396/21 807/398/102 597/687/89
f 805/689/14 806/904/21 595/690/88
f 325/691/1 326/753/1 843/692/1
f 339/694/1 841/754/1 871/695/1
f 324/697/1 325/691/1 872/693/1
f 338/696/1 871/695/1 869/699/1
f 323/701/1 324/697/1 870/698/1
f 337/700/1 869/699/1 867/703/1
f 322/705/1 323/701/1 868/702/1
f 335/707/1 336/704/1 867/703/1
f 348/709/1 317/736/1 853/710/1
f 321/712/1 322/705/1 866/706/1
f 335/707/1 865/708/1 862/714/1
f 347/716/1 348/709/1 864/711/1
f 320/718/1 321/712/1 863/713/1
f 334/715/1 862/714/1 859/720/1
f 347/716/1 861/717/1 858/722/1
f 319/724/1 320/718/1 860/719/1
f 333/721/1 859/720/1 856/726/1
f 346/723/1 858/722/1 855/728/1
f 318/730/1 319/724/1 857/725/1
f 332/727/1 856/726/1 852/732/1
f 345/729/1 855/728/1 851/734/1
f 318/730/1 854/731/1 853/710/1
f 330/737/1 331/733/1 852/732/1
f 344/735/1 851/734/1 849/739/1
f 329/741/1 330/737/1 850/738/1
f 343/740/1 849/739/1 847/743/1
f 328/745/1 329/741/1 848/742/1
f 342/744/1 847/743/1 845/747/1
f 327/749/1 328/745/1 846/746/1
f 341/748/1 845/747/1 842/751/1
f 326/753/1 327/749/1 844/750/1
f 340/752/1 842/751/1 841/754/1
f 350/755/17 349/818/17 904/756/17
f 351/758/17 350/755/17 873/757/17
f 351/758/17 874/759/17 875/760/17
f 352/761/17 875/760/17 876/762/17
f 353/763/17 876/762/17 877/764/17
f 354/765/17 877/764/17 878/766/17
f 355/767/17 878/766/17 879/768/17
f 356/769/17 879/768/17 880/770/17
f 357/771/17 880/770/17 881/772/17
f 358/773/17 881/772/17 882/774/17
f 359/775/17 882/774/17 883/776/17
f 360/777/17 883/776/17 884/778/17
f 361/779/17 884/778/17 885/780/17
f 362/781/17 885/780/17 886/782/17
f 363/783/17 886/782/17 887/784/17
f 364/785/17 887/784/17 888/786/17
f 365/787/17 888/786/17 889/788/17
f 366/789/17 889/788/17 890/790/17
f 367/791/17 890/790/17 891/792/17
f 369/794/17 368/793/17 891/792/17
f 370/796/17 369/794/17 892/795/17
f 371/798/17 370/796/17 893/797/17
f 372/800/17 371/798/17 894/799/17
f 373/802/17 372/800/17 895/801/17
f 374/804/17 373/802/17 896/803/17
f 375/806/17 374/804/17 897/805/17
f 376/808/17 375/806/17 898/807/17
f 377/810/17 376/808/17 899/809/17
f 378/812/17 377/810/17 900/811/17
f 379/814/17 378/812/17 901/813/17
f 380/816/17 379/814/17 902/815/17
f 349/818/17 380/816/17 903/817/17
f 905/641/3 760/642/3 457/481/3
f 460/483/11 763/482/11 910/820/11
f 464/822/13 765/892/13 916/823/13
f 462/824/5 461/905/5 917/825/5
f 908/826/3 482/906/3 481/827/3
f 480/521/7 773/520/7 924/453/7
f 478/519/9 477/907/9 927/829/9
f 476/468/5 787/467/5 930/830/5
f 474/466/13 473/908/13 935/831/13
f 472/549/3 789/551/3 940/832/3
f 470/833/11 469/909/11 943/834/11
f 466/835/7 465/910/7 945/836/7
f 468/463/9 803/465/9 950/837/9
f 908/838/180 907/911/231 912/839/231
f 918/841/188 917/912/173 916/644/173
f 920/842/178 919/913/189 914/488/234
f 928/843/195 927/914/169 924/509/169
f 926/844/186 925/915/196 922/512/196
f 929/659/203 936/916/203 935/845/156
f 934/846/206 933/917/202 932/529/202
f 944/847/209 943/918/171 940/661/171
f 937/545/207 942/919/207 941/848/228
f 949/849/221 946/920/221 945/850/220
f 951/852/217 948/921/217 947/853/222
f 459/821/224 910/820/225 905/855/225
f 921/493/7 776/513/7 504/518/7
f 910/858/11 763/482/11 764/485/11
f 909/860/11 764/485/11 761/484/11
f 912/839/11 761/484/11 762/668/11
f 911/862/11 762/668/11 484/669/11
f 934/863/13 497/922/13 498/864/13
f 910/858/225 909/859/226 906/865/226
f 907/867/231 906/923/226 909/860/226
f 950/851/9 803/465/9 804/560/9
f 949/868/9 804/560/9 801/559/9
f 952/854/9 801/559/9 802/448/9
f 951/869/9 802/448/9 492/447/9
usemtl SpacialRoverExploreralumBlack
f 162/924/236 186/925/237 158/926/238
f 166/927/239 194/928/240 160/929/241
f 159/930/242 197/931/243 184/932/244
f 165/933/245 194/934/240 190/935/246
f 187/936/247 201/937/248 183/938/247
f 189/939/249 202/940/250 188/941/251
f 190/942/252 200/943/253 189/939/253
f 196/944/254 183/938/255 182/945/256
f 185/946/257 205/947/258 199/948/259
f 184/949/260 191/950/261 203/951/260
f 194/952/262 198/953/263 190/942/264
f 199/948/265 193/954/266 195/955/266
f 185/946/257 203/951/267 204/956/268
f 197/957/269 182/945/256 191/950/261
f 188/941/251 201/937/248 186/958/270
f 195/955/271 192/959/272 194/960/262
f 157/961/273 188/962/274 162/924/236
f 157/961/273 190/935/246 189/963/275
f 161/964/276 196/965/277 155/966/278
f 159/930/242 185/967/279 164/968/280
f 163/969/281 185/967/279 199/970/282
f 166/927/239 199/970/282 195/971/283
f 155/966/278 197/931/243 156/972/284
f 161/964/276 186/925/237 187/973/285
f 162/924/236 188/962/274 186/925/237
f 166/927/239 195/971/283 194/928/240
f 159/930/242 156/972/284 197/931/243
f 165/933/245 160/974/241 194/934/240
f 187/936/247 186/958/270 201/937/248
f 189/939/249 200/943/249 202/940/250
f 190/942/264 198/953/263 200/943/253
f 196/944/254 187/936/255 183/938/255
f 185/946/257 204/956/268 205/947/258
f 184/949/260 197/957/269 191/950/261
f 194/952/262 192/975/272 198/953/263
f 199/948/259 205/947/258 193/954/286
f 185/946/257 184/949/287 203/951/267
f 197/957/269 196/944/254 182/945/256
f 188/941/251 202/940/250 201/937/248
f 195/955/271 193/954/271 192/959/272
f 157/961/273 189/963/275 188/962/274
f 157/961/273 165/933/245 190/935/246
f 161/964/276 187/973/285 196/965/277
f 159/930/242 184/932/244 185/967/279
f 163/969/281 164/968/280 185/967/279
f 166/927/239 163/969/281 199/970/282
f 155/966/278 196/965/277 197/931/243
f 161/964/276 158/926/238 186/925/237
usemtl SpacialRoverExploreralumGrayDeep
f 216/976/74 44/977/81 46/978/81
f 46/979/17 47/980/17 97/981/17
f 47/982/82 38/983/33 40/984/33
f 47/980/17 92/985/17 91/986/17
f 37/987/1 117/988/1 131/989/1
f 44/990/1 212/991/1 102/992/1
f 38/993/33 42/994/23 40/995/33
f 39/996/30 41/997/29 42/994/30
f 47/982/82 45/998/64 43/999/82
f 48/1000/32 44/977/81 45/998/32
f 210/1001/84 213/1002/83 215/1003/83
f 41/1004/17 209/1005/17 84/1006/17
f 42/1007/17 88/1008/17 40/1009/17
f 42/1007/17 87/1010/17 89/1011/17
f 210/1001/84 208/1012/27 206/1013/84
f 211/1014/28 207/1015/85 208/1012/28
f 216/976/74 214/1016/25 212/1017/74
f 217/1018/26 213/1002/83 214/1016/26
f 207/1015/85 41/997/29 37/1019/29
f 38/1020/1 119/1021/1 121/1022/1
f 38/1020/1 117/988/1 39/1023/1
f 120/1024/1 43/1025/1 45/1026/1
f 44/990/1 122/1027/1 123/1028/1
f 214/1029/1 130/1030/1 129/1031/1
f 214/1029/1 126/1032/1 212/991/1
f 208/1033/1 108/1034/1 110/1035/1
f 216/1036/17 75/1037/17 74/1038/17
f 216/1036/17 71/1039/17 217/1040/17
f 71/1039/17 215/1041/17 217/1040/17
f 95/1042/17 211/1043/17 210/1044/17
f 215/1041/17 67/1045/17 66/1046/288
f 94/1047/17 211/1043/17 95/1042/17
f 216/976/74 212/1017/74 44/977/81
f 98/1048/17 80/1049/17 46/979/17
f 46/979/17 48/1050/17 47/980/17
f 47/980/17 96/1051/17 97/981/17
f 97/981/17 98/1048/17 46/979/17
f 47/982/82 43/999/82 38/983/33
f 90/1052/17 96/1051/17 47/980/17
f 47/980/17 40/1009/17 88/1008/17
f 47/980/17 88/1008/17 92/985/17
f 91/986/17 90/1052/17 47/980/17
f 128/1053/1 127/1054/1 37/987/1
f 37/987/1 39/1023/1 117/988/1
f 131/989/1 128/1053/1 37/987/1
f 100/1055/1 99/1056/1 44/990/1
f 212/991/1 126/1032/1 125/1057/1
f 212/991/1 125/1057/1 124/1058/1
f 103/1059/1 100/1055/1 44/990/1
f 101/1060/1 103/1059/1 44/990/1
f 212/991/1 124/1058/1 102/992/1
f 102/992/1 101/1060/1 44/990/1
f 38/993/33 39/996/23 42/994/23
f 39/996/30 37/1019/29 41/997/29
f 47/982/82 48/1000/64 45/998/64
f 48/1000/32 46/978/81 44/977/81
f 210/1001/84 206/1013/84 213/1002/83
f 85/1061/17 87/1010/17 41/1004/17
f 209/1005/17 94/1047/17 93/1062/17
f 209/1005/17 93/1062/17 86/1063/17
f 83/1064/17 85/1061/17 41/1004/17
f 82/1065/17 83/1064/17 41/1004/17
f 209/1005/17 86/1063/17 84/1006/17
f 84/1006/17 82/1065/17 41/1004/17
f 89/1011/17 88/1008/17 42/1007/17
f 42/1007/17 41/1004/17 87/1010/17
f 210/1001/84 211/1014/27 208/1012/27
f 211/1014/28 209/1066/85 207/1015/85
f 216/976/74 217/1018/25 214/1016/25
f 217/1018/26 215/1003/83 213/1002/83
f 207/1015/85 209/1066/85 41/997/29
f 118/1067/1 117/988/1 38/1020/1
f 38/1020/1 43/1025/1 120/1024/1
f 38/1020/1 120/1024/1 119/1021/1
f 121/1022/1 118/1067/1 38/1020/1
f 120/1024/1 45/1026/1 44/990/1
f 44/990/1 99/1056/1 122/1027/1
f 123/1028/1 120/1024/1 44/990/1
f 129/1031/1 126/1032/1 214/1029/1
f 214/1029/1 213/1068/1 130/1030/1
f 115/1069/1 130/1030/1 213/1068/1
f 213/1068/1 206/1070/1 208/1033/1
f 208/1033/1 207/1071/1 37/987/1
f 37/987/1 127/1054/1 109/1072/1
f 37/987/1 109/1072/1 107/1073/1
f 115/1069/1 213/1068/1 208/1033/1
f 114/1074/1 115/1069/1 208/1033/1
f 37/987/1 107/1073/1 105/1075/1
f 37/987/1 105/1075/1 104/1076/1
f 116/1077/1 114/1074/1 208/1033/1
f 112/1078/1 116/1077/1 208/1033/1
f 208/1033/1 37/987/1 104/1076/1
f 208/1033/1 104/1076/1 106/1079/1
f 113/1080/1 112/1078/1 208/1033/1
f 111/1081/1 113/1080/1 208/1033/1
f 208/1033/1 106/1079/1 108/1034/1
f 110/1035/1 111/1081/1 208/1033/1
f 70/1082/17 71/1039/17 216/1036/17
f 46/979/17 80/1049/17 77/1083/17
f 46/979/17 77/1083/17 72/1084/17
f 81/1085/17 70/1082/17 216/1036/17
f 73/1086/17 81/1085/17 216/1036/17
f 46/979/17 72/1084/17 78/1087/17
f 46/979/17 78/1087/17 75/1037/17
f 79/1088/17 73/1086/17 216/1036/17
f 76/1089/17 79/1088/17 216/1036/17
f 216/1036/17 46/979/17 75/1037/17
f 74/1038/17 76/1089/17 216/1036/17
f 95/1042/17 210/1044/17 215/1041/17
f 215/1041/17 71/1039/17 69/1090/17
f 215/1041/17 69/1090/17 68/1091/17
f 66/1046/288 95/1042/17 215/1041/17
f 215/1041/17 68/1091/17 67/1045/17
f 94/1047/17 209/1005/17 211/1043/17
f 452/1092/21 523/1093/14 451/1094/14
f 480/409/101 505/1095/14 516/1096/19
f 515/1097/103 480/409/101 516/1096/19
f 476/412/153 515/1097/103 514/1098/15
f 474/414/154 514/1098/15 513/1099/99
f 472/415/98 513/1099/99 512/1100/20
f 470/420/97 512/1100/20 511/1101/16
f 468/421/157 511/1101/16 510/1102/22
f 509/1103/96 468/421/157 510/1102/22
f 508/1104/18 466/423/158 509/1103/96
f 462/426/94 508/1104/18 507/1105/102
f 460/427/159 507/1105/102 506/1106/21
f 457/408/152 506/1107/21 505/1095/14
f 445/1108/1 506/1109/1 446/1110/1
f 446/1110/1 507/1111/1 447/1112/1
f 447/1112/1 508/1113/1 448/1114/1
f 449/1115/1 508/1113/1 509/1116/1
f 449/1115/1 510/1117/1 450/1118/1
f 451/1119/1 510/1117/1 511/1120/1
f 451/1119/1 512/1121/1 452/1122/1
f 453/1123/1 512/1121/1 513/1124/1
f 453/1123/1 514/1125/1 454/1126/1
f 454/1126/1 515/1127/1 455/1128/1
f 455/1128/1 516/1129/1 456/1130/1
f 445/1108/1 516/1129/1 505/1131/1
f 520/1132/1 524/1133/1 528/1134/1
f 449/1135/103 520/1136/15 448/1137/15
f 456/1138/22 527/1139/96 455/1140/96
f 446/1141/20 517/1142/16 445/1143/16
f 453/1144/102 524/1145/21 452/1092/21
f 449/1135/103 522/1146/19 521/1147/103
f 445/1143/16 528/1148/22 456/1138/22
f 447/1149/99 518/1150/20 446/1151/20
f 454/1152/18 525/1153/102 453/1144/102
f 451/1094/14 522/1146/19 450/1154/19
f 448/1137/15 519/1155/99 447/1149/99
f 455/1140/96 526/1156/18 454/1152/18
f 818/1157/14 830/1158/21 819/1159/14
f 817/1160/21 831/397/102 830/870/21
f 820/1161/102 832/1162/18 831/397/102
f 821/1163/18 833/1164/96 832/1162/18
f 833/1164/96 823/1165/22 834/1166/22
f 823/1165/22 835/1167/16 834/1166/22
f 824/1168/16 836/1169/20 835/1167/16
f 825/1170/20 837/1171/99 836/1169/20
f 826/1172/99 838/1173/15 837/1171/99
f 827/1174/15 839/1175/103 838/1173/15
f 828/1176/17 824/1177/17 820/1161/17
f 828/1178/103 840/1179/19 839/1175/103
f 829/1180/19 819/1159/14 840/1179/19
f 452/1092/21 524/1145/21 523/1093/14
f 480/409/101 457/408/152 505/1095/14
f 515/1097/103 478/411/100 480/409/101
f 476/412/153 478/411/100 515/1097/103
f 474/414/154 476/412/153 514/1098/15
f 472/415/98 474/414/154 513/1099/99
f 470/420/97 472/415/98 512/1100/20
f 468/421/157 470/420/97 511/1101/16
f 509/1103/96 466/423/158 468/421/157
f 508/1104/18 464/424/95 466/423/158
f 462/426/94 464/424/95 508/1104/18
f 460/427/159 462/426/94 507/1105/102
f 457/408/152 460/1181/159 506/1107/21
f 445/1108/1 505/1131/1 506/1109/1
f 446/1110/1 506/1109/1 507/1111/1
f 447/1112/1 507/1111/1 508/1113/1
f 449/1115/1 448/1114/1 508/1113/1
f 449/1115/1 509/1116/1 510/1117/1
f 451/1119/1 450/1118/1 510/1117/1
f 451/1119/1 511/1120/1 512/1121/1
f 453/1123/1 452/1122/1 512/1121/1
f 453/1123/1 513/1124/1 514/1125/1
f 454/1126/1 514/1125/1 515/1127/1
f 455/1128/1 515/1127/1 516/1129/1
f 445/1108/1 456/1130/1 516/1129/1
f 528/1134/1 517/1182/1 518/1183/1
f 518/1183/1 519/1184/1 520/1132/1
f 520/1132/1 521/1185/1 522/1186/1
f 522/1186/1 523/1187/1 524/1133/1
f 524/1133/1 525/1188/1 526/1189/1
f 526/1189/1 527/1190/1 528/1134/1
f 528/1134/1 518/1183/1 520/1132/1
f 520/1132/1 522/1186/1 524/1133/1
f 524/1133/1 526/1189/1 528/1134/1
f 449/1135/103 521/1147/103 520/1136/15
f 456/1138/22 528/1148/22 527/1139/96
f 446/1141/20 518/1191/20 517/1142/16
f 453/1144/102 525/1153/102 524/1145/21
f 449/1135/103 450/1154/19 522/1146/19
f 445/1143/16 517/1142/16 528/1148/22
f 447/1149/99 519/1155/99 518/1150/20
f 454/1152/18 526/1156/18 525/1153/102
f 451/1094/14 523/1093/14 522/1146/19
f 448/1137/15 520/1136/15 519/1155/99
f 455/1140/96 527/1139/96 526/1156/18
f 818/1157/14 817/1192/21 830/1158/21
f 817/1160/21 820/1161/102 831/397/102
f 820/1161/102 821/1163/18 832/1162/18
f 821/1163/18 822/1193/96 833/1164/96
f 833/1164/96 822/1193/96 823/1165/22
f 823/1165/22 824/1168/16 835/1167/16
f 824/1168/16 825/1170/20 836/1169/20
f 825/1170/20 826/1172/99 837/1171/99
f 826/1172/99 827/1174/15 838/1173/15
f 827/1174/15 828/1178/103 839/1175/103
f 820/1161/17 817/1160/17 818/1194/17
f 818/1194/17 829/1195/17 828/1176/17
f 828/1176/17 827/1196/17 826/1197/17
f 826/1197/17 825/1198/17 824/1177/17
f 824/1177/17 823/1199/17 822/1200/17
f 822/1200/17 821/1201/17 820/1161/17
f 820/1161/17 818/1194/17 828/1176/17
f 828/1176/17 826/1197/17 824/1177/17
f 824/1177/17 822/1200/17 820/1161/17
f 828/1178/103 829/1180/19 840/1179/19
f 829/1180/19 818/1157/14 819/1159/14
usemtl SpacialRoverExplorerwheels
f 904/1202/17 412/1203/300 382/1204/301
f 903/1205/17 411/1206/302 412/1203/300
f 902/1207/17 410/1208/303 411/1206/302
f 901/1209/17 409/1210/753 410/1208/303
f 900/1211/17 408/1212/304 409/1210/753
f 899/1213/17 407/1214/305 408/1212/304
f 898/1215/17 406/1216/306 407/1214/305
f 897/1217/17 405/1218/306 406/1216/306
f 896/1219/17 404/1220/307 405/1218/306
f 895/1221/17 403/1222/754 404/1220/307
f 894/1223/17 402/1224/308 403/1222/754
f 893/1225/17 401/1226/309 402/1224/308
f 892/1227/17 400/1228/310 401/1229/309
f 890/1230/17 400/1228/310 891/1231/17
f 889/1232/17 399/1233/310 890/1230/17
f 888/1234/17 398/1235/311 889/1232/17
f 887/1236/17 397/1237/311 888/1234/17
f 886/1238/17 396/1239/312 887/1236/17
f 885/1240/17 395/1241/312 886/1238/17
f 884/1242/17 394/1243/313 885/1240/17
f 883/1244/17 393/1245/313 884/1242/17
f 882/1246/17 392/1247/314 883/1244/17
f 881/1248/17 391/1249/315 882/1246/17
f 880/1250/17 390/1251/316 881/1248/17
f 879/1252/17 389/1253/317 880/1250/17
f 878/1254/17 388/1255/318 879/1252/17
f 877/1256/17 387/1257/319 878/1254/17
f 876/1258/17 386/1259/320 877/1256/17
f 875/1260/17 385/1261/320 876/1262/17
f 875/1260/17 383/1263/321 384/1264/322
f 874/1265/17 381/1266/301 383/1263/321
f 873/1267/17 382/1204/301 381/1266/301
f 842/1268/1 435/1269/323 841/1270/1
f 843/1271/1 423/1272/324 422/1273/325
f 845/1274/1 436/1275/323 842/1268/1
f 844/1276/1 424/1277/326 423/1272/324
f 847/1278/1 437/1279/327 845/1274/1
f 846/1280/1 425/1281/755 424/1277/326
f 849/1282/1 438/1283/327 847/1278/1
f 848/1284/1 426/1285/328 425/1281/755
f 851/1286/1 439/1287/329 849/1282/1
f 850/1288/1 427/1289/330 426/1285/328
f 854/1290/1 413/1291/331 853/1292/1
f 855/1293/1 440/1294/332 851/1286/1
f 852/1295/1 428/1296/330 427/1289/330
f 857/1297/1 414/1298/331 854/1290/1
f 858/1299/1 441/1300/333 855/1293/1
f 859/1301/1 428/1296/330 856/1302/1
f 860/1303/1 415/1304/334 857/1297/1
f 861/1305/1 442/1306/335 858/1299/1
f 862/1307/1 429/1308/336 859/1301/1
f 863/1309/1 416/1310/334 860/1303/1
f 864/1311/1 443/1312/337 861/1305/1
f 865/1313/1 430/1314/338 862/1307/1
f 863/1315/1 418/1316/339 417/1317/339
f 853/1292/1 444/1318/340 864/1311/1
f 867/1319/1 431/1320/341 865/1313/1
f 866/1321/1 419/1322/342 418/1316/339
f 869/1323/1 432/1324/341 867/1319/1
f 868/1325/1 420/1326/343 419/1322/342
f 871/1327/1 433/1328/344 869/1329/1
f 870/1330/1 421/1331/345 420/1326/343
f 841/1270/1 434/1332/344 871/1327/1
f 872/1333/1 422/1273/325 421/1331/345
f 530/1334/346 439/1287/347 532/1335/348
f 534/1336/349 443/1312/350 536/1337/351
f 536/1337/352 728/1338/353 535/1339/354
f 540/1340/355 441/1300/356 538/1341/357
f 587/1342/358 630/1343/756 754/1344/359
f 535/1339/354 629/1345/780 411/1206/360
f 402/1224/308 639/1346/781 640/1347/361
f 586/1348/362 753/1349/363 721/1350/362
f 443/1312/337 691/1351/364 692/1352/364
f 554/1353/365 433/1354/366 548/1355/367
f 550/1356/368 435/1269/369 544/1357/370
f 546/1358/371 437/1279/372 542/1359/373
f 534/1336/374 727/1360/375 695/1361/376
f 585/1362/363 658/1363/377 753/1349/363
f 428/1296/378 556/1364/379 562/1365/380
f 430/1314/381 552/1366/382 558/1367/383
f 533/1368/384 632/1369/757 727/1360/375
f 404/1220/307 637/1370/385 638/1371/385
f 424/1277/386 564/1372/387 570/1373/388
f 426/1285/389 560/1374/390 566/1375/391
f 584/1376/392 752/1377/393 583/1378/394
f 441/1300/333 689/1379/395 690/1380/395
f 532/1335/396 726/1381/397 531/1382/398
f 583/1378/394 657/1383/399 383/1263/399
f 416/1310/400 580/1384/401 586/1348/402
f 418/1316/403 576/1385/404 582/1386/405
f 420/1326/406 572/1387/407 578/1388/408
f 422/1273/409 568/1389/410 574/1390/411
f 588/1391/412 413/1291/413 590/1392/414
f 531/1382/398 633/1393/415 407/1214/416
f 592/1394/417 415/1304/418 584/1376/419
f 406/1216/306 635/1395/420 636/1396/420
f 582/1386/421 751/1397/422 719/1398/423
f 439/1287/329 687/1399/424 688/1400/424
f 381/1266/425 583/1378/426 383/1263/425
f 591/1401/427 584/1376/419 583/1378/426
f 530/1334/428 725/1402/429 693/1403/430
f 581/1404/431 656/1405/432 751/1397/422
f 412/1203/433 589/1406/434 382/1204/433
f 587/1342/435 590/1392/414 589/1406/434
f 573/1407/436 391/1249/437 390/1251/437
f 574/1390/411 567/1408/438 573/1407/436
f 577/1409/439 389/1253/440 388/1255/440
f 578/1388/408 571/1410/441 577/1409/439
f 581/1404/442 387/1257/443 386/1259/443
f 582/1386/405 575/1411/444 581/1404/442
f 585/1362/445 385/1261/446 384/1264/446
f 586/1348/402 579/1412/447 585/1362/445
f 529/1413/758 636/1396/448 725/1402/429
f 408/1212/304 633/1393/449 634/1414/449
f 580/1415/450 750/1416/451 579/1417/452
f 437/1279/327 685/1418/453 686/1419/453
f 592/1394/622 661/1420/454 414/1298/759
f 579/1417/452 655/1421/455 385/1422/456
f 590/1392/457 662/1423/458 723/1424/457
f 410/1208/303 631/1425/459 632/1369/459
f 565/1426/460 395/1241/461 394/1243/461
f 566/1375/391 559/1427/462 565/1426/460
f 569/1428/463 393/1245/760 392/1247/760
f 570/1373/388 563/1429/464 569/1428/463
f 578/1388/465 749/1430/466 717/1431/465
f 435/1269/323 683/1432/467 684/1433/467
f 588/1391/468 691/1351/469 444/1318/470
f 577/1409/471 654/1434/761 749/1430/466
f 557/1435/472 399/1233/473 398/1235/473
f 558/1367/383 551/1436/474 557/1435/472
f 561/1437/475 397/1237/476 396/1239/476
f 562/1365/380 555/1438/477 561/1437/475
f 586/1348/362 663/1439/478 416/1310/478
f 412/1203/300 629/1345/479 630/1343/479
f 576/1385/480 748/1440/481 575/1411/482
f 433/1328/344 681/1441/483 682/1442/483
f 404/1220/484 541/1443/485 405/1218/484
f 545/1444/486 542/1359/373 541/1443/485
f 402/1224/762 543/1445/487 403/1222/762
f 549/1446/488 544/1357/370 543/1445/487
f 400/1228/489 547/1447/490 401/1229/489
f 553/1448/491 548/1355/367 547/1447/490
f 584/1376/392 664/1449/492 720/1450/392
f 575/1411/482 653/1451/493 387/1257/494
f 582/1386/421 665/1452/495 418/1316/496
f 574/1390/497 747/1453/498 715/1454/499
f 431/1320/341 679/1455/500 680/1456/500
f 580/1415/450 666/1457/763 718/1458/450
f 573/1407/501 652/1459/502 747/1453/498
f 578/1388/465 667/1460/503 420/1326/504
f 572/1387/295 746/1461/296 571/1410/293
f 430/1314/338 678/1462/505 429/1308/336
f 408/1212/506 537/1463/507 409/1210/506
f 539/1464/508 538/1341/357 537/1463/507
f 576/1385/480 668/1465/764 716/1466/480
f 571/1410/293 651/1467/509 389/1253/294
f 410/1208/510 535/1339/511 411/1206/510
f 533/1368/512 536/1337/351 535/1339/511
f 406/1216/513 531/1382/514 407/1214/782
f 529/1413/515 532/1335/348 531/1382/514
f 697/1468/516 689/1379/517 695/1361/518
f 694/1469/519 687/1399/520 698/1470/521
f 699/1471/522 685/1418/523 693/1403/524
f 700/1472/525 683/1432/526 701/1473/527
f 702/1474/528 681/1441/529 703/1475/530
f 704/1476/531 679/1455/532 705/1477/531
f 678/1462/533 707/1478/534 706/1479/535
f 676/1480/536 709/1481/537 708/1482/538
f 674/1483/539 711/1484/540 710/1485/541
f 672/1486/542 713/1487/543 712/1488/544
f 670/1489/545 715/1454/546 714/1490/547
f 668/1465/548 717/1431/549 716/1466/550
f 666/1457/551 719/1398/552 718/1458/553
f 664/1449/554 721/1350/555 720/1450/555
f 723/1424/556 661/1420/557 724/1491/558
f 696/1492/559 691/1351/560 722/1493/561
f 629/1345/562 754/1344/563 630/1343/562
f 728/1338/564 722/1493/561 754/1344/563
f 659/1494/565 756/1495/566 660/1496/565
f 755/1497/765 724/1491/558 756/1495/566
f 752/1377/567 658/1363/568 657/1383/568
f 720/1450/555 753/1349/567 752/1377/567
f 750/1416/569 656/1405/570 655/1421/570
f 718/1458/553 751/1397/571 750/1416/569
f 748/1440/572 654/1434/573 653/1451/573
f 716/1466/550 749/1430/574 748/1440/572
f 746/1461/575 652/1459/576 651/1467/576
f 714/1490/547 747/1453/577 746/1461/575
f 744/1498/578 650/1499/579 649/1500/579
f 712/1488/544 745/1501/580 744/1498/578
f 742/1502/581 648/1503/582 647/1504/582
f 710/1485/541 743/1505/583 742/1502/581
f 740/1506/783 646/1507/584 645/1508/584
f 708/1482/538 741/1509/585 740/1506/783
f 738/1510/586 644/1511/587 643/1512/587
f 706/1479/535 739/1513/588 738/1510/586
f 641/1514/589 737/1515/590 642/1516/589
f 704/1476/531 737/1515/590 736/1517/590
f 639/1346/591 735/1518/592 640/1347/591
f 734/1519/593 703/1475/530 735/1518/592
f 637/1370/594 733/1520/595 638/1371/594
f 732/1521/596 701/1473/527 733/1520/595
f 635/1395/597 725/1402/598 636/1396/597
f 731/1522/599 693/1403/524 725/1402/598
f 633/1393/600 730/1523/601 634/1414/784
f 726/1381/602 698/1470/521 730/1523/601
f 631/1425/603 727/1360/604 632/1369/603
f 729/1524/605 695/1361/518 727/1360/604
f 588/1391/468 754/1344/359 722/1493/468
f 399/1233/310 642/1516/606 400/1228/310
f 537/1463/607 631/1425/608 409/1210/609
f 589/1406/610 659/1494/611 382/1204/612
f 538/1341/613 729/1524/766 537/1463/607
f 590/1392/457 755/1497/614 589/1406/610
f 397/1237/311 644/1511/767 398/1235/311
f 539/1464/615 634/1414/616 730/1523/617
f 591/1401/618 660/1496/619 756/1495/620
f 540/1340/621 730/1523/617 698/1470/621
f 592/1394/622 756/1495/620 724/1491/785
f 395/1241/312 646/1507/739 396/1239/312
f 541/1443/291 635/1395/623 405/1218/292
f 542/1359/289 731/1522/290 541/1443/291
f 393/1245/313 648/1503/624 394/1243/313
f 543/1445/625 637/1370/768 403/1222/769
f 544/1357/626 732/1521/627 543/1445/625
f 391/1249/315 650/1499/628 392/1247/314
f 545/1444/629 638/1371/630 733/1520/631
f 546/1358/632 733/1520/631 701/1473/632
f 389/1253/317 652/1459/633 390/1251/316
f 547/1525/634 639/1346/635 401/1226/636
f 548/1526/677 734/1519/637 547/1525/634
f 530/1334/428 685/1418/638 438/1283/639
f 387/1257/319 654/1434/640 388/1255/318
f 549/1446/641 640/1347/786 735/1518/642
f 532/1335/396 688/1400/770 694/1469/643
f 550/1356/644 735/1518/642 703/1475/645
f 534/1336/374 689/1379/646 442/1306/647
f 385/1422/320 656/1405/648 386/1259/320
f 551/1436/649 641/1514/650 399/1233/650
f 536/1337/352 692/1352/651 696/1492/652
f 552/1366/787 736/1517/649 551/1436/649
f 538/1341/613 690/1380/654 697/1468/655
f 384/1264/322 657/1383/656 658/1363/657
f 553/1448/788 642/1516/659 737/1515/658
f 540/1340/621 687/1399/660 440/1294/661
f 554/1353/662 737/1515/658 705/1477/662
f 542/1359/289 686/1419/298 699/1471/289
f 381/1266/301 659/1494/663 660/1496/663
f 555/1438/664 643/1512/665 397/1237/666
f 544/1357/626 684/1433/667 700/1472/668
f 413/1291/331 661/1420/670 662/1423/669
f 556/1364/671 738/1510/672 555/1438/664
f 546/1358/632 683/1432/771 436/1275/789
f 557/1435/673 644/1511/674 739/1513/675
f 548/1526/677 682/1442/676 702/1474/677
f 416/1310/334 664/1449/748 415/1304/334
f 558/1367/678 739/1513/675 707/1478/679
f 550/1356/644 681/1441/680 434/1332/681
f 559/1427/682 645/1508/772 395/1241/683
f 552/1366/787 680/1456/684 704/1476/653
f 418/1316/339 666/1457/685 417/1317/339
f 560/1374/686 740/1506/773 559/1427/682
f 554/1353/662 679/1455/687 432/1324/688
f 561/1437/689 646/1507/690 741/1509/691
f 556/1364/671 678/1462/692 706/1479/671
f 420/1326/343 668/1465/693 419/1322/342
f 562/1365/694 741/1509/691 709/1481/694
f 558/1367/678 677/1527/695 430/1314/696
f 563/1429/697 647/1504/790 393/1245/698
f 560/1374/686 676/1480/699 708/1482/686
f 422/1273/325 670/1489/700 421/1331/345
f 564/1372/701 742/1502/702 563/1429/697
f 562/1365/694 675/1528/703 428/1296/704
f 565/1426/705 648/1503/706 743/1505/707
f 564/1372/701 674/1483/791 710/1485/708
f 424/1277/326 672/1486/709 423/1272/324
f 566/1375/710 743/1505/707 711/1484/711
f 566/1375/710 673/1529/774 426/1285/712
f 567/1408/713 649/1500/714 391/1249/715
f 568/1389/716 672/1486/717 712/1488/718
f 426/1285/328 674/1483/719 425/1281/755
f 568/1389/716 744/1498/720 567/1408/713
f 570/1373/721 671/1530/722 424/1277/792
f 569/1428/723 650/1499/724 745/1501/725
f 572/1387/295 670/1489/297 714/1490/295
f 428/1296/330 676/1480/775 427/1289/330
f 570/1373/721 745/1501/725 713/1487/727
f 574/1390/497 669/1531/728 422/1273/793
f 904/1202/17 903/1205/17 412/1203/300
f 903/1205/17 902/1207/17 411/1206/302
f 902/1207/17 901/1209/17 410/1208/303
f 901/1209/17 900/1211/17 409/1210/753
f 900/1211/17 899/1213/17 408/1212/304
f 899/1213/17 898/1215/17 407/1214/305
f 898/1215/17 897/1217/17 406/1216/306
f 897/1217/17 896/1219/17 405/1218/306
f 896/1219/17 895/1221/17 404/1220/307
f 895/1221/17 894/1223/17 403/1222/754
f 894/1223/17 893/1225/17 402/1224/308
f 893/1225/17 892/1532/17 401/1226/309
f 892/1227/17 891/1231/17 400/1228/310
f 890/1230/17 399/1233/310 400/1228/310
f 889/1232/17 398/1235/311 399/1233/310
f 888/1234/17 397/1237/311 398/1235/311
f 887/1236/17 396/1239/312 397/1237/311
f 886/1238/17 395/1241/312 396/1239/312
f 885/1240/17 394/1243/313 395/1241/312
f 884/1242/17 393/1245/313 394/1243/313
f 883/1244/17 392/1247/314 393/1245/313
f 882/1246/17 391/1249/315 392/1247/314
f 881/1248/17 390/1251/316 391/1249/315
f 880/1250/17 389/1253/317 390/1251/316
f 879/1252/17 388/1255/318 389/1253/317
f 878/1254/17 387/1257/319 388/1255/318
f 877/1256/17 386/1259/320 387/1257/319
f 876/1258/17 385/1422/320 386/1259/320
f 875/1260/17 384/1264/322 385/1261/320
f 875/1260/17 874/1265/17 383/1263/321
f 874/1265/17 873/1267/17 381/1266/301
f 873/1267/17 904/1202/17 382/1204/301
f 842/1268/1 436/1275/323 435/1269/323
f 843/1271/1 844/1276/1 423/1272/324
f 845/1274/1 437/1279/327 436/1275/323
f 844/1276/1 846/1280/1 424/1277/326
f 847/1278/1 438/1283/327 437/1279/327
f 846/1280/1 848/1284/1 425/1281/755
f 849/1282/1 439/1287/329 438/1283/327
f 848/1284/1 850/1288/1 426/1285/328
f 851/1286/1 440/1294/332 439/1287/329
f 850/1288/1 852/1295/1 427/1289/330
f 854/1290/1 414/1298/331 413/1291/331
f 855/1293/1 441/1300/333 440/1294/332
f 852/1295/1 856/1302/1 428/1296/330
f 857/1297/1 415/1304/334 414/1298/331
f 858/1299/1 442/1306/335 441/1300/333
f 859/1301/1 429/1308/336 428/1296/330
f 860/1303/1 416/1310/334 415/1304/334
f 861/1305/1 443/1312/337 442/1306/335
f 862/1307/1 430/1314/338 429/1308/336
f 863/1309/1 417/1533/339 416/1310/334
f 864/1311/1 444/1318/340 443/1312/337
f 865/1313/1 431/1320/341 430/1314/338
f 863/1315/1 866/1321/1 418/1316/339
f 853/1292/1 413/1291/331 444/1318/340
f 867/1319/1 432/1324/341 431/1320/341
f 866/1321/1 868/1325/1 419/1322/342
f 869/1323/1 433/1354/344 432/1324/341
f 868/1325/1 870/1330/1 420/1326/343
f 871/1327/1 434/1332/344 433/1328/344
f 870/1330/1 872/1333/1 421/1331/345
f 841/1270/1 435/1269/323 434/1332/344
f 872/1333/1 843/1271/1 422/1273/325
f 530/1334/346 438/1283/347 439/1287/347
f 534/1336/349 442/1306/350 443/1312/350
f 536/1337/352 696/1492/652 728/1338/353
f 540/1340/355 440/1294/356 441/1300/356
f 587/1342/358 412/1203/729 630/1343/756
f 535/1339/354 728/1338/353 629/1345/780
f 402/1224/308 401/1226/309 639/1346/781
f 586/1348/362 585/1362/363 753/1349/363
f 443/1312/337 444/1318/340 691/1351/364
f 554/1353/365 432/1324/366 433/1354/366
f 550/1356/368 434/1332/369 435/1269/369
f 546/1358/371 436/1275/372 437/1279/372
f 534/1336/374 533/1368/384 727/1360/375
f 585/1362/363 384/1264/776 658/1363/377
f 428/1296/378 429/1308/378 556/1364/379
f 430/1314/381 431/1320/381 552/1366/382
f 533/1368/384 410/1208/777 632/1369/757
f 404/1220/307 403/1222/754 637/1370/385
f 424/1277/386 425/1281/386 564/1372/387
f 426/1285/389 427/1289/389 560/1374/390
f 584/1376/392 720/1450/392 752/1377/393
f 441/1300/333 442/1306/335 689/1379/395
f 532/1335/396 694/1469/643 726/1381/397
f 583/1378/394 752/1377/393 657/1383/399
f 416/1310/400 417/1533/400 580/1384/401
f 418/1316/403 419/1322/403 576/1385/404
f 420/1326/406 421/1331/406 572/1387/407
f 422/1273/409 423/1272/409 568/1389/410
f 588/1391/412 444/1318/413 413/1291/413
f 531/1382/398 726/1381/397 633/1393/415
f 592/1394/417 414/1298/418 415/1304/418
f 406/1216/306 405/1218/306 635/1395/420
f 582/1386/421 581/1404/431 751/1397/422
f 439/1287/329 440/1294/332 687/1399/424
f 381/1266/425 591/1401/427 583/1378/426
f 591/1401/427 592/1394/417 584/1376/419
f 530/1334/428 529/1413/758 725/1402/429
f 581/1404/431 386/1259/730 656/1405/432
f 412/1203/433 587/1342/435 589/1406/434
f 587/1342/435 588/1391/412 590/1392/414
f 573/1407/436 567/1408/438 391/1249/437
f 574/1390/411 568/1389/410 567/1408/438
f 577/1409/439 571/1410/441 389/1253/440
f 578/1388/408 572/1387/407 571/1410/441
f 581/1404/442 575/1411/444 387/1257/443
f 582/1386/405 576/1385/404 575/1411/444
f 585/1362/445 579/1412/447 385/1261/446
f 586/1348/402 580/1384/401 579/1412/447
f 529/1413/758 406/1216/731 636/1396/448
f 408/1212/304 407/1214/305 633/1393/449
f 580/1415/450 718/1458/450 750/1416/451
f 437/1279/327 438/1283/327 685/1418/453
f 592/1394/622 724/1491/785 661/1420/454
f 579/1417/452 750/1416/451 655/1421/455
f 590/1392/457 413/1291/732 662/1423/458
f 410/1208/303 409/1210/753 631/1425/459
f 565/1426/460 559/1427/462 395/1241/461
f 566/1375/391 560/1374/390 559/1427/462
f 569/1428/463 563/1429/464 393/1245/760
f 570/1373/388 564/1372/387 563/1429/464
f 578/1388/465 577/1409/471 749/1430/466
f 435/1269/323 436/1275/323 683/1432/467
f 588/1391/468 722/1493/468 691/1351/469
f 577/1409/471 388/1255/733 654/1434/761
f 557/1435/472 551/1436/474 399/1233/473
f 558/1367/383 552/1366/382 551/1436/474
f 561/1437/475 555/1438/477 397/1237/476
f 562/1365/380 556/1364/379 555/1438/477
f 586/1348/362 721/1350/362 663/1439/478
f 412/1203/300 411/1206/302 629/1345/479
f 576/1385/480 716/1466/480 748/1440/481
f 433/1328/344 434/1332/344 681/1441/483
f 404/1220/484 545/1444/486 541/1443/485
f 545/1444/486 546/1358/371 542/1359/373
f 402/1224/762 549/1446/488 543/1445/487
f 549/1446/488 550/1356/368 544/1357/370
f 400/1228/489 553/1448/491 547/1447/490
f 553/1448/491 554/1353/365 548/1355/367
f 584/1376/392 415/1304/492 664/1449/492
f 575/1411/482 748/1440/481 653/1451/493
f 582/1386/421 719/1398/423 665/1452/495
f 574/1390/497 573/1407/501 747/1453/498
f 431/1320/341 432/1324/341 679/1455/500
f 580/1415/450 417/1317/734 666/1457/763
f 573/1407/501 390/1251/778 652/1459/502
f 578/1388/465 717/1431/465 667/1460/503
f 572/1387/295 714/1490/295 746/1461/296
f 430/1314/338 677/1527/505 678/1462/505
f 408/1212/506 539/1464/508 537/1463/507
f 539/1464/508 540/1340/355 538/1341/357
f 576/1385/480 419/1322/735 668/1465/764
f 571/1410/293 746/1461/296 651/1467/509
f 410/1208/510 533/1368/512 535/1339/511
f 533/1368/512 534/1336/349 536/1337/351
f 406/1216/513 529/1413/515 531/1382/514
f 529/1413/515 530/1334/346 532/1335/348
f 697/1468/516 690/1380/517 689/1379/517
f 694/1469/519 688/1400/520 687/1399/520
f 699/1471/522 686/1419/523 685/1418/523
f 700/1472/525 684/1433/526 683/1432/526
f 702/1474/528 682/1442/529 681/1441/529
f 704/1476/531 680/1456/532 679/1455/532
f 678/1462/533 677/1527/533 707/1478/534
f 676/1480/536 675/1528/536 709/1481/537
f 674/1483/539 673/1529/539 711/1484/540
f 672/1486/542 671/1530/542 713/1487/543
f 670/1489/545 669/1531/545 715/1454/546
f 668/1465/548 667/1460/548 717/1431/549
f 666/1457/551 665/1452/551 719/1398/552
f 664/1449/554 663/1439/554 721/1350/555
f 723/1424/556 662/1423/557 661/1420/557
f 696/1492/559 692/1352/560 691/1351/560
f 629/1345/562 728/1338/564 754/1344/563
f 728/1338/564 696/1492/559 722/1493/561
f 659/1494/565 755/1497/765 756/1495/566
f 755/1497/765 723/1424/556 724/1491/558
f 752/1377/567 753/1349/567 658/1363/568
f 720/1450/555 721/1350/555 753/1349/567
f 750/1416/569 751/1397/571 656/1405/570
f 718/1458/553 719/1398/552 751/1397/571
f 748/1440/572 749/1430/574 654/1434/573
f 716/1466/550 717/1431/549 749/1430/574
f 746/1461/575 747/1453/577 652/1459/576
f 714/1490/547 715/1454/546 747/1453/577
f 744/1498/578 745/1501/580 650/1499/579
f 712/1488/544 713/1487/543 745/1501/580
f 742/1502/581 743/1505/583 648/1503/582
f 710/1485/541 711/1484/540 743/1505/583
f 740/1506/783 741/1509/585 646/1507/584
f 708/1482/538 709/1481/537 741/1509/585
f 738/1510/586 739/1513/588 644/1511/587
f 706/1479/535 707/1478/534 739/1513/588
f 641/1514/589 736/1517/590 737/1515/590
f 704/1476/531 705/1477/531 737/1515/590
f 639/1346/591 734/1519/593 735/1518/592
f 734/1519/593 702/1474/528 703/1475/530
f 637/1370/594 732/1521/596 733/1520/595
f 732/1521/596 700/1472/525 701/1473/527
f 635/1395/597 731/1522/599 725/1402/598
f 731/1522/599 699/1471/522 693/1403/524
f 633/1393/600 726/1381/602 730/1523/601
f 726/1381/602 694/1469/519 698/1470/521
f 631/1425/603 729/1524/605 727/1360/604
f 729/1524/605 697/1468/516 695/1361/518
f 588/1391/468 587/1342/358 754/1344/359
f 399/1233/310 641/1514/736 642/1516/606
f 537/1463/607 729/1524/766 631/1425/608
f 589/1406/610 755/1497/614 659/1494/611
f 538/1341/613 697/1468/655 729/1524/766
f 590/1392/457 723/1424/457 755/1497/614
f 397/1237/311 643/1512/767 644/1511/767
f 539/1464/615 408/1212/737 634/1414/616
f 591/1401/618 381/1266/738 660/1496/619
f 540/1340/621 539/1464/615 730/1523/617
f 592/1394/622 591/1401/618 756/1495/620
f 395/1241/312 645/1508/739 646/1507/739
f 541/1443/291 731/1522/290 635/1395/623
f 542/1359/289 699/1471/289 731/1522/290
f 393/1245/313 647/1504/624 648/1503/624
f 543/1445/625 732/1521/627 637/1370/768
f 544/1357/626 700/1472/668 732/1521/627
f 391/1249/315 649/1500/628 650/1499/628
f 545/1444/629 404/1220/740 638/1371/630
f 546/1358/632 545/1444/629 733/1520/631
f 389/1253/317 651/1467/633 652/1459/633
f 547/1525/634 734/1519/637 639/1346/635
f 548/1526/677 702/1474/677 734/1519/637
f 530/1334/428 693/1403/430 685/1418/638
f 387/1257/319 653/1451/640 654/1434/640
f 549/1446/641 402/1224/741 640/1347/786
f 532/1335/396 439/1287/742 688/1400/770
f 550/1356/644 549/1446/641 735/1518/642
f 534/1336/374 695/1361/376 689/1379/646
f 385/1422/320 655/1421/648 656/1405/648
f 551/1436/649 736/1517/649 641/1514/650
f 536/1337/352 443/1312/743 692/1352/651
f 552/1366/787 704/1476/653 736/1517/649
f 538/1341/613 441/1300/794 690/1380/654
f 384/1264/322 383/1263/321 657/1383/656
f 553/1448/788 400/1228/659 642/1516/659
f 540/1340/621 698/1470/621 687/1399/660
f 554/1353/662 553/1448/788 737/1515/658
f 542/1359/289 437/1279/744 686/1419/298
f 381/1266/301 382/1204/301 659/1494/663
f 555/1438/664 738/1510/672 643/1512/665
f 544/1357/626 435/1269/745 684/1433/667
f 413/1291/331 414/1298/331 661/1420/670
f 556/1364/671 706/1479/671 738/1510/672
f 546/1358/632 701/1473/632 683/1432/771
f 557/1435/673 398/1235/746 644/1511/674
f 548/1526/677 433/1328/747 682/1442/676
f 416/1310/334 663/1439/748 664/1449/748
f 558/1367/678 557/1435/673 739/1513/675
f 550/1356/644 703/1475/645 681/1441/680
f 559/1427/682 740/1506/773 645/1508/772
f 552/1366/787 431/1320/684 680/1456/684
f 418/1316/339 665/1452/685 666/1457/685
f 560/1374/686 708/1482/686 740/1506/773
f 554/1353/662 705/1477/662 679/1455/687
f 561/1437/689 396/1239/749 646/1507/690
f 556/1364/671 429/1308/750 678/1462/692
f 420/1326/343 667/1460/693 668/1465/693
f 562/1365/694 561/1437/689 741/1509/691
f 558/1367/678 707/1478/679 677/1527/695
f 563/1429/697 742/1502/702 647/1504/790
f 560/1374/686 427/1289/751 676/1480/699
f 422/1273/325 669/1531/700 670/1489/700
f 564/1372/701 710/1485/708 742/1502/702
f 562/1365/694 709/1481/694 675/1528/703
f 565/1426/705 394/1243/752 648/1503/706
f 564/1372/701 425/1281/795 674/1483/791
f 424/1277/326 671/1530/709 672/1486/709
f 566/1375/710 565/1426/705 743/1505/707
f 566/1375/710 711/1484/711 673/1529/774
f 567/1408/713 744/1498/720 649/1500/714
f 568/1389/716 423/1272/796 672/1486/717
f 426/1285/328 673/1529/719 674/1483/719
f 568/1389/716 712/1488/718 744/1498/720
f 570/1373/721 713/1487/727 671/1530/722
f 569/1428/723 392/1247/779 650/1499/724
f 572/1387/295 421/1331/299 670/1489/297
f 428/1296/330 675/1528/726 676/1480/775
f 570/1373/721 569/1428/723 745/1501/725
f 574/1390/497 715/1454/499 669/1531/728
