# Rover separado para OpenGL
# Punto de giro original: -3.035000 3.284000 3.009000
mtllib RoverSeparado.mtl
o Rueda_Central_Izquierda
v -1.249701 0.891652 -0.709000
v -1.249701 0.891652 -1.209000
v 1.150298 0.011651 -0.709000
v 1.150298 0.011651 -1.209000
v 1.150298 0.891652 -1.209000
v 1.150298 0.891652 -0.709000
v 1.856154 0.591651 -0.709000
v 1.856154 0.591651 -1.209000
v 1.856154 0.011651 -1.209000
v 1.856154 0.011651 -0.709000
v 3.316154 0.011651 -1.209000
v 3.316154 0.606651 -1.209000
v 3.316154 0.606651 -0.709000
v 3.316154 0.011651 -0.709000
v 5.416155 0.606651 -1.209000
v 5.416155 0.011651 -1.209000
v 5.416155 0.606651 -0.709000
v 5.416155 0.011651 -0.709000
v 4.766154 0.011651 -1.209000
v 4.766154 0.606651 -1.209000
v 5.416155 0.606651 0.191000
v 5.216154 0.606651 0.391000
v 5.357576 0.606651 0.332421
v 5.216154 0.011651 0.391000
v 5.416155 0.011651 0.191000
v 5.357576 0.011651 0.332421
v 4.966154 0.011651 0.391000
v 4.824733 0.011651 0.332421
v 4.966154 0.606651 0.391000
v 4.824733 0.606651 0.332421
v 4.766154 0.806652 -0.709000
v 5.416155 0.806652 -0.709000
v 5.357576 0.806652 0.332421
v 5.416155 0.806652 0.191000
v 5.216154 0.806652 0.391000
v 4.824733 0.806652 0.332421
v 4.966154 0.806652 0.391000
v 4.766154 0.806652 0.191000
v -1.249701 0.591651 -0.409000
v 1.150298 0.591651 -0.409000
v 1.150298 0.011651 -0.409000
v -1.249701 0.182354 -1.209000
v -1.078999 0.011651 -1.209000
v -1.249701 0.182354 -0.709000
v -1.078999 0.011651 -0.709000
v -1.078999 0.011651 -0.409000
v -1.249701 0.182354 -0.409000
v 0.498845 0.443114 0.200000
v 0.498845 0.443114 -0.500001
v 0.573844 0.423018 0.200000
v 0.573844 0.423018 -0.500001
v 0.628748 0.368114 0.200000
v 0.628748 0.368114 -0.500001
v 0.648845 0.293114 0.200000
v 0.648845 0.293114 -0.500001
v 0.628748 0.218114 0.200000
v 0.628748 0.218114 -0.500001
v 0.573844 0.163210 0.200000
v 0.573844 0.163210 -0.500001
v 0.498845 0.143115 0.200000
v 0.498845 0.143115 -0.500001
v 0.423844 0.163210 0.200000
v 0.423844 0.163210 -0.500001
v 0.368941 0.218114 0.200000
v 0.368941 0.218114 -0.500001
v 0.348845 0.293114 0.200000
v 0.348845 0.293114 -0.500001
v 0.368941 0.368114 0.200000
v 0.368941 0.368114 -0.500001
v 0.423844 0.423018 0.200000
v 0.423844 0.423018 -0.500001
v 4.766154 0.606651 -0.709000
v 4.766154 0.011651 -0.709000
v 4.766154 0.011651 0.191000
v 4.766154 0.606651 0.191000
v 5.166154 -0.288349 -0.709000
v 5.166154 -0.288349 -1.209000
v 4.766154 -0.288349 -0.709000
v 4.766154 -0.288349 -1.209000
v 0.037219 -0.242108 -0.200459
v 0.037219 -0.242108 0.199541
v 0.410800 -0.144437 -0.200459
v 0.313120 -0.242107 -0.200459
v 0.313183 0.242231 -0.200459
v 0.410832 0.145919 -0.200459
v 0.313120 -0.242107 0.199541
v 0.410800 -0.144437 0.199541
v 0.410832 0.145919 0.199541
v 0.313183 0.242231 0.199541
v -0.238105 0.234572 -0.200459
v -0.411786 0.193832 -0.200459
v -0.238104 0.234572 0.199541
v -0.411786 0.193832 0.199541
v 1.701470 -1.666690 -0.030601
v 1.775993 -1.588487 -0.138601
v 1.723297 -1.643785 -0.106969
v 1.805804 -1.557203 -0.138601
v 1.880326 -1.479000 -0.030601
v 1.858499 -1.501905 -0.106969
v 1.775993 -1.588487 0.120599
v 1.701470 -1.666690 0.012599
v 1.723297 -1.643785 0.088966
v 1.880326 -1.479000 0.012599
v 1.805804 -1.557203 0.120599
v 1.858499 -1.501905 0.088966
v 2.513336 -1.801745 -0.489001
v 2.513336 -2.084588 -0.489001
v 2.571915 -1.943166 -0.489001
v 2.513337 -2.084588 0.471000
v 2.513336 -1.801745 0.470999
v 2.571915 -1.943166 0.470999
v 2.301204 -2.296720 -0.489000
v 2.018361 -2.296720 -0.489000
v 2.159783 -2.355298 -0.489000
v 2.018362 -2.296720 0.471000
v 2.301205 -2.296720 0.471000
v 2.159783 -2.355298 0.471000
v -0.039530 -0.242108 0.190460
v -0.018542 -0.292117 -0.405000
v 0.541595 0.279063 -0.405000
v -0.018542 -0.292117 -0.213000
v 0.541595 0.279063 -0.213000
v 2.369684 -2.426478 -0.405001
v 2.086855 -2.429239 -0.405001
v 2.280536 -2.479115 -0.405001
v 2.177013 -2.480125 -0.405001
v 2.646993 -1.858060 -0.405001
v 2.649753 -2.140889 -0.405001
v 2.699629 -1.947208 -0.405001
v 2.700640 -2.050730 -0.405001
v 2.369684 -2.426478 -0.213001
v 2.280536 -2.479115 -0.213000
v 2.649753 -2.140889 -0.213001
v 2.700640 -2.050730 -0.213001
v 2.699629 -1.947208 -0.213001
v 1.979265 -1.593213 0.471000
v 1.927237 -1.621023 0.471000
v 1.881634 -1.658448 0.471000
v 1.844209 -1.704050 0.471000
v 1.799274 -1.812533 0.471000
v 1.816399 -1.756079 0.471000
v 2.035718 -2.166397 0.471000
v 1.799274 -1.929952 0.471000
v 1.881634 -2.084037 0.471000
v 1.927237 -2.121462 0.471000
v 1.844208 -2.038434 0.471000
v 2.094428 -2.172179 0.471000
v 1.979265 -2.149271 0.471000
v 1.816399 -1.986406 0.471000
v 2.098292 -2.171799 0.471000
v 1.793491 -1.871242 0.471000
v 2.307223 -1.658448 0.471000
v 2.344648 -1.704051 0.471000
v 2.261620 -1.621022 0.471000
v 2.372458 -1.756079 0.471000
v 2.209592 -1.593213 0.471000
v 2.389583 -1.812532 0.471000
v 2.389583 -1.929952 0.471000
v 2.395365 -1.871242 0.471000
v 2.307223 -2.084037 0.471000
v 2.344648 -2.038434 0.471000
v 2.372458 -1.986406 0.471000
v 2.153138 -1.576088 0.471000
v 2.094428 -1.570305 0.471000
v 2.035718 -1.576088 0.471000
v 2.261620 -2.121462 0.471000
v 2.209592 -2.149272 0.471000
v 2.153138 -2.166397 0.471000
v 1.980521 -2.149653 -0.489000
v 1.979264 -2.149271 -0.489000
v 1.881633 -2.084037 -0.489000
v 1.844208 -2.038434 -0.489000
v 1.927237 -2.121462 -0.489000
v 2.307222 -1.658448 -0.489001
v 2.344648 -1.704051 -0.489001
v 2.261620 -1.621022 -0.489000
v 2.372457 -1.756079 -0.489001
v 2.209591 -1.593213 -0.489000
v 2.389582 -1.812532 -0.489001
v 2.153138 -1.576088 -0.489000
v 2.094428 -1.570305 -0.489000
v 1.979264 -1.593213 -0.489000
v 2.035718 -1.576088 -0.489000
v 1.881633 -1.658448 -0.489000
v 1.844208 -1.704050 -0.489000
v 1.927236 -1.621023 -0.489000
v 2.344648 -2.038434 -0.489001
v 2.307222 -2.084037 -0.489000
v 2.209592 -2.149272 -0.489000
v 2.153138 -2.166397 -0.489000
v 2.261620 -2.121462 -0.489000
v 2.035718 -2.166397 -0.489000
v 2.094428 -2.172179 -0.489000
v 1.816398 -1.986406 -0.489000
v 1.799274 -1.929952 -0.489000
v 1.793491 -1.871242 -0.489000
v 2.395365 -1.871242 -0.489001
v 2.389583 -1.929952 -0.489001
v 1.799274 -1.812533 -0.489000
v 1.816398 -1.756079 -0.489000
v 2.372457 -1.986406 -0.489001
v 2.209591 -1.593213 -0.213000
v 2.344648 -2.038434 -0.213000
v 1.927236 -1.621023 -0.213000
v 2.261620 -2.121462 -0.213000
v 1.844208 -1.704050 -0.213000
v 1.979264 -2.149271 -0.213000
v 1.816398 -1.986406 -0.213000
v 2.094428 -2.172179 -0.213000
v 2.344648 -1.704051 -0.405001
v 2.209591 -1.593213 -0.405001
v 2.094428 -1.570305 -0.405001
v 2.389582 -1.812532 -0.405001
v 2.372457 -1.986406 -0.405001
v 2.261620 -2.121462 -0.405001
v 1.844208 -1.704050 -0.405001
v 1.927236 -1.621023 -0.405001
v 1.799274 -1.812533 -0.405001
v 2.094428 -2.172179 -0.405001
v 1.979264 -2.149271 -0.405001
v 1.881633 -2.084037 -0.405001
v 1.799274 -1.929952 -0.405001
v -0.039530 -0.242108 -0.209541
v 0.408812 -0.713260 -0.405000
v 0.408813 -0.713260 -0.213000
v 0.691369 -0.494836 -0.138601
v 0.719016 -0.466674 -0.138601
v 0.642498 -0.544619 0.088967
v 0.622254 -0.565239 -0.030601
v 0.767887 -0.416892 -0.106968
v 0.719016 -0.466674 0.120599
v 0.642498 -0.544619 -0.106968
v 0.622254 -0.565239 0.012599
v 0.788130 -0.396272 0.012599
v 0.788130 -0.396272 -0.030601
v 0.691369 -0.494836 0.120599
v 0.767887 -0.416892 0.088967
v -0.393100 -0.292086 -0.405000
v -0.566859 -0.118255 -0.405000
v -0.515966 -0.241142 -0.405000
v -0.566859 0.125408 -0.405000
v -0.393154 0.294847 -0.405000
v -0.515982 0.247008 -0.405000
v -0.566859 -0.118255 -0.213000
v -0.393100 -0.292086 -0.213000
v -0.515966 -0.241142 -0.213000
v -0.393154 0.294847 -0.213000
v -0.566859 0.125408 -0.213000
v -0.515982 0.247008 -0.213000
v -0.413111 -0.144437 0.190460
v -0.315431 -0.242107 0.190460
v -0.315494 0.242231 0.190460
v -0.413143 0.145919 0.190460
v -0.315431 -0.242107 -0.209541
v -0.413111 -0.144437 -0.209541
v -0.413143 0.145919 -0.209541
v -0.315494 0.242231 -0.209541
v 0.235793 0.234572 0.190459
v 0.409475 0.193832 0.190459
v 0.235793 0.234572 -0.209541
v 0.409474 0.193832 -0.209541
v 2.035718 -1.576088 -0.213000
v 2.372457 -1.756079 -0.213000
v 2.646993 -1.858060 -0.213001
v 0.193968 -0.009435 -0.194328
v 0.124024 -0.080564 -0.149094
v 0.798457 -0.393042 -0.149094
v 0.827429 -0.363580 -0.039889
v 0.590026 -0.605002 -0.039889
v 0.618998 -0.575539 -0.149094
v 0.590026 -0.605002 0.021887
v 0.618999 -0.575539 0.131093
v 0.688943 -0.504410 0.176327
v 0.233537 0.030804 -0.194328
v 0.233538 0.030804 0.176327
v 0.303482 0.101933 0.131093
v 0.728512 -0.464171 0.176327
v 0.798457 -0.393042 0.131093
v 0.688943 -0.504410 -0.194329
v 0.728512 -0.464171 -0.194329
v 0.193968 -0.009435 0.176327
v 0.827429 -0.363580 0.021887
v 0.124024 -0.080564 0.131093
v 0.095051 -0.110027 -0.039889
v 0.095051 -0.110027 0.021887
v 0.303482 0.101933 -0.149094
v 0.332454 0.131395 -0.039889
v 0.332454 0.131395 0.021887
v 1.904851 -1.448564 -0.489000
v 2.160156 -1.448564 -0.489000
v 2.032503 -1.395689 -0.489000
v 2.160156 -1.448564 0.471000
v 1.904851 -1.448564 0.471000
v 2.032504 -1.395689 0.471000
v 1.665181 -1.943539 -0.489000
v 1.665181 -1.688235 -0.489000
v 1.612305 -1.815887 -0.489000
v 1.665181 -1.688235 0.471000
v 1.665181 -1.943539 0.471000
v 1.612306 -1.815887 0.471000
v 2.393739 -1.854736 -0.213001
v 1.793491 -1.871242 -0.213000
v 2.086855 -2.429239 -0.213000
v 2.177013 -2.480125 -0.213000
v 2.307222 -1.658448 -0.213000
v 1.881633 -2.084037 -0.213000
v -0.393127 0.001380 -0.405000
v -0.393127 0.001380 -0.213000
v -0.018542 -0.292117 0.195000
v 0.541595 0.279063 0.195000
v -0.018542 -0.292117 0.387000
v 0.541595 0.279063 0.387000
v 2.369684 -2.426478 0.195000
v 2.086855 -2.429239 0.195000
v 2.280536 -2.479115 0.195000
v 2.177014 -2.480125 0.195000
v 2.646993 -1.858060 0.194999
v 2.649753 -2.140889 0.194999
v 2.699629 -1.947208 0.194999
v 2.700640 -2.050730 0.194999
v 2.369684 -2.426478 0.387000
v 2.280536 -2.479115 0.387000
v 2.649753 -2.140889 0.386999
v 2.700640 -2.050730 0.386999
v 2.699629 -1.947208 0.386999
v 2.209591 -1.593213 0.387000
v 2.344648 -2.038434 0.387000
v 1.927237 -1.621023 0.387000
v 2.261620 -2.121462 0.387000
v 1.844209 -1.704050 0.387000
v 1.979265 -2.149271 0.387000
v 1.816399 -1.986406 0.387000
v 2.094428 -2.172179 0.387000
v 2.344648 -1.704051 0.195000
v 2.209591 -1.593213 0.195000
v 2.094428 -1.570305 0.195000
v 2.389583 -1.812532 0.195000
v 2.372457 -1.986406 0.195000
v 2.261620 -2.121462 0.195000
v 1.844209 -1.704050 0.195000
v 1.927237 -1.621023 0.195000
v 1.799274 -1.812533 0.195000
v 2.094428 -2.172179 0.195000
v 1.979265 -2.149271 0.195000
v 1.881634 -2.084037 0.195000
v 1.799274 -1.929952 0.195000
v 0.408813 -0.713260 0.195000
v 0.408813 -0.713260 0.387000
v -0.393100 -0.292086 0.195000
v -0.566858 -0.118255 0.195000
v -0.515966 -0.241142 0.195000
v -0.566858 0.125408 0.195000
v -0.393154 0.294847 0.195000
v -0.515982 0.247008 0.195000
v -0.566858 -0.118255 0.387000
v -0.393100 -0.292086 0.387000
v -0.515966 -0.241142 0.387000
v -0.393154 0.294847 0.387000
v -0.566858 0.125408 0.387000
v -0.515982 0.247008 0.387000
v 2.035718 -1.576088 0.387000
v 2.372458 -1.756079 0.386999
v 2.646993 -1.858060 0.386999
v 2.393739 -1.854736 0.387000
v 1.793491 -1.871242 0.387000
v 2.086855 -2.429239 0.387000
v 2.177014 -2.480125 0.387000
v 2.307223 -1.658448 0.387000
v 1.881634 -2.084037 0.387000
v -0.393127 0.001380 0.195000
v -0.393127 0.001380 0.387000
v 1.793893 -1.929953 -0.700999
v 1.838827 -2.038434 -0.701000
v 1.921856 -2.121463 -0.700999
v 2.030337 -2.166397 -0.701000
v 2.204211 -2.149272 -0.701000
v 2.301842 -2.084037 -0.701000
v 2.367077 -1.986407 -0.701000
v 2.389984 -1.871243 -0.701000
v 2.367077 -1.756079 -0.701000
v 2.301842 -1.658448 -0.701000
v 2.204211 -1.593214 -0.701000
v 2.089047 -1.570306 -0.701000
v 1.921856 -1.621023 -0.701000
v 1.838827 -1.704051 -0.700999
v 1.793893 -1.812533 -0.701000
v 1.793893 -1.929952 0.555001
v 1.838827 -2.038434 0.555001
v 1.973884 -2.149272 0.555001
v 2.089047 -2.172180 0.555001
v 2.204211 -2.149272 0.555001
v 2.301842 -2.084037 0.555001
v 2.384202 -1.929953 0.555001
v 2.367077 -1.756079 0.555001
v 2.301842 -1.658448 0.555001
v 2.204211 -1.593214 0.555001
v 2.030337 -1.576089 0.555001
v 1.876253 -1.658448 0.555001
v 1.793893 -1.812533 0.555001
v 2.988564 -1.871242 1.669949
v 2.971280 -2.046729 1.669949
v 2.920093 -2.215472 1.669949
v 2.836969 -2.370986 1.669949
v 2.725102 -2.507296 1.669949
v 2.588793 -2.619162 1.669950
v 2.433278 -2.702286 1.669950
v 2.264535 -2.753474 1.669950
v 2.089048 -2.770758 1.669950
v 1.913562 -2.753474 1.669950
v 1.744819 -2.702287 1.669950
v 1.589304 -2.619162 1.669950
v 1.452995 -2.507296 1.669950
v 1.341128 -2.370986 1.669950
v 1.258004 -2.215472 1.669950
v 1.206816 -2.046729 1.669950
v 1.189532 -1.871242 1.669950
v 1.206816 -1.695755 1.669950
v 1.258004 -1.527012 1.669950
v 1.341128 -1.371498 1.669950
v 1.452994 -1.235188 1.669950
v 1.589304 -1.123322 1.669950
v 1.744818 -1.040198 1.669950
v 1.913562 -0.989010 1.669950
v 2.089048 -0.971726 1.669950
v 2.264535 -0.989010 1.669950
v 2.433278 -1.040198 1.669950
v 2.588793 -1.123322 1.669950
v 2.725102 -1.235188 1.669950
v 2.836969 -1.371498 1.669949
v 2.920093 -1.527012 1.669949
v 2.971281 -1.695755 1.669949
v 2.988564 -1.871242 0.629950
v 2.971280 -2.046729 0.629950
v 2.920092 -2.215472 0.629950
v 2.836968 -2.370986 0.629950
v 2.725102 -2.507296 0.629950
v 2.588792 -2.619162 0.629950
v 2.433278 -2.702286 0.629950
v 2.264535 -2.753474 0.629950
v 2.089048 -2.770758 0.629950
v 1.913561 -2.753474 0.629950
v 1.744818 -2.702286 0.629950
v 1.589304 -2.619162 0.629950
v 1.452994 -2.507296 0.629950
v 1.341128 -2.370986 0.629950
v 1.258004 -2.215472 0.629950
v 1.206816 -2.046729 0.629950
v 1.189532 -1.871242 0.629950
v 1.206816 -1.695755 0.629950
v 1.258004 -1.527012 0.629950
v 1.341128 -1.371498 0.629950
v 1.452994 -1.235188 0.629950
v 1.589304 -1.123322 0.629950
v 1.744818 -1.040198 0.629950
v 1.913561 -0.989010 0.629950
v 2.089048 -0.971726 0.629950
v 2.264535 -0.989010 0.629950
v 2.433278 -1.040198 0.629950
v 2.588792 -1.123322 0.629950
v 2.725102 -1.235188 0.629950
v 2.836968 -1.371498 0.629950
v 2.920093 -1.527012 0.629950
v 2.971280 -1.695755 0.629950
v 3.093294 -2.072385 0.629950
v 3.112888 -1.873450 0.629949
v 3.035267 -2.263676 0.629950
v 2.941036 -2.439970 0.629950
v 2.814222 -2.594493 0.629950
v 2.659699 -2.721307 0.629950
v 2.483404 -2.815538 0.629950
v 2.292114 -2.873566 0.629950
v 2.093178 -2.893159 0.629950
v 1.894243 -2.873566 0.629950
v 1.702952 -2.815539 0.629950
v 1.526658 -2.721307 0.629950
v 1.372135 -2.594493 0.629950
v 1.245321 -2.439970 0.629950
v 1.151090 -2.263676 0.629950
v 1.093062 -2.072385 0.629950
v 1.073469 -1.873450 0.629950
v 1.093062 -1.674514 0.629950
v 1.151090 -1.483224 0.629950
v 1.245321 -1.306930 0.629950
v 1.372135 -1.152406 0.629950
v 1.526658 -1.025592 0.629950
v 1.702952 -0.931361 0.629950
v 1.894243 -0.873333 0.629950
v 2.093178 -0.853740 0.629950
v 2.292114 -0.873333 0.629950
v 2.483404 -0.931361 0.629950
v 2.659699 -1.025592 0.629950
v 2.814222 -1.152406 0.629950
v 2.941036 -1.306930 0.629949
v 3.035267 -1.483224 0.629950
v 3.093294 -1.674514 0.629950
v 3.117600 -1.871242 1.669949
v 3.097837 -2.071903 1.669949
v 3.039306 -2.264852 1.669949
v 2.944258 -2.442675 1.669949
v 2.816344 -2.598538 1.669949
v 2.660481 -2.726451 1.669950
v 2.482658 -2.821500 1.669950
v 2.289709 -2.880030 1.669950
v 2.089049 -2.899794 1.669950
v 1.888388 -2.880030 1.669950
v 1.695439 -2.821500 1.669950
v 1.517616 -2.726452 1.669950
v 1.361753 -2.598538 1.669950
v 1.233839 -2.442675 1.669950
v 1.138791 -2.264852 1.669950
v 1.080260 -2.071903 1.669950
v 1.060497 -1.871242 1.669950
v 1.080260 -1.670582 1.669950
v 1.138791 -1.477632 1.669950
v 1.233839 -1.299809 1.669950
v 1.361753 -1.143946 1.669950
v 1.517616 -1.016033 1.669950
v 1.695439 -0.920984 1.669950
v 1.888388 -0.862454 1.669950
v 2.089049 -0.842690 1.669950
v 2.289709 -0.862454 1.669950
v 2.482658 -0.920984 1.669950
v 2.660481 -1.016033 1.669950
v 2.816344 -1.143946 1.669950
v 2.944258 -1.299809 1.669949
v 3.039306 -1.477632 1.669949
v 3.097837 -1.670582 1.669949
v 2.089048 -1.774770 1.609948
v 2.040812 -1.787695 1.609948
v 2.005501 -1.823006 1.609948
v 1.992576 -1.871242 1.609948
v 2.005501 -1.919478 1.609948
v 2.040812 -1.954790 1.609948
v 2.089048 -1.967715 1.609948
v 2.137284 -1.954790 1.609948
v 2.172596 -1.919478 1.609948
v 2.185521 -1.871242 1.609948
v 2.172596 -1.823006 1.609948
v 2.137284 -1.787695 1.609948
v 2.089048 -1.671242 1.486615
v 2.089048 -1.671242 1.333281
v 1.989048 -1.698037 1.333281
v 1.989048 -1.698037 1.486615
v 1.915843 -1.771242 1.333281
v 1.915843 -1.771242 1.486615
v 1.889048 -1.871242 1.333281
v 1.889048 -1.871242 1.486615
v 1.915843 -1.971242 1.333281
v 1.915843 -1.971242 1.486615
v 1.989048 -2.044447 1.333281
v 1.989048 -2.044447 1.486615
v 2.089048 -2.071242 1.333281
v 2.089048 -2.071242 1.486615
v 2.189048 -2.044447 1.333281
v 2.189048 -2.044447 1.486615
v 2.262253 -1.971242 1.333281
v 2.262253 -1.971242 1.486615
v 2.289048 -1.871242 1.333281
v 2.289048 -1.871242 1.486615
v 2.262253 -1.771242 1.333281
v 2.262253 -1.771242 1.486615
v 2.189048 -1.698037 1.333281
v 2.189048 -1.698037 1.486615
v 1.907875 -0.995094 0.986615
v 1.907875 -0.995094 0.733281
v 1.807875 -1.021889 0.733281
v 1.807875 -1.021889 0.986615
v 1.239695 -1.590069 0.733281
v 1.239695 -1.590069 0.986615
v 1.212900 -1.690069 0.733281
v 1.212900 -1.690069 0.986615
v 1.420868 -2.466217 0.733282
v 1.420868 -2.466217 0.986615
v 1.494073 -2.539422 0.733281
v 1.494073 -2.539422 0.986615
v 2.270221 -2.747390 0.733281
v 2.270222 -2.747390 0.986615
v 2.370222 -2.720595 0.733281
v 2.370222 -2.720595 0.986615
v 2.938401 -2.152415 0.733281
v 2.938401 -2.152415 0.986614
v 2.965196 -2.052416 0.733281
v 2.965196 -2.052416 0.986614
v 2.757228 -1.276267 0.733281
v 2.757228 -1.276267 0.986614
v 2.684023 -1.203062 0.733281
v 2.684023 -1.203062 0.986614
v 2.089048 -1.671242 1.609948
v 1.989048 -1.698037 1.609948
v 1.915843 -1.771242 1.609948
v 1.889048 -1.871242 1.609948
v 1.915843 -1.971242 1.609948
v 1.989048 -2.044447 1.609948
v 2.089048 -2.071242 1.609948
v 2.189048 -2.044447 1.609948
v 2.262253 -1.971242 1.609948
v 2.289048 -1.871242 1.609948
v 2.262253 -1.771242 1.609948
v 2.189048 -1.698037 1.609948
v 2.089048 -1.774770 1.509948
v 2.040812 -1.787695 1.509948
v 2.005501 -1.823006 1.509948
v 1.992576 -1.871242 1.509948
v 2.005501 -1.919478 1.509948
v 2.040812 -1.954790 1.509948
v 2.089048 -1.967715 1.509948
v 2.137284 -1.954790 1.509948
v 2.172596 -1.919478 1.509948
v 2.185520 -1.871242 1.509948
v 2.172596 -1.823006 1.509948
v 2.137284 -1.787695 1.509948
v 2.311332 -0.769443 0.959283
v 2.310450 -0.765454 1.340617
v 2.522360 -0.833458 0.959283
v 2.522086 -0.829653 1.340617
v 3.027210 -1.247777 0.959283
v 3.028391 -1.245166 1.340616
v 3.131163 -1.442261 0.959283
v 3.132644 -1.440211 1.340616
v 2.887311 -1.077310 0.959283
v 2.888089 -1.074208 1.340617
v 2.716844 -0.937411 0.959283
v 2.717131 -0.933906 1.340617
v 2.091871 -0.747828 0.959283
v 2.090356 -0.743777 1.340617
v 1.661381 -0.833458 0.959283
v 1.658626 -0.829653 1.340617
v 1.872409 -0.769443 0.959283
v 1.870262 -0.765454 1.340617
v 1.296430 -1.077310 0.959284
v 1.292623 -1.074208 1.340617
v 1.466897 -0.937412 0.959283
v 1.463581 -0.933906 1.340617
v 1.052578 -1.442261 0.959284
v 1.048068 -1.440211 1.340617
v 1.156532 -1.247777 0.959284
v 1.152322 -1.245166 1.340617
v 0.966948 -1.872750 0.959284
v 0.962192 -1.871941 1.340617
v 0.988563 -1.653289 0.959284
v 0.983869 -1.651847 1.340617
v 1.052578 -2.303240 0.959284
v 1.048068 -2.303671 1.340617
v 0.988563 -2.092212 0.959284
v 0.983869 -2.092035 1.340617
v 1.296430 -2.668191 0.959284
v 1.292623 -2.669674 1.340617
v 1.156532 -2.497724 0.959284
v 1.152322 -2.498716 1.340617
v 1.661381 -2.912044 0.959283
v 1.658626 -2.914229 1.340617
v 1.466897 -2.808090 0.959283
v 1.463582 -2.809976 1.340617
v 2.091871 -2.997673 0.959283
v 2.090356 -3.000106 1.340617
v 1.872409 -2.976058 0.959283
v 1.870262 -2.978429 1.340617
v 2.522360 -2.912044 0.959283
v 2.522086 -2.914229 1.340617
v 2.311332 -2.976058 0.959283
v 2.310450 -2.978429 1.340617
v 2.887311 -2.668191 0.959283
v 2.888089 -2.669674 1.340616
v 2.716844 -2.808090 0.959283
v 2.717131 -2.809976 1.340617
v 3.131163 -2.303240 0.959283
v 3.132644 -2.303671 1.340616
v 3.027210 -2.497724 0.959283
v 3.028391 -2.498716 1.340616
v 3.195178 -1.653289 0.959283
v 3.196844 -1.651847 1.340616
v 3.216793 -1.872750 0.959283
v 3.218521 -1.871941 1.340616
v 3.195178 -2.092212 0.959283
v 3.196844 -2.092035 1.340616
v 2.089048 -1.671242 0.895504
v 2.089048 -1.671242 0.797726
v 1.989048 -1.698037 0.797726
v 1.989048 -1.698037 0.895504
v 1.915843 -1.771242 0.797726
v 1.915843 -1.771242 0.895504
v 1.889048 -1.871242 0.797726
v 1.889048 -1.871242 0.895504
v 1.915843 -1.971242 0.797726
v 1.915843 -1.971242 0.895504
v 1.989048 -2.044447 0.797726
v 1.989048 -2.044447 0.895504
v 2.089048 -2.071242 0.797726
v 2.089048 -2.071242 0.895504
v 2.189048 -2.044447 0.797726
v 2.189048 -2.044447 0.895504
v 2.262253 -1.971242 0.797726
v 2.262253 -1.971242 0.895503
v 2.289048 -1.871242 0.797726
v 2.289048 -1.871242 0.895503
v 2.262253 -1.771242 0.797726
v 2.262253 -1.771242 0.895503
v 2.189048 -1.698037 0.797726
v 2.189048 -1.698037 0.895503
v 1.494073 -1.203063 0.797726
v 1.494073 -1.203063 0.895504
v 1.420868 -1.276268 0.797726
v 1.420868 -1.276268 0.895504
v 1.807874 -2.720595 0.797726
v 1.807874 -2.720595 0.895504
v 1.907874 -2.747390 0.797726
v 1.907874 -2.747390 0.895504
v 2.965196 -1.690069 0.797726
v 2.965196 -1.690069 0.895503
v 2.938401 -1.590069 0.797726
v 2.938401 -1.590069 0.895503
v 3.077754 -1.465713 0.635150
v 3.138392 -1.665612 0.635150
v 2.846761 -1.120009 0.635150
v 2.979282 -1.281486 0.635150
v 2.501057 -0.889017 0.635150
v 2.685284 -0.987488 0.635150
v 2.093271 -0.807903 0.635150
v 2.301159 -0.828378 0.635150
v 1.685485 -0.889017 0.635150
v 1.885383 -0.828378 0.635150
v 1.339781 -1.120009 0.635151
v 1.501258 -0.987489 0.635150
v 1.108789 -1.465713 0.635151
v 1.207260 -1.281486 0.635150
v 1.027675 -1.873499 0.635151
v 1.048150 -1.665612 0.635151
v 1.108789 -2.281285 0.635151
v 1.048150 -2.081387 0.635151
v 1.339781 -2.626990 0.635150
v 1.207260 -2.465513 0.635150
v 1.685485 -2.857982 0.635150
v 1.501258 -2.759510 0.635150
v 2.093271 -2.939095 0.635150
v 1.885384 -2.918620 0.635150
v 2.501057 -2.857982 0.635150
v 2.301159 -2.918620 0.635150
v 2.846761 -2.626990 0.635150
v 2.685285 -2.759510 0.635150
v 3.077754 -2.281285 0.635150
v 2.979282 -2.465513 0.635150
v 3.158867 -1.873499 0.635150
v 3.138392 -2.081387 0.635150
v 3.143139 -2.080882 1.664750
v 3.163791 -1.871192 1.664750
v 2.982649 -2.468339 1.664750
v 3.081975 -2.282514 1.664750
v 2.686102 -2.764886 1.664750
v 2.848979 -2.631216 1.664750
v 2.298646 -2.925376 1.664750
v 2.500278 -2.864212 1.664750
v 1.879265 -2.925376 1.664750
v 2.088955 -2.946028 1.664750
v 1.491809 -2.764886 1.664750
v 1.677634 -2.864212 1.664750
v 1.195262 -2.468339 1.664750
v 1.328932 -2.631216 1.664750
v 1.034772 -2.080882 1.664750
v 1.095936 -2.282515 1.664751
v 1.034772 -1.661502 1.664750
v 1.014120 -1.871192 1.664751
v 1.195262 -1.274045 1.664750
v 1.095936 -1.459871 1.664751
v 1.491808 -0.977499 1.664750
v 1.328931 -1.111169 1.664750
v 1.879265 -0.817009 1.664750
v 1.677633 -0.878174 1.664750
v 2.298646 -0.817009 1.664750
v 2.088955 -0.796356 1.664750
v 2.686102 -0.977499 1.664750
v 2.500278 -0.878174 1.664750
v 2.982649 -1.274045 1.664750
v 2.848979 -1.111168 1.664750
v 3.143139 -1.661502 1.664750
v 3.081975 -1.459871 1.664750
v 2.332384 -0.654765 1.338710
v 2.565183 -0.725384 1.338710
v 3.122118 -1.182449 1.338710
v 3.236797 -1.396998 1.338710
v 2.967786 -0.994394 1.338710
v 2.779732 -0.840063 1.338710
v 2.090280 -0.630920 1.338710
v 1.615377 -0.725384 1.338711
v 1.848177 -0.654765 1.338710
v 1.212774 -0.994395 1.338711
v 1.400828 -0.840063 1.338711
v 0.943764 -1.396998 1.338711
v 1.058443 -1.182449 1.338711
v 0.849300 -1.871901 1.338711
v 0.873145 -1.629797 1.338711
v 0.943764 -2.346804 1.338711
v 0.873145 -2.114004 1.338711
v 1.212774 -2.749407 1.338711
v 1.058443 -2.561353 1.338711
v 1.615378 -3.018417 1.338710
v 1.400829 -2.903739 1.338711
v 2.090280 -3.112882 1.338710
v 1.848177 -3.089037 1.338710
v 2.565183 -3.018417 1.338710
v 2.332384 -3.089037 1.338710
v 2.967786 -2.749407 1.338710
v 2.779732 -2.903738 1.338710
v 3.236797 -2.346803 1.338710
v 3.122118 -2.561353 1.338710
v 3.307416 -1.629797 1.338710
v 3.331261 -1.871901 1.338710
v 3.307416 -2.114004 1.338710
v 2.333354 -0.659153 0.961190
v 2.565484 -0.729569 0.961190
v 3.120819 -1.185320 0.961190
v 3.235168 -1.399253 0.961190
v 2.966930 -0.997806 0.961190
v 2.779417 -0.843918 0.961190
v 2.091946 -0.635377 0.961190
v 1.618408 -0.729569 0.961191
v 1.850538 -0.659153 0.961190
v 1.216962 -0.997807 0.961191
v 1.404475 -0.843919 0.961191
v 0.948724 -1.399253 0.961191
v 1.063074 -1.185320 0.961191
v 0.854532 -1.872791 0.961191
v 0.878308 -1.631383 0.961191
v 0.948724 -2.346329 0.961191
v 0.878308 -2.114199 0.961191
v 1.216962 -2.747775 0.961191
v 1.063074 -2.560262 0.961191
v 1.618408 -3.016013 0.961190
v 1.404476 -2.901664 0.961191
v 2.091946 -3.110206 0.961190
v 1.850538 -3.086429 0.961190
v 2.565484 -3.016013 0.961190
v 2.333354 -3.086429 0.961190
v 2.966930 -2.747775 0.961190
v 2.779417 -2.901663 0.961190
v 3.235168 -2.346329 0.961190
v 3.120819 -2.560262 0.961190
v 3.305584 -1.631384 0.961190
v 3.329361 -1.872791 0.961190
v 3.305584 -2.114199 0.961190
v 1.958525 -1.184123 1.305966
v 1.985755 -1.285747 1.444534
v 2.011168 -1.380589 1.528695
v 2.049829 -1.524875 1.551556
v 1.885755 -1.312542 1.444534
v 1.858525 -1.210918 1.305966
v 1.949829 -1.551670 1.551556
v 1.911168 -1.407384 1.528695
v 1.742681 -1.832023 1.551556
v 1.598395 -1.793362 1.528695
v 1.503553 -1.767949 1.444534
v 1.401929 -1.740719 1.305966
v 1.625190 -1.693362 1.528695
v 1.769476 -1.732023 1.551556
v 1.428724 -1.640719 1.305966
v 1.530348 -1.667949 1.444534
v 2.296197 -1.590889 1.551556
v 2.401821 -1.485264 1.528695
v 2.471250 -1.415835 1.444534
v 2.545644 -1.341441 1.305966
v 2.475026 -1.558470 1.528695
v 2.369402 -1.664094 1.551556
v 2.618849 -1.414646 1.305965
v 2.544455 -1.489040 1.444534
v 2.552906 -2.049122 1.528695
v 2.408621 -2.010461 1.551556
v 2.749372 -2.101765 1.305965
v 2.647748 -2.074535 1.444534
v 2.674543 -1.974535 1.444534
v 2.776167 -2.001765 1.305965
v 2.435416 -1.910461 1.551556
v 2.579701 -1.949122 1.528695
v 2.228267 -2.190815 1.551556
v 2.266928 -2.335100 1.528695
v 2.292341 -2.429942 1.444534
v 2.319572 -2.531566 1.305966
v 2.166929 -2.361895 1.528695
v 2.128267 -2.217610 1.551556
v 2.219571 -2.558361 1.305966
v 2.192341 -2.456737 1.444534
v 1.703070 -2.184015 1.528695
v 1.808695 -2.078391 1.551556
v 1.559247 -2.327838 1.305966
v 1.633641 -2.253444 1.444534
v 1.706846 -2.326649 1.444534
v 1.632452 -2.401043 1.305966
v 1.881900 -2.151596 1.551556
v 1.776276 -2.257220 1.528695
v 2.089048 -1.671242 0.277281
v 1.989048 -1.698037 0.277281
v 1.915843 -1.771242 0.277281
v 1.889048 -1.871242 0.277281
v 1.915843 -1.971242 0.277281
v 1.989048 -2.044447 0.277281
v 2.089048 -2.071242 0.277281
v 2.189048 -2.044447 0.277281
v 2.262253 -1.971242 0.277281
v 2.289048 -1.871242 0.277281
v 2.262253 -1.771242 0.277281
v 2.189048 -1.698037 0.277281
v 1.959048 -1.646076 -0.004298
v 2.089048 -1.611242 -0.004298
v 2.089048 -1.611242 0.277235
v 1.863881 -1.741242 -0.004298
v 1.829048 -1.871242 -0.004298
v 1.863881 -2.001242 -0.004298
v 1.959048 -2.096409 -0.004298
v 2.089048 -2.131242 -0.004298
v 2.219048 -2.096409 -0.004298
v 2.314214 -2.001242 -0.004298
v 2.349048 -1.871242 -0.004298
v 2.314214 -1.741242 -0.004298
v 2.219048 -1.646076 -0.004298
v 1.959048 -1.646076 0.277235
v 1.863881 -1.741242 0.277235
v 1.829048 -1.871242 0.277235
v 1.863881 -2.001242 0.277235
v 1.959048 -2.096409 0.277235
v 2.089048 -2.131242 0.277235
v 2.219048 -2.096409 0.277235
v 2.314214 -2.001242 0.277235
v 2.349048 -1.871242 0.277235
v 2.314214 -1.741242 0.277235
v 2.219048 -1.646076 0.277235
v 1.720129 -0.980591 1.669950
v 1.900975 -0.925732 1.669950
v 1.900975 -2.816752 1.669950
v 1.720129 -2.761893 1.669950
v 2.089049 -0.907208 1.669950
v 1.553460 -2.672807 1.669950
v 2.277122 -0.925732 1.669950
v 1.407374 -2.552917 1.669950
v 2.457968 -0.980591 1.669950
v 1.287484 -2.406830 1.669950
v 2.624637 -1.069677 1.669950
v 1.198397 -2.240162 1.669950
v 3.053082 -1.871242 1.669949
v 3.034559 -2.059316 1.669949
v 2.770723 -1.189567 1.669950
v 1.143538 -2.059316 1.669950
v 2.979700 -2.240162 1.669949
v 2.890613 -1.335654 1.669949
v 1.125015 -1.871242 1.669950
v 2.890613 -2.406830 1.669949
v 2.979700 -1.502322 1.669949
v 1.143538 -1.683168 1.669950
v 2.770723 -2.552917 1.669949
v 3.034559 -1.683168 1.669949
v 1.198397 -1.502322 1.669950
v 2.624637 -2.672807 1.669950
v 1.287484 -1.335654 1.669950
v 2.457968 -2.761893 1.669950
v 1.407374 -1.189567 1.669950
v 2.277122 -2.816752 1.669950
v 1.553460 -1.069677 1.669950
v 2.089049 -2.835276 1.669950
v 3.032287 -2.059557 0.629950
v 2.977680 -2.239574 0.629950
v 2.889002 -2.405478 0.629950
v 2.769662 -2.550894 0.629950
v 2.624245 -2.670235 0.629950
v 2.458341 -2.758913 0.629950
v 2.278324 -2.813520 0.629950
v 2.091113 -2.831959 0.629950
v 1.903902 -2.813520 0.629950
v 1.723885 -2.758913 0.629950
v 1.557981 -2.670235 0.629950
v 1.412565 -2.550894 0.629950
v 1.293224 -2.405478 0.629950
v 1.204547 -2.239574 0.629950
v 1.149939 -2.059557 0.629950
v 1.131500 -1.872346 0.629950
v 1.149939 -1.685135 0.629950
v 1.204547 -1.505118 0.629950
v 1.293225 -1.339214 0.629950
v 1.412564 -1.193797 0.629950
v 1.557981 -1.074457 0.629950
v 1.723885 -0.985779 0.629950
v 1.903902 -0.931172 0.629950
v 2.091113 -0.912733 0.629950
v 2.278324 -0.931172 0.629950
v 2.458341 -0.985779 0.629950
v 2.624245 -1.074457 0.629950
v 2.769662 -1.193797 0.629950
v 2.889002 -1.339214 0.629950
v 2.977680 -1.505118 0.629950
v 3.032287 -1.685135 0.629950
v 3.050726 -1.872346 0.629950
v 2.059047 -1.559276 1.382960
v 2.003554 -1.352172 1.350145
v 1.993369 -1.314164 1.316417
v 1.954284 -1.168296 1.117520
v 1.903554 -1.378967 1.350145
v 1.959047 -1.586071 1.382960
v 1.854284 -1.195091 1.117520
v 1.893369 -1.340959 1.316418
v 1.386101 -1.736478 1.117520
v 1.531970 -1.775563 1.316418
v 1.569978 -1.785748 1.350145
v 1.777082 -1.841241 1.382960
v 1.803877 -1.741241 1.382960
v 1.596773 -1.685748 1.350145
v 1.558765 -1.675564 1.316418
v 1.412896 -1.636478 1.117520
v 2.557230 -1.329855 1.117520
v 2.450447 -1.436638 1.316417
v 2.422623 -1.464462 1.350145
v 2.271013 -1.616072 1.382960
v 2.523653 -1.509843 1.316417
v 2.630435 -1.403060 1.117520
v 2.344218 -1.689277 1.382960
v 2.495828 -1.537667 1.350145
v 2.608118 -1.956737 1.350145
v 2.401014 -1.901244 1.382960
v 2.791995 -2.006006 1.117520
v 2.646126 -1.966921 1.316417
v 2.619331 -2.066921 1.316417
v 2.765200 -2.106006 1.117520
v 2.374220 -2.001244 1.382960
v 2.581323 -2.056737 1.350145
v 2.323812 -2.547394 1.117520
v 2.284727 -2.401525 1.316418
v 2.274543 -2.363517 1.350145
v 2.219049 -2.156414 1.382960
v 2.184727 -2.428320 1.316418
v 2.223812 -2.574189 1.117520
v 2.119049 -2.183209 1.382960
v 2.174543 -2.390312 1.350145
v 1.833878 -2.053207 1.382960
v 1.682268 -2.204818 1.350145
v 1.654444 -2.232642 1.316418
v 1.547661 -2.339425 1.117520
v 1.755473 -2.278023 1.350145
v 1.907083 -2.126412 1.382960
v 1.620866 -2.412630 1.117520
v 1.727649 -2.305847 1.316418
vt 0.892034 0.768185
vt 0.914528 0.802690
vt 0.892034 0.802690
vt 0.654861 0.984488
vt 0.638333 0.961938
vt 0.654861 0.945409
vt 0.852935 0.610850
vt 0.885662 0.756769
vt 0.852935 0.756769
vt 0.682409 0.945409
vt 0.654861 0.813180
vt 0.682409 0.813180
vt 0.682409 0.984488
vt 0.937269 0.613896
vt 0.993343 0.642900
vt 0.908266 0.642900
vt 0.885662 0.802971
vt 0.852935 0.802971
vt 0.937269 0.711142
vt 0.993343 0.711142
vt 0.892034 0.868377
vt 0.914528 0.868377
vt 0.993343 0.852294
vt 0.935819 0.852294
vt 0.885662 0.898535
vt 0.852935 0.898535
vt 0.780109 0.836908
vt 0.800818 0.810393
vt 0.800818 0.836908
vt 0.832370 0.810393
vt 0.710536 0.368483
vt 0.685492 0.335927
vt 0.710536 0.335927
vt 0.914528 0.933611
vt 0.935819 0.992479
vt 0.885662 0.993445
vt 0.842976 0.900869
vt 0.832370 0.914127
vt 0.832370 0.900869
vt 0.790212 0.895240
vt 0.769455 0.892134
vt 0.766349 0.836908
vt 0.800818 0.914127
vt 0.832370 0.892752
vt 0.800818 0.884634
vt 0.832370 0.884634
vt 0.800818 0.892752
vt 0.832370 0.922244
vt 0.832370 0.930361
vt 0.800817 0.922244
vt 0.832370 0.836908
vt 0.775648 0.345944
vt 0.772714 0.365549
vt 0.720553 0.368483
vt 0.842976 0.892752
vt 0.720553 0.335927
vt 0.842976 0.922244
vt 0.842976 0.884634
vt 0.842976 0.930361
vt 0.832370 0.978088
vt 0.842976 0.914127
vt 0.842976 0.836908
vt 0.631486 0.945409
vt 0.833298 0.756769
vt 0.599531 0.936004
vt 0.599531 0.813180
vt 0.682409 0.997789
vt 0.654861 0.997789
vt 0.638333 0.984488
vt 0.638333 0.997789
vt 0.800817 0.978088
vt 0.758897 0.810393
vt 0.758897 0.836908
vt 0.758897 0.852817
vt 0.793366 0.852817
vt 0.742988 0.836908
vt 0.742988 0.810393
vt 0.914528 0.768185
vt 0.885662 0.610850
vt 0.993343 0.613896
vt 0.780109 0.810393
vt 0.685492 0.368483
vt 0.892034 0.933611
vt 0.993343 0.992479
vt 0.852935 0.993445
vt 0.797711 0.892134
vt 0.776954 0.895240
vt 0.766348 0.884634
vt 0.800818 0.900869
vt 0.800817 0.930361
vt 0.765631 0.335927
vt 0.772714 0.338861
vt 0.775648 0.358466
vt 0.765631 0.368483
vt 0.842976 0.978088
vt 0.631486 0.813180
vt 0.833298 0.610850
vt 0.608936 0.945409
vt 0.241622 0.510735
vt 0.262199 0.510897
vt 0.286090 0.562227
vt 0.489608 0.005306
vt 0.412377 0.408469
vt 0.393727 0.416523
vt 0.489280 0.541730
vt 0.476932 0.554704
vt 0.467015 0.487651
vt 0.355586 0.650679
vt 0.322106 0.581599
vt 0.355325 0.581474
vt 0.355122 0.527739
vt 0.321971 0.545776
vt 0.321904 0.527865
vt 0.355189 0.545651
vt 0.322039 0.563688
vt 0.322571 0.704539
vt 0.355721 0.686502
vt 0.355789 0.704413
vt 0.322503 0.686627
vt 0.355654 0.668590
vt 0.322435 0.668716
vt 0.359014 0.718922
vt 0.466215 0.740939
vt 0.359014 0.740939
vt 0.524386 0.718922
vt 0.496445 0.740938
vt 0.496445 0.718922
vt 0.465644 0.774585
vt 0.465073 0.808231
vt 0.597839 0.740938
vt 0.554889 0.718922
vt 0.597839 0.718922
vt 0.422129 0.652351
vt 0.465644 0.685276
vt 0.466215 0.718922
vt 0.554889 0.740938
vt 0.539637 0.718922
vt 0.539637 0.740938
vt 0.481330 0.718922
vt 0.481330 0.740938
vt 0.489863 0.632665
vt 0.457290 0.585440
vt 0.489863 0.585440
vt 0.556644 0.632665
vt 0.540452 0.585440
vt 0.556644 0.585440
vt 0.506172 0.632665
vt 0.540452 0.632665
vt 0.506172 0.585440
vt 0.545275 0.644195
vt 0.590017 0.689389
vt 0.545755 0.678472
vt 0.383404 0.632665
vt 0.362342 0.585440
vt 0.383404 0.585440
vt 0.621737 0.632665
vt 0.590017 0.528716
vt 0.621737 0.585440
vt 0.545755 0.539634
vt 0.557446 0.528264
vt 0.545275 0.573910
vt 0.557446 0.689842
vt 0.387036 0.496738
vt 0.390568 0.561476
vt 0.373158 0.557269
vt 0.360184 0.544921
vt 0.459751 0.559766
vt 0.413904 0.510586
vt 0.493487 0.524320
vt 0.289409 0.496661
vt 0.303742 0.557895
vt 0.316852 0.545313
vt 0.213057 0.493957
vt 0.216178 0.560147
vt 0.199008 0.555032
vt 0.186683 0.541999
vt 0.182530 0.524541
vt 0.480205 0.713200
vt 0.485803 0.699160
vt 0.485331 0.671223
vt 0.479258 0.657233
vt 0.465073 0.651630
vt 0.479258 0.802628
vt 0.485803 0.760701
vt 0.480205 0.746661
vt 0.485331 0.788638
vt 0.353162 0.008700
vt 0.320336 0.112629
vt 0.319944 0.008825
vt 0.353554 0.112504
vt 0.351243 0.008725
vt 0.015007 0.718923
vt 0.015007 0.740939
vt 0.182530 0.004687
vt 0.263125 0.406809
vt 0.242722 0.406644
vt 0.322372 0.007743
vt 0.069176 0.510735
vt 0.089753 0.510897
vt 0.113644 0.562227
vt 0.317162 0.005306
vt 0.239931 0.408469
vt 0.221281 0.416523
vt 0.316834 0.541730
vt 0.304486 0.554704
vt 0.294569 0.487651
vt 0.183140 0.650679
vt 0.149661 0.581599
vt 0.182879 0.581474
vt 0.182676 0.527740
vt 0.149525 0.545776
vt 0.149458 0.527865
vt 0.182744 0.545651
vt 0.149593 0.563688
vt 0.150125 0.704539
vt 0.183276 0.686502
vt 0.183343 0.704413
vt 0.150057 0.686627
vt 0.183208 0.668590
vt 0.149990 0.668716
vt 0.358473 0.718923
vt 0.465674 0.740939
vt 0.358473 0.740939
vt 0.523845 0.718922
vt 0.495904 0.740938
vt 0.495904 0.718922
vt 0.465103 0.774585
vt 0.464532 0.808231
vt 0.597298 0.740938
vt 0.554348 0.718922
vt 0.597298 0.718922
vt 0.421588 0.652351
vt 0.465103 0.685276
vt 0.465674 0.718922
vt 0.554348 0.740938
vt 0.539097 0.718922
vt 0.539097 0.740938
vt 0.480789 0.718922
vt 0.480790 0.740939
vt 0.214590 0.496738
vt 0.218122 0.561476
vt 0.200712 0.557269
vt 0.187738 0.544921
vt 0.287305 0.559766
vt 0.241458 0.510587
vt 0.321041 0.524320
vt 0.116963 0.496661
vt 0.131296 0.557895
vt 0.144407 0.545313
vt 0.040612 0.493957
vt 0.043732 0.560147
vt 0.026563 0.555032
vt 0.014238 0.541999
vt 0.010084 0.524541
vt 0.479664 0.713200
vt 0.485262 0.699160
vt 0.484790 0.671223
vt 0.478717 0.657233
vt 0.464532 0.651630
vt 0.478718 0.802628
vt 0.485262 0.760701
vt 0.479664 0.746661
vt 0.484790 0.788638
vt 0.180716 0.008700
vt 0.147890 0.112629
vt 0.147498 0.008825
vt 0.181108 0.112504
vt 0.178797 0.008725
vt 0.014467 0.718923
vt 0.014467 0.740940
vt 0.010084 0.004687
vt 0.090679 0.406809
vt 0.070276 0.406644
vt 0.149926 0.007743
vt 0.041319 0.640085
vt 0.048123 0.567897
vt 0.048068 0.640090
vt 0.091856 0.640067
vt 0.088455 0.567875
vt 0.095205 0.567872
vt 0.081814 0.640078
vt 0.034570 0.640080
vt 0.041374 0.567892
vt 0.081706 0.567885
vt 0.031332 0.567879
vt 0.074957 0.567895
vt 0.024528 0.640068
vt 0.021290 0.567867
vt 0.068316 0.640098
vt 0.075065 0.640088
vt 0.017778 0.640055
vt 0.112104 0.640045
vt 0.105247 0.567862
vt 0.111996 0.567852
vt 0.061567 0.640100
vt 0.064915 0.567905
vt 0.105355 0.640055
vt 0.011247 0.567842
vt 0.054872 0.567902
vt 0.054817 0.640095
vt 0.098605 0.640065
vt 0.118745 0.567842
vt 0.118853 0.640035
vt 0.203386 0.653880
vt 0.252675 0.674297
vt 0.216271 0.718655
vt 0.247843 0.705742
vt 0.199276 0.710525
vt 0.199276 0.657175
vt 0.375498 0.480017
vt 0.474507 0.468769
vt 0.471095 0.438735
vt 0.371238 0.460154
vt 0.459557 0.422014
vt 0.379579 0.431101
vt 0.432689 0.408165
vt 0.322368 0.650804
vt 0.355257 0.563563
vt 0.524386 0.740938
vt 0.422129 0.807510
vt 0.457290 0.632665
vt 0.362342 0.632665
vt 0.642307 0.580916
vt 0.642307 0.637190
vt 0.443938 0.507174
vt 0.203707 0.479271
vt 0.301010 0.479645
vt 0.305221 0.459500
vt 0.199888 0.459461
vt 0.204282 0.437423
vt 0.300863 0.438172
vt 0.223782 0.414267
vt 0.289721 0.421211
vt 0.203053 0.480017
vt 0.302061 0.468769
vt 0.298649 0.438735
vt 0.198792 0.460154
vt 0.287111 0.422014
vt 0.207133 0.431101
vt 0.260243 0.408165
vt 0.149922 0.650804
vt 0.182811 0.563562
vt 0.523845 0.740938
vt 0.421588 0.807510
vt 0.271492 0.507174
vt 0.031261 0.479271
vt 0.128564 0.479645
vt 0.132775 0.459500
vt 0.027442 0.459461
vt 0.031836 0.437423
vt 0.128417 0.438171
vt 0.051336 0.414267
vt 0.117276 0.421211
vt 0.011029 0.640034
vt 0.186631 0.674296
vt 0.192978 0.662422
vt 0.223036 0.649972
vt 0.235920 0.653880
vt 0.246328 0.662422
vt 0.252675 0.694331
vt 0.241545 0.710989
vt 0.229670 0.717336
vt 0.197762 0.710989
vt 0.186631 0.694331
vt 0.211151 0.650828
vt 0.224551 0.649509
vt 0.237435 0.653417
vt 0.247843 0.661959
vt 0.254190 0.673833
vt 0.254190 0.693868
vt 0.237435 0.714284
vt 0.224550 0.718192
vt 0.211151 0.716872
vt 0.190735 0.700117
vt 0.186826 0.687233
vt 0.190735 0.667583
vt 0.751505 0.779437
vt 0.757621 0.724299
vt 0.757622 0.779437
vt 0.745389 0.779437
vt 0.751505 0.724299
vt 0.739273 0.779437
vt 0.745389 0.724299
vt 0.733157 0.779437
vt 0.739273 0.724299
vt 0.727041 0.779437
vt 0.733157 0.724299
vt 0.720925 0.779437
vt 0.727041 0.724299
vt 0.714809 0.779437
vt 0.720925 0.724299
vt 0.708693 0.779437
vt 0.714809 0.724299
vt 0.702577 0.779437
vt 0.708693 0.724299
vt 0.696461 0.779437
vt 0.702577 0.724299
vt 0.690345 0.779437
vt 0.696461 0.724299
vt 0.763737 0.724299
vt 0.763738 0.779437
vt 0.749267 0.793908
vt 0.752325 0.782495
vt 0.772092 0.787792
vt 0.690345 0.724299
vt 0.769034 0.782495
vt 0.772092 0.793908
vt 0.757622 0.802263
vt 0.769034 0.799205
vt 0.763738 0.802263
vt 0.752325 0.799205
vt 0.749267 0.787792
vt 0.566835 0.188397
vt 0.972358 0.174418
vt 0.972430 0.185814
vt 0.565584 0.122015
vt 0.971579 0.102075
vt 0.971813 0.122275
vt 0.565029 0.100217
vt 0.971543 0.080541
vt 0.566762 0.177004
vt 0.972183 0.152884
vt 0.566458 0.155205
vt 0.971945 0.132683
vt 0.971603 0.069150
vt 0.565316 0.045226
vt 0.971864 0.047617
vt 0.566100 0.023436
vt 0.972308 0.027420
vt 0.972549 0.227551
vt 0.566808 0.210198
vt 0.972530 0.207349
vt 0.565899 0.133407
vt 0.566533 0.012048
vt 0.564916 0.067024
vt 0.564857 0.078417
vt 0.566527 0.232001
vt 0.972549 0.017014
vt 0.463198 0.188097
vt 0.370971 0.188097
vt 0.463198 0.172459
vt 0.463198 0.203734
vt 0.370971 0.172460
vt 0.370971 0.203734
vt 0.463198 0.156822
vt 0.463198 0.219372
vt 0.370971 0.156822
vt 0.370971 0.219372
vt 0.463198 0.235009
vt 0.370971 0.235009
vt 0.463198 0.141185
vt 0.370971 0.141185
vt 0.463198 0.250647
vt 0.370971 0.250647
vt 0.463198 0.125547
vt 0.370971 0.125547
vt 0.463198 0.109910
vt 0.463198 0.266284
vt 0.370971 0.109910
vt 0.370971 0.266284
vt 0.463198 0.281921
vt 0.463197 0.094272
vt 0.370971 0.094272
vt 0.370971 0.281921
vt 0.463198 0.078635
vt 0.370971 0.297559
vt 0.370971 0.078635
vt 0.463198 0.297559
vt 0.463197 0.062998
vt 0.370971 0.062998
vt 0.463198 0.313196
vt 0.370971 0.313196
vt 0.463198 0.328834
vt 0.463197 0.047360
vt 0.370971 0.047360
vt 0.370971 0.328834
vt 0.463198 0.344471
vt 0.370971 0.344471
vt 0.463197 0.031723
vt 0.370971 0.547757
vt 0.370971 0.532120
vt 0.463197 0.532120
vt 0.463197 0.516482
vt 0.463198 0.360108
vt 0.370971 0.516482
vt 0.370971 0.360108
vt 0.463197 0.500845
vt 0.463198 0.375746
vt 0.370971 0.375746
vt 0.370971 0.500845
vt 0.463198 0.391383
vt 0.463198 0.485208
vt 0.370971 0.391383
vt 0.370971 0.485208
vt 0.463198 0.407021
vt 0.463198 0.469570
vt 0.370971 0.407021
vt 0.370971 0.469570
vt 0.463198 0.422658
vt 0.463198 0.453933
vt 0.370971 0.453933
vt 0.370971 0.422658
vt 0.463198 0.438295
vt 0.370971 0.438295
vt 0.053261 0.802122
vt 0.035664 0.793556
vt 0.055556 0.793556
vt 0.037959 0.859227
vt 0.018438 0.857847
vt 0.024708 0.851577
vt 0.017057 0.823024
vt 0.008492 0.840620
vt 0.008492 0.820729
vt 0.074163 0.838325
vt 0.072783 0.857847
vt 0.066512 0.851576
vt 0.072783 0.803502
vt 0.066512 0.809773
vt 0.017057 0.838325
vt 0.759651 0.236742
vt 0.751085 0.219145
vt 0.759651 0.221440
vt 0.055556 0.867793
vt 0.053261 0.859227
vt 0.074163 0.823024
vt 0.082729 0.820729
vt 0.024708 0.809773
vt 0.037959 0.802122
vt 0.035664 0.867793
vt 0.082729 0.840620
vt 0.915727 0.083729
vt 0.938390 0.068427
vt 0.938390 0.083729
vt 0.915727 0.114331
vt 0.938390 0.099030
vt 0.938390 0.114331
vt 0.915727 0.144934
vt 0.938390 0.129633
vt 0.938390 0.144934
vt 0.385927 0.944544
vt 0.411633 0.913230
vt 0.411633 0.944544
vt 0.915727 0.175537
vt 0.938390 0.160235
vt 0.938390 0.175537
vt 0.915727 0.206139
vt 0.938390 0.190838
vt 0.938390 0.206139
vt 0.915727 0.236742
vt 0.938390 0.221440
vt 0.938390 0.236742
vt 0.392729 0.626002
vt 0.367023 0.587929
vt 0.392729 0.587929
vt 0.392739 0.626370
vt 0.367033 0.588297
vt 0.392739 0.588297
vt 0.392570 0.626370
vt 0.366864 0.588297
vt 0.392570 0.588297
vt 0.392065 0.586984
vt 0.366359 0.625057
vt 0.366358 0.586984
vt 0.392475 0.625222
vt 0.366769 0.587149
vt 0.392475 0.587149
vt 0.098480 0.984914
vt 0.128781 0.934861
vt 0.131181 0.983294
vt 0.324552 0.774464
vt 0.350258 0.659558
vt 0.350258 0.774464
vt 0.325226 0.775777
vt 0.350932 0.660871
vt 0.350932 0.775777
vt 0.411623 0.944176
vt 0.385917 0.912862
vt 0.411623 0.912862
vt 0.367033 0.731655
vt 0.367033 0.626370
vt 0.385758 0.944544
vt 0.411464 0.913230
vt 0.411464 0.944544
vt 0.385663 0.943396
vt 0.411369 0.912082
vt 0.411369 0.943396
vt 0.350258 0.928233
vt 0.324552 0.887298
vt 0.350258 0.887298
vt 0.325226 0.929546
vt 0.350932 0.888611
vt 0.350932 0.929546
vt 0.308861 0.730507
vt 0.324962 0.659723
vt 0.324962 0.774630
vt 0.203015 0.712239
vt 0.172547 0.742163
vt 0.169824 0.687207
vt 0.206741 0.688296
vt 0.167800 0.646359
vt 0.366769 0.730507
vt 0.392475 0.730507
vt 0.089444 0.802547
vt 0.096080 0.936481
vt 0.173330 0.559910
vt 0.134555 0.601420
vt 0.143669 0.554187
vt 0.137123 0.688827
vt 0.135099 0.647979
vt 0.350668 0.659723
vt 0.366769 0.625222
vt 0.375723 0.796911
vt 0.350668 0.774630
vt 0.375723 0.734902
vt 0.299907 0.796911
vt 0.324962 0.817830
vt 0.367023 0.731287
vt 0.392729 0.731287
vt 0.379575 0.815542
vt 0.405282 0.802674
vt 0.405282 0.815542
vt 0.352735 0.927365
vt 0.327029 0.886430
vt 0.352735 0.886430
vt 0.350668 0.849941
vt 0.350668 0.817830
vt 0.309115 0.731287
vt 0.325216 0.660503
vt 0.325216 0.775409
vt 0.282497 0.890651
vt 0.325216 0.850721
vt 0.325216 0.888243
vt 0.393641 0.890651
vt 0.350922 0.850721
vt 0.393641 0.836793
vt 0.375977 0.797691
vt 0.350922 0.775409
vt 0.375977 0.735682
vt 0.405536 0.816322
vt 0.379829 0.803453
vt 0.405536 0.803453
vt 0.350922 0.660503
vt 0.325216 0.929178
vt 0.350922 0.888243
vt 0.350922 0.929178
vt 0.350922 0.818610
vt 0.379839 0.816690
vt 0.405545 0.803821
vt 0.405545 0.816690
vt 0.325226 0.851088
vt 0.350932 0.818978
vt 0.350932 0.851088
vt 0.375987 0.798059
vt 0.375987 0.736050
vt 0.392739 0.731655
vt 0.366864 0.731655
vt 0.392570 0.731655
vt 0.300171 0.798059
vt 0.325226 0.818978
vt 0.308957 0.731655
vt 0.325057 0.660871
vt 0.325057 0.775777
vt 0.300003 0.798059
vt 0.325057 0.818978
vt 0.350764 0.660871
vt 0.366864 0.626370
vt 0.375818 0.798059
vt 0.350764 0.775777
vt 0.375818 0.736050
vt 0.379671 0.816690
vt 0.405377 0.803821
vt 0.405377 0.816690
vt 0.350764 0.929546
vt 0.325057 0.888611
vt 0.350764 0.888611
vt 0.350764 0.851089
vt 0.350764 0.818978
vt 0.308451 0.730342
vt 0.324552 0.659558
vt 0.299497 0.796746
vt 0.324552 0.817665
vt 0.324552 0.849775
vt 0.350258 0.817665
vt 0.350258 0.849775
vt 0.392065 0.730342
vt 0.392065 0.625057
vt 0.385253 0.943231
vt 0.410959 0.911917
vt 0.410959 0.943231
vt 0.404872 0.815377
vt 0.379166 0.802508
vt 0.404872 0.802508
vt 0.851024 0.083729
vt 0.915727 0.068427
vt 0.052560 0.968036
vt 0.067012 0.952734
vt 0.067012 0.968036
vt 0.851024 0.099030
vt 0.915727 0.099030
vt 0.052560 0.983337
vt 0.067012 0.983337
vt 0.851024 0.114331
vt 0.948007 0.533596
vt 0.557964 0.479113
vt 0.948007 0.479114
vt 0.851024 0.129633
vt 0.915727 0.129633
vt 0.021310 0.952709
vt 0.035762 0.937407
vt 0.035762 0.952709
vt 0.851024 0.144934
vt 0.021310 0.968010
vt 0.035762 0.968010
vt 0.851024 0.160235
vt 0.915727 0.160235
vt 0.021310 0.983311
vt 0.035762 0.983311
vt 0.851024 0.175537
vt 0.488059 0.282086
vt 0.520375 0.063579
vt 0.520375 0.282086
vt 0.915727 0.190838
vt 0.051522 0.897372
vt 0.066823 0.882920
vt 0.066823 0.897372
vt 0.851024 0.206139
vt 0.036221 0.897372
vt 0.051522 0.882920
vt 0.851024 0.221440
vt 0.915727 0.221440
vt 0.020919 0.882920
vt 0.020919 0.897372
vt 0.851024 0.236742
vt 0.589753 0.276734
vt 0.620275 0.058228
vt 0.620275 0.276734
vt 0.851024 0.068427
vt 0.915727 0.053126
vt 0.836572 0.068427
vt 0.851024 0.053126
vt 0.526915 0.058228
vt 0.494599 0.027706
vt 0.526916 0.027706
vt 0.557964 0.309259
vt 0.503482 0.366945
vt 0.503482 0.309259
vt 0.488059 0.033057
vt 0.520375 0.033058
vt 0.557437 0.058228
vt 0.589753 0.058228
vt 0.583213 0.282086
vt 0.613735 0.063579
vt 0.613735 0.282086
vt 0.526915 0.276734
vt 0.494599 0.058228
vt 0.948007 0.421428
vt 0.557964 0.421427
vt 0.557437 0.276734
vt 0.557964 0.366945
vt 0.948007 0.366945
vt 0.948007 0.309259
vt 0.550897 0.063579
vt 0.550897 0.282086
vt 0.583213 0.063579
vt 0.209319 0.591439
vt 0.163364 0.604294
vt 0.379575 0.802674
vt 0.393387 0.889871
vt 0.393387 0.836013
vt 0.296055 0.815542
vt 0.324962 0.849941
vt 0.282243 0.889871
vt 0.324962 0.887463
vt 0.379829 0.816322
vt 0.296309 0.816322
vt 0.325216 0.818610
vt 0.300161 0.797691
vt 0.296319 0.816690
vt 0.282507 0.891019
vt 0.325226 0.888611
vt 0.379839 0.803821
vt 0.393651 0.891019
vt 0.393651 0.837161
vt 0.379671 0.803821
vt 0.393483 0.891019
vt 0.393483 0.837161
vt 0.296150 0.816690
vt 0.325057 0.851089
vt 0.282338 0.891019
vt 0.295645 0.815377
vt 0.281833 0.889706
vt 0.139846 0.743783
vt 0.147088 0.889956
vt 0.759651 0.083729
vt 0.836572 0.083729
vt 0.759651 0.099030
vt 0.836572 0.099030
vt 0.759651 0.114331
vt 0.836572 0.114331
vt 0.759651 0.129633
vt 0.836572 0.129633
vt 0.759651 0.144934
vt 0.836572 0.144934
vt 0.759651 0.160235
vt 0.836572 0.160235
vt 0.759651 0.175536
vt 0.836572 0.175537
vt 0.836572 0.190838
vt 0.759651 0.206139
vt 0.836572 0.206139
vt 0.836572 0.221441
vt 0.836572 0.236742
vt 0.759651 0.068427
vt 0.836573 0.053126
vt 0.904258 0.728522
vt 0.918833 0.703896
vt 0.913384 0.731290
vt 0.674265 0.605589
vt 0.686645 0.579788
vt 0.692694 0.587160
vt 0.894285 0.752601
vt 0.902695 0.757096
vt 0.709869 0.564270
vt 0.714364 0.572680
vt 0.879805 0.774271
vt 0.887177 0.780320
vt 0.735674 0.553581
vt 0.738442 0.562707
vt 0.861377 0.792700
vt 0.867426 0.800071
vt 0.764004 0.557622
vt 0.763069 0.548132
vt 0.714364 0.807179
vt 0.735675 0.826278
vt 0.709869 0.815589
vt 0.839707 0.807179
vt 0.844202 0.815589
vt 0.791001 0.548132
vt 0.790067 0.557622
vt 0.692694 0.792700
vt 0.686645 0.800071
vt 0.815628 0.817153
vt 0.818396 0.826278
vt 0.818396 0.553581
vt 0.815628 0.562706
vt 0.666894 0.780321
vt 0.674265 0.774271
vt 0.790066 0.822237
vt 0.791001 0.831727
vt 0.844202 0.564270
vt 0.839706 0.572680
vt 0.651376 0.757096
vt 0.659786 0.752601
vt 0.764004 0.822237
vt 0.763070 0.831727
vt 0.867426 0.579788
vt 0.861377 0.587160
vt 0.640687 0.731291
vt 0.649812 0.728523
vt 0.738443 0.817153
vt 0.879805 0.605589
vt 0.887177 0.599539
vt 0.635238 0.703896
vt 0.644728 0.702961
vt 0.894285 0.627259
vt 0.902695 0.622764
vt 0.635238 0.675964
vt 0.644728 0.676899
vt 0.904258 0.651337
vt 0.913384 0.648569
vt 0.640687 0.648569
vt 0.649812 0.651337
vt 0.909343 0.676899
vt 0.918833 0.675964
vt 0.651376 0.622764
vt 0.659786 0.627259
vt 0.909343 0.702961
vt 0.666894 0.599539
vt 0.838989 0.809207
vt 0.866361 0.801933
vt 0.843243 0.817380
vt 0.814910 0.819181
vt 0.817556 0.828020
vt 0.790287 0.833444
vt 0.789349 0.824265
vt 0.762483 0.833444
vt 0.763286 0.824265
vt 0.735214 0.828020
vt 0.737725 0.819181
vt 0.709527 0.817380
vt 0.713646 0.809207
vt 0.686409 0.801933
vt 0.691976 0.794728
vt 0.666749 0.782273
vt 0.673547 0.776299
vt 0.651302 0.759155
vt 0.659068 0.754629
vt 0.640662 0.733468
vt 0.649094 0.730550
vt 0.635238 0.706199
vt 0.644010 0.704989
vt 0.635238 0.678395
vt 0.644010 0.678926
vt 0.640662 0.651126
vt 0.649094 0.653365
vt 0.651302 0.625439
vt 0.659068 0.629286
vt 0.666749 0.602321
vt 0.673547 0.607616
vt 0.686409 0.582661
vt 0.691976 0.589188
vt 0.709527 0.567214
vt 0.713646 0.574708
vt 0.735214 0.556574
vt 0.737725 0.564735
vt 0.762483 0.551150
vt 0.763286 0.559650
vt 0.789349 0.559650
vt 0.790287 0.551150
vt 0.814910 0.564735
vt 0.817556 0.556574
vt 0.838989 0.574708
vt 0.843243 0.567214
vt 0.860659 0.589188
vt 0.866361 0.582661
vt 0.879088 0.607616
vt 0.886021 0.602321
vt 0.893567 0.629287
vt 0.901468 0.625439
vt 0.903541 0.653365
vt 0.912108 0.651126
vt 0.908625 0.678927
vt 0.917532 0.678395
vt 0.908625 0.704989
vt 0.917532 0.706199
vt 0.903541 0.730551
vt 0.912108 0.733468
vt 0.893567 0.754629
vt 0.901468 0.759155
vt 0.879087 0.776299
vt 0.886021 0.782273
vt 0.860659 0.794728
vt 0.220160 0.554180
vt 0.099658 0.565221
vt 0.106630 0.529090
vt 0.350668 0.928398
vt 0.385663 0.912082
vt 0.324962 0.928398
vt 0.289967 0.912082
vt 0.195810 0.797276
vt 0.179790 0.888336
vt 0.385917 0.944176
vt 0.290221 0.912862
vt 0.385927 0.913230
vt 0.290231 0.913230
vt 0.385758 0.913230
vt 0.325057 0.929546
vt 0.290063 0.913230
vt 0.324552 0.928233
vt 0.289557 0.911916
vt 0.385253 0.911917
vt 0.077776 0.797520
vt 0.106569 0.717018
vt 0.110477 0.795900
vt 0.419094 0.836013
vt 0.401429 0.734902
vt 0.419347 0.836793
vt 0.401683 0.735682
vt 0.419357 0.891019
vt 0.401693 0.736050
vt 0.419189 0.837161
vt 0.401525 0.798059
vt 0.392977 0.835848
vt 0.418684 0.889706
vt 0.392977 0.889706
vt 0.375313 0.734737
vt 0.401019 0.796746
vt 0.375313 0.796746
vt 0.069997 0.559498
vt 0.076970 0.523366
vt 0.367023 0.626002
vt 0.081512 0.599051
vt 0.082293 0.665881
vt 0.100494 0.693560
vt 0.101305 0.709930
vt 0.122145 0.800926
vt 0.309125 0.731655
vt 0.325226 0.660871
vt 0.050395 0.666254
vt 0.049614 0.599424
vt 0.068604 0.711550
vt 0.379166 0.815377
vt 0.366359 0.730342
vt 0.751085 0.239037
vt 0.018437 0.803502
vt 0.308861 0.625222
vt 0.206923 0.791121
vt 0.207553 0.704666
vt 0.299907 0.734902
vt 0.327029 0.927365
vt 0.309116 0.626002
vt 0.282497 0.836793
vt 0.300171 0.736050
vt 0.308957 0.626370
vt 0.300002 0.736050
vt 0.308451 0.625057
vt 0.299497 0.734737
vt 0.052560 0.952734
vt 0.557964 0.533595
vt 0.021310 0.937407
vt 0.488059 0.063579
vt 0.851024 0.190838
vt 0.036221 0.882920
vt 0.494599 0.276734
vt 0.220160 0.653917
vt 0.350668 0.887463
vt 0.296055 0.802674
vt 0.282243 0.836013
vt 0.296309 0.803453
vt 0.300161 0.735682
vt 0.296319 0.803821
vt 0.282507 0.837160
vt 0.296150 0.803821
vt 0.282338 0.837161
vt 0.295645 0.802508
vt 0.281833 0.835848
vt 0.759651 0.190838
vt 0.759651 0.053126
vt 0.289967 0.943396
vt 0.202446 0.931211
vt 0.290221 0.944176
vt 0.290231 0.944544
vt 0.290063 0.944544
vt 0.289557 0.943231
vt 0.073868 0.718638
vt 0.419094 0.889871
vt 0.401429 0.796911
vt 0.419347 0.890651
vt 0.401683 0.797691
vt 0.419357 0.837161
vt 0.401693 0.798059
vt 0.419189 0.891019
vt 0.401525 0.736050
vt 0.418684 0.835848
vt 0.401019 0.734737
vt 0.309125 0.626370
vt 0.067793 0.695180
vt 0.232807 0.594563
vt 0.240762 0.603562
vt 0.232461 0.601632
vt 0.198973 0.580562
vt 0.209438 0.566528
vt 0.210555 0.575731
vt 0.197826 0.612659
vt 0.207263 0.627403
vt 0.191235 0.619333
vt 0.217574 0.576043
vt 0.210243 0.566457
vt 0.219474 0.566967
vt 0.057949 0.714444
vt 0.046703 0.646475
vt 0.058043 0.646457
vt 0.029269 0.714404
vt 0.040703 0.646467
vt 0.040609 0.714454
vt 0.018631 0.714308
vt 0.029363 0.646417
vt 0.068587 0.714377
vt 0.068682 0.646391
vt 0.096047 0.714255
vt 0.102141 0.646276
vt 0.102047 0.714263
vt 0.084706 0.714272
vt 0.074163 0.646352
vt 0.084801 0.646286
vt 0.013150 0.714255
vt 0.018725 0.646321
vt 0.113481 0.646325
vt 0.113387 0.714312
vt 0.096141 0.646268
vt 0.074068 0.714339
vt 0.046609 0.714462
vt 0.124119 0.646422
vt 0.124025 0.714408
vt 0.228709 0.581829
vt 0.241256 0.593453
vt 0.235398 0.575242
vt 0.227141 0.613906
vt 0.216500 0.627796
vt 0.215494 0.618578
vt 0.185140 0.601200
vt 0.193564 0.599979
vt 0.193817 0.592905
vt 0.185502 0.591086
vt 0.192875 0.573434
vt 0.209034 0.618303
vt 0.233155 0.621113
vt 0.211118 0.575686
vt 0.013244 0.646268
vt 0.210617 0.819606
vt 0.118606 0.996451
vt 0.118606 0.819606
vt 0.316598 0.638264
vt 0.295815 0.658845
vt 0.291751 0.641371
vt 0.062210 0.819606
vt 0.006945 0.996451
vt 0.006945 0.819605
vt 0.267978 0.641369
vt 0.273802 0.643137
vt 0.315475 0.638254
vt 0.285919 0.643221
vt 0.291742 0.641452
vt 0.243029 0.638456
vt 0.243338 0.586724
vt 0.249404 0.606719
vt 0.523274 0.996451
vt 0.495075 0.819605
vt 0.523274 0.819605
vt 0.495075 0.996451
vt 0.466877 0.819605
vt 0.090408 0.996451
vt 0.062210 0.996451
vt 0.090408 0.819606
vt 0.323961 0.819606
vt 0.261522 0.996451
vt 0.261522 0.819606
vt 0.244234 0.638171
vt 0.244241 0.586658
vt 0.249416 0.606634
vt 0.250272 0.652759
vt 0.262611 0.638499
vt 0.264856 0.658808
vt 0.254048 0.629934
vt 0.257908 0.634638
vt 0.349414 0.996451
vt 0.323961 0.996451
vt 0.349414 0.819605
vt 0.374867 0.996451
vt 0.236070 0.996451
vt 0.210617 0.996451
vt 0.236069 0.819606
vt 0.466877 0.996451
vt 0.294873 0.658884
vt 0.267968 0.641461
vt 0.273800 0.643230
vt 0.309443 0.652836
vt 0.262585 0.638580
vt 0.263919 0.658955
vt 0.249275 0.653010
vt 0.253970 0.629908
vt 0.257859 0.634689
vt 0.248790 0.573597
vt 0.267994 0.584120
vt 0.262630 0.586983
vt 0.257926 0.590834
vt 0.310013 0.573608
vt 0.308528 0.600913
vt 0.305660 0.595550
vt 0.316413 0.586632
vt 0.310337 0.618753
vt 0.310925 0.612692
vt 0.291735 0.584013
vt 0.310960 0.573486
vt 0.297807 0.568042
vt 0.262615 0.586884
vt 0.249695 0.573494
vt 0.262859 0.568042
vt 0.273803 0.582250
vt 0.267981 0.584016
vt 0.257911 0.590744
vt 0.297127 0.638494
vt 0.301533 0.634870
vt 0.310444 0.652850
vt 0.285921 0.643141
vt 0.279861 0.643735
vt 0.297106 0.638584
vt 0.301808 0.634724
vt 0.250949 0.624158
vt 0.251132 0.624484
vt 0.254062 0.595528
vt 0.251184 0.600892
vt 0.249389 0.618838
vt 0.248796 0.612795
vt 0.251180 0.624567
vt 0.254051 0.595447
vt 0.251183 0.600812
vt 0.249414 0.618744
vt 0.248819 0.612689
vt 0.374867 0.819605
vt 0.279861 0.643821
vt 0.261929 0.568160
vt 0.273814 0.582357
vt 0.296856 0.568160
vt 0.315465 0.586765
vt 0.305666 0.630021
vt 0.308532 0.624657
vt 0.279865 0.581764
vt 0.310296 0.618837
vt 0.310891 0.612784
vt 0.285917 0.582360
vt 0.291737 0.584125
vt 0.310294 0.606732
vt 0.297100 0.586992
vt 0.301801 0.590850
vt 0.297102 0.586875
vt 0.301886 0.634594
vt 0.305612 0.630063
vt 0.301807 0.590729
vt 0.305671 0.595429
vt 0.308548 0.624621
vt 0.308545 0.600796
vt 0.310320 0.606625
vt 0.285913 0.582248
vt 0.279858 0.581653
vt 0.228492 0.766132
vt 0.243272 0.773513
vt 0.228492 0.773513
vt 0.956618 0.068427
vt 0.956618 0.083729
vt 0.956618 0.099030
vt 0.956618 0.114331
vt 0.956618 0.129633
vt 0.956618 0.144934
vt 0.956618 0.160235
vt 0.956618 0.175537
vt 0.956618 0.190838
vt 0.956618 0.206139
vt 0.956618 0.221440
vt 0.956618 0.236742
vt 0.956618 0.053126
vt 0.256616 0.587695
vt 0.249486 0.570483
vt 0.260306 0.581303
vt 0.262738 0.562833
vt 0.266698 0.577613
vt 0.278039 0.562833
vt 0.274079 0.577613
vt 0.280471 0.581303
vt 0.291290 0.570483
vt 0.298941 0.583735
vt 0.284161 0.587695
vt 0.284161 0.595076
vt 0.298941 0.599036
vt 0.291290 0.612287
vt 0.280471 0.601468
vt 0.274079 0.605158
vt 0.278039 0.619938
vt 0.262738 0.619938
vt 0.266698 0.605158
vt 0.249486 0.612287
vt 0.260306 0.601468
vt 0.241836 0.599036
vt 0.256616 0.595076
vt 0.241836 0.583735
vt 0.150003 0.911632
vt 0.173858 0.918024
vt 0.156395 0.935487
vt 0.228492 0.788274
vt 0.243272 0.795655
vt 0.228492 0.795655
vt 0.228492 0.736609
vt 0.243272 0.743989
vt 0.228492 0.743989
vt 0.228492 0.721847
vt 0.243272 0.729228
vt 0.228492 0.729228
vt 0.228492 0.758751
vt 0.243272 0.766132
vt 0.243272 0.780893
vt 0.243272 0.788274
vt 0.243272 0.736609
vt 0.228492 0.803036
vt 0.243272 0.810416
vt 0.228492 0.810416
vt 0.228492 0.751370
vt 0.243272 0.758751
vt 0.228492 0.780893
vt 0.243272 0.803036
vt 0.243272 0.751370
vt 0.709475 0.020228
vt 0.751086 0.000337
vt 0.751086 0.020228
vt 0.709475 0.239037
vt 0.709475 0.219145
vt 0.751085 0.199254
vt 0.709475 0.199253
vt 0.751085 0.179362
vt 0.709475 0.159470
vt 0.751085 0.159470
vt 0.751085 0.139578
vt 0.709475 0.139578
vt 0.751085 0.119687
vt 0.709475 0.119687
vt 0.751085 0.099795
vt 0.709475 0.099795
vt 0.751085 0.079903
vt 0.709475 0.079903
vt 0.751085 0.060012
vt 0.662410 0.266209
vt 0.645184 0.201918
vt 0.709475 0.060012
vt 0.751085 0.040120
vt 0.709475 0.040120
vt 0.938390 0.053126
vt 0.150003 0.931796
vt 0.146312 0.925404
vt 0.146312 0.918024
vt 0.156395 0.907941
vt 0.163775 0.907941
vt 0.170167 0.911632
vt 0.173858 0.925404
vt 0.170167 0.931796
vt 0.163775 0.935487
vt 0.243272 0.721847
vt 0.709475 0.000336
vt 0.709475 0.179362
vt 0.699529 0.256264
vt 0.682302 0.266209
vt 0.645184 0.256264
vt 0.635238 0.239037
vt 0.635238 0.219145
vt 0.662410 0.191973
vt 0.682302 0.191973
vt 0.699529 0.201918
vt 0.049333 0.393103
vt 0.056719 0.367919
vt 0.057243 0.393467
vt 0.049014 0.367742
vt 0.058216 0.341468
vt 0.050214 0.341489
vt 0.056363 0.315434
vt 0.048549 0.315527
vt 0.056812 0.288256
vt 0.048704 0.288517
vt 0.053956 0.261559
vt 0.046032 0.261886
vt 0.053463 0.233539
vt 0.045241 0.234071
vt 0.049528 0.206077
vt 0.041484 0.206725
vt 0.047846 0.177070
vt 0.039481 0.178037
vt 0.042244 0.148682
vt 0.034042 0.149940
vt 0.038224 0.118329
vt 0.029619 0.120286
vt 0.028899 0.088586
vt 0.020130 0.091446
vt 0.018582 0.057989
vt 0.180339 0.484432
vt 0.200389 0.463003
vt 0.186607 0.488547
vt 0.199605 0.432092
vt 0.192339 0.459952
vt 0.206428 0.405494
vt 0.207244 0.434157
vt 0.209195 0.377809
vt 0.214289 0.406953
vt 0.213208 0.351192
vt 0.216807 0.378743
vt 0.214126 0.323709
vt 0.221057 0.351885
vt 0.216784 0.297118
vt 0.221776 0.324113
vt 0.216582 0.269747
vt 0.224696 0.297386
vt 0.218218 0.243158
vt 0.224315 0.269797
vt 0.216997 0.215890
vt 0.226228 0.243098
vt 0.217544 0.189326
vt 0.224825 0.215629
vt 0.215034 0.162241
vt 0.225652 0.188924
vt 0.213874 0.135800
vt 0.222937 0.161574
vt 0.208829 0.109207
vt 0.222050 0.134794
vt 0.203469 0.083531
vt 0.216702 0.107579
vt 0.191969 0.059762
vt 0.211380 0.080836
vt 0.038478 0.467473
vt 0.033685 0.493445
vt 0.026911 0.489005
vt 0.051199 0.444065
vt 0.046291 0.470494
vt 0.044019 0.442955
vt 0.053886 0.419402
vt 0.046359 0.418638
vt 0.167973 0.137966
vt 0.160215 0.105757
vt 0.169987 0.106548
vt 0.340828 0.188084
vt 0.330506 0.216454
vt 0.331876 0.187947
vt 0.169529 0.167784
vt 0.158204 0.137724
vt 0.339704 0.216743
vt 0.331817 0.245671
vt 0.168727 0.198273
vt 0.160191 0.167626
vt 0.340723 0.245998
vt 0.329767 0.274029
vt 0.170397 0.227292
vt 0.159283 0.198221
vt 0.338930 0.274543
vt 0.330324 0.303213
vt 0.169276 0.256968
vt 0.161321 0.227102
vt 0.339206 0.303762
vt 0.327577 0.331501
vt 0.165183 0.423701
vt 0.158650 0.395956
vt 0.167011 0.396460
vt 0.170358 0.285248
vt 0.160090 0.256773
vt 0.336719 0.332214
vt 0.327561 0.360707
vt 0.167260 0.449749
vt 0.156610 0.423578
vt 0.168619 0.314106
vt 0.161530 0.284878
vt 0.333693 0.389740
vt 0.336426 0.361379
vt 0.172467 0.476584
vt 0.158775 0.450670
vt 0.169061 0.341645
vt 0.159683 0.313716
vt 0.333784 0.418815
vt 0.324539 0.389054
vt 0.179868 0.501131
vt 0.164290 0.478478
vt 0.166835 0.369685
vt 0.160476 0.341108
vt 0.332774 0.447174
vt 0.324877 0.418477
vt 0.345704 0.039273
vt 0.332481 0.068820
vt 0.335382 0.037141
vt 0.158135 0.369184
vt 0.337202 0.475910
vt 0.323464 0.447492
vt 0.342453 0.069975
vt 0.329673 0.099297
vt 0.345704 0.502226
vt 0.328339 0.477886
vt 0.339303 0.099868
vt 0.331184 0.129587
vt 0.171549 0.075379
vt 0.169558 0.040345
vt 0.179868 0.044214
vt 0.340279 0.129776
vt 0.329987 0.158530
vt 0.160811 0.073588
vt 0.339275 0.158705
vt 0.122208 0.205692
vt 0.123136 0.223048
vt 0.124394 0.319278
vt 0.124473 0.335667
vt 0.094039 0.345321
vt 0.091575 0.336125
vt 0.124016 0.263348
vt 0.124518 0.280135
vt 0.090791 0.373249
vt 0.063041 0.365019
vt 0.093187 0.364097
vt 0.063050 0.344329
vt 0.025431 0.058675
vt 0.034882 0.082805
vt 0.124579 0.492912
vt 0.085944 0.477883
vt 0.120880 0.479912
vt 0.153167 0.366055
vt 0.153654 0.344209
vt 0.284971 0.491514
vt 0.338011 0.505703
vt 0.287163 0.521942
vt 0.116481 0.077424
vt 0.117514 0.099246
vt 0.119269 0.145264
vt 0.120497 0.163674
vt 0.093423 0.310040
vt 0.121824 0.309192
vt 0.080586 0.488869
vt 0.051830 0.469042
vt 0.288529 0.380899
vt 0.289873 0.363722
vt 0.284891 0.441480
vt 0.286154 0.422659
vt 0.091310 0.319398
vt 0.062713 0.312212
vt 0.044384 0.120545
vt 0.048767 0.144216
vt 0.293958 0.267009
vt 0.294468 0.250204
vt 0.291912 0.323620
vt 0.292899 0.306779
vt 0.122046 0.446629
vt 0.088026 0.455485
vt 0.086741 0.445265
vt 0.154532 0.310599
vt 0.154589 0.288215
vt 0.091636 0.235013
vt 0.088395 0.225482
vt 0.056788 0.448240
vt 0.127463 0.519765
vt 0.290543 0.092519
vt 0.289969 0.072326
vt 0.293109 0.153048
vt 0.292641 0.135540
vt 0.294368 0.210380
vt 0.294372 0.193449
vt 0.123454 0.374054
vt 0.123234 0.390341
vt 0.058784 0.236201
vt 0.121990 0.429225
vt 0.053480 0.179609
vt 0.056025 0.202191
vt 0.250092 0.064169
vt 0.286956 0.059755
vt 0.154724 0.253691
vt 0.154260 0.230697
vt 0.087978 0.427577
vt 0.088710 0.197639
vt 0.119002 0.195084
vt 0.249599 0.076052
vt 0.215524 0.076103
vt 0.090475 0.389861
vt 0.260283 0.193386
vt 0.260363 0.210602
vt 0.257423 0.136875
vt 0.258379 0.154564
vt 0.252556 0.095964
vt 0.073669 0.514976
vt 0.087042 0.207742
vt 0.060377 0.258030
vt 0.290913 0.015179
vt 0.242449 0.037870
vt 0.233582 0.024876
vt 0.153709 0.195132
vt 0.152942 0.171416
vt 0.151679 0.420572
vt 0.206209 0.055415
vt 0.198494 0.055508
vt 0.151994 0.398978
vt 0.120788 0.400249
vt 0.061882 0.291009
vt 0.259016 0.304525
vt 0.257893 0.321723
vt 0.260625 0.248994
vt 0.260078 0.266126
vt 0.259234 0.126821
vt 0.289845 0.124798
vt 0.152470 0.134410
vt 0.152454 0.109459
vt 0.226673 0.131285
vt 0.249583 0.418440
vt 0.246670 0.437584
vt 0.255515 0.360497
vt 0.253752 0.378056
vt 0.156992 0.476279
vt 0.256458 0.106076
vt 0.154813 0.069077
vt 0.160326 0.042484
vt 0.084004 0.167127
vt 0.081912 0.148324
vt 0.076492 0.104098
vt 0.072573 0.082226
vt 0.228403 0.513091
vt 0.237048 0.485294
vt 0.154006 0.454103
vt 0.119490 0.457566
vt 0.223724 0.109676
vt 0.325461 0.064592
vt 0.262623 0.183804
vt 0.291940 0.183036
vt 0.320481 0.475142
vt 0.318195 0.450976
vt 0.328964 0.039509
vt 0.286007 0.032051
vt 0.230527 0.185808
vt 0.324007 0.126238
vt 0.261221 0.164157
vt 0.319072 0.391933
vt 0.090849 0.281573
vt 0.090055 0.264429
vt 0.324113 0.102592
vt 0.288101 0.104167
vt 0.229639 0.164336
vt 0.122432 0.290433
vt 0.121263 0.233731
vt 0.121125 0.253054
vt 0.118734 0.174918
vt 0.115433 0.111831
vt 0.115812 0.133974
vt 0.114624 0.033729
vt 0.113107 0.063815
vt 0.281567 0.453098
vt 0.281768 0.477292
vt 0.284511 0.411384
vt 0.285166 0.391303
vt 0.322123 0.334359
vt 0.288321 0.353069
vt 0.288744 0.333824
vt 0.324378 0.277004
vt 0.291124 0.296305
vt 0.291055 0.277240
vt 0.325185 0.219577
vt 0.292381 0.239804
vt 0.291744 0.220726
vt 0.324675 0.161791
vt 0.290718 0.163688
vt 0.119608 0.418936
vt 0.122168 0.345666
vt 0.121138 0.364064
vt 0.061812 0.396549
vt 0.090939 0.418227
vt 0.060365 0.416966
vt 0.092547 0.399152
vt 0.262736 0.220137
vt 0.231244 0.240199
vt 0.231384 0.218722
vt 0.263338 0.239578
vt 0.262125 0.275717
vt 0.229832 0.294663
vt 0.230768 0.273137
vt 0.262067 0.295184
vt 0.259650 0.331438
vt 0.226341 0.349346
vt 0.228128 0.327705
vt 0.258942 0.351124
vt 0.255193 0.388103
vt 0.219866 0.404702
vt 0.223033 0.382717
vt 0.253669 0.408668
vt 0.213167 0.439072
vt 0.243700 0.473532
vt 0.206531 0.461756
vt 0.247497 0.448884
vt 0.072950 0.069125
vt 0.066559 0.039417
vt 0.083272 0.137458
vt 0.081278 0.114892
vt 0.087754 0.177017
vt 0.091945 0.254751
vt 0.093689 0.290894
vt 0.056664 0.025195
vt 0.119881 0.015179
vt 0.317968 0.414800
vt 0.320769 0.356954
vt 0.323472 0.299592
vt 0.324868 0.242232
vt 0.324821 0.184658
vt 0.009813 0.061933
vt 0.172648 0.504207
vn -0.000000 -0.000000 1.000000
vn 0.707100 0.707100 -0.000000
vn 0.965900 0.258800 -0.000000
vn -0.258800 0.965900 -0.000000
vn 0.258800 0.965900 -0.000000
vn -0.965900 0.258800 -0.000000
vn -0.707100 0.707100 -0.000000
vn 0.965900 -0.258800 -0.000000
vn 0.707100 -0.707100 -0.000000
vn -0.707100 -0.707100 -0.000000
vn -0.965900 -0.258800 -0.000000
vn 0.258800 -0.965900 -0.000000
vn -0.258800 -0.965900 -0.000000
vn -0.000000 1.000000 -0.000000
vn 1.000000 -0.000000 -0.000000
vn -0.000000 -1.000000 -0.000000
vn -0.000000 0.707100 0.707100
vn -0.000000 -0.000000 -1.000000
vn -1.000000 -0.000000 -0.000000
vn 0.500000 0.866000 -0.000000
vn 0.500000 -0.866000 -0.000000
vn -0.500000 0.866000 -0.000000
vn -0.500000 -0.866000 -0.000000
vn 0.391200 0.920300 -0.000000
vn -0.010300 0.999900 -0.000000
vn -0.005100 1.000000 -0.000000
vn 0.768200 -0.640200 -0.000000
vn 0.923900 -0.000000 0.382700
vn 0.382700 -0.000000 0.923900
vn -0.382700 -0.000000 0.923900
vn -0.923900 -0.000000 0.382700
vn -0.923900 -0.382700 -0.000000
vn -0.980800 -0.195100 -0.000000
vn 0.923900 -0.382700 -0.000000
vn 0.923900 0.382700 -0.000000
vn 0.382700 0.923900 -0.000000
vn -0.382700 0.923900 -0.000000
vn -0.831500 0.555600 -0.000000
vn -0.923900 0.382700 -0.000000
vn 0.799300 -0.601000 -0.000000
vn 0.616500 -0.787400 -0.000000
vn -0.609300 -0.792900 -0.000000
vn -0.249400 -0.968400 -0.000000
vn 0.009800 -1.000000 -0.000000
vn 0.508400 -0.861100 -0.000000
vn 0.792700 0.609700 -0.000000
vn 0.963400 0.268200 -0.000000
vn 1.000000 0.009800 -0.000000
vn 0.870900 -0.491500 -0.000000
vn 0.016900 0.999900 -0.000000
vn -0.176300 0.984300 -0.000000
vn -0.980400 0.196800 -0.000000
vn -0.000100 -1.000000 -0.000000
vn -0.195300 -0.980700 -0.000000
vn -0.383000 -0.923700 -0.000000
vn -0.923900 -0.382600 -0.000000
vn -0.922500 0.386000 -0.000000
vn -0.362900 0.931800 -0.000000
vn -0.702200 0.712000 -0.000000
vn -1.000000 -0.000100 -0.000000
vn 0.228400 0.973600 -0.000000
vn 0.013900 0.999900 -0.000000
vn 0.121800 0.992500 -0.000000
vn 0.696600 -0.717500 -0.000000
vn -0.701900 -0.712300 -0.000000
vn -0.708500 -0.705700 -0.000000
vn 0.712400 0.701800 -0.000000
vn -0.148200 -0.988900 -0.006700
vn 0.001500 -1.000000 0.001900
vn -0.426200 -0.904600 0.006700
vn -0.046100 0.998900 -0.004200
vn 0.339600 0.940600 0.004400
vn 0.382700 -0.923900 -0.000000
vn -0.195100 0.980700 0.008700
vn 0.739000 -0.673700 0.004400
vn -0.515300 0.857000 -0.006300
vn -0.707100 0.707100 0.009100
vn 0.923300 -0.384000 -0.001900
vn -0.832300 0.554300 -0.001900
vn -0.804900 -0.593400 0.004400
vn 1.000000 0.001500 -0.001900
vn 0.980700 -0.195100 0.009100
vn -0.831500 -0.555600 -0.000000
vn -0.970700 0.240200 0.004400
vn 0.940600 0.339600 0.004400
vn -0.556800 -0.830700 -0.001900
vn -0.980800 0.195100 -0.000000
vn 0.980800 -0.195100 -0.000000
vn 0.702200 0.712000 -0.000000
vn 1.000000 -0.000100 -0.000000
vn -0.228400 0.973600 -0.000000
vn -0.121800 0.992500 -0.000000
vn -0.013900 0.999900 -0.000000
vn -0.696600 -0.717500 -0.000000
vn -0.382700 -0.923900 -0.000000
vn 0.831500 -0.555600 -0.000000
vn 0.980800 0.195100 -0.000000
vn 0.339600 -0.940600 -0.004400
vn 0.691100 0.696000 0.195000
vn 0.692600 0.698600 -0.179800
vn 0.692600 0.698600 0.179800
vn -0.141900 -0.139600 -0.980000
vn -0.292600 -0.290100 -0.911200
vn -0.148800 -0.147600 -0.977800
vn -0.660200 -0.646900 -0.381600
vn -0.701900 -0.688900 -0.180800
vn -0.666900 -0.655800 -0.353900
vn 0.691100 0.696000 -0.195000
vn 0.658200 0.663900 -0.354900
vn 0.271700 0.270900 -0.923500
vn 0.149600 0.150400 -0.977200
vn 0.291300 0.292800 -0.910700
vn -0.660200 -0.646900 0.381600
vn -0.666900 -0.655800 0.353900
vn -0.292600 -0.290100 0.911200
vn -0.141900 -0.139600 0.980000
vn -0.148800 -0.147600 0.977800
vn 0.149800 0.150500 0.977200
vn 0.271700 0.270900 0.923500
vn 0.291300 0.292800 0.910700
vn 0.658200 0.663900 0.354900
vn 0.136000 0.135500 -0.981400
vn 0.136000 0.135600 0.981400
vn -0.700700 -0.686500 0.194200
vn -0.700700 -0.686500 -0.194200
vn -0.272900 -0.268400 -0.923800
vn 0.651600 0.655000 -0.382700
vn -0.701900 -0.688900 0.180700
vn -0.272900 -0.268400 0.923800
vn 0.149500 0.150300 0.977300
vn 0.651600 0.655000 0.382700
vn -0.195100 -0.980800 -0.000000
vn 0.195100 -0.980800 -0.000000
vn 0.555600 -0.831500 -0.000000
vn -0.555600 -0.831500 -0.000000
vn 0.831500 0.555600 -0.000000
vn 0.555600 0.831500 -0.000000
vn -0.555600 0.831500 -0.000000
vn 0.195100 0.980800 -0.000000
vn -0.195100 0.980800 -0.000000
vn -0.421000 0.907100 -0.000000
vn -0.907100 0.421000 -0.000000
vn -0.575100 -0.818100 -0.000000
vn 0.089000 -0.996000 -0.000000
vn 0.996000 -0.089000 -0.000000
vn 0.818100 0.575100 -0.000000
vn -0.818100 0.575100 -0.000000
vn -0.996000 -0.089000 -0.000000
vn -0.866000 -0.500000 -0.000000
vn -0.089000 -0.996000 -0.000000
vn 0.575100 -0.818100 -0.000000
vn 0.866000 -0.500000 -0.000000
vn 0.907100 0.421000 -0.000000
vn 0.421000 0.907100 -0.000000
vn -0.866000 0.500000 -0.000000
vn 0.866000 0.500000 -0.000000
vn -0.701900 -0.688900 0.181000
vn -0.660200 -0.646900 0.381700
vn 0.271600 0.270700 0.923600
vn -0.000700 -0.000400 1.000000
vn -0.000800 -0.000000 1.000000
vn 0.000700 0.000400 1.000000
vn 0.000400 0.000700 1.000000
vn -0.000400 0.000700 1.000000
vn -0.000000 0.000800 1.000000
vn 0.000400 -0.000700 1.000000
vn 0.000700 -0.000400 1.000000
vn -0.000400 -0.000700 1.000000
vn -0.000700 0.000400 1.000000
vn 0.000800 -0.000000 1.000000
vn -0.000000 -0.000800 1.000000
vn 0.089000 0.996000 -0.000000
vn 0.996000 0.089000 -0.000000
vn 0.818100 -0.575100 -0.000000
vn 0.380500 -0.102000 -0.919100
vn 0.121900 -0.032700 -0.992000
vn -0.421000 -0.907100 -0.000000
vn -0.907100 -0.421000 -0.000000
vn -0.575100 0.818100 -0.000000
vn 0.680600 0.680600 0.271400
vn 0.929700 -0.249100 0.271400
vn 0.249100 -0.929700 0.271400
vn -0.680600 -0.680600 0.271400
vn -0.929700 0.249100 0.271400
vn -0.249100 0.929700 0.271400
vn -0.583800 -0.583800 0.564300
vn 0.797400 -0.213700 0.564300
vn 0.278500 0.278500 -0.919100
vn 0.089200 0.089200 -0.992000
vn 0.102000 -0.380500 -0.919100
vn 0.032700 -0.121900 -0.992000
vn -0.380500 0.102000 -0.919100
vn -0.121900 0.032700 -0.992000
vn 0.278500 0.278500 0.919100
vn 0.089200 0.089200 0.992000
vn -0.380500 0.102000 0.919100
vn -0.121900 0.032700 0.992000
vn 0.827000 -0.221600 -0.516700
vn 0.875300 -0.234500 -0.422900
vn 0.221600 -0.827000 -0.516700
vn 0.234500 -0.875300 -0.422900
vn 0.102000 -0.380500 0.919100
vn 0.032700 -0.121900 0.992000
vn -0.108000 0.402900 0.908900
vn -0.188400 0.702900 0.685900
vn -0.605400 -0.605400 -0.516700
vn -0.640800 -0.640800 -0.422900
vn 0.402900 -0.108000 -0.908900
vn 0.702900 -0.188400 -0.685900
vn -0.797400 0.213700 0.564300
vn 0.380500 -0.102000 0.919100
vn 0.121900 -0.032700 0.992000
vn -0.402900 0.108000 0.908900
vn -0.294900 -0.294900 -0.908900
vn -0.514600 -0.514600 -0.685900
vn 0.583800 0.583800 0.564300
vn -0.278500 -0.278500 0.919100
vn -0.089200 -0.089200 0.992000
vn 0.294900 0.294900 0.908900
vn 0.514600 0.514600 0.685900
vn -0.702900 0.188400 -0.685900
vn -0.402900 0.108000 -0.908900
vn 0.402900 -0.108000 0.908900
vn 0.702900 -0.188400 0.685900
vn -0.827000 0.221600 -0.516700
vn -0.875300 0.234500 -0.422900
vn -0.221600 0.827000 -0.516700
vn -0.234500 0.875300 -0.422900
vn -0.108000 0.402900 -0.908900
vn 0.213700 -0.797400 0.564300
vn -0.032700 0.121900 0.992000
vn 0.108000 -0.402900 0.908900
vn 0.188300 -0.702900 0.685900
vn 0.188400 -0.702900 0.685900
vn -0.294900 -0.294900 0.908900
vn -0.514600 -0.514600 0.685900
vn 0.605400 0.605400 -0.516700
vn 0.640800 0.640800 -0.422900
vn -0.278500 -0.278500 -0.919100
vn -0.089200 -0.089200 -0.992000
vn 0.294900 0.294900 -0.908900
vn 0.514600 0.514600 -0.685900
vn -0.213700 0.797400 0.564300
vn -0.102000 0.380500 -0.919100
vn -0.032700 0.121900 -0.992000
vn 0.108000 -0.402900 -0.908900
vn -0.702900 0.188400 0.685900
vn -0.188400 0.702900 -0.685900
vn -0.101900 0.380500 0.919100
vn -0.278600 -0.278500 -0.919100
vn 0.188300 -0.702900 -0.685900
vn 0.278600 0.278500 -0.919100
vn 0.774800 -0.631900 -0.016800
vn 0.774900 -0.631900 0.016900
vn 0.774800 -0.631900 0.016800
vn 0.663400 -0.745900 -0.059000
vn 0.697700 -0.711100 -0.087000
vn 0.697000 -0.711800 -0.086800
vn 0.663400 -0.745900 0.059000
vn 0.697700 -0.711100 0.087000
vn 0.665400 -0.744000 0.061700
vn 0.724300 -0.684000 -0.086200
vn 0.723000 -0.685500 -0.086100
vn -0.695600 -0.695600 -0.180000
vn -0.661300 -0.661300 -0.353900
vn -0.695600 -0.695600 0.180000
vn -0.695600 -0.695600 0.179700
vn -0.150200 -0.150200 0.977200
vn -0.292000 -0.292000 0.910700
vn -0.150100 -0.150100 -0.977200
vn -0.292000 -0.292000 -0.910700
vn -0.148600 -0.148600 -0.977700
vn 0.695600 0.695600 -0.180000
vn 0.695600 0.695600 0.179700
vn 0.695600 0.695500 0.179900
vn 0.292000 0.292000 -0.910700
vn 0.150100 0.150100 -0.977200
vn 0.148600 0.148600 0.977700
vn -0.148600 -0.148600 0.977700
vn -0.150000 -0.150000 0.977200
vn 0.695500 0.695500 0.180100
vn 0.661400 0.661400 0.353900
vn 0.661300 0.661400 -0.353900
vn 0.695600 0.695600 -0.179700
vn 0.148600 0.148600 -0.977700
vn -0.695600 -0.695600 -0.179700
vn 0.292000 0.292000 0.910700
vn 0.150100 0.150100 0.977200
vn 0.755800 -0.652300 -0.057300
vn 0.774900 -0.631900 -0.016900
vn 0.753800 -0.654300 -0.059800
vn 0.755800 -0.652300 0.057300
vn 0.723000 -0.685500 0.086100
vn 0.724300 -0.684000 0.086200
vn 0.642000 -0.766500 0.017700
vn 0.641900 -0.766600 0.017800
vn 0.641900 -0.766600 -0.017800
vn 0.642000 -0.766500 -0.017700
vn 0.665400 -0.744000 -0.061700
vn 0.697000 -0.711800 0.086800
vn -0.661400 -0.661300 0.353900
vn -0.661400 -0.661300 -0.353900
vn -0.661300 -0.661300 0.353900
vn 0.753800 -0.654400 0.059800
vn -0.000100 -0.000100 -1.000000
vn 0.002500 0.001400 1.000000
vn -1.000000 -0.000700 -0.004400
vn -1.000000 0.000600 -0.004200
vn -1.000000 0.000800 -0.004300
vn -1.000000 0.002300 -0.004700
vn -1.000000 0.002600 -0.004800
vn 1.000000 0.000800 0.004300
vn 1.000000 0.002600 0.004800
vn 1.000000 -0.000700 0.004400
vn 1.000000 0.000600 0.004200
vn 1.000000 -0.002300 0.004700
vn -1.000000 -0.002300 -0.004700
vn -1.000000 -0.002600 -0.004700
vn 0.039200 0.011900 -0.999200
vn 0.040700 -0.004000 -0.999200
vn 0.039100 0.011900 -0.999200
vn 0.031700 0.026000 -0.999200
vn 0.019300 0.036200 -0.999200
vn 0.019300 0.036100 -0.999200
vn 0.004000 0.040800 -0.999200
vn -0.011900 0.039300 -0.999200
vn -0.026100 0.031800 -0.999200
vn -0.026000 0.031700 -0.999200
vn -0.036200 0.019400 -0.999200
vn -0.040900 0.004000 -0.999200
vn -0.039300 -0.011900 -0.999200
vn -0.031700 -0.026000 -0.999200
vn -0.019300 -0.036100 -0.999200
vn -0.019300 -0.036200 -0.999200
vn -0.004000 -0.040700 -0.999200
vn -0.004000 -0.040800 -0.999200
vn 0.011900 -0.039100 -0.999200
vn 0.011900 -0.039200 -0.999200
vn 0.025900 -0.031600 -0.999200
vn 0.036100 -0.019300 -0.999200
vn 0.036000 -0.019300 -0.999200
vn -0.011800 0.038800 0.999200
vn -0.019100 -0.035800 0.999200
vn -0.004000 -0.040500 0.999200
vn -0.019200 -0.035900 0.999200
vn 0.004000 0.040400 0.999200
vn -0.031400 -0.025800 0.999200
vn 0.019200 0.035900 0.999200
vn -0.038800 -0.011800 0.999200
vn 0.040500 -0.004000 0.999200
vn 0.019100 0.035800 0.999200
vn 0.031500 0.025800 0.999200
vn 0.035900 -0.019200 0.999200
vn 0.031400 0.025800 0.999200
vn -0.040300 0.004000 0.999200
vn 0.039000 0.011800 0.999200
vn -0.040400 0.004000 0.999200
vn 0.025800 -0.031500 0.999200
vn 0.038900 0.011800 0.999200
vn -0.035700 0.019100 0.999200
vn 0.011800 -0.038900 0.999200
vn 0.011800 -0.039000 0.999200
vn -0.025700 0.031300 0.999200
vn -0.004000 -0.040400 0.999200
vn 0.287400 0.947600 0.139700
vn 0.278000 0.916500 0.287500
vn 0.287500 0.947700 0.138900
vn 0.872900 0.466600 0.142900
vn 0.843900 0.451100 0.290400
vn 0.873000 0.466600 0.142200
vn -0.383200 0.923600 -0.003900
vn -0.382200 0.924100 -0.003700
vn -0.382000 0.924100 -0.003700
vn 0.628000 0.765200 0.141400
vn 0.607300 0.740000 0.289000
vn 0.628100 0.765300 0.140600
vn 0.194500 -0.980900 0.003100
vn 0.194700 -0.980900 0.003000
vn -0.380800 0.924600 -0.004200
vn -0.380600 0.924700 -0.004200
vn -0.071900 0.087600 -0.993600
vn -0.071900 0.087700 -0.993500
vn -0.555600 -0.831400 -0.000500
vn -0.555500 -0.831500 -0.000500
vn 0.107500 0.032600 0.993700
vn -0.765800 0.628500 0.136000
vn -0.741100 0.608200 0.284400
vn -0.765800 0.628500 0.135900
vn -0.467000 0.873600 0.136800
vn -0.451900 0.845400 0.284900
vn -0.467000 0.873700 0.136400
vn -0.097100 0.985600 0.138100
vn -0.093900 0.953600 0.286000
vn -0.097100 0.985700 0.137400
vn 0.556100 -0.831100 0.004400
vn 0.555100 -0.831800 0.004200
vn 0.556200 -0.831000 0.004400
vn -0.555400 -0.831600 -0.000500
vn -0.953900 -0.094000 0.284900
vn -0.985800 -0.097100 0.136800
vn -0.985900 -0.097100 0.136400
vn -0.917400 0.278300 0.284400
vn -0.948000 0.287600 0.136000
vn -0.948100 0.287600 0.135900
vn 0.554900 -0.831900 0.004300
vn -0.032900 0.108400 -0.993600
vn -0.607600 -0.740400 0.287500
vn -0.628200 -0.765400 0.139700
vn -0.628200 -0.765500 0.138900
vn -0.845100 -0.451700 0.286000
vn -0.873500 -0.466900 0.138100
vn -0.873600 -0.466900 0.137400
vn 0.382600 0.923900 -0.000500
vn 0.382700 0.923900 -0.000500
vn 0.382800 0.923800 -0.000500
vn 0.086800 0.071200 0.993700
vn -0.924200 0.382000 -0.005000
vn -0.923600 0.383300 -0.004800
vn -0.923500 0.383500 -0.004800
vn 0.382900 0.923800 -0.000500
vn 0.739300 -0.606700 0.292100
vn 0.764900 -0.627700 0.144400
vn 0.764900 -0.627800 0.144300
vn 0.450900 -0.843600 0.291500
vn 0.466500 -0.872700 0.143900
vn 0.466500 -0.872800 0.143500
vn 0.093800 -0.952300 0.290400
vn 0.097000 -0.985000 0.142900
vn 0.097000 -0.985100 0.142200
vn -0.277900 -0.916100 0.289000
vn -0.287400 -0.947300 0.141400
vn -0.287400 -0.947400 0.140600
vn 0.984800 0.097000 0.143900
vn 0.952000 0.093800 0.291500
vn 0.984900 0.097000 0.143500
vn -0.922900 0.385100 -0.005400
vn 0.946900 -0.287200 0.144400
vn 0.915200 -0.277600 0.292100
vn 0.011100 0.112700 -0.993600
vn -0.831700 -0.555300 -0.002400
vn -0.831300 -0.555800 -0.002300
vn -0.831700 -0.555200 -0.002400
vn 0.052900 0.098900 0.993700
vn 0.913100 -0.277000 -0.299200
vn 0.945800 -0.286900 -0.151900
vn 0.945900 -0.286900 -0.151800
vn 0.980900 -0.194400 0.004800
vn 0.980700 -0.195700 0.004600
vn 0.980900 -0.194300 0.004800
vn -0.831200 -0.555900 -0.002300
vn -0.830800 -0.556600 -0.002500
vn 0.949400 0.093500 -0.299700
vn 0.983500 0.096900 -0.152700
vn 0.983600 0.096900 -0.152300
vn -0.286700 -0.945300 -0.155600
vn -0.276700 -0.912200 -0.302200
vn -0.286800 -0.945400 -0.154800
vn 0.096800 -0.983300 -0.154000
vn 0.093500 -0.949100 -0.300800
vn 0.096900 -0.983400 -0.153300
vn 0.465900 -0.871600 -0.152700
vn 0.449700 -0.841400 -0.299700
vn 0.465900 -0.871600 -0.152300
vn 0.764000 -0.627000 -0.151900
vn 0.737600 -0.605300 -0.299200
vn 0.764100 -0.627000 -0.151800
vn 0.053300 0.099800 -0.993600
vn 0.707300 0.706900 0.001500
vn 0.707000 0.707200 0.001400
vn 0.706900 0.707300 0.001400
vn 0.011000 0.111500 0.993700
vn -0.194300 -0.980900 0.001600
vn 0.706600 0.707600 0.001600
vn 0.706500 0.707700 0.001600
vn -0.000400 1.000000 -0.002400
vn -0.001200 1.000000 -0.002500
vn 0.087400 0.071700 -0.993600
vn -0.870700 -0.465400 -0.158700
vn -0.839900 -0.448900 -0.305200
vn -0.870800 -0.465500 -0.158000
vn -0.626500 -0.763400 -0.157300
vn -0.626600 -0.763500 -0.156400
vn -0.980900 -0.194500 -0.003900
vn -0.980700 -0.195600 -0.003700
vn -0.032500 0.107200 0.993700
vn 0.195600 -0.980700 0.003200
vn 0.196700 -0.980500 0.003400
vn 0.196900 -0.980400 0.003400
vn -0.980600 -0.195800 -0.003700
vn -0.944600 0.286500 -0.160300
vn -0.910800 0.276300 -0.306800
vn -0.944600 0.286500 -0.160100
vn -0.982400 -0.096800 -0.159800
vn -0.947400 -0.093300 -0.306200
vn -0.982500 -0.096800 -0.159300
vn -0.555800 -0.831300 -0.000500
vn 0.108100 0.032800 -0.993600
vn 0.924100 0.382200 0.003200
vn 0.923700 0.383100 0.003000
vn 0.923700 0.383200 0.003100
vn -0.071000 0.086500 0.993700
vn -0.093300 0.947700 -0.305200
vn -0.096800 0.982600 -0.158700
vn -0.096800 0.982700 -0.158000
vn -0.448700 0.839600 -0.306200
vn -0.465300 0.870600 -0.159800
vn -0.465400 0.870700 -0.159300
vn -0.735700 0.603800 -0.306800
vn -0.763000 0.626200 -0.160300
vn -0.763000 0.626200 -0.160100
vn 0.382400 0.924000 -0.000500
vn 0.923200 0.384200 0.003400
vn 0.923200 0.384400 0.003400
vn -0.832200 -0.554500 -0.002500
vn -0.832200 -0.554400 -0.002500
vn -0.980600 0.195800 -0.004800
vn -0.980900 0.194500 -0.004600
vn -0.980600 0.195900 -0.004800
vn -0.098700 0.052800 0.993700
vn -0.980900 0.194200 -0.004600
vn -0.981300 0.192600 -0.005100
vn -0.981200 -0.193100 -0.004100
vn -0.981200 -0.192900 -0.004200
vn -0.111400 0.011000 0.993700
vn 0.604700 0.736900 -0.302200
vn 0.626700 0.763600 -0.155600
vn 0.626700 0.763700 -0.154800
vn 1.000000 0.002300 0.004700
vn 0.841100 0.449600 -0.300800
vn 0.871400 0.465800 -0.154000
vn 0.871500 0.465800 -0.153300
vn 0.276600 0.911700 -0.303700
vn 0.286700 0.945000 -0.157300
vn 0.286700 0.945200 -0.156400
vn 0.752900 0.617900 0.226900
vn 0.688900 0.565400 0.453500
vn 0.753100 0.618000 0.225600
vn 0.459300 0.859200 0.225300
vn 0.420400 0.786600 0.452300
vn 0.459400 0.859500 0.223900
vn 0.095500 0.970000 0.223600
vn 0.087500 0.888200 0.451000
vn 0.095600 0.970300 0.222300
vn -0.283000 0.933000 0.222100
vn -0.259200 0.854600 0.450000
vn -0.283100 0.933300 0.221100
vn -0.618700 0.753900 0.220900
vn -0.566800 0.690600 0.449300
vn -0.618800 0.754000 0.220400
vn -0.860200 0.459800 0.220400
vn -0.788000 0.421200 0.449000
vn -0.889100 0.087600 0.449300
vn -0.970600 0.095600 0.220900
vn -0.970700 0.095600 0.220400
vn -0.854600 -0.259200 0.450000
vn -0.933000 -0.283000 0.222100
vn -0.933300 -0.283100 0.221100
vn -0.689900 -0.566200 0.451000
vn -0.753400 -0.618300 0.223600
vn -0.753700 -0.618500 0.222300
vn -0.420400 -0.786600 0.452300
vn -0.459300 -0.859200 0.225300
vn -0.459400 -0.859500 0.223900
vn -0.087400 -0.886900 0.453500
vn -0.095500 -0.969200 0.226900
vn -0.095500 -0.969500 0.225600
vn 0.258600 -0.852300 0.454600
vn 0.282600 -0.931700 0.228100
vn 0.282700 -0.931900 0.227100
vn 0.564800 -0.688200 0.455300
vn 0.617600 -0.752500 0.228800
vn 0.617600 -0.752600 0.228200
vn 0.785100 -0.419600 0.455600
vn 0.858500 -0.458900 0.228800
vn 0.968800 -0.095400 0.228800
vn 0.886000 -0.087300 0.455300
vn 0.968900 -0.095400 0.228200
vn 0.931700 0.282600 0.228100
vn 0.852300 0.258600 0.454600
vn 0.931900 0.282700 0.227100
vn 0.848600 0.257400 -0.462200
vn 0.929500 0.282000 -0.237700
vn 0.929700 0.282000 -0.236700
vn 0.882900 -0.087000 -0.461500
vn 0.966900 -0.095200 -0.236600
vn 0.857000 -0.458100 -0.236000
vn 0.782500 -0.418300 -0.461200
vn 0.616400 -0.751100 -0.236600
vn 0.562800 -0.685800 -0.461500
vn 0.616500 -0.751200 -0.236100
vn 0.282000 -0.929500 -0.237700
vn 0.257400 -0.848600 -0.462200
vn 0.282000 -0.929700 -0.236700
vn -0.095200 -0.966300 -0.239200
vn -0.086900 -0.882000 -0.463200
vn -0.095200 -0.966600 -0.238000
vn -0.457500 -0.856000 -0.240900
vn -0.417500 -0.781000 -0.464500
vn -0.417500 -0.781000 -0.464400
vn -0.457700 -0.856300 -0.239500
vn -0.749900 -0.615500 -0.242400
vn -0.684100 -0.561400 -0.465700
vn -0.750200 -0.615700 -0.241200
vn -0.928100 -0.281500 -0.243600
vn -0.846300 -0.256700 -0.466700
vn -0.928300 -0.281600 -0.242700
vn -0.965000 0.095000 -0.244300
vn -0.965200 0.095100 -0.243800
vn -0.779500 0.416700 -0.467600
vn -0.855200 0.457100 -0.244400
vn -0.560800 0.683400 -0.467400
vn -0.615200 0.749600 -0.244300
vn -0.615200 0.749700 -0.243800
vn -0.256700 0.846300 -0.466700
vn -0.281500 0.928100 -0.243600
vn -0.281600 0.928300 -0.242700
vn 0.086700 0.880700 -0.465700
vn 0.095100 0.965500 -0.242400
vn 0.095100 0.965800 -0.241200
vn 0.417500 0.781000 -0.464500
vn 0.457500 0.856000 -0.240900
vn 0.457700 0.856300 -0.239500
vn 0.685100 0.562200 -0.463200
vn 0.750600 0.616000 -0.239200
vn 0.750800 0.616200 -0.238000
vn -0.100000 0.053500 -0.993600
vn -0.706500 0.707700 -0.004600
vn -0.705300 0.708900 -0.005100
vn -0.705100 0.709100 -0.005200
vn 0.000400 1.000000 -0.002300
vn 0.001200 1.000000 -0.002500
vn 0.001400 1.000000 -0.002600
vn -0.707600 0.706600 -0.004800
vn 0.000300 1.000000 -0.002300
vn 0.831100 -0.556100 0.004800
vn -0.195400 -0.980700 0.001400
vn -0.195800 -0.980600 0.001600
vn -0.195300 -0.980700 0.001400
vn 0.831900 -0.554900 0.005000
vn -0.194900 -0.980800 0.001500
vn -0.087500 -0.071800 -0.993600
vn -0.924100 -0.382100 -0.003100
vn -0.923700 -0.383100 -0.003200
vn -0.924000 -0.382300 -0.003000
vn -0.053300 -0.099800 -0.993600
vn 0.980900 0.194400 0.003700
vn 0.981200 0.193100 0.004200
vn 0.980900 0.194600 0.003700
vn 0.980700 0.195700 0.003900
vn -0.011100 -0.112500 -0.993600
vn -0.707300 -0.706900 -0.001400
vn -0.707600 -0.706600 -0.001600
vn -0.707700 -0.706500 -0.001600
vn -0.707200 -0.707000 -0.001400
vn 0.981300 -0.192400 0.005100
vn 0.032800 -0.108100 -0.993600
vn 0.831700 0.555200 0.002300
vn 0.831600 0.555300 0.002300
vn -0.924200 0.381900 -0.005000
vn 0.831300 0.555900 0.002400
vn 0.831200 0.555900 0.002400
vn 0.557500 -0.830200 0.004700
vn 0.557700 -0.830000 0.004700
vn 0.071600 -0.087300 -0.993600
vn -0.382600 -0.923900 0.000500
vn -0.382400 -0.924000 0.000500
vn -0.384500 0.923100 -0.004100
vn -0.383300 0.923600 -0.003900
vn -0.382800 -0.923900 0.000500
vn -0.708900 0.705300 -0.005100
vn -0.707700 0.706500 -0.004800
vn 0.099600 -0.053200 -0.993600
vn 0.099500 -0.053200 -0.993600
vn 0.555600 0.831400 0.000500
vn 0.555800 0.831300 0.000500
vn 0.832900 -0.553400 0.005300
vn 0.833100 -0.553200 0.005400
vn 0.555500 0.831500 0.000500
vn 0.112400 -0.011100 -0.993600
vn 0.000400 -1.000000 0.002300
vn 0.001200 -1.000000 0.002500
vn 0.001400 -1.000000 0.002600
vn -0.923200 -0.384200 -0.003400
vn -0.923700 -0.383200 -0.003200
vn 0.111900 -0.011000 0.993700
vn 0.111800 -0.011000 0.993700
vn -0.000400 -1.000000 0.002400
vn 0.000300 -1.000000 0.002300
vn 0.194800 0.980800 -0.001400
vn 0.194300 0.980900 -0.001600
vn 0.194900 0.980800 -0.001400
vn -0.706900 -0.707300 -0.001500
vn 0.195300 0.980700 -0.001400
vn 0.195300 0.980700 -0.001500
vn 0.830800 0.556600 0.002500
vn 0.830700 0.556700 0.002500
vn 0.383300 -0.923600 0.003700
vn -0.382900 -0.923800 0.000500
vn -0.382800 -0.923800 0.000500
vn 0.071300 -0.086900 0.993700
vn 0.382100 -0.924100 0.003900
vn 0.555400 0.831600 0.000500
vn 0.555300 0.831600 0.000500
vn -0.195700 0.980700 -0.003100
vn -0.196700 0.980500 -0.003400
vn -0.195500 0.980700 -0.003000
vn -0.001200 -1.000000 0.002500
vn 0.032600 -0.107500 0.993700
vn -0.194600 0.980900 -0.003200
vn 0.195800 0.980600 -0.001500
vn 0.195900 0.980600 -0.001600
vn 0.707700 -0.706500 0.004600
vn 0.708900 -0.705300 0.005200
vn 0.709100 -0.705100 0.005200
vn 0.380800 -0.924600 0.004100
vn -0.011000 -0.111700 0.993700
vn 0.706600 -0.707600 0.004800
vn 0.707500 -0.706700 0.004600
vn -0.193500 0.981100 -0.003400
vn -0.193300 0.981100 -0.003400
vn -0.556200 0.831000 -0.004300
vn -0.556100 0.831100 -0.004200
vn 0.706500 -0.707700 0.004800
vn -0.052900 -0.098900 0.993700
vn -0.555000 0.831800 -0.004400
vn -0.554900 0.831900 -0.004400
vn -0.553400 0.832900 -0.004700
vn 0.924200 -0.381800 0.004800
vn 0.924900 -0.380300 0.005400
vn 0.925000 -0.380000 0.005400
vn 0.923600 -0.383400 0.005000
vn 0.923500 -0.383500 0.005000
vn -0.086600 -0.071100 0.993700
vn 0.924100 -0.382100 0.004800
vn -0.831000 0.556200 -0.005000
vn -0.830000 0.557700 -0.005300
vn -0.832000 0.554800 -0.004800
vn -0.832900 0.553400 -0.005400
vn -0.831800 0.555000 -0.004800
vn -0.107200 -0.032500 0.993700
vn -0.831000 0.556300 -0.005000
vn -0.980300 0.197500 -0.005100
vn -0.980200 0.197800 -0.005100
vn 0.193300 -0.981100 0.003400
vn -0.830700 -0.556700 -0.002600
vn 0.980200 -0.197800 0.005200
vn -0.001400 1.000000 -0.002500
vn -0.980300 -0.197300 -0.004200
vn 0.707700 0.706500 0.001600
vn 0.924600 0.381000 0.003400
vn -0.100000 0.053500 -0.993500
vn -0.195900 -0.980600 0.001600
vn -0.108500 -0.032900 -0.993600
vn 0.981200 0.192900 0.004200
vn 0.832200 0.554400 0.002600
vn -0.925000 0.380000 -0.005300
vn -0.384700 0.923000 -0.004200
vn -0.923200 -0.384400 -0.003400
vn -0.706500 -0.707700 -0.001600
vn 0.099100 -0.053000 0.993700
vn -0.196900 0.980400 -0.003500
vn -0.001400 -1.000000 0.002500
vn 0.380600 -0.924700 0.004100
vn -0.557700 0.830000 -0.004800
vn 0.922800 -0.385300 0.005300
vn 0.031600 0.026000 -0.999200
vn -0.011900 0.039200 -0.999200
vn -0.031400 -0.025700 0.999200
vn 0.193500 -0.981100 0.003400
vn 0.553600 -0.832700 0.004700
vn -0.922800 0.385400 -0.005400
vn 0.946900 -0.287300 0.144300
vn 0.980600 -0.196000 0.004600
vn 0.980300 -0.197600 0.005200
vn -0.194200 -0.981000 0.001600
vn -0.604400 -0.736500 -0.303800
vn -0.980400 -0.197100 -0.004200
vn -0.448800 0.839600 -0.306200
vn 0.707600 0.706600 0.001500
vn 0.924500 0.381200 0.003400
vn 0.967100 -0.095200 -0.236100
vn -0.879800 0.086600 -0.467400
vn -0.706700 0.707500 -0.004600
vn -0.112900 0.011100 -0.993500
vn 0.830900 -0.556300 0.004800
vn 0.830000 -0.557700 0.005300
vn -0.924500 -0.381100 -0.003400
vn -0.924600 -0.381000 -0.003500
vn 0.981300 -0.192700 0.005100
vn 0.832200 0.554500 0.002500
vn -0.924800 0.380300 -0.005300
vn -0.382500 -0.924000 0.000500
vn 0.980400 0.197100 0.004100
vn 0.980300 0.197300 0.004100
vn -0.706600 -0.707700 -0.001500
vn 0.384500 -0.923100 0.004200
vn 0.384700 -0.923000 0.004200
vn 0.383100 -0.923700 0.003700
vn -0.557500 0.830200 -0.004700
vn 0.705300 -0.708800 0.005100
vn -0.553700 0.832700 -0.004700
vn 0.922900 -0.385000 0.005300
vn -0.086700 -0.071100 0.993700
vn -0.829900 0.557900 -0.005300
vn -0.107100 -0.032500 0.993700
vn -0.555300 -0.831600 -0.000500
vn 0.553400 -0.832900 0.004800
vn -0.981300 0.192400 -0.005200
vn 0.829900 -0.557900 0.005400
vn -0.709100 0.705100 -0.005200
vn 0.194300 0.981000 -0.001600
vn 0.705100 -0.709000 0.005100
vn -0.833100 0.553100 -0.005400
vn 1.000000 -0.002600 0.004800
usemtl SpacialRoverExploreralumWhite
f 5/1/24 7/2/24 8/3/24
f 44/4/19 39/5/19 1/6/19
f 45/7/16 4/8/16 3/9/16
f 2/10/14 6/11/14 5/12/14
f 44/4/19 2/10/19 42/13/19
f 40/14/15 3/15/15 6/16/15
f 3/9/16 9/17/16 10/18/16
f 7/19/1 3/15/1 10/20/1
f 12/21/26 7/2/25 13/22/26
f 7/19/1 14/23/1 13/24/1
f 10/18/16 11/25/16 14/26/16
f 76/27/27 16/28/27 18/29/27
f 15/30/15 18/29/15 16/28/15
f 17/31/14 20/32/14 72/33/14
f 72/34/14 12/21/26 13/22/26
f 14/23/1 72/35/1 13/24/1
f 19/36/16 14/26/16 11/25/16
f 35/37/1 29/38/1 22/39/1
f 24/40/16 28/41/16 73/42/16
f 27/43/1 22/39/1 29/38/1
f 23/44/28 25/45/28 21/46/28
f 22/39/29 26/47/29 23/44/29
f 30/48/30 27/43/30 29/38/30
f 75/49/31 28/50/31 30/48/31
f 21/46/15 18/29/15 17/51/15
f 37/52/14 33/53/14 32/54/14
f 33/55/29 22/39/29 23/44/29
f 31/56/18 17/31/18 72/33/18
f 36/57/31 75/49/31 30/48/31
f 34/58/28 23/44/28 21/46/28
f 38/59/19 72/60/19 75/49/19
f 37/61/30 30/48/30 29/38/30
f 32/62/15 21/46/15 17/51/15
f 39/63/17 6/11/17 1/6/17
f 41/64/16 45/7/16 3/9/16
f 39/63/1 46/65/1 41/66/1
f 44/4/10 43/67/10 45/68/10
f 47/69/10 45/68/10 46/70/10
f 73/71/19 75/49/19 72/60/19
f 79/72/16 76/27/16 78/73/16
f 73/74/1 76/27/1 18/75/1
f 79/72/19 73/76/19 19/77/19
f 5/1/24 6/78/24 7/2/24
f 44/4/19 47/69/19 39/5/19
f 45/7/16 43/79/16 4/8/16
f 2/10/14 1/6/14 6/11/14
f 44/4/19 1/6/19 2/10/19
f 40/14/15 41/80/15 3/15/15
f 3/9/16 4/8/16 9/17/16
f 7/19/1 6/16/1 3/15/1
f 12/21/26 8/3/25 7/2/25
f 7/19/1 10/20/1 14/23/1
f 10/18/16 9/17/16 11/25/16
f 76/27/27 77/81/27 16/28/27
f 15/30/15 17/51/15 18/29/15
f 17/31/14 15/82/14 20/32/14
f 72/34/14 20/83/14 12/21/26
f 14/23/1 73/84/1 72/35/1
f 19/36/16 73/85/16 14/26/16
f 35/37/1 37/61/1 29/38/1
f 73/42/16 18/29/16 25/45/16
f 25/45/16 26/86/16 24/40/16
f 24/40/16 27/87/16 28/41/16
f 28/41/16 74/88/16 73/42/16
f 73/42/16 25/45/16 24/40/16
f 27/43/1 24/89/1 22/39/1
f 23/44/28 26/47/28 25/45/28
f 22/39/29 24/89/29 26/47/29
f 30/48/30 28/50/30 27/43/30
f 75/49/31 74/90/31 28/50/31
f 21/46/15 25/45/15 18/29/15
f 32/54/14 31/56/14 38/91/14
f 38/91/14 36/92/14 37/52/14
f 37/52/14 35/93/14 33/53/14
f 33/53/14 34/94/14 32/54/14
f 32/54/14 38/91/14 37/52/14
f 33/55/29 35/37/29 22/39/29
f 31/56/18 32/54/18 17/31/18
f 36/57/31 38/59/31 75/49/31
f 34/58/28 33/55/28 23/44/28
f 38/59/19 31/95/19 72/60/19
f 37/61/30 36/57/30 30/48/30
f 32/62/15 34/58/15 21/46/15
f 39/63/17 40/96/17 6/11/17
f 41/64/16 46/97/16 45/7/16
f 41/66/1 40/96/1 39/63/1
f 39/63/1 47/98/1 46/65/1
f 44/4/10 42/13/10 43/67/10
f 47/69/10 44/4/10 45/68/10
f 73/71/19 74/90/19 75/49/19
f 79/72/16 77/81/16 76/27/16
f 73/74/1 78/73/1 76/27/1
f 79/72/19 78/73/19 73/76/19
f 86/141/16 80/142/16 83/143/16
f 89/144/89 85/145/89 84/146/89
f 83/143/9 87/147/9 86/141/9
f 88/148/90 82/149/90 85/145/90
f 88/150/1 81/151/1 87/152/1
f 93/153/91 90/154/92 91/155/91
f 84/146/93 92/156/92 89/144/93
f 80/142/94 93/153/94 91/155/94
f 80/157/18 90/158/18 84/146/18
f 80/157/18 82/159/18 83/160/18
f 85/161/18 80/157/18 84/146/18
f 82/159/18 80/157/18 85/161/18
f 87/152/1 81/151/1 86/162/1
f 81/151/1 88/150/1 89/144/1
f 92/156/1 81/151/1 89/144/1
f 86/141/16 81/321/16 80/142/16
f 89/144/89 88/148/89 85/145/89
f 83/143/9 82/149/9 87/147/9
f 88/148/90 87/147/90 82/149/90
f 93/153/91 92/322/92 90/154/92
f 84/146/93 90/158/92 92/156/92
f 80/142/94 81/321/94 93/153/94
f 80/157/18 91/323/18 90/158/18
f 92/156/1 93/324/1 81/151/1
f 203/99/1 205/100/1 131/101/1
f 120/102/18 216/103/18 218/104/18
f 129/105/18 130/106/18 213/107/18
f 128/108/40 131/109/41 123/110/41
f 124/111/42 304/112/43 303/113/42
f 126/114/43 132/115/44 304/112/43
f 132/115/45 123/110/41 131/109/41
f 264/116/46 129/117/47 127/118/46
f 135/119/47 130/120/48 129/117/47
f 134/121/49 128/108/40 130/120/49
f 120/122/50 247/123/51 122/124/50
f 239/125/33 248/126/52 241/127/52
f 122/124/1 308/128/1 245/129/1
f 121/130/53 238/131/54 119/132/53
f 119/133/18 307/134/18 242/135/18
f 245/136/54 240/137/55 238/131/54
f 246/138/56 239/125/33 240/137/56
f 248/126/52 243/139/57 241/127/52
f 249/140/58 242/135/51 243/139/58
f 254/141/16 118/142/16 251/143/16
f 257/144/59 253/145/59 252/146/59
f 251/143/10 255/147/10 254/141/10
f 256/148/60 250/149/60 253/145/60
f 256/150/18 223/151/18 255/152/18
f 261/153/61 258/154/63 259/155/61
f 252/146/62 260/156/63 257/144/62
f 118/142/64 261/153/64 259/155/64
f 118/157/1 258/158/1 252/146/1
f 118/157/1 250/159/1 251/160/1
f 253/161/1 118/157/1 252/146/1
f 250/159/1 118/157/1 253/161/1
f 255/152/18 223/151/18 254/162/18
f 223/151/18 256/150/18 257/144/18
f 260/156/18 223/151/18 257/144/18
f 219/163/18 123/164/18 125/165/18
f 125/165/18 126/166/18 219/163/18
f 124/111/18 219/163/18 126/166/18
f 128/167/18 219/163/18 215/168/18
f 213/107/18 127/169/18 129/105/18
f 213/107/18 130/106/18 128/167/18
f 131/101/1 209/170/1 132/171/1
f 132/171/1 209/170/1 304/172/1
f 301/173/1 133/174/1 134/175/1
f 135/176/1 264/177/1 301/173/1
f 134/175/1 135/176/1 301/173/1
f 209/170/1 303/113/1 304/172/1
f 242/135/18 307/134/18 243/178/18
f 243/178/18 307/134/18 241/179/18
f 241/179/18 307/134/18 239/180/18
f 240/181/18 307/134/18 238/182/18
f 239/180/18 307/134/18 240/181/18
f 245/129/1 308/128/1 246/183/1
f 248/184/1 308/128/1 249/185/1
f 249/185/1 308/128/1 247/123/1
f 246/183/1 308/128/1 244/186/1
f 244/186/1 308/128/1 248/184/1
f 119/187/65 225/188/66 121/189/65
f 120/102/18 224/190/18 119/191/18
f 224/190/66 303/113/42 225/188/66
f 127/192/46 122/124/67 264/193/46
f 122/194/1 206/195/1 204/196/1
f 225/188/1 122/194/1 121/197/1
f 327/198/1 329/199/1 321/200/1
f 310/201/18 340/202/18 342/203/18
f 319/204/18 320/205/18 337/206/18
f 318/207/40 321/208/41 313/209/41
f 314/210/42 367/211/43 366/212/42
f 316/213/43 322/214/44 367/211/43
f 322/214/45 313/209/41 321/208/41
f 363/215/46 319/216/47 317/217/46
f 325/218/47 320/219/48 319/216/47
f 324/220/49 318/207/40 320/219/49
f 310/221/50 358/222/51 312/223/50
f 350/224/33 359/225/52 352/226/52
f 312/223/1 371/227/1 356/228/1
f 311/229/53 349/230/54 309/231/53
f 309/232/18 370/233/18 353/234/18
f 356/235/54 351/236/55 349/230/54
f 357/237/56 350/224/33 351/236/56
f 359/225/52 354/238/57 352/226/52
f 360/239/58 353/234/51 354/238/58
f 343/240/18 313/241/18 315/242/18
f 315/242/18 316/243/18 343/240/18
f 314/210/18 343/240/18 316/243/18
f 318/244/18 343/240/18 339/245/18
f 337/206/18 317/246/18 319/204/18
f 337/206/18 320/205/18 318/244/18
f 321/200/1 333/247/1 322/248/1
f 322/248/1 333/247/1 367/249/1
f 364/250/1 323/251/1 324/252/1
f 325/253/1 363/254/1 364/250/1
f 324/252/1 325/253/1 364/250/1
f 333/247/1 366/212/1 367/249/1
f 353/234/18 370/233/18 354/255/18
f 354/255/18 370/233/18 352/256/18
f 352/256/18 370/233/18 350/257/18
f 351/258/18 370/233/18 349/259/18
f 350/257/18 370/233/18 351/258/18
f 356/228/1 371/227/1 357/260/1
f 359/261/1 371/227/1 360/262/1
f 360/262/1 371/227/1 358/222/1
f 357/260/1 371/227/1 355/263/1
f 355/263/1 371/227/1 359/261/1
f 309/264/65 348/265/66 311/266/65
f 310/201/18 347/267/18 309/268/18
f 347/267/66 366/212/42 348/265/66
f 317/269/46 312/223/67 363/270/46
f 312/271/1 330/272/1 328/273/1
f 348/265/1 312/271/1 311/274/1
f 382/275/36 395/276/2 381/277/2
f 375/278/68 390/279/69 389/280/70
f 375/278/68 376/281/98 390/279/69
f 382/275/36 383/282/71 396/283/72
f 376/281/98 391/284/73 390/279/69
f 383/282/71 397/285/74 396/283/72
f 376/281/98 392/286/75 391/284/73
f 383/282/71 384/287/76 397/285/74
f 384/287/76 398/288/77 397/285/74
f 378/289/78 392/286/75 377/290/9
f 384/287/76 385/291/79 398/288/77
f 372/292/33 388/293/80 387/294/33
f 378/289/78 379/295/81 393/296/82
f 372/292/33 373/297/83 388/293/80
f 385/291/79 399/298/84 398/288/77
f 379/295/81 394/299/85 393/296/82
f 379/295/81 380/300/35 394/299/85
f 374/301/86 388/293/80 373/297/83
f 372/292/33 399/302/84 386/303/87
f 381/277/2 394/299/85 380/300/35
f 374/301/86 375/278/68 389/280/70
f 388/304/1 392/305/1 396/306/1
f 382/307/18 378/308/18 374/309/18
f 131/101/1 133/174/1 301/173/1
f 131/101/1 301/173/1 203/99/1
f 205/100/1 209/170/1 131/101/1
f 220/310/18 219/163/18 124/111/18
f 127/169/18 213/107/18 210/311/18
f 127/169/18 210/311/18 211/312/18
f 221/313/18 220/310/18 124/111/18
f 221/313/18 124/111/18 224/190/18
f 120/102/18 127/169/18 211/312/18
f 120/102/18 211/312/18 212/314/18
f 221/313/18 224/190/18 120/102/18
f 222/315/18 221/313/18 120/102/18
f 120/102/18 212/314/18 217/316/18
f 120/102/18 217/316/18 216/103/18
f 218/104/18 222/315/18 120/102/18
f 128/108/40 133/317/40 131/109/41
f 124/111/42 126/114/43 304/112/43
f 126/114/43 125/318/44 132/115/44
f 132/115/45 125/318/45 123/110/41
f 264/116/46 135/119/47 129/117/47
f 135/119/47 134/121/48 130/120/48
f 134/121/49 133/317/40 128/108/40
f 120/122/50 242/135/51 247/123/51
f 239/125/33 244/319/33 248/126/52
f 245/129/1 121/320/1 122/124/1
f 122/124/1 247/123/1 308/128/1
f 121/130/53 245/136/54 238/131/54
f 242/135/18 120/122/18 119/133/18
f 119/133/18 238/182/18 307/134/18
f 245/136/54 246/138/55 240/137/55
f 246/138/56 244/319/33 239/125/33
f 248/126/52 249/140/57 243/139/57
f 249/140/58 247/123/51 242/135/51
f 254/141/16 223/321/16 118/142/16
f 257/144/59 256/148/59 253/145/59
f 251/143/10 250/149/10 255/147/10
f 256/148/60 255/147/60 250/149/60
f 261/153/61 260/322/63 258/154/63
f 252/146/62 258/158/63 260/156/63
f 118/142/64 223/321/64 261/153/64
f 118/157/1 259/323/1 258/158/1
f 260/156/18 261/324/18 223/151/18
f 214/325/18 213/107/18 128/167/18
f 128/167/18 123/164/18 219/163/18
f 215/168/18 214/325/18 128/167/18
f 119/187/65 224/190/66 225/188/66
f 224/190/66 124/111/42 303/113/42
f 127/192/46 120/122/67 122/124/67
f 263/326/1 301/173/1 264/177/1
f 303/113/1 209/170/1 207/327/1
f 303/113/1 207/327/1 306/328/1
f 305/329/1 263/326/1 264/177/1
f 202/330/1 305/329/1 264/177/1
f 225/188/1 303/113/1 306/328/1
f 225/188/1 306/328/1 208/331/1
f 202/330/1 264/177/1 122/194/1
f 262/332/1 202/330/1 122/194/1
f 122/194/1 225/188/1 208/331/1
f 122/194/1 208/331/1 302/333/1
f 204/196/1 262/332/1 122/194/1
f 122/194/1 302/333/1 206/195/1
f 321/200/1 323/251/1 364/250/1
f 321/200/1 364/250/1 327/198/1
f 329/199/1 333/247/1 321/200/1
f 344/334/18 343/240/18 314/210/18
f 317/246/18 337/206/18 334/335/18
f 317/246/18 334/335/18 335/336/18
f 345/337/18 344/334/18 314/210/18
f 345/337/18 314/210/18 347/267/18
f 310/201/18 317/246/18 335/336/18
f 310/201/18 335/336/18 336/338/18
f 345/337/18 347/267/18 310/201/18
f 346/339/18 345/337/18 310/201/18
f 310/201/18 336/338/18 341/340/18
f 310/201/18 341/340/18 340/202/18
f 342/203/18 346/339/18 310/201/18
f 318/207/40 323/341/40 321/208/41
f 314/210/42 316/213/43 367/211/43
f 316/213/43 315/342/44 322/214/44
f 322/214/45 315/342/45 313/209/41
f 363/215/46 325/218/47 319/216/47
f 325/218/47 324/220/48 320/219/48
f 324/220/49 323/341/40 318/207/40
f 310/221/50 353/234/51 358/222/51
f 350/224/33 355/343/33 359/225/52
f 356/228/1 311/344/1 312/223/1
f 312/223/1 358/222/1 371/227/1
f 311/229/53 356/235/54 349/230/54
f 353/234/18 310/221/18 309/232/18
f 309/232/18 349/259/18 370/233/18
f 356/235/54 357/237/55 351/236/55
f 357/237/56 355/343/33 350/224/33
f 359/225/52 360/239/57 354/238/57
f 360/239/58 358/222/51 353/234/51
f 338/345/18 337/206/18 318/244/18
f 318/244/18 313/241/18 343/240/18
f 339/245/18 338/345/18 318/244/18
f 309/264/65 347/267/66 348/265/66
f 347/267/66 314/210/42 366/212/42
f 317/269/46 310/221/67 312/223/67
f 362/346/1 364/250/1 363/254/1
f 366/212/1 333/247/1 331/347/1
f 366/212/1 331/347/1 369/348/1
f 368/349/1 362/346/1 363/254/1
f 326/350/1 368/349/1 363/254/1
f 348/265/1 366/212/1 369/348/1
f 348/265/1 369/348/1 332/351/1
f 326/350/1 363/254/1 312/271/1
f 361/352/1 326/350/1 312/271/1
f 312/271/1 348/265/1 332/351/1
f 312/271/1 332/351/1 365/353/1
f 328/273/1 361/352/1 312/271/1
f 312/271/1 365/353/1 330/272/1
f 382/275/36 396/283/72 395/276/2
f 376/281/98 377/290/9 392/286/75
f 378/289/78 393/296/82 392/286/75
f 385/291/79 386/354/87 399/298/84
f 374/301/86 389/280/70 388/293/80
f 372/292/33 387/294/33 399/302/84
f 381/277/2 395/276/2 394/299/85
f 399/355/1 387/356/1 388/304/1
f 388/304/1 389/357/1 390/358/1
f 390/358/1 391/359/1 392/305/1
f 392/305/1 393/360/1 394/361/1
f 394/361/1 395/362/1 396/306/1
f 396/306/1 397/363/1 398/364/1
f 398/364/1 399/355/1 388/304/1
f 388/304/1 390/358/1 392/305/1
f 392/305/1 394/361/1 396/306/1
f 396/306/1 398/364/1 388/304/1
f 373/365/18 372/366/18 386/367/18
f 386/367/18 385/368/18 384/369/18
f 384/369/18 383/370/18 382/307/18
f 382/307/18 381/371/18 380/372/18
f 380/372/18 379/373/18 378/308/18
f 378/308/18 377/374/18 376/375/18
f 376/375/18 375/376/18 374/309/18
f 374/309/18 373/365/18 386/367/18
f 386/367/18 384/369/18 382/307/18
f 382/307/18 380/372/18 378/308/18
f 378/308/18 376/375/18 374/309/18
f 374/309/18 386/367/18 382/307/18
usemtl SpacialRoverExploreralumGray
f 50/377/5 49/378/5 48/379/5
f 52/380/2 51/381/2 50/377/2
f 54/382/3 53/383/3 52/380/3
f 56/384/8 55/385/8 54/382/8
f 58/386/9 57/387/9 56/384/9
f 60/388/12 59/389/12 58/386/12
f 62/390/13 61/391/13 60/388/13
f 64/392/10 63/393/10 62/390/10
f 66/394/11 65/395/11 64/392/11
f 68/396/6 67/397/6 66/394/6
f 70/398/7 69/399/7 68/396/7
f 48/379/4 71/400/4 70/401/4
f 54/402/1 50/403/1 66/404/1
f 50/377/5 51/381/5 49/378/5
f 52/380/2 53/383/2 51/381/2
f 54/382/3 55/385/3 53/383/3
f 56/384/8 57/387/8 55/385/8
f 58/386/9 59/389/9 57/387/9
f 60/388/12 61/391/12 59/389/12
f 62/390/13 63/393/13 61/391/13
f 64/392/10 65/395/10 63/393/10
f 66/394/11 67/397/11 65/395/11
f 68/396/6 69/399/6 67/397/6
f 70/398/7 71/405/7 69/399/7
f 48/379/4 49/378/4 71/400/4
f 50/403/1 48/379/1 70/401/1
f 70/401/1 68/406/1 50/403/1
f 68/406/1 66/404/1 50/403/1
f 66/404/1 64/407/1 58/408/1
f 64/407/1 62/409/1 58/408/1
f 62/409/1 60/410/1 58/408/1
f 58/408/1 56/411/1 54/402/1
f 54/402/1 52/412/1 50/403/1
f 58/408/1 54/402/1 66/404/1
f 103/413/99 235/414/100 234/415/101
f 95/416/102 232/417/103 226/418/104
f 96/419/105 229/420/106 232/417/107
f 98/421/108 230/422/109 235/414/100
f 99/423/110 227/424/111 230/422/112
f 233/425/157 102/426/113 228/427/114
f 228/427/115 100/428/116 236/429/117
f 231/430/118 105/431/119 237/432/120
f 237/432/121 103/413/99 234/415/101
f 97/433/122 226/418/104 227/424/111
f 104/434/123 236/429/117 100/428/116
f 101/435/124 229/420/106 94/436/125
f 103/413/99 98/421/108 235/414/100
f 95/416/102 96/419/126 232/417/103
f 96/419/105 94/436/125 229/420/106
f 98/421/108 99/423/127 230/422/109
f 99/423/110 97/433/122 227/424/111
f 233/425/128 101/435/124 102/426/158
f 228/427/115 102/426/129 100/428/116
f 231/430/130 104/437/123 105/431/159
f 237/432/121 105/431/131 103/413/99
f 97/433/122 95/416/102 226/418/104
f 104/434/123 231/438/130 236/429/117
f 101/435/124 233/425/128 229/420/106
f 456/439/16 424/440/16 455/441/133
f 424/440/16 456/439/16 457/442/132
f 424/440/16 423/443/133 455/441/133
f 457/442/132 425/444/132 424/440/16
f 423/443/133 454/445/73 455/441/133
f 457/442/132 458/446/95 425/444/132
f 423/443/133 422/447/73 454/445/73
f 458/446/95 426/448/95 425/444/132
f 458/446/95 459/449/135 426/448/95
f 459/449/135 427/450/135 426/448/95
f 422/447/73 453/451/134 454/445/73
f 453/451/134 422/447/73 421/452/134
f 459/449/135 460/453/10 427/450/135
f 460/453/10 428/454/10 427/450/135
f 453/451/134 421/452/134 452/455/9
f 421/452/134 420/456/9 452/455/9
f 420/456/9 451/457/96 452/455/9
f 460/453/10 461/458/83 428/454/10
f 420/456/9 419/459/96 451/457/96
f 461/458/83 429/460/83 428/454/10
f 461/458/83 462/461/32 429/460/83
f 451/457/96 419/459/96 450/462/34
f 419/459/96 418/463/34 450/462/34
f 429/460/83 462/461/32 430/464/32
f 418/463/34 449/465/88 450/462/34
f 430/464/32 462/461/32 431/466/33
f 418/463/34 417/467/88 449/465/88
f 431/466/33 462/461/32 463/468/33
f 417/467/88 448/469/15 449/465/88
f 448/469/15 417/467/88 416/470/15
f 431/466/33 463/468/33 432/471/19
f 432/471/19 400/472/19 431/466/33
f 432/471/19 433/473/87 400/472/19
f 448/469/15 416/470/15 447/474/97
f 447/474/97 416/470/15 415/475/97
f 400/472/19 433/473/87 401/476/87
f 401/476/87 433/473/87 434/477/39
f 401/476/87 434/477/39 402/478/39
f 447/474/97 415/475/97 446/479/35
f 415/480/97 414/481/35 446/482/35
f 414/481/35 445/483/136 446/482/35
f 402/478/39 434/477/39 435/484/38
f 414/481/35 413/485/136 445/483/136
f 402/478/39 435/484/38 403/486/38
f 445/483/136 413/485/136 444/487/2
f 403/486/38 435/484/38 436/488/7
f 403/486/38 436/488/7 404/489/7
f 444/487/2 413/485/136 412/490/2
f 404/489/7 436/488/7 437/491/138
f 444/487/2 412/490/2 443/492/137
f 404/489/7 437/491/138 405/493/138
f 443/492/137 412/490/2 411/494/137
f 405/493/138 437/491/138 438/495/37
f 443/492/137 411/494/137 442/496/36
f 405/493/138 438/495/37 406/497/37
f 442/496/36 411/494/137 410/498/36
f 406/497/37 438/495/37 439/499/140
f 442/496/36 410/498/36 441/500/139
f 441/500/139 410/498/36 409/501/139
f 406/497/37 439/499/140 407/502/140
f 441/500/139 409/501/139 440/503/14
f 407/502/140 439/499/140 440/503/14
f 440/503/14 409/501/139 408/504/14
f 407/502/140 440/503/14 408/504/14
f 892/505/160 915/506/161 916/507/160
f 898/508/162 923/509/163 899/510/163
f 889/511/164 902/512/165 913/513/164
f 895/514/166 920/515/167 896/516/167
f 892/505/160 917/517/168 893/518/168
f 888/519/165 923/509/163 902/512/165
f 889/520/164 914/521/169 890/522/169
f 896/516/167 921/523/170 897/524/170
f 894/525/171 917/517/168 918/526/171
f 890/527/169 915/506/161 891/528/161
f 897/524/170 922/529/162 898/508/162
f 894/525/171 919/530/166 895/514/166
f 562/531/154 540/532/172 563/533/154
f 558/534/173 561/535/153 559/536/173
f 554/537/151 557/538/174 555/539/151
f 558/540/175 1018/541/176 556/542/175
f 550/543/177 553/544/150 551/545/177
f 546/546/148 549/547/178 547/548/148
f 542/549/179 545/550/147 543/551/179
f 584/552/2 587/553/180 585/554/180
f 580/555/8 583/556/181 581/557/181
f 576/558/12 579/559/182 577/560/182
f 573/561/183 574/562/10 575/563/183
f 568/564/6 571/565/184 569/566/184
f 564/567/185 566/568/4 567/569/185
f 882/570/186 575/571/183 885/572/186
f 866/573/187 583/574/181 869/575/187
f 560/576/188 1007/577/189 1010/578/189
f 1014/579/5 583/574/5 582/580/5
f 554/581/190 1026/582/191 552/583/190
f 546/584/192 1000/585/193 544/586/192
f 551/587/194 881/588/195 886/589/195
f 557/590/196 870/591/197 559/592/196
f 1003/593/5 569/594/5 854/595/5
f 990/596/3 840/597/3 841/598/3
f 989/599/3 841/598/3 842/600/3
f 996/601/198 568/564/199 1003/602/198
f 991/603/200 566/568/201 565/604/201
f 540/605/202 846/606/203 543/607/202
f 842/600/204 844/608/205 847/609/204
f 996/601/13 571/610/13 570/611/13
f 997/612/13 851/613/13 996/614/13
f 1002/615/5 854/595/5 855/616/5
f 1004/617/206 584/552/207 1009/618/206
f 998/619/208 1002/620/209 1001/621/208
f 854/595/210 571/610/184 851/613/210
f 547/622/211 853/623/212 848/624/212
f 849/625/213 855/616/247 850/626/247
f 1009/627/9 585/628/9 862/629/9
f 1010/630/9 860/631/9 861/632/9
f 1007/633/7 857/634/7 1006/635/7
f 1005/636/7 859/637/7 1004/638/7
f 1011/639/214 1005/640/215 1008/641/215
f 862/629/216 587/642/180 859/637/216
f 561/643/217 856/644/218 563/645/217
f 860/631/219 858/646/220 857/634/219
f 1012/647/222 1016/648/221 1019/649/222
f 864/650/223 868/651/224 871/652/223
f 1015/653/5 869/575/5 1014/654/5
f 1014/579/225 580/555/226 1017/655/225
f 1020/656/227 576/558/228 1025/657/227
f 1016/658/13 866/573/13 867/659/13
f 1025/660/11 577/661/11 878/662/11
f 1024/663/11 878/662/11 879/664/11
f 1020/656/3 579/665/3 578/666/3
f 1021/667/3 875/668/3 1020/669/3
f 1022/670/229 1024/671/248 1027/672/229
f 878/662/230 579/665/182 875/668/230
f 555/673/249 877/674/231 872/675/231
f 873/676/232 879/664/234 874/677/233
f 1031/678/7 573/679/7 882/570/7
f 1030/680/7 882/570/7 883/681/7
f 880/682/235 884/683/236 887/684/235
f 1031/685/237 574/562/238 572/686/238
f 550/687/239 1028/688/240 548/689/250
f 1029/690/241 1035/691/242 1030/692/242
f 699/693/20 541/694/172 562/531/154
f 698/695/20 676/696/14 699/697/20
f 697/698/146 562/531/154 560/699/153
f 696/700/146 699/697/20 697/701/146
f 695/702/145 560/699/153 558/534/173
f 686/703/6 705/704/6 687/705/6
f 693/706/152 558/534/173 556/707/174
f 692/708/152 695/709/145 693/710/152
f 691/711/21 556/707/174 554/537/151
f 690/712/21 693/710/152 691/713/21
f 689/714/144 554/537/151 552/715/150
f 688/716/144 691/713/21 689/717/144
f 687/718/143 552/715/150 550/543/177
f 680/719/18 700/720/18 678/721/18
f 548/722/178 687/718/143 550/543/177
f 685/723/149 686/724/143 687/725/143
f 683/726/19 548/722/178 546/546/148
f 683/727/19 684/728/149 685/723/149
f 681/729/142 546/546/148 544/730/147
f 680/731/142 683/727/19 681/732/142
f 679/733/141 544/730/147 542/549/179
f 697/734/4 710/735/4 696/736/4
f 676/737/14 542/738/179 541/694/172
f 677/739/14 679/740/141 676/737/14
f 708/741/3 711/742/3 709/743/3
f 704/744/13 707/745/13 705/746/13
f 700/720/7 703/747/7 701/748/7
f 697/734/1 709/749/1 711/750/1
f 681/751/10 702/752/10 680/753/10
f 694/754/18 710/755/18 708/741/18
f 689/756/1 705/704/1 707/757/1
f 694/754/12 709/749/12 695/758/12
f 689/756/8 706/759/8 688/760/8
f 688/760/18 704/744/18 686/761/18
f 678/721/2 701/762/2 679/763/2
f 679/763/1 703/764/1 681/751/1
f 988/765/3 842/600/3 843/766/3
f 998/619/13 850/626/13 997/767/13
f 999/768/13 849/625/13 998/769/13
f 1001/770/5 855/616/5 852/771/5
f 1000/772/5 852/771/5 853/773/5
f 1006/774/7 858/646/7 1005/640/7
f 1011/775/9 863/776/9 860/631/9
f 1008/777/9 862/629/9 863/776/9
f 1019/778/13 867/659/13 864/650/13
f 1018/779/13 864/650/13 865/780/13
f 1012/647/5 868/651/5 1015/781/5
f 1013/782/5 871/652/5 1012/783/5
f 1022/670/3 874/677/3 1021/784/3
f 1023/785/3 873/676/3 1022/786/3
f 1027/787/11 879/664/11 876/788/11
f 1026/789/11 876/788/11 877/674/11
f 1029/790/7 883/681/7 880/682/7
f 1028/791/7 880/682/7 881/588/7
f 842/600/204 846/606/203 843/766/203
f 845/792/243 841/598/205 840/597/243
f 849/625/213 853/773/212 852/771/213
f 851/613/210 855/616/247 854/595/210
f 857/634/219 861/632/218 860/631/219
f 859/637/216 863/776/220 862/629/216
f 871/652/223 865/780/197 864/650/223
f 869/575/187 867/659/224 866/573/187
f 873/676/232 877/674/231 876/788/232
f 878/662/230 874/677/233 879/664/234
f 887/684/235 881/588/195 880/682/235
f 885/572/186 883/681/236 882/570/186
f 840/597/243 567/793/185 845/792/243
f 899/794/20 677/739/14 698/795/20
f 898/796/156 698/795/20 696/797/146
f 897/798/15 696/797/146 694/799/145
f 896/800/152 694/799/145 692/801/152
f 895/802/21 692/801/152 690/803/21
f 894/804/16 690/803/21 688/805/144
f 893/806/23 688/805/144 686/807/143
f 684/808/149 893/806/23 686/807/143
f 891/809/19 684/808/149 682/810/19
f 890/522/155 682/810/19 680/811/142
f 889/520/22 680/811/142 678/812/141
f 888/813/14 678/814/141 677/739/14
f 408/815/1 926/816/1 955/817/1
f 422/818/1 954/819/1 421/820/1
f 407/821/1 955/817/1 953/822/1
f 421/820/1 952/823/1 420/824/1
f 406/825/1 953/822/1 951/826/1
f 420/824/1 950/827/1 419/828/1
f 405/829/1 951/826/1 949/830/1
f 418/831/1 950/827/1 948/832/1
f 431/833/1 936/834/1 947/835/1
f 404/836/1 949/830/1 946/837/1
f 418/831/1 945/838/1 417/839/1
f 430/840/1 947/835/1 944/841/1
f 403/842/1 946/837/1 943/843/1
f 417/839/1 942/844/1 416/845/1
f 430/840/1 941/846/1 429/847/1
f 402/848/1 943/843/1 940/849/1
f 416/845/1 939/850/1 415/851/1
f 429/847/1 938/852/1 428/853/1
f 401/854/1 940/849/1 937/855/1
f 415/851/1 935/856/1 414/857/1
f 428/853/1 934/858/1 427/859/1
f 401/854/1 936/834/1 400/860/1
f 413/861/1 935/856/1 933/862/1
f 427/859/1 932/863/1 426/864/1
f 412/865/1 933/862/1 931/866/1
f 426/864/1 930/867/1 425/868/1
f 411/869/1 931/866/1 929/870/1
f 425/868/1 928/871/1 424/872/1
f 410/873/1 929/870/1 927/874/1
f 424/872/1 925/875/1 423/876/1
f 409/877/1 927/874/1 926/816/1
f 423/876/1 924/878/1 422/818/1
f 433/879/18 987/880/18 956/881/18
f 434/882/18 956/881/18 957/883/18
f 434/882/18 958/884/18 435/885/18
f 435/885/18 959/886/18 436/887/18
f 436/887/18 960/888/18 437/889/18
f 437/889/18 961/890/18 438/891/18
f 438/891/18 962/892/18 439/893/18
f 439/893/18 963/894/18 440/895/18
f 440/895/18 964/896/18 441/897/18
f 441/897/18 965/898/18 442/899/18
f 442/899/18 966/900/18 443/901/18
f 443/901/18 967/902/18 444/903/18
f 444/903/18 968/904/18 445/905/18
f 445/905/18 969/906/18 446/907/18
f 446/907/18 970/908/18 447/909/18
f 447/909/18 971/910/18 448/911/18
f 448/911/18 972/912/18 449/913/18
f 449/913/18 973/914/18 450/915/18
f 450/915/18 974/916/18 451/917/18
f 452/918/18 974/916/18 975/919/18
f 453/920/18 975/919/18 976/921/18
f 454/922/18 976/921/18 977/923/18
f 455/924/18 977/923/18 978/925/18
f 456/926/18 978/925/18 979/927/18
f 457/928/18 979/927/18 980/929/18
f 458/930/18 980/929/18 981/931/18
f 459/932/18 981/931/18 982/933/18
f 460/934/18 982/933/18 983/935/18
f 461/936/18 983/935/18 984/937/18
f 462/938/18 984/937/18 985/939/18
f 463/940/18 985/939/18 986/941/18
f 432/942/18 986/941/18 987/880/18
f 988/765/3 540/605/3 541/943/3
f 543/607/11 993/944/11 542/945/11
f 547/946/13 999/947/13 546/584/13
f 545/948/5 1000/949/5 853/773/5
f 991/950/3 564/951/3 840/597/3
f 563/645/7 1007/577/7 562/952/7
f 561/643/9 1010/953/9 861/632/9
f 559/592/5 1013/954/5 558/540/5
f 557/590/13 1018/955/13 865/780/13
f 555/673/3 1023/956/3 554/581/3
f 553/957/11 1026/958/11 877/674/11
f 549/959/7 1028/960/7 881/588/7
f 551/587/9 1033/961/9 550/687/9
f 991/962/200 995/963/251 994/964/200
f 1001/965/208 999/768/193 998/769/208
f 1003/966/198 997/612/209 996/614/198
f 1011/967/214 1007/633/189 1006/635/214
f 1009/968/206 1005/636/215 1004/638/206
f 1012/783/222 1018/969/176 1013/782/176
f 1017/970/225 1015/653/221 1014/654/225
f 1027/971/229 1023/785/191 1022/786/229
f 1020/669/227 1024/972/248 1021/667/248
f 1032/973/241 1028/974/240 1033/975/240
f 1034/976/237 1030/977/242 1035/978/242
f 542/945/244 988/979/245 541/980/244
f 1004/617/7 587/642/7 586/981/7
f 993/982/11 847/609/11 992/983/11
f 992/984/11 844/608/11 995/985/11
f 995/963/11 845/792/11 994/964/11
f 994/986/11 567/793/11 566/568/11
f 1017/987/13 581/988/13 866/573/13
f 993/982/245 989/989/246 988/990/245
f 990/991/251 992/984/246 995/985/251
f 1033/975/9 887/684/9 1032/973/9
f 1032/992/9 884/683/9 1035/691/9
f 1035/978/9 885/572/9 1034/976/9
f 1034/993/9 575/571/9 574/562/9
f 892/505/160 891/528/161 915/506/161
f 898/508/162 922/529/162 923/509/163
f 889/511/164 888/519/165 902/512/165
f 895/514/166 919/530/166 920/515/167
f 892/505/160 916/507/160 917/517/168
f 888/519/165 899/510/163 923/509/163
f 889/520/164 913/994/164 914/521/169
f 896/516/167 920/515/167 921/523/170
f 894/525/171 893/518/168 917/517/168
f 890/527/169 914/995/169 915/506/161
f 897/524/170 921/523/170 922/529/162
f 894/525/171 918/526/171 919/530/166
f 562/531/154 541/694/172 540/532/172
f 558/534/173 560/699/153 561/535/153
f 554/537/151 556/707/174 557/538/174
f 558/540/175 1013/954/176 1018/541/176
f 550/543/177 552/715/150 553/544/150
f 546/546/148 548/722/178 549/547/178
f 542/549/179 544/730/147 545/550/147
f 584/552/2 586/981/2 587/553/180
f 580/555/8 582/580/8 583/556/181
f 576/558/12 578/666/12 579/559/182
f 573/561/183 572/686/10 574/562/10
f 568/564/6 570/611/6 571/565/184
f 564/567/185 565/604/4 566/568/4
f 882/570/186 573/679/183 575/571/183
f 866/573/187 581/988/181 583/574/181
f 560/576/188 562/952/252 1007/577/189
f 1014/579/5 869/575/5 583/574/5
f 554/581/190 1023/956/191 1026/582/191
f 546/584/192 999/947/193 1000/585/193
f 551/587/194 549/959/194 881/588/195
f 557/590/196 865/780/197 870/591/197
f 1003/593/5 568/996/5 569/594/5
f 990/596/3 991/997/3 840/597/3
f 989/599/3 990/998/3 841/598/3
f 996/601/198 570/611/199 568/564/199
f 991/603/200 994/986/200 566/568/201
f 540/605/202 843/766/203 846/606/203
f 842/600/204 841/598/205 844/608/205
f 996/601/13 851/613/13 571/610/13
f 997/612/13 850/626/13 851/613/13
f 1002/615/5 1003/999/5 854/595/5
f 1004/617/206 586/981/207 584/552/207
f 998/619/208 997/767/209 1002/620/209
f 854/595/210 569/594/184 571/610/184
f 547/622/211 545/1000/211 853/623/212
f 849/625/213 852/771/213 855/616/247
f 1009/627/9 584/1001/9 585/628/9
f 1010/630/9 1011/1002/9 860/631/9
f 1007/633/7 856/644/7 857/634/7
f 1005/636/7 858/646/7 859/637/7
f 1011/639/214 1006/774/214 1005/640/215
f 862/629/216 585/628/180 587/642/180
f 561/643/217 861/632/218 856/644/218
f 860/631/219 863/776/220 858/646/220
f 1012/647/222 1015/781/221 1016/648/221
f 864/650/223 867/659/224 868/651/224
f 1015/653/5 868/651/5 869/575/5
f 1014/579/225 582/580/226 580/555/226
f 1020/656/227 578/666/228 576/558/228
f 1016/658/13 1017/1003/13 866/573/13
f 1025/660/11 576/1004/11 577/661/11
f 1024/663/11 1025/1005/11 878/662/11
f 1020/656/3 875/668/3 579/665/3
f 1021/667/3 874/677/3 875/668/3
f 1022/670/229 1021/784/248 1024/671/248
f 878/662/230 577/661/182 579/665/182
f 555/673/249 553/957/249 877/674/231
f 873/676/232 876/788/232 879/664/234
f 1031/678/7 572/1006/7 573/679/7
f 1030/680/7 1031/1007/7 882/570/7
f 880/682/235 883/681/236 884/683/236
f 1031/685/237 1034/993/237 574/562/238
f 550/687/239 1033/961/240 1028/688/240
f 1029/690/241 1032/992/241 1035/691/242
f 699/693/20 676/737/14 541/694/172
f 698/695/20 677/1008/14 676/696/14
f 697/698/146 699/693/20 562/531/154
f 696/700/146 698/695/20 699/697/20
f 695/702/145 697/698/146 560/699/153
f 686/703/6 704/1009/6 705/704/6
f 693/706/152 695/702/145 558/534/173
f 692/708/152 694/1010/145 695/709/145
f 691/711/21 693/706/152 556/707/174
f 690/712/21 692/708/152 693/710/152
f 689/714/144 691/711/21 554/537/151
f 688/716/144 690/712/21 691/713/21
f 687/718/143 689/714/144 552/715/150
f 680/719/18 702/1011/18 700/720/18
f 548/722/178 685/1012/149 687/718/143
f 685/723/149 684/728/149 686/724/143
f 683/726/19 685/1012/149 548/722/178
f 683/727/19 682/1013/19 684/728/149
f 681/729/142 683/726/19 546/546/148
f 680/731/142 682/1013/19 683/727/19
f 679/733/141 681/729/142 544/730/147
f 697/734/4 711/750/4 710/735/4
f 676/737/14 679/740/141 542/738/179
f 677/739/14 678/814/141 679/740/141
f 708/741/3 710/755/3 711/742/3
f 704/744/13 706/759/13 707/745/13
f 700/720/7 702/1011/7 703/747/7
f 697/734/1 695/758/1 709/749/1
f 681/751/10 703/764/10 702/752/10
f 694/754/18 696/1014/18 710/755/18
f 689/756/1 687/705/1 705/704/1
f 694/754/12 708/741/12 709/749/12
f 689/756/8 707/757/8 706/759/8
f 688/760/18 706/759/18 704/744/18
f 678/721/2 700/720/2 701/762/2
f 679/763/1 701/762/1 703/764/1
f 988/765/3 989/1015/3 842/600/3
f 998/619/13 849/625/13 850/626/13
f 999/768/13 848/1016/13 849/625/13
f 1001/770/5 1002/1017/5 855/616/5
f 1000/772/5 1001/1018/5 852/771/5
f 1006/774/7 857/634/7 858/646/7
f 1011/775/9 1008/1019/9 863/776/9
f 1008/777/9 1009/1020/9 862/629/9
f 1019/778/13 1016/1021/13 867/659/13
f 1018/779/13 1019/1022/13 864/650/13
f 1012/647/5 871/652/5 868/651/5
f 1013/782/5 870/591/5 871/652/5
f 1022/670/3 873/676/3 874/677/3
f 1023/785/3 872/675/3 873/676/3
f 1027/787/11 1024/1023/11 879/664/11
f 1026/789/11 1027/1024/11 876/788/11
f 1029/790/7 1030/1025/7 883/681/7
f 1028/791/7 1029/1026/7 880/682/7
f 842/600/204 847/609/204 846/606/203
f 845/792/243 844/608/205 841/598/205
f 849/625/213 848/1016/212 853/773/212
f 851/613/210 850/626/247 855/616/247
f 857/634/219 856/644/218 861/632/218
f 859/637/216 858/646/220 863/776/220
f 871/652/223 870/591/197 865/780/197
f 869/575/187 868/651/224 867/659/224
f 873/676/232 872/675/231 877/674/231
f 878/662/230 875/668/230 874/677/233
f 887/684/235 886/589/195 881/588/195
f 885/572/186 884/683/236 883/681/236
f 840/597/243 564/951/185 567/793/185
f 899/794/20 888/813/14 677/739/14
f 898/796/156 899/794/20 698/795/20
f 897/798/15 898/796/156 696/797/146
f 896/800/152 897/798/15 694/799/145
f 895/802/21 896/800/152 692/801/152
f 894/804/16 895/802/21 690/803/21
f 893/806/23 894/804/16 688/805/144
f 684/808/149 892/1027/149 893/806/23
f 891/809/19 892/1027/149 684/808/149
f 890/522/155 891/809/19 682/810/19
f 889/520/22 890/522/155 680/811/142
f 888/813/14 889/1028/22 678/814/141
f 408/815/1 409/877/1 926/816/1
f 422/818/1 924/878/1 954/819/1
f 407/821/1 408/815/1 955/817/1
f 421/820/1 954/819/1 952/823/1
f 406/825/1 407/821/1 953/822/1
f 420/824/1 952/823/1 950/827/1
f 405/829/1 406/825/1 951/826/1
f 418/831/1 419/828/1 950/827/1
f 431/833/1 400/860/1 936/834/1
f 404/836/1 405/829/1 949/830/1
f 418/831/1 948/832/1 945/838/1
f 430/840/1 431/833/1 947/835/1
f 403/842/1 404/836/1 946/837/1
f 417/839/1 945/838/1 942/844/1
f 430/840/1 944/841/1 941/846/1
f 402/848/1 403/842/1 943/843/1
f 416/845/1 942/844/1 939/850/1
f 429/847/1 941/846/1 938/852/1
f 401/854/1 402/848/1 940/849/1
f 415/851/1 939/850/1 935/856/1
f 428/853/1 938/852/1 934/858/1
f 401/854/1 937/855/1 936/834/1
f 413/861/1 414/857/1 935/856/1
f 427/859/1 934/858/1 932/863/1
f 412/865/1 413/861/1 933/862/1
f 426/864/1 932/863/1 930/867/1
f 411/869/1 412/865/1 931/866/1
f 425/868/1 930/867/1 928/871/1
f 410/873/1 411/869/1 929/870/1
f 424/872/1 928/871/1 925/875/1
f 409/877/1 410/873/1 927/874/1
f 423/876/1 925/875/1 924/878/1
f 433/879/18 432/942/18 987/880/18
f 434/882/18 433/879/18 956/881/18
f 434/882/18 957/883/18 958/884/18
f 435/885/18 958/884/18 959/886/18
f 436/887/18 959/886/18 960/888/18
f 437/889/18 960/888/18 961/890/18
f 438/891/18 961/890/18 962/892/18
f 439/893/18 962/892/18 963/894/18
f 440/895/18 963/894/18 964/896/18
f 441/897/18 964/896/18 965/898/18
f 442/899/18 965/898/18 966/900/18
f 443/901/18 966/900/18 967/902/18
f 444/903/18 967/902/18 968/904/18
f 445/905/18 968/904/18 969/906/18
f 446/907/18 969/906/18 970/908/18
f 447/909/18 970/908/18 971/910/18
f 448/911/18 971/910/18 972/912/18
f 449/913/18 972/912/18 973/914/18
f 450/915/18 973/914/18 974/916/18
f 452/918/18 451/917/18 974/916/18
f 453/920/18 452/918/18 975/919/18
f 454/922/18 453/920/18 976/921/18
f 455/924/18 454/922/18 977/923/18
f 456/926/18 455/924/18 978/925/18
f 457/928/18 456/926/18 979/927/18
f 458/930/18 457/928/18 980/929/18
f 459/932/18 458/930/18 981/931/18
f 460/934/18 459/932/18 982/933/18
f 461/936/18 460/934/18 983/935/18
f 462/938/18 461/936/18 984/937/18
f 463/940/18 462/938/18 985/939/18
f 432/942/18 463/940/18 986/941/18
f 988/765/3 843/766/3 540/605/3
f 543/607/11 846/606/11 993/944/11
f 547/946/13 848/1016/13 999/947/13
f 545/948/5 544/1029/5 1000/949/5
f 991/950/3 565/1030/3 564/951/3
f 563/645/7 856/644/7 1007/577/7
f 561/643/9 560/1031/9 1010/953/9
f 559/592/5 870/591/5 1013/954/5
f 557/590/13 556/1032/13 1018/955/13
f 555/673/3 872/675/3 1023/956/3
f 553/957/11 552/1033/11 1026/958/11
f 549/959/7 548/1034/7 1028/960/7
f 551/587/9 886/589/9 1033/961/9
f 991/962/200 990/1035/251 995/963/251
f 1001/965/208 1000/1036/193 999/768/193
f 1003/966/198 1002/1037/209 997/612/209
f 1011/967/214 1010/1038/189 1007/633/189
f 1009/968/206 1008/1039/215 1005/636/215
f 1012/783/222 1019/1040/222 1018/969/176
f 1017/970/225 1016/1041/221 1015/653/221
f 1027/971/229 1026/1042/191 1023/785/191
f 1020/669/227 1025/1043/227 1024/972/248
f 1032/973/241 1029/1044/241 1028/974/240
f 1034/976/237 1031/1045/237 1030/977/242
f 542/945/244 993/944/245 988/979/245
f 1004/617/7 859/637/7 587/642/7
f 993/982/11 846/606/11 847/609/11
f 992/984/11 847/609/11 844/608/11
f 995/963/11 844/608/11 845/792/11
f 994/986/11 845/792/11 567/793/11
f 1017/987/13 580/1046/13 581/988/13
f 993/982/245 992/983/246 989/989/246
f 990/991/251 989/1047/246 992/984/246
f 1033/975/9 886/589/9 887/684/9
f 1032/992/9 887/684/9 884/683/9
f 1035/978/9 884/683/9 885/572/9
f 1034/993/9 885/572/9 575/571/9
usemtl SpacialRoverExploreralumBlack
f 233/1048/253 269/1049/254 229/1050/255
f 237/1051/256 277/1052/257 231/1053/258
f 230/1054/259 280/1055/260 267/1056/261
f 236/1057/262 277/1058/257 273/1059/263
f 270/1060/302 284/1061/264 266/1062/265
f 272/1063/303 285/1064/266 271/1065/267
f 273/1066/268 283/1067/269 272/1063/269
f 279/1068/270 266/1062/271 265/1069/272
f 268/1070/273 288/1071/274 282/1072/275
f 267/1073/276 274/1074/277 286/1075/276
f 277/1076/278 281/1077/279 273/1066/280
f 282/1072/281 276/1078/282 278/1079/282
f 268/1070/273 286/1075/283 287/1080/284
f 280/1081/285 265/1069/272 274/1074/277
f 271/1065/267 284/1061/264 269/1082/286
f 278/1079/287 275/1083/288 277/1084/278
f 228/1085/289 271/1086/290 233/1048/253
f 228/1085/289 273/1059/263 272/1087/291
f 232/1088/292 279/1089/293 226/1090/294
f 230/1054/259 268/1091/295 235/1092/296
f 234/1093/297 268/1091/295 282/1094/298
f 237/1051/256 282/1094/298 278/1095/299
f 226/1090/294 280/1055/260 227/1096/300
f 232/1088/292 269/1049/254 270/1097/304
f 233/1048/253 271/1086/290 269/1049/254
f 237/1051/256 278/1095/299 277/1052/257
f 230/1054/259 227/1096/300 280/1055/260
f 236/1057/262 231/1098/258 277/1058/257
f 270/1060/302 269/1082/286 284/1061/264
f 272/1063/303 283/1067/301 285/1064/266
f 273/1066/280 281/1077/279 283/1067/269
f 279/1068/270 270/1060/271 266/1062/271
f 268/1070/273 287/1080/284 288/1071/274
f 267/1073/276 280/1081/285 274/1074/277
f 277/1076/278 275/1099/288 281/1077/279
f 282/1072/275 288/1071/274 276/1078/282
f 268/1070/273 267/1073/283 286/1075/283
f 280/1081/285 279/1068/270 265/1069/272
f 271/1065/267 285/1064/266 284/1061/264
f 278/1079/287 276/1078/287 275/1083/288
f 228/1085/289 272/1087/291 271/1086/290
f 228/1085/289 236/1057/262 273/1059/263
f 232/1088/292 270/1097/304 279/1089/293
f 230/1054/259 267/1056/261 268/1091/295
f 234/1093/297 235/1092/296 268/1091/295
f 237/1051/256 234/1093/297 282/1094/298
f 226/1090/294 279/1089/293 280/1055/260
f 232/1088/292 229/1050/255 269/1049/254
usemtl SpacialRoverExploreralumGrayDeep
f 299/1100/83 113/1101/135 115/1102/135
f 115/1103/1 116/1104/1 167/1105/1
f 116/1106/134 107/1107/96 109/1108/96
f 116/1104/1 162/1109/1 161/1110/1
f 106/1111/18 187/1112/18 201/1113/18
f 113/1114/18 295/1115/18 172/1116/18
f 107/1117/96 111/1118/34 109/1119/96
f 108/1120/35 110/1121/136 111/1118/35
f 116/1106/134 114/1122/73 112/1123/134
f 117/1124/95 113/1101/135 114/1122/95
f 293/1125/138 296/1126/38 298/1127/38
f 110/1128/1 292/1129/1 154/1130/1
f 111/1131/1 158/1132/1 109/1133/1
f 111/1131/1 157/1134/1 159/1135/1
f 293/1125/138 291/1136/37 289/1137/138
f 294/1138/36 290/1139/137 291/1136/36
f 299/1100/83 297/1140/32 295/1141/83
f 300/1142/39 296/1126/38 297/1140/39
f 290/1139/137 110/1121/136 106/1143/136
f 107/1144/18 189/1145/18 191/1146/18
f 107/1144/18 187/1112/18 108/1147/18
f 190/1148/18 112/1149/18 114/1150/18
f 113/1114/18 192/1151/18 193/1152/18
f 297/1153/18 200/1154/18 199/1155/18
f 297/1153/18 196/1156/18 295/1115/18
f 291/1157/18 178/1158/18 180/1159/18
f 299/1160/1 145/1161/1 144/1162/1
f 299/1160/1 141/1163/1 300/1164/1
f 141/1163/1 298/1165/1 300/1164/1
f 165/1166/1 294/1167/1 293/1168/1
f 298/1165/1 137/1169/1 136/1170/306
f 164/1171/1 294/1167/1 165/1166/1
f 299/1100/83 295/1141/83 113/1101/135
f 168/1172/1 150/1173/1 115/1103/1
f 115/1103/1 117/1174/1 116/1104/1
f 116/1104/1 166/1175/1 167/1105/1
f 167/1105/1 168/1172/1 115/1103/1
f 116/1106/134 112/1123/134 107/1107/96
f 160/1176/1 166/1175/1 116/1104/1
f 116/1104/1 109/1133/1 158/1132/1
f 116/1104/1 158/1132/1 162/1109/1
f 161/1110/1 160/1176/1 116/1104/1
f 198/1177/18 197/1178/18 106/1111/18
f 106/1111/18 108/1147/18 187/1112/18
f 201/1113/18 198/1177/18 106/1111/18
f 170/1179/18 169/1180/18 113/1114/18
f 295/1115/18 196/1156/18 195/1181/18
f 295/1115/18 195/1181/18 194/1182/18
f 173/1183/18 170/1179/18 113/1114/18
f 171/1184/18 173/1183/18 113/1114/18
f 295/1115/18 194/1182/18 172/1116/18
f 172/1116/18 171/1184/18 113/1114/18
f 107/1117/96 108/1120/34 111/1118/34
f 108/1120/35 106/1143/136 110/1121/136
f 116/1106/134 117/1124/73 114/1122/73
f 117/1124/95 115/1102/135 113/1101/135
f 293/1125/138 289/1137/138 296/1126/38
f 155/1185/1 157/1134/1 110/1128/1
f 292/1129/1 164/1171/1 163/1186/1
f 292/1129/1 163/1186/1 156/1187/1
f 153/1188/1 155/1185/1 110/1128/1
f 152/1189/1 153/1188/1 110/1128/1
f 292/1129/1 156/1187/1 154/1130/1
f 154/1130/1 152/1189/1 110/1128/1
f 159/1135/1 158/1132/1 111/1131/1
f 111/1131/1 110/1128/1 157/1134/1
f 293/1125/138 294/1138/37 291/1136/37
f 294/1138/36 292/1190/137 290/1139/137
f 299/1100/83 300/1142/32 297/1140/32
f 300/1142/39 298/1127/38 296/1126/38
f 290/1139/137 292/1190/137 110/1121/136
f 188/1191/18 187/1112/18 107/1144/18
f 107/1144/18 112/1149/18 190/1148/18
f 107/1144/18 190/1148/18 189/1145/18
f 191/1146/18 188/1191/18 107/1144/18
f 190/1148/18 114/1150/18 113/1114/18
f 113/1114/18 169/1180/18 192/1151/18
f 193/1152/18 190/1148/18 113/1114/18
f 199/1155/18 196/1156/18 297/1153/18
f 297/1153/18 296/1192/18 200/1154/18
f 185/1193/18 200/1154/18 296/1192/18
f 296/1192/18 289/1194/18 291/1157/18
f 291/1157/18 290/1195/18 106/1111/18
f 106/1111/18 197/1178/18 179/1196/18
f 106/1111/18 179/1196/18 177/1197/18
f 185/1193/18 296/1192/18 291/1157/18
f 184/1198/18 185/1193/18 291/1157/18
f 106/1111/18 177/1197/18 175/1199/18
f 106/1111/18 175/1199/18 174/1200/18
f 186/1201/18 184/1198/18 291/1157/18
f 182/1202/18 186/1201/18 291/1157/18
f 291/1157/18 106/1111/18 174/1200/18
f 291/1157/18 174/1200/18 176/1203/305
f 183/1204/18 182/1202/18 291/1157/18
f 181/1205/18 183/1204/18 291/1157/18
f 291/1157/18 176/1203/305 178/1158/18
f 180/1159/18 181/1205/18 291/1157/18
f 140/1206/1 141/1163/1 299/1160/1
f 115/1103/1 150/1173/1 147/1207/1
f 115/1103/1 147/1207/1 142/1208/1
f 151/1209/1 140/1206/1 299/1160/1
f 143/1210/1 151/1209/1 299/1160/1
f 115/1103/1 142/1208/1 148/1211/1
f 115/1103/1 148/1211/1 145/1161/1
f 149/1212/1 143/1210/1 299/1160/1
f 146/1213/1 149/1212/1 299/1160/1
f 299/1160/1 115/1103/1 145/1161/1
f 144/1162/1 146/1213/1 299/1160/1
f 165/1166/1 293/1168/1 298/1165/1
f 298/1165/1 141/1163/1 139/1214/1
f 298/1165/1 139/1214/1 138/1215/1
f 136/1170/306 165/1166/1 298/1165/1
f 298/1165/1 138/1215/1 137/1169/1
f 164/1171/1 292/1129/1 294/1167/1
f 535/1216/22 606/1217/14 534/1218/14
f 563/533/154 588/1219/14 599/1220/20
f 598/1221/156 563/533/154 599/1220/20
f 559/536/173 598/1221/156 597/1222/15
f 557/538/174 597/1222/15 596/1223/152
f 555/539/151 596/1223/152 595/1224/21
f 553/544/150 595/1224/21 594/1225/16
f 551/545/177 594/1225/16 593/1226/23
f 592/1227/149 551/545/177 593/1226/23
f 591/1228/19 549/547/178 592/1227/149
f 545/550/147 591/1228/19 590/1229/155
f 543/551/179 590/1229/155 589/1230/22
f 540/532/172 589/1231/22 588/1219/14
f 528/1232/1 589/1233/1 529/1234/1
f 529/1234/1 590/1235/1 530/1236/1
f 530/1236/1 591/1237/1 531/1238/1
f 532/1239/1 591/1237/1 592/1240/1
f 532/1239/1 593/1241/1 533/1242/1
f 534/1243/1 593/1241/1 594/1244/1
f 534/1243/1 595/1245/1 535/1246/1
f 536/1247/1 595/1245/1 596/1248/1
f 536/1247/1 597/1249/1 537/1250/1
f 537/1250/1 598/1251/1 538/1252/1
f 538/1252/1 599/1253/1 539/1254/1
f 528/1232/1 599/1253/1 588/1255/1
f 603/1256/1 607/1257/1 611/1258/1
f 532/1259/156 603/1260/15 531/1261/15
f 539/1262/23 610/1263/149 538/1264/149
f 529/1265/21 600/1266/16 528/1267/16
f 536/1268/155 607/1269/22 535/1216/22
f 532/1259/156 605/1270/20 604/1271/156
f 528/1267/16 611/1272/23 539/1262/23
f 530/1273/152 601/1274/21 529/1275/21
f 537/1276/19 608/1277/155 536/1268/155
f 534/1218/14 605/1270/20 533/1278/20
f 531/1261/15 602/1279/152 530/1273/152
f 538/1264/149 609/1280/19 537/1276/19
f 901/1281/14 913/1282/22 902/1283/14
f 900/1284/22 914/521/155 913/994/22
f 903/1285/155 915/1286/19 914/521/155
f 904/1287/19 916/1288/149 915/1286/19
f 916/1288/149 906/1289/23 917/1290/23
f 906/1289/23 918/1291/16 917/1290/23
f 907/1292/16 919/1293/21 918/1291/16
f 908/1294/21 920/1295/152 919/1293/21
f 909/1296/152 921/1297/15 920/1295/152
f 910/1298/15 922/1299/156 921/1297/15
f 911/1300/18 907/1301/18 903/1285/18
f 911/1302/156 923/1303/20 922/1299/156
f 912/1304/20 902/1283/14 923/1303/20
f 535/1216/22 607/1269/22 606/1217/14
f 563/533/154 540/532/172 588/1219/14
f 598/1221/156 561/535/153 563/533/154
f 559/536/173 561/535/153 598/1221/156
f 557/538/174 559/536/173 597/1222/15
f 555/539/151 557/538/174 596/1223/152
f 553/544/150 555/539/151 595/1224/21
f 551/545/177 553/544/150 594/1225/16
f 592/1227/149 549/547/178 551/545/177
f 591/1228/19 547/548/148 549/547/178
f 545/550/147 547/548/148 591/1228/19
f 543/551/179 545/550/147 590/1229/155
f 540/532/172 543/1305/179 589/1231/22
f 528/1232/1 588/1255/1 589/1233/1
f 529/1234/1 589/1233/1 590/1235/1
f 530/1236/1 590/1235/1 591/1237/1
f 532/1239/1 531/1238/1 591/1237/1
f 532/1239/1 592/1240/1 593/1241/1
f 534/1243/1 533/1242/1 593/1241/1
f 534/1243/1 594/1244/1 595/1245/1
f 536/1247/1 535/1246/1 595/1245/1
f 536/1247/1 596/1248/1 597/1249/1
f 537/1250/1 597/1249/1 598/1251/1
f 538/1252/1 598/1251/1 599/1253/1
f 528/1232/1 539/1254/1 599/1253/1
f 611/1258/1 600/1306/1 601/1307/1
f 601/1307/1 602/1308/1 603/1256/1
f 603/1256/1 604/1309/1 605/1310/1
f 605/1310/1 606/1311/1 607/1257/1
f 607/1257/1 608/1312/1 609/1313/1
f 609/1313/1 610/1314/1 611/1258/1
f 611/1258/1 601/1307/1 603/1256/1
f 603/1256/1 605/1310/1 607/1257/1
f 607/1257/1 609/1313/1 611/1258/1
f 532/1259/156 604/1271/156 603/1260/15
f 539/1262/23 611/1272/23 610/1263/149
f 529/1265/21 601/1315/21 600/1266/16
f 536/1268/155 608/1277/155 607/1269/22
f 532/1259/156 533/1278/20 605/1270/20
f 528/1267/16 600/1266/16 611/1272/23
f 530/1273/152 602/1279/152 601/1274/21
f 537/1276/19 609/1280/19 608/1277/155
f 534/1218/14 606/1217/14 605/1270/20
f 531/1261/15 603/1260/15 602/1279/152
f 538/1264/149 610/1263/149 609/1280/19
f 901/1281/14 900/1316/22 913/1282/22
f 900/1284/22 903/1285/155 914/521/155
f 903/1285/155 904/1287/19 915/1286/19
f 904/1287/19 905/1317/149 916/1288/149
f 916/1288/149 905/1317/149 906/1289/23
f 906/1289/23 907/1292/16 918/1291/16
f 907/1292/16 908/1294/21 919/1293/21
f 908/1294/21 909/1296/152 920/1295/152
f 909/1296/152 910/1298/15 921/1297/15
f 910/1298/15 911/1302/156 922/1299/156
f 903/1285/18 900/1284/18 901/1318/18
f 901/1318/18 912/1319/18 911/1300/18
f 911/1300/18 910/1320/18 909/1321/18
f 909/1321/18 908/1322/18 907/1301/18
f 907/1301/18 906/1323/18 905/1324/18
f 905/1324/18 904/1325/18 903/1285/18
f 903/1285/18 901/1318/18 911/1300/18
f 911/1300/18 909/1321/18 907/1301/18
f 907/1301/18 905/1324/18 903/1285/18
f 911/1302/156 912/1304/20 923/1303/20
f 912/1304/20 901/1281/14 902/1283/14
usemtl SpacialRoverExplorerwheels
f 987/1326/18 495/1327/319 465/1328/320
f 986/1329/18 494/1330/321 495/1327/319
f 985/1331/18 493/1332/322 494/1330/321
f 984/1333/18 492/1334/766 493/1332/322
f 983/1335/18 491/1336/323 492/1334/766
f 982/1337/18 490/1338/324 491/1336/323
f 981/1339/18 489/1340/325 490/1338/324
f 980/1341/18 488/1342/325 489/1340/325
f 979/1343/18 487/1344/326 488/1342/325
f 978/1345/18 486/1346/767 487/1344/326
f 977/1347/18 485/1348/327 486/1346/767
f 976/1349/18 484/1350/328 485/1348/327
f 975/1351/18 483/1352/329 484/1353/328
f 973/1354/18 483/1352/329 974/1355/18
f 972/1356/18 482/1357/329 973/1354/18
f 971/1358/18 481/1359/330 972/1356/18
f 970/1360/18 480/1361/330 971/1358/18
f 969/1362/18 479/1363/331 970/1360/18
f 968/1364/18 478/1365/331 969/1362/18
f 967/1366/18 477/1367/332 968/1364/18
f 966/1368/18 476/1369/332 967/1366/18
f 965/1370/18 475/1371/333 966/1368/18
f 964/1372/18 474/1373/334 965/1370/18
f 963/1374/18 473/1375/335 964/1372/18
f 962/1376/18 472/1377/336 963/1374/18
f 961/1378/18 471/1379/337 962/1376/18
f 960/1380/18 470/1381/338 961/1378/18
f 959/1382/18 469/1383/339 960/1380/18
f 958/1384/18 468/1385/339 959/1386/18
f 958/1384/18 466/1387/340 467/1388/341
f 957/1389/18 464/1390/320 466/1387/340
f 956/1391/18 465/1328/320 464/1390/320
f 925/1392/1 518/1393/342 924/1394/1
f 926/1395/1 506/1396/343 505/1397/344
f 928/1398/1 519/1399/342 925/1392/1
f 927/1400/1 507/1401/345 506/1396/343
f 930/1402/1 520/1403/346 928/1398/1
f 929/1404/1 508/1405/768 507/1401/345
f 932/1406/1 521/1407/346 930/1402/1
f 931/1408/1 509/1409/347 508/1405/768
f 934/1410/1 522/1411/348 932/1406/1
f 933/1412/1 510/1413/349 509/1409/347
f 937/1414/1 496/1415/350 936/1416/1
f 938/1417/1 523/1418/351 934/1410/1
f 935/1419/1 511/1420/349 510/1413/349
f 940/1421/1 497/1422/350 937/1414/1
f 941/1423/1 524/1424/352 938/1417/1
f 942/1425/1 511/1420/349 939/1426/1
f 943/1427/1 498/1428/353 940/1421/1
f 944/1429/1 525/1430/354 941/1423/1
f 945/1431/1 512/1432/355 942/1425/1
f 946/1433/1 499/1434/353 943/1427/1
f 947/1435/1 526/1436/356 944/1429/1
f 948/1437/1 513/1438/357 945/1431/1
f 946/1439/1 501/1440/358 500/1441/358
f 936/1416/1 527/1442/359 947/1435/1
f 950/1443/1 514/1444/360 948/1437/1
f 949/1445/1 502/1446/361 501/1440/358
f 952/1447/1 515/1448/360 950/1443/1
f 951/1449/1 503/1450/362 502/1446/361
f 954/1451/1 516/1452/363 952/1453/1
f 953/1454/1 504/1455/364 503/1450/362
f 924/1394/1 517/1456/363 954/1451/1
f 955/1457/1 505/1397/344 504/1455/364
f 613/1458/365 522/1411/366 615/1459/367
f 617/1460/368 526/1436/369 619/1461/370
f 619/1461/371 811/1462/372 618/1463/373
f 623/1464/374 524/1424/375 621/1465/376
f 670/1466/377 713/1467/769 837/1468/378
f 618/1463/373 712/1469/379 494/1330/380
f 485/1348/327 722/1470/382 723/1471/381
f 669/1472/383 836/1473/384 804/1474/383
f 526/1436/356 774/1475/385 775/1476/385
f 637/1477/386 516/1478/387 631/1479/388
f 633/1480/389 518/1393/390 627/1481/391
f 629/1482/392 520/1403/393 625/1483/394
f 617/1460/395 810/1484/396 778/1485/397
f 668/1486/384 741/1487/398 836/1473/384
f 511/1420/399 639/1488/400 645/1489/401
f 513/1438/402 635/1490/403 641/1491/404
f 616/1492/405 715/1493/770 810/1484/396
f 487/1344/326 720/1494/406 721/1495/406
f 507/1401/407 647/1496/408 653/1497/409
f 509/1409/410 643/1498/411 649/1499/412
f 667/1500/413 835/1501/414 666/1502/415
f 524/1424/352 772/1503/416 773/1504/416
f 615/1459/417 809/1505/418 614/1506/419
f 666/1502/415 740/1507/420 466/1387/420
f 499/1434/421 663/1508/422 669/1472/423
f 501/1440/424 659/1509/425 665/1510/426
f 503/1450/427 655/1511/428 661/1512/429
f 505/1397/430 651/1513/431 657/1514/432
f 671/1515/433 496/1415/434 673/1516/435
f 614/1506/419 716/1517/436 490/1338/771
f 675/1518/437 498/1428/438 667/1500/772
f 489/1340/325 718/1519/439 719/1520/439
f 665/1510/440 834/1521/441 802/1522/442
f 522/1411/348 770/1523/443 771/1524/443
f 464/1390/444 666/1502/445 466/1387/444
f 674/1525/446 667/1500/772 666/1502/445
f 613/1458/447 808/1526/448 776/1527/449
f 664/1528/450 739/1529/451 834/1521/441
f 495/1327/452 672/1530/453 465/1328/452
f 670/1466/454 673/1516/435 672/1530/453
f 656/1531/455 474/1373/456 473/1375/456
f 657/1514/432 650/1532/457 656/1531/455
f 660/1533/458 472/1377/459 471/1379/459
f 661/1512/429 654/1534/460 660/1533/458
f 664/1528/461 470/1381/462 469/1383/462
f 665/1510/426 658/1535/463 664/1528/461
f 668/1486/464 468/1385/465 467/1388/465
f 669/1472/423 662/1536/466 668/1486/464
f 612/1537/773 719/1520/774 808/1526/448
f 491/1336/323 716/1517/467 717/1538/467
f 663/1539/468 833/1540/469 662/1541/470
f 520/1403/346 768/1542/471 769/1543/471
f 675/1518/640 744/1544/472 497/1422/775
f 662/1541/470 738/1545/473 468/1546/474
f 673/1516/475 745/1547/476 806/1548/475
f 493/1332/322 714/1549/477 715/1493/477
f 648/1550/478 478/1365/479 477/1367/479
f 649/1499/412 642/1551/480 648/1550/478
f 652/1552/481 476/1369/776 475/1371/776
f 653/1497/409 646/1553/482 652/1552/481
f 661/1512/483 832/1554/484 800/1555/483
f 518/1393/342 766/1556/485 767/1557/485
f 671/1515/486 774/1475/487 527/1442/488
f 660/1533/489 737/1558/777 832/1554/484
f 640/1559/490 482/1357/491 481/1359/491
f 641/1491/404 634/1560/492 640/1559/490
f 644/1561/493 480/1361/494 479/1363/494
f 645/1489/401 638/1562/495 644/1561/493
f 669/1472/383 746/1563/496 499/1434/496
f 495/1327/319 712/1469/497 713/1467/497
f 659/1509/498 831/1564/499 658/1535/500
f 516/1452/363 764/1565/501 765/1566/501
f 487/1344/502 624/1567/503 488/1342/502
f 628/1568/504 625/1483/394 624/1567/503
f 485/1348/778 626/1569/506 486/1346/505
f 632/1570/507 627/1481/391 626/1569/506
f 483/1352/508 630/1571/509 484/1353/508
f 636/1572/510 631/1479/388 630/1571/509
f 667/1500/413 747/1573/511 803/1574/413
f 658/1535/500 736/1575/512 470/1381/513
f 665/1510/440 748/1576/514 501/1440/515
f 657/1514/516 830/1577/517 798/1578/518
f 514/1444/360 762/1579/519 763/1580/519
f 663/1539/468 749/1581/779 801/1582/468
f 656/1531/520 735/1583/521 830/1577/517
f 661/1512/483 750/1584/522 503/1450/523
f 655/1511/314 829/1585/315 654/1534/312
f 513/1438/357 761/1586/524 512/1432/355
f 491/1336/525 620/1587/526 492/1334/525
f 622/1588/527 621/1465/376 620/1587/526
f 659/1509/498 751/1589/780 799/1590/498
f 654/1534/312 734/1591/528 472/1377/313
f 493/1332/529 618/1463/530 494/1330/529
f 616/1492/531 619/1461/370 618/1463/530
f 489/1340/532 614/1506/533 490/1338/532
f 612/1537/534 615/1459/367 614/1506/533
f 780/1592/535 772/1503/536 778/1485/537
f 777/1593/538 770/1523/539 781/1594/540
f 782/1595/541 768/1542/542 776/1527/543
f 783/1596/544 766/1556/545 784/1597/546
f 785/1598/547 764/1565/548 786/1599/549
f 787/1600/550 762/1579/551 788/1601/550
f 761/1586/552 790/1602/553 789/1603/554
f 759/1604/555 792/1605/556 791/1606/557
f 757/1607/558 794/1608/559 793/1609/560
f 755/1610/561 796/1611/562 795/1612/563
f 753/1613/564 798/1578/565 797/1614/566
f 751/1589/567 800/1555/568 799/1590/569
f 749/1581/570 802/1522/571 801/1582/572
f 747/1573/573 804/1474/574 803/1574/574
f 806/1548/575 744/1544/576 807/1615/577
f 779/1616/578 774/1475/579 805/1617/580
f 712/1469/581 837/1468/582 713/1467/581
f 811/1462/583 805/1617/580 837/1468/582
f 742/1618/584 839/1619/585 743/1620/584
f 838/1621/781 807/1615/577 839/1619/585
f 835/1501/586 741/1487/587 740/1507/587
f 803/1574/574 836/1473/586 835/1501/586
f 833/1540/588 739/1529/589 738/1545/589
f 801/1582/572 834/1521/590 833/1540/588
f 831/1564/591 737/1558/592 736/1575/592
f 799/1590/569 832/1554/593 831/1564/591
f 829/1585/594 735/1583/595 734/1591/595
f 797/1614/566 830/1577/596 829/1585/594
f 827/1622/597 733/1623/598 732/1624/599
f 795/1612/563 828/1625/600 827/1622/597
f 825/1626/601 731/1627/602 730/1628/602
f 793/1609/560 826/1629/603 825/1626/601
f 823/1630/604 729/1631/605 728/1632/605
f 791/1606/557 824/1633/606 823/1630/604
f 821/1634/607 727/1635/782 726/1636/782
f 789/1603/554 822/1637/608 821/1634/607
f 724/1638/609 820/1639/610 725/1640/609
f 787/1600/550 820/1639/610 819/1641/610
f 722/1470/611 818/1642/612 723/1471/611
f 817/1643/613 786/1599/549 818/1642/612
f 720/1494/614 816/1644/615 721/1495/614
f 815/1645/616 784/1597/546 816/1644/615
f 718/1519/617 808/1526/618 719/1520/617
f 814/1646/619 776/1527/543 808/1526/618
f 716/1517/620 813/1647/621 717/1538/620
f 809/1505/622 781/1594/540 813/1647/621
f 714/1549/623 810/1484/624 715/1493/623
f 812/1648/625 778/1485/537 810/1484/624
f 671/1515/486 837/1468/378 805/1617/486
f 482/1357/329 725/1640/626 483/1352/329
f 620/1587/627 714/1549/628 492/1334/629
f 672/1530/630 742/1618/631 465/1328/632
f 621/1465/633 812/1648/783 620/1587/627
f 673/1516/475 838/1621/634 672/1530/630
f 480/1361/330 727/1635/784 481/1359/330
f 622/1588/785 717/1538/786 813/1647/635
f 674/1525/636 743/1620/637 839/1619/638
f 623/1464/639 813/1647/635 781/1594/639
f 675/1518/640 839/1619/638 807/1615/640
f 478/1365/331 729/1631/753 479/1363/331
f 624/1567/309 718/1519/310 488/1342/311
f 625/1483/307 814/1646/308 624/1567/309
f 476/1369/332 731/1627/641 477/1367/332
f 626/1569/642 720/1494/787 486/1346/788
f 627/1481/643 815/1645/644 626/1569/642
f 474/1373/334 733/1623/645 475/1371/333
f 628/1568/646 721/1495/647 816/1644/648
f 629/1482/649 816/1644/648 784/1597/649
f 472/1377/336 735/1583/650 473/1375/335
f 630/1649/651 722/1470/652 484/1350/653
f 631/1650/692 817/1643/654 630/1649/651
f 613/1458/447 768/1542/789 521/1407/655
f 470/1381/338 737/1558/656 471/1379/337
f 632/1570/657 723/1471/790 818/1642/658
f 615/1459/417 771/1524/791 777/1593/659
f 633/1480/660 818/1642/658 786/1599/661
f 617/1460/395 772/1503/662 525/1430/663
f 468/1546/339 739/1529/664 469/1383/339
f 634/1560/665 724/1638/792 482/1357/666
f 619/1461/371 775/1476/667 779/1616/668
f 635/1490/669 819/1641/665 634/1560/665
f 621/1465/633 773/1504/670 780/1592/671
f 467/1388/341 740/1507/672 741/1487/673
f 636/1572/674 725/1640/675 820/1639/674
f 623/1464/639 770/1523/676 523/1418/677
f 637/1477/678 820/1639/674 788/1601/678
f 625/1483/307 769/1543/317 782/1595/307
f 464/1390/320 742/1618/679 743/1620/679
f 638/1562/680 726/1636/681 480/1361/682
f 627/1481/643 767/1557/683 783/1596/684
f 496/1415/350 744/1544/686 745/1547/685
f 639/1488/687 821/1634/688 638/1562/680
f 629/1482/649 766/1556/793 519/1399/794
f 640/1559/689 727/1635/690 822/1637/691
f 631/1650/692 765/1566/795 785/1598/692
f 499/1434/353 747/1573/760 498/1428/353
f 641/1491/693 822/1637/691 790/1602/694
f 633/1480/660 764/1565/695 517/1456/696
f 642/1551/697 728/1632/796 478/1365/797
f 635/1490/669 763/1580/698 787/1600/699
f 501/1440/358 749/1581/700 500/1441/358
f 643/1498/701 823/1630/798 642/1551/697
f 637/1477/678 762/1579/702 515/1448/703
f 644/1561/704 729/1631/705 824/1633/706
f 639/1488/687 761/1586/707 789/1603/687
f 503/1450/362 751/1589/708 502/1446/361
f 645/1489/709 824/1633/706 792/1605/709
f 641/1491/693 760/1651/710 513/1438/711
f 646/1553/712 730/1628/713 476/1369/714
f 643/1498/701 759/1604/715 791/1606/701
f 505/1397/344 753/1613/716 504/1455/364
f 647/1496/717 825/1626/718 646/1553/712
f 645/1489/709 758/1652/719 511/1420/720
f 648/1550/721 731/1627/799 826/1629/722
f 647/1496/717 757/1607/800 793/1609/723
f 507/1401/345 755/1610/724 506/1396/343
f 649/1499/725 826/1629/722 794/1608/726
f 649/1499/725 756/1653/801 509/1409/727
f 650/1532/728 732/1624/729 474/1373/730
f 651/1513/731 755/1610/802 795/1612/732
f 509/1409/347 757/1607/803 508/1405/768
f 651/1513/731 827/1622/734 650/1532/728
f 653/1497/735 754/1654/736 507/1401/804
f 652/1552/737 733/1623/738 828/1625/739
f 655/1511/314 753/1613/316 797/1614/314
f 511/1420/349 759/1604/805 510/1413/349
f 653/1497/735 828/1625/739 796/1611/741
f 657/1514/516 752/1655/742 505/1397/743
f 987/1326/18 986/1329/18 495/1327/319
f 986/1329/18 985/1331/18 494/1330/321
f 985/1331/18 984/1333/18 493/1332/322
f 984/1333/18 983/1335/18 492/1334/766
f 983/1335/18 982/1337/18 491/1336/323
f 982/1337/18 981/1339/18 490/1338/324
f 981/1339/18 980/1341/18 489/1340/325
f 980/1341/18 979/1343/18 488/1342/325
f 979/1343/18 978/1345/18 487/1344/326
f 978/1345/18 977/1347/18 486/1346/767
f 977/1347/18 976/1349/18 485/1348/327
f 976/1349/18 975/1656/18 484/1350/328
f 975/1351/18 974/1355/18 483/1352/329
f 973/1354/18 482/1357/329 483/1352/329
f 972/1356/18 481/1359/330 482/1357/329
f 971/1358/18 480/1361/330 481/1359/330
f 970/1360/18 479/1363/331 480/1361/330
f 969/1362/18 478/1365/331 479/1363/331
f 968/1364/18 477/1367/332 478/1365/331
f 967/1366/18 476/1369/332 477/1367/332
f 966/1368/18 475/1371/333 476/1369/332
f 965/1370/18 474/1373/334 475/1371/333
f 964/1372/18 473/1375/335 474/1373/334
f 963/1374/18 472/1377/336 473/1375/335
f 962/1376/18 471/1379/337 472/1377/336
f 961/1378/18 470/1381/338 471/1379/337
f 960/1380/18 469/1383/339 470/1381/338
f 959/1382/18 468/1546/339 469/1383/339
f 958/1384/18 467/1388/341 468/1385/339
f 958/1384/18 957/1389/18 466/1387/340
f 957/1389/18 956/1391/18 464/1390/320
f 956/1391/18 987/1326/18 465/1328/320
f 925/1392/1 519/1399/342 518/1393/342
f 926/1395/1 927/1400/1 506/1396/343
f 928/1398/1 520/1403/346 519/1399/342
f 927/1400/1 929/1404/1 507/1401/345
f 930/1402/1 521/1407/346 520/1403/346
f 929/1404/1 931/1408/1 508/1405/768
f 932/1406/1 522/1411/348 521/1407/346
f 931/1408/1 933/1412/1 509/1409/347
f 934/1410/1 523/1418/351 522/1411/348
f 933/1412/1 935/1419/1 510/1413/349
f 937/1414/1 497/1422/350 496/1415/350
f 938/1417/1 524/1424/352 523/1418/351
f 935/1419/1 939/1426/1 511/1420/349
f 940/1421/1 498/1428/353 497/1422/350
f 941/1423/1 525/1430/354 524/1424/352
f 942/1425/1 512/1432/355 511/1420/349
f 943/1427/1 499/1434/353 498/1428/353
f 944/1429/1 526/1436/356 525/1430/354
f 945/1431/1 513/1438/357 512/1432/355
f 946/1433/1 500/1657/358 499/1434/353
f 947/1435/1 527/1442/359 526/1436/356
f 948/1437/1 514/1444/360 513/1438/357
f 946/1439/1 949/1445/1 501/1440/358
f 936/1416/1 496/1415/350 527/1442/359
f 950/1443/1 515/1448/360 514/1444/360
f 949/1445/1 951/1449/1 502/1446/361
f 952/1447/1 516/1478/363 515/1448/360
f 951/1449/1 953/1454/1 503/1450/362
f 954/1451/1 517/1456/363 516/1452/363
f 953/1454/1 955/1457/1 504/1455/364
f 924/1394/1 518/1393/342 517/1456/363
f 955/1457/1 926/1395/1 505/1397/344
f 613/1458/365 521/1407/366 522/1411/366
f 617/1460/368 525/1430/369 526/1436/369
f 619/1461/371 779/1616/668 811/1462/372
f 623/1464/374 523/1418/375 524/1424/375
f 670/1466/377 495/1327/744 713/1467/769
f 618/1463/373 811/1462/372 712/1469/379
f 485/1348/327 484/1350/328 722/1470/382
f 669/1472/383 668/1486/384 836/1473/384
f 526/1436/356 527/1442/359 774/1475/385
f 637/1477/386 515/1448/387 516/1478/387
f 633/1480/389 517/1456/390 518/1393/390
f 629/1482/392 519/1399/393 520/1403/393
f 617/1460/395 616/1492/405 810/1484/396
f 668/1486/384 467/1388/806 741/1487/398
f 511/1420/399 512/1432/399 639/1488/400
f 513/1438/402 514/1444/402 635/1490/403
f 616/1492/405 493/1332/807 715/1493/770
f 487/1344/326 486/1346/767 720/1494/406
f 507/1401/407 508/1405/407 647/1496/408
f 509/1409/410 510/1413/410 643/1498/411
f 667/1500/413 803/1574/413 835/1501/414
f 524/1424/352 525/1430/354 772/1503/416
f 615/1459/417 777/1593/659 809/1505/418
f 666/1502/415 835/1501/414 740/1507/420
f 499/1434/421 500/1657/421 663/1508/422
f 501/1440/424 502/1446/424 659/1509/425
f 503/1450/427 504/1455/427 655/1511/428
f 505/1397/430 506/1396/430 651/1513/431
f 671/1515/433 527/1442/434 496/1415/434
f 614/1506/419 809/1505/418 716/1517/436
f 675/1518/437 497/1422/438 498/1428/438
f 489/1340/325 488/1342/325 718/1519/439
f 665/1510/440 664/1528/450 834/1521/441
f 522/1411/348 523/1418/351 770/1523/443
f 464/1390/444 674/1525/446 666/1502/445
f 674/1525/446 675/1518/437 667/1500/772
f 613/1458/447 612/1537/773 808/1526/448
f 664/1528/450 469/1383/745 739/1529/451
f 495/1327/452 670/1466/454 672/1530/453
f 670/1466/454 671/1515/433 673/1516/435
f 656/1531/455 650/1532/457 474/1373/456
f 657/1514/432 651/1513/431 650/1532/457
f 660/1533/458 654/1534/460 472/1377/459
f 661/1512/429 655/1511/428 654/1534/460
f 664/1528/461 658/1535/463 470/1381/462
f 665/1510/426 659/1509/425 658/1535/463
f 668/1486/464 662/1536/466 468/1385/465
f 669/1472/423 663/1508/422 662/1536/466
f 612/1537/773 489/1340/746 719/1520/774
f 491/1336/323 490/1338/324 716/1517/467
f 663/1539/468 801/1582/468 833/1540/469
f 520/1403/346 521/1407/346 768/1542/471
f 675/1518/640 807/1615/640 744/1544/472
f 662/1541/470 833/1540/469 738/1545/473
f 673/1516/475 496/1415/747 745/1547/476
f 493/1332/322 492/1334/766 714/1549/477
f 648/1550/478 642/1551/480 478/1365/479
f 649/1499/412 643/1498/411 642/1551/480
f 652/1552/481 646/1553/482 476/1369/776
f 653/1497/409 647/1496/408 646/1553/482
f 661/1512/483 660/1533/489 832/1554/484
f 518/1393/342 519/1399/342 766/1556/485
f 671/1515/486 805/1617/486 774/1475/487
f 660/1533/489 471/1379/748 737/1558/777
f 640/1559/490 634/1560/492 482/1357/491
f 641/1491/404 635/1490/403 634/1560/492
f 644/1561/493 638/1562/495 480/1361/494
f 645/1489/401 639/1488/400 638/1562/495
f 669/1472/383 804/1474/383 746/1563/496
f 495/1327/319 494/1330/321 712/1469/497
f 659/1509/498 799/1590/498 831/1564/499
f 516/1452/363 517/1456/363 764/1565/501
f 487/1344/502 628/1568/504 624/1567/503
f 628/1568/504 629/1482/392 625/1483/394
f 485/1348/778 632/1570/507 626/1569/506
f 632/1570/507 633/1480/389 627/1481/391
f 483/1352/508 636/1572/510 630/1571/509
f 636/1572/510 637/1477/386 631/1479/388
f 667/1500/413 498/1428/511 747/1573/511
f 658/1535/500 831/1564/499 736/1575/512
f 665/1510/440 802/1522/442 748/1576/514
f 657/1514/516 656/1531/520 830/1577/517
f 514/1444/360 515/1448/360 762/1579/519
f 663/1539/468 500/1441/749 749/1581/779
f 656/1531/520 473/1375/808 735/1583/521
f 661/1512/483 800/1555/483 750/1584/522
f 655/1511/314 797/1614/314 829/1585/315
f 513/1438/357 760/1651/524 761/1586/524
f 491/1336/525 622/1588/527 620/1587/526
f 622/1588/527 623/1464/374 621/1465/376
f 659/1509/498 502/1446/750 751/1589/780
f 654/1534/312 829/1585/315 734/1591/528
f 493/1332/529 616/1492/531 618/1463/530
f 616/1492/531 617/1460/368 619/1461/370
f 489/1340/532 612/1537/534 614/1506/533
f 612/1537/534 613/1458/365 615/1459/367
f 780/1592/535 773/1504/536 772/1503/536
f 777/1593/538 771/1524/539 770/1523/539
f 782/1595/541 769/1543/542 768/1542/542
f 783/1596/544 767/1557/545 766/1556/545
f 785/1598/547 765/1566/548 764/1565/548
f 787/1600/550 763/1580/551 762/1579/551
f 761/1586/552 760/1651/552 790/1602/553
f 759/1604/555 758/1652/555 792/1605/556
f 757/1607/558 756/1653/558 794/1608/559
f 755/1610/561 754/1654/561 796/1611/562
f 753/1613/564 752/1655/564 798/1578/565
f 751/1589/567 750/1584/567 800/1555/568
f 749/1581/570 748/1576/570 802/1522/571
f 747/1573/573 746/1563/573 804/1474/574
f 806/1548/575 745/1547/576 744/1544/576
f 779/1616/578 775/1476/579 774/1475/579
f 712/1469/581 811/1462/583 837/1468/582
f 811/1462/583 779/1616/578 805/1617/580
f 742/1618/584 838/1621/781 839/1619/585
f 838/1621/781 806/1548/575 807/1615/577
f 835/1501/586 836/1473/586 741/1487/587
f 803/1574/574 804/1474/574 836/1473/586
f 833/1540/588 834/1521/590 739/1529/589
f 801/1582/572 802/1522/571 834/1521/590
f 831/1564/591 832/1554/593 737/1558/592
f 799/1590/569 800/1555/568 832/1554/593
f 829/1585/594 830/1577/596 735/1583/595
f 797/1614/566 798/1578/565 830/1577/596
f 827/1622/597 828/1625/600 733/1623/598
f 795/1612/563 796/1611/562 828/1625/600
f 825/1626/601 826/1629/603 731/1627/602
f 793/1609/560 794/1608/559 826/1629/603
f 823/1630/604 824/1633/606 729/1631/605
f 791/1606/557 792/1605/556 824/1633/606
f 821/1634/607 822/1637/608 727/1635/782
f 789/1603/554 790/1602/553 822/1637/608
f 724/1638/609 819/1641/610 820/1639/610
f 787/1600/550 788/1601/550 820/1639/610
f 722/1470/611 817/1643/613 818/1642/612
f 817/1643/613 785/1598/547 786/1599/549
f 720/1494/614 815/1645/616 816/1644/615
f 815/1645/616 783/1596/544 784/1597/546
f 718/1519/617 814/1646/619 808/1526/618
f 814/1646/619 782/1595/541 776/1527/543
f 716/1517/620 809/1505/622 813/1647/621
f 809/1505/622 777/1593/538 781/1594/540
f 714/1549/623 812/1648/625 810/1484/624
f 812/1648/625 780/1592/535 778/1485/537
f 671/1515/486 670/1466/377 837/1468/378
f 482/1357/329 724/1638/751 725/1640/626
f 620/1587/627 812/1648/783 714/1549/628
f 672/1530/630 838/1621/634 742/1618/631
f 621/1465/633 780/1592/671 812/1648/783
f 673/1516/475 806/1548/475 838/1621/634
f 480/1361/330 726/1636/784 727/1635/784
f 622/1588/785 491/1336/809 717/1538/786
f 674/1525/636 464/1390/752 743/1620/637
f 623/1464/639 622/1588/785 813/1647/635
f 675/1518/640 674/1525/636 839/1619/638
f 478/1365/331 728/1632/753 729/1631/753
f 624/1567/309 814/1646/308 718/1519/310
f 625/1483/307 782/1595/307 814/1646/308
f 476/1369/332 730/1628/641 731/1627/641
f 626/1569/642 815/1645/644 720/1494/787
f 627/1481/643 783/1596/684 815/1645/644
f 474/1373/334 732/1624/645 733/1623/645
f 628/1568/646 487/1344/754 721/1495/647
f 629/1482/649 628/1568/646 816/1644/648
f 472/1377/336 734/1591/650 735/1583/650
f 630/1649/651 817/1643/654 722/1470/652
f 631/1650/692 785/1598/692 817/1643/654
f 613/1458/447 776/1527/449 768/1542/789
f 470/1381/338 736/1575/656 737/1558/656
f 632/1570/657 485/1348/755 723/1471/790
f 615/1459/417 522/1411/756 771/1524/791
f 633/1480/660 632/1570/657 818/1642/658
f 617/1460/395 778/1485/397 772/1503/662
f 468/1546/339 738/1545/664 739/1529/664
f 634/1560/665 819/1641/665 724/1638/792
f 619/1461/371 526/1436/757 775/1476/667
f 635/1490/669 787/1600/699 819/1641/665
f 621/1465/633 524/1424/810 773/1504/670
f 467/1388/341 466/1387/340 740/1507/672
f 636/1572/674 483/1352/675 725/1640/675
f 623/1464/639 781/1594/639 770/1523/676
f 637/1477/678 636/1572/674 820/1639/674
f 625/1483/307 520/1403/318 769/1543/317
f 464/1390/320 465/1328/320 742/1618/679
f 638/1562/680 821/1634/688 726/1636/681
f 627/1481/643 518/1393/758 767/1557/683
f 496/1415/350 497/1422/350 744/1544/686
f 639/1488/687 789/1603/687 821/1634/688
f 629/1482/649 784/1597/649 766/1556/793
f 640/1559/689 481/1359/811 727/1635/690
f 631/1650/692 516/1452/759 765/1566/795
f 499/1434/353 746/1563/760 747/1573/760
f 641/1491/693 640/1559/689 822/1637/691
f 633/1480/660 786/1599/661 764/1565/695
f 642/1551/697 823/1630/798 728/1632/796
f 635/1490/669 514/1444/698 763/1580/698
f 501/1440/358 748/1576/700 749/1581/700
f 643/1498/701 791/1606/701 823/1630/798
f 637/1477/678 788/1601/678 762/1579/702
f 644/1561/704 479/1363/761 729/1631/705
f 639/1488/687 512/1432/762 761/1586/707
f 503/1450/362 750/1584/708 751/1589/708
f 645/1489/709 644/1561/704 824/1633/706
f 641/1491/693 790/1602/694 760/1651/710
f 646/1553/712 825/1626/718 730/1628/713
f 643/1498/701 510/1413/763 759/1604/715
f 505/1397/344 752/1655/716 753/1613/716
f 647/1496/717 793/1609/723 825/1626/718
f 645/1489/709 792/1605/709 758/1652/719
f 648/1550/721 477/1367/764 731/1627/799
f 647/1496/717 508/1405/812 757/1607/800
f 507/1401/345 754/1654/724 755/1610/724
f 649/1499/725 648/1550/721 826/1629/722
f 649/1499/725 794/1608/726 756/1653/801
f 650/1532/728 827/1622/734 732/1624/729
f 651/1513/731 506/1396/765 755/1610/802
f 509/1409/347 756/1653/733 757/1607/803
f 651/1513/731 795/1612/732 827/1622/734
f 653/1497/735 796/1611/741 754/1654/736
f 652/1552/737 475/1371/813 733/1623/738
f 655/1511/314 504/1455/814 753/1613/316
f 511/1420/349 758/1652/740 759/1604/805
f 653/1497/735 652/1552/737 828/1625/739
f 657/1514/516 798/1578/518 752/1655/742
