# Rover separado para OpenGL
# Punto de giro original: -3.037000 3.284000 -3.009000
mtllib RoverSeparado.mtl
o Rueda_Trasera_Derecha
v -0.499156 0.443114 -0.200001
v -0.499156 0.443114 0.500000
v -0.424156 0.423019 -0.200001
v -0.424156 0.423019 0.500000
v -0.369252 0.368115 -0.200001
v -0.369252 0.368115 0.500000
v -0.349156 0.293115 -0.200001
v -0.349156 0.293115 0.500000
v -0.369252 0.218115 -0.200001
v -0.369252 0.218115 0.500000
v -0.424156 0.163211 -0.200001
v -0.424156 0.163211 0.500000
v -0.499156 0.143115 -0.200001
v -0.499156 0.143115 0.500000
v -0.574156 0.163211 -0.200001
v -0.574156 0.163211 0.500000
v -0.629060 0.218115 -0.200001
v -0.629060 0.218115 0.500000
v -0.649156 0.293115 -0.200001
v -0.649156 0.293115 0.500000
v -0.629060 0.368115 -0.200001
v -0.629060 0.368115 0.500000
v -0.574156 0.423019 -0.200001
v -0.574156 0.423019 0.500000
v -1.685684 -1.686520 0.030601
v -1.761495 -1.609564 0.138601
v -1.707889 -1.663980 0.106969
v -1.791821 -1.578780 0.138601
v -1.867632 -1.501824 0.030601
v -1.845427 -1.524364 0.106969
v -1.761495 -1.609564 -0.120599
v -1.685684 -1.686520 -0.012599
v -1.707889 -1.663980 -0.088966
v -1.867632 -1.501824 -0.012599
v -1.791821 -1.578780 -0.120599
v -1.845427 -1.524364 -0.088966
v -2.495197 -1.835032 0.489000
v -2.490502 -2.117836 0.489000
v -2.551420 -1.977406 0.489000
v -2.490502 -2.117836 -0.471000
v -2.495197 -1.835032 -0.471000
v -2.551420 -1.977406 -0.471000
v -2.274879 -2.326418 0.489000
v -1.992074 -2.321723 0.489000
v -2.132504 -2.382641 0.489000
v -1.992074 -2.321724 -0.471000
v -2.274879 -2.326418 -0.471000
v -2.132504 -2.382641 -0.471000
v 0.011274 -0.283585 0.405000
v -0.558266 0.278217 0.405000
v 0.011274 -0.283585 0.213000
v -0.558266 0.278217 0.213000
v -2.341195 -2.457295 0.405000
v -2.058359 -2.455361 0.405000
v -2.251185 -2.508444 0.405000
v -2.147660 -2.507736 0.405000
v -2.627900 -1.893558 0.405000
v -2.625966 -2.176395 0.405000
v -2.679050 -1.983567 0.405000
v -2.678342 -2.087092 0.405000
v -2.341195 -2.457295 0.213000
v -2.251185 -2.508444 0.213000
v -2.625966 -2.176395 0.213000
v -2.678342 -2.087092 0.213000
v -2.679050 -1.983567 0.213000
v -1.964660 -1.617664 -0.471000
v -1.912178 -1.644606 -0.471000
v -1.865960 -1.681269 -0.471000
v -1.827783 -1.726244 -0.471000
v -1.781054 -1.833966 -0.471000
v -1.799113 -1.777804 -0.471000
v -2.011592 -2.191706 -0.471000
v -1.779105 -1.951369 -0.471000
v -1.858895 -2.106799 -0.471000
v -1.903871 -2.144977 -0.471000
v -1.822232 -2.060582 -0.471000
v -2.070198 -2.198462 -0.471000
v -1.955430 -2.173647 -0.471000
v -1.795290 -2.008099 -0.471000
v -2.074067 -2.198146 -0.471000
v -1.774297 -1.892571 -0.471000
v -2.291490 -1.688334 -0.471000
v -2.328153 -1.734551 -0.471000
v -2.246515 -1.650156 -0.471000
v -2.355095 -1.787034 -0.471000
v -2.194955 -1.621487 -0.471000
v -2.371281 -1.843764 -0.471000
v -2.369332 -1.961168 -0.471000
v -2.376088 -1.902562 -0.471000
v -2.284426 -2.113865 -0.471000
v -2.322603 -2.068888 -0.471000
v -2.351272 -2.017329 -0.471000
v -2.138794 -1.603427 -0.471000
v -2.080188 -1.596671 -0.471000
v -2.021391 -1.601479 -0.471000
v -2.238208 -2.150527 -0.471000
v -2.185726 -2.177469 -0.471000
v -2.128996 -2.193655 -0.471000
v -1.956680 -2.174049 0.489000
v -1.955430 -2.173647 0.489000
v -1.858895 -2.106799 0.489000
v -1.822232 -2.060582 0.489000
v -1.903871 -2.144977 0.489000
v -2.291490 -1.688334 0.489000
v -2.328153 -1.734551 0.489000
v -2.246515 -1.650156 0.489000
v -2.355095 -1.787034 0.489000
v -2.194955 -1.621487 0.489000
v -2.371281 -1.843764 0.489000
v -2.138794 -1.603427 0.489000
v -2.080188 -1.596671 0.489000
v -1.964660 -1.617664 0.489000
v -2.021391 -1.601479 0.489000
v -1.865960 -1.681269 0.489000
v -1.827783 -1.726244 0.489000
v -1.912178 -1.644606 0.489000
v -2.322603 -2.068888 0.489000
v -2.284426 -2.113865 0.489000
v -2.185726 -2.177469 0.489000
v -2.128996 -2.193655 0.489000
v -2.238208 -2.150527 0.489000
v -2.011592 -2.191706 0.489000
v -2.070198 -2.198462 0.489000
v -1.795290 -2.008099 0.489000
v -1.779105 -1.951369 0.489000
v -1.774297 -1.892571 0.489000
v -2.376088 -1.902562 0.489000
v -2.369332 -1.961168 0.489000
v -1.781054 -1.833966 0.489000
v -1.799113 -1.777804 0.489000
v -2.351272 -2.017329 0.489000
v -2.194955 -1.621487 0.213000
v -2.322603 -2.068888 0.213000
v -1.912178 -1.644606 0.213000
v -2.238208 -2.150527 0.213000
v -1.827783 -1.726244 0.213000
v -1.955430 -2.173647 0.213000
v -1.795290 -2.008099 0.213000
v -2.070198 -2.198462 0.213000
v -2.328153 -1.734551 0.405000
v -2.194955 -1.621487 0.405000
v -2.080188 -1.596671 0.405000
v -2.371281 -1.843764 0.405000
v -2.351272 -2.017329 0.405000
v -2.238208 -2.150527 0.405000
v -1.827783 -1.726244 0.405000
v -1.912178 -1.644606 0.405000
v -1.781054 -1.833966 0.405000
v -2.070198 -2.198462 0.405000
v -1.955430 -2.173647 0.405000
v -1.858895 -2.106799 0.405000
v -1.779105 -1.951369 0.405000
v -0.409031 -0.711765 0.405000
v -0.409031 -0.711765 0.213000
v -0.695173 -0.498061 0.138601
v -0.723284 -0.470361 0.138601
v -0.645483 -0.547025 -0.088966
v -0.624900 -0.567307 0.030601
v -0.772975 -0.421398 0.106969
v -0.723284 -0.470361 -0.120599
v -0.645483 -0.547025 0.106969
v -0.624900 -0.567307 -0.012599
v -0.793557 -0.401116 -0.012599
v -0.793557 -0.401116 0.030601
v -0.695173 -0.498061 -0.120599
v -0.772975 -0.421398 -0.088966
v 0.385781 -0.277337 0.405000
v 0.556630 -0.100647 0.405000
v 0.507784 -0.224361 0.405000
v 0.552585 0.142983 0.405000
v 0.376092 0.309515 0.405000
v 0.499697 0.263722 0.405000
v 0.556630 -0.100647 0.213000
v 0.385781 -0.277337 0.213000
v 0.507784 -0.224361 0.213000
v 0.376092 0.309515 0.213000
v 0.552585 0.142983 0.213000
v 0.499697 0.263722 0.213000
v -2.021391 -1.601479 0.213000
v -2.355095 -1.787034 0.213000
v -2.627900 -1.893558 0.213000
v -0.205899 -0.004471 0.194329
v -0.134783 -0.074429 0.149095
v -0.803937 -0.398059 0.149095
v -0.833394 -0.369081 0.039889
v -0.592016 -0.606529 0.039889
v -0.621474 -0.577552 0.149095
v -0.592016 -0.606529 -0.021887
v -0.621474 -0.577552 -0.131092
v -0.692589 -0.507593 -0.176327
v -0.246130 0.035106 0.194329
v -0.246130 0.035106 -0.176327
v -0.317246 0.105064 -0.131092
v -0.732821 -0.468017 -0.176327
v -0.803937 -0.398059 -0.131092
v -0.692589 -0.507593 0.194329
v -0.732821 -0.468017 0.194329
v -0.205899 -0.004471 -0.176327
v -0.833394 -0.369081 -0.021887
v -0.134783 -0.074429 -0.131092
v -0.105326 -0.103407 0.039889
v -0.105326 -0.103407 -0.021887
v -0.317246 0.105064 0.149095
v -0.346703 0.134041 0.039889
v -0.346703 0.134041 -0.021887
v -1.892658 -1.471800 0.489000
v -2.147927 -1.476038 0.489000
v -2.021170 -1.421051 0.489000
v -2.147927 -1.476038 -0.471000
v -1.892658 -1.471800 -0.471000
v -2.021170 -1.421051 -0.471000
v -1.644805 -1.962728 0.489000
v -1.649043 -1.707459 0.489000
v -1.594056 -1.834216 0.489000
v -1.649043 -1.707459 -0.471000
v -1.644805 -1.962728 -0.471000
v -1.594056 -1.834216 -0.471000
v -2.374737 -1.886031 0.213000
v -1.774297 -1.892571 0.213000
v -2.058359 -2.455361 0.213000
v -2.147660 -2.507736 0.213000
v -2.291490 -1.688334 0.213000
v -1.858895 -2.106799 0.213000
v 0.380936 0.016089 0.405000
v 0.380936 0.016089 0.213000
v 0.011274 -0.283585 -0.195000
v -0.558266 0.278217 -0.195000
v 0.011274 -0.283585 -0.387000
v -0.558266 0.278217 -0.387000
v -2.341195 -2.457295 -0.195000
v -2.058359 -2.455361 -0.195000
v -2.251185 -2.508444 -0.195000
v -2.147660 -2.507736 -0.195000
v -2.627900 -1.893558 -0.195000
v -2.625966 -2.176395 -0.195000
v -2.679050 -1.983567 -0.195000
v -2.678342 -2.087092 -0.195000
v -2.341195 -2.457295 -0.387000
v -2.251185 -2.508444 -0.387000
v -2.625966 -2.176395 -0.387000
v -2.678342 -2.087092 -0.387000
v -2.679050 -1.983567 -0.387000
v -2.194955 -1.621487 -0.387000
v -2.322603 -2.068888 -0.387000
v -1.912178 -1.644606 -0.387000
v -2.238208 -2.150527 -0.387000
v -1.827783 -1.726244 -0.387000
v -1.955430 -2.173647 -0.387000
v -1.795290 -2.008099 -0.387000
v -2.070198 -2.198462 -0.387000
v -2.328153 -1.734551 -0.195000
v -2.194955 -1.621487 -0.195000
v -2.080188 -1.596671 -0.195000
v -2.371281 -1.843764 -0.195000
v -2.351272 -2.017329 -0.195000
v -2.238208 -2.150527 -0.195000
v -1.827783 -1.726244 -0.195000
v -1.912178 -1.644606 -0.195000
v -1.781054 -1.833966 -0.195000
v -2.070198 -2.198462 -0.195000
v -1.955430 -2.173647 -0.195000
v -1.858895 -2.106799 -0.195000
v -1.779105 -1.951369 -0.195000
v -0.409031 -0.711765 -0.195000
v -0.409031 -0.711765 -0.387000
v 0.385781 -0.277337 -0.195000
v 0.556630 -0.100647 -0.195000
v 0.507784 -0.224361 -0.195000
v 0.552585 0.142983 -0.195000
v 0.376092 0.309515 -0.195000
v 0.499697 0.263722 -0.195000
v 0.556630 -0.100647 -0.387000
v 0.385781 -0.277337 -0.387000
v 0.507784 -0.224361 -0.387000
v 0.376092 0.309515 -0.387000
v 0.552585 0.142983 -0.387000
v 0.499697 0.263722 -0.387000
v -2.021391 -1.601479 -0.387000
v -2.355095 -1.787034 -0.387000
v -2.627900 -1.893558 -0.387000
v -2.374737 -1.886031 -0.387000
v -1.774297 -1.892571 -0.387000
v -2.058359 -2.455361 -0.387000
v -2.147660 -2.507736 -0.387000
v -2.291490 -1.688334 -0.387000
v -1.858895 -2.106799 -0.387000
v 0.380936 0.016089 -0.195000
v 0.380936 0.016089 -0.387000
v -1.773725 -1.951280 0.700999
v -1.816853 -2.060493 0.700999
v -1.898491 -2.144888 0.700999
v -2.006212 -2.191617 0.700999
v -2.180346 -2.177381 0.700999
v -2.279046 -2.113775 0.700999
v -2.345892 -2.017240 0.700999
v -2.370709 -1.902473 0.700999
v -2.349716 -1.786945 0.700999
v -2.286110 -1.688245 0.700999
v -2.189576 -1.621398 0.700999
v -2.074808 -1.596582 0.700999
v -1.906798 -1.644517 0.700999
v -1.822403 -1.726156 0.700999
v -1.775674 -1.833877 0.700999
v -1.773724 -1.951280 -0.555001
v -1.816852 -2.060494 -0.555001
v -1.950050 -2.173557 -0.555001
v -2.064817 -2.198373 -0.555001
v -2.180345 -2.177380 -0.555001
v -2.279046 -2.113775 -0.555001
v -2.363952 -1.961079 -0.555001
v -2.349715 -1.786945 -0.555001
v -2.286110 -1.688245 -0.555001
v -2.189575 -1.621398 -0.555001
v -2.016010 -1.601390 -0.555001
v -1.860580 -1.681180 -0.555001
v -1.775673 -1.833877 -0.555001
v -2.974583 -1.912497 -1.669949
v -2.954389 -2.087673 -1.669949
v -2.900407 -2.255543 -1.669949
v -2.814713 -2.409656 -1.669949
v -2.700599 -2.544090 -1.669949
v -2.562452 -2.653680 -1.669949
v -2.405579 -2.734210 -1.669949
v -2.236010 -2.782591 -1.669949
v -2.060260 -2.796959 -1.669949
v -1.885084 -2.776765 -1.669949
v -1.717214 -2.722784 -1.669949
v -1.563101 -2.637088 -1.669949
v -1.428667 -2.522976 -1.669949
v -1.319079 -2.384827 -1.669949
v -1.238547 -2.227955 -1.669949
v -1.190167 -2.058386 -1.669949
v -1.175799 -1.882636 -1.669949
v -1.195993 -1.707461 -1.669949
v -1.249975 -1.539590 -1.669949
v -1.335669 -1.385477 -1.669949
v -1.449782 -1.251042 -1.669949
v -1.587930 -1.141454 -1.669949
v -1.744803 -1.060923 -1.669949
v -1.914372 -1.012543 -1.669949
v -2.090122 -0.998174 -1.669949
v -2.265298 -1.018368 -1.669949
v -2.433168 -1.072350 -1.669949
v -2.587281 -1.158044 -1.669949
v -2.721715 -1.272159 -1.669949
v -2.831303 -1.410305 -1.669949
v -2.911835 -1.567178 -1.669949
v -2.960215 -1.736747 -1.669949
v -2.974583 -1.912497 -0.629949
v -2.954389 -2.087673 -0.629949
v -2.900407 -2.255543 -0.629949
v -2.814713 -2.409656 -0.629949
v -2.700599 -2.544090 -0.629949
v -2.562452 -2.653680 -0.629949
v -2.405579 -2.734210 -0.629949
v -2.236010 -2.782590 -0.629949
v -2.060260 -2.796959 -0.629949
v -1.885084 -2.776764 -0.629949
v -1.717214 -2.722782 -0.629949
v -1.563101 -2.637088 -0.629949
v -1.428667 -2.522976 -0.629949
v -1.319079 -2.384827 -0.629949
v -1.238547 -2.227954 -0.629950
v -1.190167 -2.058385 -0.629949
v -1.175799 -1.882635 -0.629949
v -1.195993 -1.707459 -0.629949
v -1.249975 -1.539589 -0.629950
v -1.335669 -1.385476 -0.629949
v -1.449782 -1.251042 -0.629950
v -1.587930 -1.141454 -0.629949
v -1.744803 -1.060922 -0.629949
v -1.914372 -1.012543 -0.629949
v -2.090122 -0.998174 -0.629949
v -2.265298 -1.018368 -0.629949
v -2.433168 -1.072350 -0.629949
v -2.587281 -1.158044 -0.629949
v -2.721715 -1.272157 -0.629949
v -2.831303 -1.410305 -0.629949
v -2.911835 -1.567178 -0.629949
v -2.960214 -1.736747 -0.629949
v -3.075960 -2.115351 -0.629949
v -3.098853 -1.916768 -0.629949
v -3.014766 -2.305652 -0.629949
v -2.917621 -2.480358 -0.629949
v -2.788260 -2.632755 -0.629949
v -2.631653 -2.756986 -0.629949
v -2.453819 -2.848278 -0.629949
v -2.261591 -2.903123 -0.629949
v -2.062358 -2.919411 -0.629949
v -1.863775 -2.896518 -0.629949
v -1.673474 -2.835324 -0.629949
v -1.498768 -2.738179 -0.629949
v -1.346371 -2.608818 -0.629949
v -1.222139 -2.452212 -0.629949
v -1.130848 -2.274377 -0.629950
v -1.076003 -2.082149 -0.629949
v -1.059715 -1.882916 -0.629949
v -1.082608 -1.684333 -0.629949
v -1.143802 -1.494032 -0.629950
v -1.240947 -1.319326 -0.629949
v -1.370308 -1.166929 -0.629950
v -1.526915 -1.042698 -0.629949
v -1.704749 -0.951406 -0.629949
v -1.896977 -0.896562 -0.629949
v -2.096210 -0.880273 -0.629949
v -2.294793 -0.903166 -0.629949
v -2.485094 -0.964360 -0.629949
v -2.659799 -1.061505 -0.629949
v -2.812197 -1.190866 -0.629949
v -2.936428 -1.347473 -0.629949
v -3.027721 -1.525307 -0.629949
v -3.082564 -1.717535 -0.629949
v -3.103601 -1.914640 -1.669949
v -3.080510 -2.114945 -1.669949
v -3.018785 -2.306895 -1.669949
v -2.920797 -2.483116 -1.669949
v -2.790315 -2.636834 -1.669949
v -2.632350 -2.762143 -1.669949
v -2.452973 -2.854228 -1.669949
v -2.259079 -2.909547 -1.669949
v -2.058118 -2.925976 -1.669949
v -1.857813 -2.902886 -1.669949
v -1.665862 -2.841160 -1.669949
v -1.489642 -2.743173 -1.669949
v -1.335923 -2.612691 -1.669949
v -1.210614 -2.454725 -1.669949
v -1.118531 -2.275349 -1.669949
v -1.063211 -2.081454 -1.669949
v -1.046781 -1.880494 -1.669949
v -1.069872 -1.680190 -1.669949
v -1.131598 -1.488239 -1.669949
v -1.229585 -1.312017 -1.669949
v -1.360067 -1.158298 -1.669949
v -1.518032 -1.032989 -1.669949
v -1.697409 -0.940906 -1.669949
v -1.891303 -0.885586 -1.669949
v -2.092264 -0.869156 -1.669949
v -2.292569 -0.892248 -1.669949
v -2.484520 -0.953973 -1.669949
v -2.660740 -1.051959 -1.669949
v -2.814459 -1.182443 -1.669949
v -2.939768 -1.340409 -1.669949
v -3.031851 -1.519784 -1.669949
v -3.087171 -1.713679 -1.669949
v -2.076792 -1.801108 -1.609948
v -2.028348 -1.813230 -1.609948
v -1.992455 -1.847950 -1.609948
v -1.978732 -1.895966 -1.609948
v -1.990854 -1.944409 -1.609948
v -2.025574 -1.980303 -1.609948
v -2.073589 -1.994025 -1.609948
v -2.122033 -1.981904 -1.609948
v -2.157926 -1.947183 -1.609948
v -2.171650 -1.899168 -1.609948
v -2.159527 -1.850724 -1.609948
v -2.124807 -1.814831 -1.609948
v -2.078510 -1.697595 -1.486614
v -2.078510 -1.697595 -1.333281
v -1.978079 -1.722726 -1.333281
v -1.978079 -1.722726 -1.486614
v -1.903669 -1.794706 -1.333281
v -1.903669 -1.794706 -1.486614
v -1.875218 -1.894247 -1.333281
v -1.875218 -1.894247 -1.486614
v -1.900350 -1.994678 -1.333281
v -1.900350 -1.994678 -1.486614
v -1.972329 -2.069089 -1.333281
v -1.972329 -2.069089 -1.486614
v -2.071871 -2.097540 -1.333281
v -2.071871 -2.097540 -1.486614
v -2.172302 -2.072407 -1.333281
v -2.172302 -2.072407 -1.486614
v -2.246712 -2.000428 -1.333281
v -2.246712 -2.000428 -1.486614
v -2.275163 -1.900886 -1.333281
v -2.275163 -1.900886 -1.486614
v -2.250032 -1.800456 -1.333281
v -2.250032 -1.800456 -1.486614
v -2.178052 -1.726046 -1.333281
v -2.178052 -1.726046 -1.486614
v -1.908585 -1.018532 -0.986614
v -1.908585 -1.018532 -0.733281
v -1.808154 -1.043663 -0.733281
v -1.808154 -1.043663 -0.986614
v -1.230622 -1.602333 -0.733281
v -1.230622 -1.602334 -0.986614
v -1.202170 -1.701875 -0.733281
v -1.202170 -1.701875 -0.986614
v -1.397227 -2.481368 -0.733281
v -1.397227 -2.481368 -0.986614
v -1.469207 -2.555778 -0.733281
v -1.469207 -2.555778 -0.986614
v -2.241796 -2.776601 -0.733281
v -2.241796 -2.776601 -0.986614
v -2.342227 -2.751470 -0.733281
v -2.342227 -2.751470 -0.986614
v -2.919760 -2.192799 -0.733281
v -2.919760 -2.192800 -0.986614
v -2.948211 -2.093258 -0.733281
v -2.948211 -2.093259 -0.986614
v -2.753154 -1.313765 -0.733281
v -2.753154 -1.313765 -0.986614
v -2.681175 -1.239355 -0.733281
v -2.681175 -1.239356 -0.986614
v -2.078510 -1.697595 -1.609948
v -1.978079 -1.722726 -1.609948
v -1.903669 -1.794706 -1.609948
v -1.875218 -1.894247 -1.609948
v -1.900350 -1.994678 -1.609948
v -1.972329 -2.069089 -1.609948
v -2.071871 -2.097540 -1.609948
v -2.172302 -2.072407 -1.609948
v -2.246712 -2.000428 -1.609948
v -2.275163 -1.900886 -1.609948
v -2.250032 -1.800456 -1.609948
v -2.178052 -1.726046 -1.609948
v -2.076792 -1.801108 -1.509948
v -2.028348 -1.813230 -1.509948
v -1.992455 -1.847950 -1.509948
v -1.978732 -1.895966 -1.509948
v -1.990854 -1.944409 -1.509948
v -2.025574 -1.980303 -1.509948
v -2.073589 -1.994025 -1.509948
v -2.122033 -1.981904 -1.509948
v -2.157926 -1.947183 -1.509948
v -2.171650 -1.899168 -1.509948
v -2.159527 -1.850724 -1.509948
v -2.124807 -1.814831 -1.509948
v -2.315733 -0.799608 -0.959283
v -2.314917 -0.795605 -1.340616
v -2.525669 -0.867117 -0.959283
v -2.525459 -0.863308 -1.340616
v -3.023572 -1.289759 -0.959283
v -3.024797 -1.287169 -1.340616
v -3.124283 -1.485943 -0.959283
v -3.125798 -1.483917 -1.340616
v -2.886522 -1.116994 -0.959283
v -2.887352 -1.113905 -1.340616
v -2.718401 -0.974285 -0.959283
v -2.718746 -0.970785 -1.340616
v -2.096660 -0.774354 -0.959283
v -2.095213 -0.770277 -1.340616
v -1.664809 -0.852826 -0.959283
v -1.662117 -0.848976 -1.340616
v -1.876870 -0.792323 -0.959283
v -1.874790 -0.788299 -1.340616
v -1.295860 -1.090587 -0.959283
v -1.292105 -1.087423 -1.340616
v -1.468626 -0.953537 -0.959283
v -1.465369 -0.949978 -1.340616
v -1.045983 -1.451441 -0.959283
v -1.041508 -1.449316 -1.340616
v -1.153152 -1.258708 -0.959283
v -1.148985 -1.256029 -1.340616
v -0.953220 -1.880449 -0.959283
v -0.948478 -1.879561 -1.340616
v -0.978475 -1.661376 -0.959283
v -0.973805 -1.659857 -1.340616
v -1.031692 -2.312300 -0.959283
v -1.027176 -2.312657 -1.340616
v -0.971190 -2.100239 -0.959283
v -0.966499 -2.099984 -1.340616
v -1.269454 -2.681249 -0.959283
v -1.265623 -2.682669 -1.340616
v -1.132404 -2.508484 -0.959283
v -1.128178 -2.509405 -1.340616
v -1.630307 -2.931126 -0.959283
v -1.627516 -2.933266 -1.340616
v -1.437575 -2.823959 -0.959283
v -1.434228 -2.825790 -1.340616
v -2.059316 -3.023889 -0.959283
v -2.057761 -3.026297 -1.340616
v -1.840243 -2.998634 -0.959283
v -1.838057 -3.000970 -1.340616
v -2.491167 -2.945418 -0.959283
v -2.490857 -2.947598 -1.340616
v -2.279105 -3.005921 -0.959283
v -2.278184 -3.008275 -1.340616
v -2.860115 -2.707657 -0.959283
v -2.860869 -2.709151 -1.340616
v -2.687350 -2.844705 -0.959283
v -2.687605 -2.846596 -1.340616
v -3.109992 -2.346802 -0.959283
v -3.111466 -2.347258 -1.340616
v -3.002824 -2.539534 -0.959283
v -3.003989 -2.540547 -1.340616
v -3.184786 -1.698004 -0.959283
v -3.186475 -1.696590 -1.340616
v -3.202756 -1.917794 -0.959283
v -3.204496 -1.917013 -1.340616
v -3.177501 -2.136866 -0.959283
v -3.179169 -2.136718 -1.340616
v -2.078510 -1.697594 -0.895503
v -2.078510 -1.697594 -0.797725
v -1.978079 -1.722725 -0.797725
v -1.978079 -1.722725 -0.895503
v -1.903669 -1.794705 -0.797725
v -1.903669 -1.794705 -0.895503
v -1.875218 -1.894247 -0.797725
v -1.875218 -1.894247 -0.895503
v -1.900350 -1.994678 -0.797725
v -1.900350 -1.994678 -0.895503
v -1.972329 -2.069089 -0.797725
v -1.972329 -2.069089 -0.895503
v -2.071871 -2.097540 -0.797725
v -2.071871 -2.097540 -0.895503
v -2.172302 -2.072407 -0.797725
v -2.172302 -2.072407 -0.895503
v -2.246712 -2.000428 -0.797725
v -2.246712 -2.000428 -0.895503
v -2.275163 -1.900886 -0.797725
v -2.275163 -1.900886 -0.895503
v -2.250032 -1.800455 -0.797725
v -2.250032 -1.800455 -0.895503
v -2.178052 -1.726045 -0.797725
v -2.178052 -1.726045 -0.895503
v -1.491389 -1.219603 -0.797725
v -1.491389 -1.219603 -0.895503
v -1.416978 -1.291583 -0.797725
v -1.416978 -1.291583 -0.895503
v -1.779958 -2.742135 -0.797725
v -1.779958 -2.742135 -0.895503
v -1.879499 -2.770586 -0.797725
v -1.879499 -2.770586 -0.895503
v -2.954225 -1.730961 -0.797725
v -2.954225 -1.730961 -0.895503
v -2.929094 -1.630530 -0.797725
v -2.929094 -1.630530 -0.895503
v -3.070491 -1.508505 -0.635150
v -3.127803 -1.709382 -0.635150
v -2.845269 -1.159013 -0.635150
v -2.975092 -1.322668 -0.635150
v -2.503447 -0.922315 -0.635150
v -2.686014 -1.023831 -0.635150
v -2.097063 -0.834444 -0.635150
v -2.304583 -0.858367 -0.635150
v -1.687987 -0.908778 -0.635150
v -1.888865 -0.851465 -0.635150
v -1.338496 -1.134000 -0.635150
v -1.502151 -1.004178 -0.635150
v -1.101798 -1.475822 -0.635150
v -1.203314 -1.293255 -0.635150
v -1.013927 -1.882205 -0.635150
v -1.037849 -1.674687 -0.635150
v -1.088260 -2.291282 -0.635150
v -1.030948 -2.090404 -0.635150
v -1.313482 -2.640773 -0.635150
v -1.183660 -2.477118 -0.635150
v -1.655305 -2.877473 -0.635150
v -1.472737 -2.775955 -0.635150
v -2.061688 -2.965343 -0.635150
v -1.854169 -2.941420 -0.635150
v -2.470764 -2.891009 -0.635150
v -2.269887 -2.948321 -0.635150
v -2.820255 -2.665787 -0.635150
v -2.656601 -2.795609 -0.635150
v -3.056954 -2.323964 -0.635150
v -2.955438 -2.506532 -0.635150
v -3.144825 -1.917581 -0.635150
v -3.120902 -2.125100 -0.635150
v -3.125656 -2.124675 -1.664750
v -3.149787 -1.915356 -1.664750
v -2.958757 -2.509414 -1.664750
v -3.061153 -2.325263 -1.664750
v -2.657329 -2.800997 -1.664750
v -2.822403 -2.670050 -1.664749
v -2.267262 -2.955034 -1.664750
v -2.469881 -2.897226 -1.664750
v -1.847939 -2.948074 -1.664750
v -2.057258 -2.972203 -1.664750
v -1.463200 -2.781174 -1.664749
v -1.647351 -2.883570 -1.664749
v -1.171616 -2.479746 -1.664750
v -1.302564 -2.644819 -1.664750
v -1.017580 -2.089678 -1.664750
v -1.075389 -2.292299 -1.664750
v -1.024541 -1.670356 -1.664750
v -1.000411 -1.879674 -1.664750
v -1.191440 -1.285617 -1.664750
v -1.089044 -1.469768 -1.664750
v -1.492868 -0.994033 -1.664749
v -1.327795 -1.124980 -1.664750
v -1.882936 -0.839996 -1.664750
v -1.680316 -0.897805 -1.664750
v -2.302258 -0.846957 -1.664750
v -2.092940 -0.822827 -1.664750
v -2.686998 -1.013856 -1.664750
v -2.502847 -0.911460 -1.664750
v -2.978581 -1.315284 -1.664749
v -2.847633 -1.150211 -1.664750
v -3.132618 -1.705353 -1.664749
v -3.074809 -1.502733 -1.664750
v -2.338685 -0.685296 -1.338710
v -2.570280 -0.759769 -1.338710
v -3.119552 -1.226015 -1.338710
v -3.230654 -1.442440 -1.338710
v -2.968362 -1.035425 -1.338710
v -2.782896 -0.877993 -1.338710
v -2.097011 -0.657435 -1.338710
v -1.620605 -0.744003 -1.338710
v -1.854545 -0.677258 -1.338710
v -1.213592 -1.006294 -1.338710
v -1.404182 -0.855105 -1.338710
v -0.937935 -1.404377 -1.338710
v -1.056161 -1.191761 -1.338710
v -0.835602 -1.877646 -1.338710
v -0.863462 -1.635972 -1.338710
v -0.922170 -2.354052 -1.338710
v -0.855425 -2.120113 -1.338710
v -1.184461 -2.761065 -1.338710
v -1.033272 -2.570475 -1.338710
v -1.582544 -3.036721 -1.338710
v -1.369927 -2.918497 -1.338710
v -2.055813 -3.139055 -1.338710
v -1.814139 -3.111195 -1.338710
v -2.532219 -3.052488 -1.338710
v -2.298279 -3.119232 -1.338710
v -2.939231 -2.790197 -1.338710
v -2.748642 -2.941385 -1.338710
v -3.214888 -2.392113 -1.338710
v -3.096664 -2.604730 -1.338710
v -3.297399 -1.676378 -1.338710
v -3.317222 -1.918845 -1.338710
v -3.289362 -2.160518 -1.338710
v -2.339582 -0.689699 -0.961190
v -2.570512 -0.763959 -0.961190
v -3.118205 -1.228865 -0.961190
v -3.228987 -1.444667 -0.961190
v -2.967450 -1.038823 -0.961190
v -2.782517 -0.881843 -0.961190
v -2.098602 -0.661919 -0.961190
v -1.623566 -0.748238 -0.961190
v -1.856833 -0.681685 -0.961190
v -1.217722 -1.009776 -0.961190
v -1.407765 -0.859021 -0.961190
v -0.942858 -1.406714 -0.961190
v -1.060743 -1.194709 -0.961190
v -0.840818 -1.878623 -0.961190
v -0.868599 -1.637644 -0.961190
v -0.927138 -2.353660 -0.961190
v -0.860585 -2.120393 -0.961190
v -1.188675 -2.759504 -0.961190
v -1.037921 -2.569461 -0.961190
v -1.585614 -3.034368 -0.961190
v -1.373609 -2.916484 -0.961190
v -2.057523 -3.136408 -0.961190
v -1.816543 -3.108627 -0.961190
v -2.532559 -3.050089 -0.961190
v -2.299292 -3.116641 -0.961190
v -2.938403 -2.788551 -0.961190
v -2.748361 -2.939305 -0.961190
v -3.213267 -2.391612 -0.961190
v -3.095382 -2.603617 -0.961190
v -3.295541 -1.677935 -0.961190
v -3.315307 -1.919703 -0.961190
v -3.287526 -2.160682 -0.961190
v -1.956091 -1.208375 -1.305965
v -1.981630 -1.310437 -1.444533
v -2.005466 -1.405688 -1.528694
v -2.041726 -1.550595 -1.551556
v -1.881199 -1.335570 -1.444534
v -1.855660 -1.233507 -1.305965
v -1.941295 -1.575727 -1.551556
v -1.905034 -1.430820 -1.528694
v -1.729522 -1.852603 -1.551556
v -1.585898 -1.811553 -1.528694
v -1.491491 -1.784569 -1.444534
v -1.390333 -1.755656 -1.305965
v -1.614349 -1.712012 -1.528694
v -1.757973 -1.753062 -1.551556
v -1.418784 -1.656115 -1.305965
v -1.519942 -1.685029 -1.444534
v -2.286964 -1.620691 -1.551556
v -2.394327 -1.516834 -1.528694
v -2.464899 -1.448566 -1.444534
v -2.540518 -1.375417 -1.305965
v -2.466307 -1.591243 -1.528694
v -2.358944 -1.695101 -1.551556
v -2.612498 -1.449827 -1.305965
v -2.536879 -1.522977 -1.444534
v -2.536032 -2.083121 -1.528694
v -2.392408 -2.042072 -1.551556
v -2.731597 -2.139018 -1.305965
v -2.630440 -2.110105 -1.444534
v -2.658891 -2.010565 -1.444534
v -2.760049 -2.039478 -1.305965
v -2.420859 -1.942530 -1.551556
v -2.564483 -1.983581 -1.528694
v -2.209086 -2.219406 -1.551556
v -2.245347 -2.364313 -1.528695
v -2.269182 -2.459564 -1.444534
v -2.294722 -2.561627 -1.305965
v -2.144916 -2.389445 -1.528694
v -2.108655 -2.244538 -1.551556
v -2.194291 -2.586757 -1.305965
v -2.168751 -2.484696 -1.444534
v -1.684074 -2.203890 -1.528694
v -1.791437 -2.100033 -1.551556
v -1.537884 -2.345306 -1.305965
v -1.613502 -2.272157 -1.444534
v -1.685482 -2.346567 -1.444534
v -1.609864 -2.419716 -1.305965
v -1.863417 -2.174443 -1.551556
v -1.756054 -2.278300 -1.528695
v -2.078510 -1.697594 -0.277281
v -1.978079 -1.722725 -0.277281
v -1.903669 -1.794705 -0.277281
v -1.875218 -1.894247 -0.277281
v -1.900350 -1.994678 -0.277281
v -1.972329 -2.069089 -0.277281
v -2.071871 -2.097540 -0.277281
v -2.172302 -2.072407 -0.277281
v -2.246712 -2.000428 -0.277281
v -2.275163 -1.900886 -0.277281
v -2.250032 -1.800455 -0.277281
v -2.178052 -1.726045 -0.277281
v -1.948946 -1.670273 0.004299
v -2.079506 -1.637602 0.004299
v -2.079506 -1.637602 -0.277235
v -1.852213 -1.763847 0.004299
v -1.815227 -1.893251 0.004299
v -1.847897 -2.023811 0.004299
v -1.941471 -2.120545 0.004299
v -2.070875 -2.157530 0.004299
v -2.201435 -2.124860 0.004299
v -2.298168 -2.031286 0.004299
v -2.335155 -1.901882 0.004299
v -2.302484 -1.771322 0.004299
v -2.208910 -1.674589 0.004299
v -1.948946 -1.670273 -0.277235
v -1.852213 -1.763847 -0.277235
v -1.815227 -1.893251 -0.277235
v -1.847897 -2.023811 -0.277235
v -1.941471 -2.120545 -0.277235
v -2.070875 -2.157530 -0.277235
v -2.201435 -2.124860 -0.277235
v -2.298168 -2.031286 -0.277235
v -2.335155 -1.901882 -0.277235
v -2.302484 -1.771322 -0.277235
v -2.208910 -1.674589 -0.277235
v -1.721106 -1.000914 -1.669949
v -1.902838 -0.949064 -1.669949
v -1.871449 -2.839824 -1.669949
v -1.691538 -2.781972 -1.669949
v -2.091193 -0.933665 -1.669949
v -1.526371 -2.690131 -1.669949
v -2.278933 -0.955308 -1.669949
v -1.382295 -2.567833 -1.669949
v -2.458844 -1.013161 -1.669949
v -1.264846 -2.419777 -1.669949
v -2.624011 -1.105002 -1.669949
v -1.178539 -2.251652 -1.669949
v -3.039092 -1.913568 -1.669949
v -3.017449 -2.101309 -1.669949
v -2.768087 -1.227300 -1.669949
v -1.126689 -2.069921 -1.669949
v -2.959596 -2.281219 -1.669949
v -2.885536 -1.375356 -1.669949
v -1.111290 -1.881565 -1.669949
v -2.867755 -2.446387 -1.669949
v -2.971843 -1.543482 -1.669949
v -1.132933 -1.693824 -1.669949
v -2.745457 -2.590462 -1.669949
v -3.023693 -1.725213 -1.669949
v -1.190786 -1.513915 -1.669949
v -2.597401 -2.707911 -1.669949
v -1.282627 -1.348746 -1.669949
v -2.429276 -2.794219 -1.669949
v -1.404925 -1.204670 -1.669949
v -2.247544 -2.846069 -1.669949
v -1.552981 -1.087222 -1.669949
v -2.059189 -2.861468 -1.669949
v -3.015174 -2.101513 -0.629949
v -2.957586 -2.280597 -0.629949
v -2.866167 -2.445007 -0.629949
v -2.744430 -2.588422 -0.629949
v -2.597052 -2.705332 -0.629949
v -2.429699 -2.791244 -0.629949
v -2.248800 -2.842857 -0.629949
v -2.061309 -2.858185 -0.629949
v -1.874430 -2.836641 -0.629949
v -1.695344 -2.779053 -0.629949
v -1.530935 -2.687635 -0.629949
v -1.387519 -2.565896 -0.629949
v -1.270609 -2.418519 -0.629949
v -1.184697 -2.251166 -0.629950
v -1.133085 -2.070267 -0.629949
v -1.117757 -1.882775 -0.629949
v -1.139300 -1.695896 -0.629949
v -1.196889 -1.516811 -0.629950
v -1.288308 -1.352401 -0.629949
v -1.410045 -1.208986 -0.629950
v -1.557422 -1.092076 -0.629949
v -1.724776 -1.006164 -0.629949
v -1.905674 -0.954552 -0.629949
v -2.093166 -0.939223 -0.629949
v -2.280045 -0.960767 -0.629949
v -2.459131 -1.018355 -0.629949
v -2.623540 -1.109774 -0.629949
v -2.766956 -1.231512 -0.629949
v -2.883866 -1.378889 -0.629949
v -2.969778 -1.546243 -0.629949
v -3.021390 -1.727141 -0.629949
v -3.036718 -1.914633 -0.629949
v -2.050372 -1.585145 -1.382959
v -1.998324 -1.377150 -1.350145
v -1.988772 -1.338978 -1.316417
v -1.952113 -1.192480 -1.117519
v -1.897893 -1.402281 -1.350145
v -1.949941 -1.610276 -1.382959
v -1.851682 -1.217611 -1.117519
v -1.888341 -1.364109 -1.316417
v -1.374578 -1.751153 -1.117519
v -1.519777 -1.792654 -1.316417
v -1.557612 -1.803468 -1.350145
v -1.763765 -1.862391 -1.382959
v -1.792216 -1.762850 -1.382959
v -1.586062 -1.703927 -1.350145
v -1.548228 -1.693114 -1.316417
v -1.403029 -1.651612 -1.117519
v -2.552295 -1.364026 -1.117519
v -2.443754 -1.469022 -1.316417
v -2.415472 -1.496380 -1.350145
v -2.261366 -1.645452 -1.382959
v -2.515734 -1.543431 -1.316417
v -2.624275 -1.438436 -1.117519
v -2.333346 -1.719862 -1.382959
v -2.487452 -1.570790 -1.350145
v -2.592770 -1.991666 -1.350145
v -2.386616 -1.932742 -1.382959
v -2.775804 -2.043980 -1.117519
v -2.630604 -2.002480 -1.316417
v -2.602153 -2.102020 -1.316417
v -2.747352 -2.143522 -1.117519
v -2.358165 -2.032284 -1.382959
v -2.564319 -2.091207 -1.350145
v -2.298699 -2.577522 -1.117520
v -2.262041 -2.431025 -1.316417
v -2.252489 -2.392852 -1.350145
v -2.200441 -2.184857 -1.382959
v -2.161610 -2.456156 -1.316417
v -2.198268 -2.602653 -1.117520
v -2.100010 -2.209988 -1.382959
v -2.152058 -2.417984 -1.350145
v -1.817035 -2.075271 -1.382959
v -1.662929 -2.224344 -1.350145
v -1.634647 -2.251702 -1.316417
v -1.526106 -2.356698 -1.117520
v -1.734909 -2.298754 -1.350145
v -1.889015 -2.149682 -1.382959
v -1.598086 -2.431108 -1.117520
v -1.706627 -2.326112 -1.316417
vt 0.241622 0.510735
vt 0.262199 0.510897
vt 0.286090 0.562227
vt 0.489608 0.005306
vt 0.412377 0.408469
vt 0.393727 0.416523
vt 0.489280 0.541730
vt 0.476932 0.554704
vt 0.467015 0.487651
vt 0.355586 0.650679
vt 0.322106 0.581599
vt 0.355325 0.581474
vt 0.355122 0.527739
vt 0.321971 0.545776
vt 0.321904 0.527865
vt 0.355189 0.545651
vt 0.322039 0.563688
vt 0.322571 0.704539
vt 0.355721 0.686502
vt 0.355789 0.704413
vt 0.322503 0.686627
vt 0.355654 0.668590
vt 0.322435 0.668716
vt 0.359014 0.718922
vt 0.466215 0.740939
vt 0.359014 0.740939
vt 0.524386 0.718922
vt 0.496445 0.740938
vt 0.496445 0.718922
vt 0.465644 0.774585
vt 0.465073 0.808231
vt 0.597839 0.740938
vt 0.554889 0.718922
vt 0.597839 0.718922
vt 0.422129 0.652351
vt 0.465644 0.685276
vt 0.466215 0.718922
vt 0.554889 0.740938
vt 0.539637 0.718922
vt 0.539637 0.740938
vt 0.481330 0.718922
vt 0.481330 0.740938
vt 0.387036 0.496738
vt 0.390568 0.561476
vt 0.373158 0.557269
vt 0.360184 0.544921
vt 0.459751 0.559766
vt 0.413904 0.510586
vt 0.493487 0.524320
vt 0.289409 0.496661
vt 0.303742 0.557895
vt 0.316852 0.545313
vt 0.213057 0.493957
vt 0.216178 0.560147
vt 0.199008 0.555032
vt 0.186683 0.541999
vt 0.182530 0.524541
vt 0.480205 0.713200
vt 0.485803 0.699160
vt 0.485331 0.671223
vt 0.479258 0.657233
vt 0.465073 0.651630
vt 0.479258 0.802628
vt 0.485803 0.760701
vt 0.480205 0.746661
vt 0.485331 0.788638
vt 0.353162 0.008700
vt 0.320336 0.112629
vt 0.319944 0.008825
vt 0.353554 0.112504
vt 0.351243 0.008725
vt 0.015007 0.718923
vt 0.015007 0.740939
vt 0.182530 0.004687
vt 0.263125 0.406809
vt 0.242722 0.406644
vt 0.322372 0.007743
vt 0.069176 0.510735
vt 0.089753 0.510897
vt 0.113644 0.562227
vt 0.317162 0.005306
vt 0.239931 0.408469
vt 0.221281 0.416523
vt 0.316834 0.541730
vt 0.304486 0.554704
vt 0.294569 0.487651
vt 0.183140 0.650679
vt 0.149661 0.581599
vt 0.182879 0.581474
vt 0.182676 0.527740
vt 0.149525 0.545776
vt 0.149458 0.527865
vt 0.182744 0.545651
vt 0.149593 0.563688
vt 0.150125 0.704539
vt 0.183276 0.686502
vt 0.183343 0.704413
vt 0.150057 0.686627
vt 0.183208 0.668590
vt 0.149990 0.668716
vt 0.358473 0.718923
vt 0.465674 0.740939
vt 0.358473 0.740939
vt 0.523845 0.718922
vt 0.495904 0.740938
vt 0.495904 0.718922
vt 0.465103 0.774585
vt 0.464532 0.808231
vt 0.597298 0.740938
vt 0.554348 0.718922
vt 0.597298 0.718922
vt 0.421588 0.652351
vt 0.465103 0.685276
vt 0.465674 0.718922
vt 0.554348 0.740938
vt 0.539097 0.718922
vt 0.539097 0.740938
vt 0.480789 0.718922
vt 0.480790 0.740939
vt 0.214590 0.496738
vt 0.218122 0.561476
vt 0.200712 0.557269
vt 0.187738 0.544921
vt 0.287305 0.559766
vt 0.241458 0.510587
vt 0.321041 0.524320
vt 0.116963 0.496661
vt 0.131296 0.557895
vt 0.144407 0.545313
vt 0.040612 0.493957
vt 0.043732 0.560147
vt 0.026563 0.555032
vt 0.014238 0.541999
vt 0.010084 0.524541
vt 0.479664 0.713200
vt 0.485262 0.699160
vt 0.484790 0.671223
vt 0.478717 0.657233
vt 0.464532 0.651630
vt 0.478718 0.802628
vt 0.485262 0.760701
vt 0.479664 0.746661
vt 0.484790 0.788638
vt 0.180716 0.008700
vt 0.147890 0.112629
vt 0.147498 0.008825
vt 0.181108 0.112504
vt 0.178797 0.008725
vt 0.014467 0.718923
vt 0.014467 0.740940
vt 0.010084 0.004687
vt 0.090679 0.406809
vt 0.070276 0.406644
vt 0.149926 0.007743
vt 0.041319 0.640085
vt 0.048123 0.567897
vt 0.048068 0.640090
vt 0.091856 0.640067
vt 0.088455 0.567875
vt 0.095205 0.567872
vt 0.081814 0.640078
vt 0.034570 0.640080
vt 0.041374 0.567892
vt 0.081706 0.567885
vt 0.031332 0.567879
vt 0.074957 0.567895
vt 0.024528 0.640068
vt 0.021290 0.567867
vt 0.068316 0.640098
vt 0.075065 0.640088
vt 0.017778 0.640055
vt 0.112104 0.640045
vt 0.105247 0.567862
vt 0.111996 0.567852
vt 0.061567 0.640100
vt 0.064915 0.567905
vt 0.105355 0.640055
vt 0.011247 0.567842
vt 0.054872 0.567902
vt 0.054817 0.640095
vt 0.098605 0.640065
vt 0.118745 0.567842
vt 0.118853 0.640035
vt 0.203386 0.653880
vt 0.252675 0.674297
vt 0.216271 0.718655
vt 0.247843 0.705742
vt 0.199276 0.710525
vt 0.199276 0.657175
vt 0.375498 0.480017
vt 0.474507 0.468769
vt 0.471095 0.438735
vt 0.371238 0.460154
vt 0.459557 0.422014
vt 0.379579 0.431101
vt 0.432689 0.408165
vt 0.322368 0.650804
vt 0.355257 0.563563
vt 0.524386 0.740938
vt 0.422129 0.807510
vt 0.443938 0.507174
vt 0.203707 0.479271
vt 0.301010 0.479645
vt 0.305221 0.459500
vt 0.199888 0.459461
vt 0.204282 0.437423
vt 0.300863 0.438172
vt 0.223782 0.414267
vt 0.289721 0.421211
vt 0.203053 0.480017
vt 0.302061 0.468769
vt 0.298649 0.438735
vt 0.198792 0.460154
vt 0.287111 0.422014
vt 0.207133 0.431101
vt 0.260243 0.408165
vt 0.149922 0.650804
vt 0.182811 0.563562
vt 0.523845 0.740938
vt 0.421588 0.807510
vt 0.271492 0.507174
vt 0.031261 0.479271
vt 0.128564 0.479645
vt 0.132775 0.459500
vt 0.027442 0.459461
vt 0.031836 0.437423
vt 0.128417 0.438171
vt 0.051336 0.414267
vt 0.117276 0.421211
vt 0.011029 0.640034
vt 0.186631 0.674296
vt 0.192978 0.662422
vt 0.223036 0.649972
vt 0.235920 0.653880
vt 0.246328 0.662422
vt 0.252675 0.694331
vt 0.241545 0.710989
vt 0.229670 0.717336
vt 0.197762 0.710989
vt 0.186631 0.694331
vt 0.211151 0.650828
vt 0.224551 0.649509
vt 0.237435 0.653417
vt 0.247843 0.661959
vt 0.254190 0.673833
vt 0.254190 0.693868
vt 0.237435 0.714284
vt 0.224550 0.718192
vt 0.211151 0.716872
vt 0.190735 0.700117
vt 0.186826 0.687233
vt 0.190735 0.667583
vt 0.697059 0.724178
vt 0.703175 0.779316
vt 0.697059 0.779316
vt 0.703175 0.724178
vt 0.709291 0.779316
vt 0.709291 0.724178
vt 0.715407 0.779316
vt 0.715407 0.724178
vt 0.721523 0.779316
vt 0.721523 0.724178
vt 0.727639 0.779316
vt 0.727639 0.724178
vt 0.733755 0.779316
vt 0.733755 0.724178
vt 0.739871 0.779316
vt 0.739871 0.724178
vt 0.745987 0.779316
vt 0.745987 0.724178
vt 0.752103 0.779316
vt 0.752103 0.724178
vt 0.758219 0.779316
vt 0.758219 0.724178
vt 0.764335 0.779316
vt 0.690943 0.724178
vt 0.690943 0.779316
vt 0.705414 0.793787
vt 0.685646 0.799084
vt 0.764335 0.724178
vt 0.702356 0.782374
vt 0.705414 0.787671
vt 0.702356 0.799084
vt 0.697059 0.802142
vt 0.690943 0.802142
vt 0.682588 0.793787
vt 0.682588 0.787671
vt 0.685646 0.782375
vt 0.566835 0.188397
vt 0.972358 0.174418
vt 0.972430 0.185814
vt 0.565584 0.122015
vt 0.971579 0.102075
vt 0.971813 0.122275
vt 0.565029 0.100217
vt 0.971543 0.080541
vt 0.566762 0.177004
vt 0.972183 0.152884
vt 0.566458 0.155205
vt 0.971945 0.132683
vt 0.971603 0.069150
vt 0.565316 0.045226
vt 0.971864 0.047617
vt 0.566100 0.023436
vt 0.972308 0.027420
vt 0.972549 0.227551
vt 0.566808 0.210198
vt 0.972530 0.207349
vt 0.565899 0.133407
vt 0.566533 0.012048
vt 0.564916 0.067024
vt 0.564857 0.078417
vt 0.566527 0.232001
vt 0.972549 0.017014
vt 0.463198 0.188097
vt 0.370971 0.188097
vt 0.463198 0.172459
vt 0.463198 0.203734
vt 0.370971 0.172460
vt 0.370971 0.203734
vt 0.463198 0.156822
vt 0.463198 0.219372
vt 0.370971 0.156822
vt 0.370971 0.219372
vt 0.463198 0.235009
vt 0.370971 0.235009
vt 0.463198 0.141185
vt 0.370971 0.141185
vt 0.463198 0.250647
vt 0.370971 0.250647
vt 0.463198 0.125547
vt 0.370971 0.125547
vt 0.463198 0.109910
vt 0.463198 0.266284
vt 0.370971 0.109910
vt 0.370971 0.266284
vt 0.463198 0.281921
vt 0.463197 0.094272
vt 0.370971 0.094272
vt 0.370971 0.281921
vt 0.463198 0.078635
vt 0.370971 0.297559
vt 0.370971 0.078635
vt 0.463198 0.297559
vt 0.463197 0.062998
vt 0.370971 0.062998
vt 0.463198 0.313196
vt 0.370971 0.313196
vt 0.463198 0.328834
vt 0.463197 0.047360
vt 0.370971 0.047360
vt 0.370971 0.328834
vt 0.463198 0.344471
vt 0.370971 0.344471
vt 0.463197 0.031723
vt 0.370971 0.547757
vt 0.370971 0.532120
vt 0.463197 0.532120
vt 0.463197 0.516482
vt 0.463198 0.360108
vt 0.370971 0.516482
vt 0.370971 0.360108
vt 0.463197 0.500845
vt 0.463198 0.375746
vt 0.370971 0.375746
vt 0.370971 0.500845
vt 0.463198 0.391383
vt 0.463198 0.485208
vt 0.370971 0.391383
vt 0.370971 0.485208
vt 0.463198 0.407021
vt 0.463198 0.469570
vt 0.370971 0.407021
vt 0.370971 0.469570
vt 0.463198 0.422658
vt 0.463198 0.453933
vt 0.370971 0.453933
vt 0.370971 0.422658
vt 0.463198 0.438295
vt 0.370971 0.438295
vt 0.053261 0.802122
vt 0.035664 0.793556
vt 0.055556 0.793556
vt 0.037959 0.859227
vt 0.018438 0.857847
vt 0.024708 0.851577
vt 0.017057 0.823024
vt 0.008492 0.840620
vt 0.008492 0.820729
vt 0.074163 0.838325
vt 0.072783 0.857847
vt 0.066512 0.851576
vt 0.072783 0.803502
vt 0.066512 0.809773
vt 0.017057 0.838325
vt 0.759651 0.236742
vt 0.751085 0.219145
vt 0.759651 0.221440
vt 0.055556 0.867793
vt 0.053261 0.859227
vt 0.074163 0.823024
vt 0.082729 0.820729
vt 0.024708 0.809773
vt 0.037959 0.802122
vt 0.035664 0.867793
vt 0.082729 0.840620
vt 0.915727 0.083729
vt 0.938390 0.068427
vt 0.938390 0.083729
vt 0.915727 0.114331
vt 0.938390 0.099030
vt 0.938390 0.114331
vt 0.915727 0.144934
vt 0.938390 0.129633
vt 0.938390 0.144934
vt 0.385927 0.944544
vt 0.411633 0.913230
vt 0.411633 0.944544
vt 0.915727 0.175537
vt 0.938390 0.160235
vt 0.938390 0.175537
vt 0.915727 0.206139
vt 0.938390 0.190838
vt 0.938390 0.206139
vt 0.915727 0.236742
vt 0.938390 0.221440
vt 0.938390 0.236742
vt 0.392729 0.626002
vt 0.367023 0.587929
vt 0.392729 0.587929
vt 0.392739 0.626370
vt 0.367033 0.588297
vt 0.392739 0.588297
vt 0.392570 0.626370
vt 0.366864 0.588297
vt 0.392570 0.588297
vt 0.392065 0.586984
vt 0.366359 0.625057
vt 0.366358 0.586984
vt 0.392475 0.625222
vt 0.366769 0.587149
vt 0.392475 0.587149
vt 0.098480 0.984914
vt 0.128781 0.934861
vt 0.131181 0.983294
vt 0.324552 0.774464
vt 0.350258 0.659558
vt 0.350258 0.774464
vt 0.325226 0.775777
vt 0.350932 0.660871
vt 0.350932 0.775777
vt 0.411623 0.944176
vt 0.385917 0.912862
vt 0.411623 0.912862
vt 0.367033 0.731655
vt 0.367033 0.626370
vt 0.385758 0.944544
vt 0.411464 0.913230
vt 0.411464 0.944544
vt 0.385663 0.943396
vt 0.411369 0.912082
vt 0.411369 0.943396
vt 0.350258 0.928233
vt 0.324552 0.887298
vt 0.350258 0.887298
vt 0.325226 0.929546
vt 0.350932 0.888611
vt 0.350932 0.929546
vt 0.308861 0.730507
vt 0.324962 0.659723
vt 0.324962 0.774630
vt 0.203015 0.712239
vt 0.172547 0.742163
vt 0.169824 0.687207
vt 0.206741 0.688296
vt 0.167800 0.646359
vt 0.366769 0.730507
vt 0.392475 0.730507
vt 0.089444 0.802547
vt 0.096080 0.936481
vt 0.173330 0.559910
vt 0.134555 0.601420
vt 0.143669 0.554187
vt 0.137123 0.688827
vt 0.135099 0.647979
vt 0.350668 0.659723
vt 0.366769 0.625222
vt 0.375723 0.796911
vt 0.350668 0.774630
vt 0.375723 0.734902
vt 0.299907 0.796911
vt 0.324962 0.817830
vt 0.367023 0.731287
vt 0.392729 0.731287
vt 0.379575 0.815542
vt 0.405282 0.802674
vt 0.405282 0.815542
vt 0.352735 0.927365
vt 0.327029 0.886430
vt 0.352735 0.886430
vt 0.350668 0.849941
vt 0.350668 0.817830
vt 0.309115 0.731287
vt 0.325216 0.660503
vt 0.325216 0.775409
vt 0.282497 0.890651
vt 0.325216 0.850721
vt 0.325216 0.888243
vt 0.393641 0.890651
vt 0.350922 0.850721
vt 0.393641 0.836793
vt 0.375977 0.797691
vt 0.350922 0.775409
vt 0.375977 0.735682
vt 0.405536 0.816322
vt 0.379829 0.803453
vt 0.405536 0.803453
vt 0.350922 0.660503
vt 0.325216 0.929178
vt 0.350922 0.888243
vt 0.350922 0.929178
vt 0.350922 0.818610
vt 0.379839 0.816690
vt 0.405545 0.803821
vt 0.405545 0.816690
vt 0.325226 0.851088
vt 0.350932 0.818978
vt 0.350932 0.851088
vt 0.375987 0.798059
vt 0.375987 0.736050
vt 0.392739 0.731655
vt 0.366864 0.731655
vt 0.392570 0.731655
vt 0.300171 0.798059
vt 0.325226 0.818978
vt 0.308957 0.731655
vt 0.325057 0.660871
vt 0.325057 0.775777
vt 0.300003 0.798059
vt 0.325057 0.818978
vt 0.350764 0.660871
vt 0.366864 0.626370
vt 0.375818 0.798059
vt 0.350764 0.775777
vt 0.375818 0.736050
vt 0.379671 0.816690
vt 0.405377 0.803821
vt 0.405377 0.816690
vt 0.350764 0.929546
vt 0.325057 0.888611
vt 0.350764 0.888611
vt 0.350764 0.851089
vt 0.350764 0.818978
vt 0.308451 0.730342
vt 0.324552 0.659558
vt 0.299497 0.796746
vt 0.324552 0.817665
vt 0.324552 0.849775
vt 0.350258 0.817665
vt 0.350258 0.849775
vt 0.392065 0.730342
vt 0.392065 0.625057
vt 0.385253 0.943231
vt 0.410959 0.911917
vt 0.410959 0.943231
vt 0.404872 0.815377
vt 0.379166 0.802508
vt 0.404872 0.802508
vt 0.851024 0.083729
vt 0.915727 0.068427
vt 0.052560 0.968036
vt 0.067012 0.952734
vt 0.067012 0.968036
vt 0.851024 0.099030
vt 0.915727 0.099030
vt 0.052560 0.983337
vt 0.067012 0.983337
vt 0.851024 0.114331
vt 0.948007 0.533596
vt 0.557964 0.479113
vt 0.948007 0.479114
vt 0.851024 0.129633
vt 0.915727 0.129633
vt 0.021310 0.952709
vt 0.035762 0.937407
vt 0.035762 0.952709
vt 0.851024 0.144934
vt 0.021310 0.968010
vt 0.035762 0.968010
vt 0.851024 0.160235
vt 0.915727 0.160235
vt 0.021310 0.983311
vt 0.035762 0.983311
vt 0.851024 0.175537
vt 0.488059 0.282086
vt 0.520375 0.063579
vt 0.520375 0.282086
vt 0.915727 0.190838
vt 0.051522 0.897372
vt 0.066823 0.882920
vt 0.066823 0.897372
vt 0.851024 0.206139
vt 0.036221 0.897372
vt 0.051522 0.882920
vt 0.851024 0.221440
vt 0.915727 0.221440
vt 0.020919 0.882920
vt 0.020919 0.897372
vt 0.851024 0.236742
vt 0.589753 0.276734
vt 0.620275 0.058228
vt 0.620275 0.276734
vt 0.851024 0.068427
vt 0.915727 0.053126
vt 0.836572 0.068427
vt 0.851024 0.053126
vt 0.526915 0.058228
vt 0.494599 0.027706
vt 0.526916 0.027706
vt 0.557964 0.309259
vt 0.503482 0.366945
vt 0.503482 0.309259
vt 0.488059 0.033057
vt 0.520375 0.033058
vt 0.557437 0.058228
vt 0.589753 0.058228
vt 0.583213 0.282086
vt 0.613735 0.063579
vt 0.613735 0.282086
vt 0.526915 0.276734
vt 0.494599 0.058228
vt 0.948007 0.421428
vt 0.557964 0.421427
vt 0.557437 0.276734
vt 0.557964 0.366945
vt 0.948007 0.366945
vt 0.948007 0.309259
vt 0.550897 0.063579
vt 0.550897 0.282086
vt 0.583213 0.063579
vt 0.209319 0.591439
vt 0.163364 0.604294
vt 0.379575 0.802674
vt 0.393387 0.889871
vt 0.393387 0.836013
vt 0.296055 0.815542
vt 0.324962 0.849941
vt 0.282243 0.889871
vt 0.324962 0.887463
vt 0.379829 0.816322
vt 0.296309 0.816322
vt 0.325216 0.818610
vt 0.300161 0.797691
vt 0.296319 0.816690
vt 0.282507 0.891019
vt 0.325226 0.888611
vt 0.379839 0.803821
vt 0.393651 0.891019
vt 0.393651 0.837161
vt 0.379671 0.803821
vt 0.393483 0.891019
vt 0.393483 0.837161
vt 0.296150 0.816690
vt 0.325057 0.851089
vt 0.282338 0.891019
vt 0.295645 0.815377
vt 0.281833 0.889706
vt 0.139846 0.743783
vt 0.147088 0.889956
vt 0.759651 0.083729
vt 0.836572 0.083729
vt 0.759651 0.099030
vt 0.836572 0.099030
vt 0.759651 0.114331
vt 0.836572 0.114331
vt 0.759651 0.129633
vt 0.836572 0.129633
vt 0.759651 0.144934
vt 0.836572 0.144934
vt 0.759651 0.160235
vt 0.836572 0.160235
vt 0.759651 0.175536
vt 0.836572 0.175537
vt 0.836572 0.190838
vt 0.759651 0.206139
vt 0.836572 0.206139
vt 0.836572 0.221441
vt 0.836572 0.236742
vt 0.759651 0.068427
vt 0.836573 0.053126
vt 0.904258 0.728522
vt 0.918833 0.703896
vt 0.913384 0.731290
vt 0.674265 0.605589
vt 0.686645 0.579788
vt 0.692694 0.587160
vt 0.894285 0.752601
vt 0.902695 0.757096
vt 0.709869 0.564270
vt 0.714364 0.572680
vt 0.879805 0.774271
vt 0.887177 0.780320
vt 0.735674 0.553581
vt 0.738442 0.562707
vt 0.861377 0.792700
vt 0.867426 0.800071
vt 0.764004 0.557622
vt 0.763069 0.548132
vt 0.714364 0.807179
vt 0.735675 0.826278
vt 0.709869 0.815589
vt 0.839707 0.807179
vt 0.844202 0.815589
vt 0.791001 0.548132
vt 0.790067 0.557622
vt 0.692694 0.792700
vt 0.686645 0.800071
vt 0.815628 0.817153
vt 0.818396 0.826278
vt 0.818396 0.553581
vt 0.815628 0.562706
vt 0.666894 0.780321
vt 0.674265 0.774271
vt 0.790066 0.822237
vt 0.791001 0.831727
vt 0.844202 0.564270
vt 0.839706 0.572680
vt 0.651376 0.757096
vt 0.659786 0.752601
vt 0.764004 0.822237
vt 0.763070 0.831727
vt 0.867426 0.579788
vt 0.861377 0.587160
vt 0.640687 0.731291
vt 0.649812 0.728523
vt 0.738443 0.817153
vt 0.879805 0.605589
vt 0.887177 0.599539
vt 0.635238 0.703896
vt 0.644728 0.702961
vt 0.894285 0.627259
vt 0.902695 0.622764
vt 0.635238 0.675964
vt 0.644728 0.676899
vt 0.904258 0.651337
vt 0.913384 0.648569
vt 0.640687 0.648569
vt 0.649812 0.651337
vt 0.909343 0.676899
vt 0.918833 0.675964
vt 0.651376 0.622764
vt 0.659786 0.627259
vt 0.909343 0.702961
vt 0.666894 0.599539
vt 0.838989 0.809207
vt 0.866361 0.801933
vt 0.843243 0.817380
vt 0.814910 0.819181
vt 0.817556 0.828020
vt 0.790287 0.833444
vt 0.789349 0.824265
vt 0.762483 0.833444
vt 0.763286 0.824265
vt 0.735214 0.828020
vt 0.737725 0.819181
vt 0.709527 0.817380
vt 0.713646 0.809207
vt 0.686409 0.801933
vt 0.691976 0.794728
vt 0.666749 0.782273
vt 0.673547 0.776299
vt 0.651302 0.759155
vt 0.659068 0.754629
vt 0.640662 0.733468
vt 0.649094 0.730550
vt 0.635238 0.706199
vt 0.644010 0.704989
vt 0.635238 0.678395
vt 0.644010 0.678926
vt 0.640662 0.651126
vt 0.649094 0.653365
vt 0.651302 0.625439
vt 0.659068 0.629286
vt 0.666749 0.602321
vt 0.673547 0.607616
vt 0.686409 0.582661
vt 0.691976 0.589188
vt 0.709527 0.567214
vt 0.713646 0.574708
vt 0.735214 0.556574
vt 0.737725 0.564735
vt 0.762483 0.551150
vt 0.763286 0.559650
vt 0.789349 0.559650
vt 0.790287 0.551150
vt 0.814910 0.564735
vt 0.817556 0.556574
vt 0.838989 0.574708
vt 0.843243 0.567214
vt 0.860659 0.589188
vt 0.866361 0.582661
vt 0.879088 0.607616
vt 0.886021 0.602321
vt 0.893567 0.629287
vt 0.901468 0.625439
vt 0.903541 0.653365
vt 0.912108 0.651126
vt 0.908625 0.678927
vt 0.917532 0.678395
vt 0.908625 0.704989
vt 0.917532 0.706199
vt 0.903541 0.730551
vt 0.912108 0.733468
vt 0.893567 0.754629
vt 0.901468 0.759155
vt 0.879087 0.776299
vt 0.886021 0.782273
vt 0.860659 0.794728
vt 0.220160 0.554180
vt 0.099658 0.565221
vt 0.106630 0.529090
vt 0.350668 0.928398
vt 0.385663 0.912082
vt 0.324962 0.928398
vt 0.289967 0.912082
vt 0.195810 0.797276
vt 0.179790 0.888336
vt 0.385917 0.944176
vt 0.290221 0.912862
vt 0.385927 0.913230
vt 0.290231 0.913230
vt 0.385758 0.913230
vt 0.325057 0.929546
vt 0.290063 0.913230
vt 0.324552 0.928233
vt 0.289557 0.911916
vt 0.385253 0.911917
vt 0.077776 0.797520
vt 0.106569 0.717018
vt 0.110477 0.795900
vt 0.419094 0.836013
vt 0.401429 0.734902
vt 0.419347 0.836793
vt 0.401683 0.735682
vt 0.419357 0.891019
vt 0.401693 0.736050
vt 0.419189 0.837161
vt 0.401525 0.798059
vt 0.392977 0.835848
vt 0.418684 0.889706
vt 0.392977 0.889706
vt 0.375313 0.734737
vt 0.401019 0.796746
vt 0.375313 0.796746
vt 0.069997 0.559498
vt 0.076970 0.523366
vt 0.367023 0.626002
vt 0.081512 0.599051
vt 0.082293 0.665881
vt 0.100494 0.693560
vt 0.101305 0.709930
vt 0.122145 0.800926
vt 0.309125 0.731655
vt 0.325226 0.660871
vt 0.050395 0.666254
vt 0.049614 0.599424
vt 0.068604 0.711550
vt 0.379166 0.815377
vt 0.366359 0.730342
vt 0.751085 0.239037
vt 0.018437 0.803502
vt 0.308861 0.625222
vt 0.206923 0.791121
vt 0.207553 0.704666
vt 0.299907 0.734902
vt 0.327029 0.927365
vt 0.309116 0.626002
vt 0.282497 0.836793
vt 0.300171 0.736050
vt 0.308957 0.626370
vt 0.300002 0.736050
vt 0.308451 0.625057
vt 0.299497 0.734737
vt 0.052560 0.952734
vt 0.557964 0.533595
vt 0.021310 0.937407
vt 0.488059 0.063579
vt 0.851024 0.190838
vt 0.036221 0.882920
vt 0.494599 0.276734
vt 0.220160 0.653917
vt 0.350668 0.887463
vt 0.296055 0.802674
vt 0.282243 0.836013
vt 0.296309 0.803453
vt 0.300161 0.735682
vt 0.296319 0.803821
vt 0.282507 0.837160
vt 0.296150 0.803821
vt 0.282338 0.837161
vt 0.295645 0.802508
vt 0.281833 0.835848
vt 0.759651 0.190838
vt 0.759651 0.053126
vt 0.289967 0.943396
vt 0.202446 0.931211
vt 0.290221 0.944176
vt 0.290231 0.944544
vt 0.290063 0.944544
vt 0.289557 0.943231
vt 0.073868 0.718638
vt 0.419094 0.889871
vt 0.401429 0.796911
vt 0.419347 0.890651
vt 0.401683 0.797691
vt 0.419357 0.837161
vt 0.401693 0.798059
vt 0.419189 0.891019
vt 0.401525 0.736050
vt 0.418684 0.835848
vt 0.401019 0.734737
vt 0.309125 0.626370
vt 0.067793 0.695180
vt 0.232807 0.594563
vt 0.240762 0.603562
vt 0.232461 0.601632
vt 0.198973 0.580562
vt 0.209438 0.566528
vt 0.210555 0.575731
vt 0.197826 0.612659
vt 0.207263 0.627403
vt 0.191235 0.619333
vt 0.217574 0.576043
vt 0.210243 0.566457
vt 0.219474 0.566967
vt 0.057949 0.714444
vt 0.046703 0.646475
vt 0.058043 0.646457
vt 0.029269 0.714404
vt 0.040703 0.646467
vt 0.040609 0.714454
vt 0.018631 0.714308
vt 0.029363 0.646417
vt 0.068587 0.714377
vt 0.068682 0.646391
vt 0.096047 0.714255
vt 0.102141 0.646276
vt 0.102047 0.714263
vt 0.084706 0.714272
vt 0.074163 0.646352
vt 0.084801 0.646286
vt 0.013150 0.714255
vt 0.018725 0.646321
vt 0.113481 0.646325
vt 0.113387 0.714312
vt 0.096141 0.646268
vt 0.074068 0.714339
vt 0.046609 0.714462
vt 0.124119 0.646422
vt 0.124025 0.714408
vt 0.228709 0.581829
vt 0.241256 0.593453
vt 0.235398 0.575242
vt 0.227141 0.613906
vt 0.216500 0.627796
vt 0.215494 0.618578
vt 0.185140 0.601200
vt 0.193564 0.599979
vt 0.193817 0.592905
vt 0.185502 0.591086
vt 0.192875 0.573434
vt 0.209034 0.618303
vt 0.233155 0.621113
vt 0.211118 0.575686
vt 0.013244 0.646268
vt 0.210617 0.819606
vt 0.118606 0.996451
vt 0.118606 0.819606
vt 0.316598 0.638264
vt 0.295815 0.658845
vt 0.291751 0.641371
vt 0.062210 0.819606
vt 0.006945 0.996451
vt 0.006945 0.819605
vt 0.267978 0.641369
vt 0.273802 0.643137
vt 0.315475 0.638254
vt 0.285919 0.643221
vt 0.291742 0.641452
vt 0.243029 0.638456
vt 0.243338 0.586724
vt 0.249404 0.606719
vt 0.523274 0.996451
vt 0.495075 0.819605
vt 0.523274 0.819605
vt 0.495075 0.996451
vt 0.466877 0.819605
vt 0.090408 0.996451
vt 0.062210 0.996451
vt 0.090408 0.819606
vt 0.323961 0.819606
vt 0.261522 0.996451
vt 0.261522 0.819606
vt 0.244234 0.638171
vt 0.244241 0.586658
vt 0.249416 0.606634
vt 0.250272 0.652759
vt 0.262611 0.638499
vt 0.264856 0.658808
vt 0.254048 0.629934
vt 0.257908 0.634638
vt 0.349414 0.996451
vt 0.323961 0.996451
vt 0.349414 0.819605
vt 0.374867 0.996451
vt 0.236070 0.996451
vt 0.210617 0.996451
vt 0.236069 0.819606
vt 0.466877 0.996451
vt 0.294873 0.658884
vt 0.267968 0.641461
vt 0.273800 0.643230
vt 0.309443 0.652836
vt 0.262585 0.638580
vt 0.263919 0.658955
vt 0.249275 0.653010
vt 0.253970 0.629908
vt 0.257859 0.634689
vt 0.248790 0.573597
vt 0.267994 0.584120
vt 0.262630 0.586983
vt 0.257926 0.590834
vt 0.310013 0.573608
vt 0.308528 0.600913
vt 0.305660 0.595550
vt 0.316413 0.586632
vt 0.310337 0.618753
vt 0.310925 0.612692
vt 0.291735 0.584013
vt 0.310960 0.573486
vt 0.297807 0.568042
vt 0.262615 0.586884
vt 0.249695 0.573494
vt 0.262859 0.568042
vt 0.273803 0.582250
vt 0.267981 0.584016
vt 0.257911 0.590744
vt 0.297127 0.638494
vt 0.301533 0.634870
vt 0.310444 0.652850
vt 0.285921 0.643141
vt 0.279861 0.643735
vt 0.297106 0.638584
vt 0.301808 0.634724
vt 0.250949 0.624158
vt 0.251132 0.624484
vt 0.254062 0.595528
vt 0.251184 0.600892
vt 0.249389 0.618838
vt 0.248796 0.612795
vt 0.251180 0.624567
vt 0.254051 0.595447
vt 0.251183 0.600812
vt 0.249414 0.618744
vt 0.248819 0.612689
vt 0.374867 0.819605
vt 0.279861 0.643821
vt 0.261929 0.568160
vt 0.273814 0.582357
vt 0.296856 0.568160
vt 0.315465 0.586765
vt 0.305666 0.630021
vt 0.308532 0.624657
vt 0.279865 0.581764
vt 0.310296 0.618837
vt 0.310891 0.612784
vt 0.285917 0.582360
vt 0.291737 0.584125
vt 0.310294 0.606732
vt 0.297100 0.586992
vt 0.301801 0.590850
vt 0.297102 0.586875
vt 0.301886 0.634594
vt 0.305612 0.630063
vt 0.301807 0.590729
vt 0.305671 0.595429
vt 0.308548 0.624621
vt 0.308545 0.600796
vt 0.310320 0.606625
vt 0.285913 0.582248
vt 0.279858 0.581653
vt 0.228492 0.766132
vt 0.243272 0.773513
vt 0.228492 0.773513
vt 0.956618 0.068427
vt 0.956618 0.083729
vt 0.956618 0.099030
vt 0.956618 0.114331
vt 0.956618 0.129633
vt 0.956618 0.144934
vt 0.956618 0.160235
vt 0.956618 0.175537
vt 0.956618 0.190838
vt 0.956618 0.206139
vt 0.956618 0.221440
vt 0.956618 0.236742
vt 0.956618 0.053126
vt 0.256616 0.587695
vt 0.249486 0.570483
vt 0.260306 0.581303
vt 0.262738 0.562833
vt 0.266698 0.577613
vt 0.278039 0.562833
vt 0.274079 0.577613
vt 0.280471 0.581303
vt 0.291290 0.570483
vt 0.298941 0.583735
vt 0.284161 0.587695
vt 0.284161 0.595076
vt 0.298941 0.599036
vt 0.291290 0.612287
vt 0.280471 0.601468
vt 0.274079 0.605158
vt 0.278039 0.619938
vt 0.262738 0.619938
vt 0.266698 0.605158
vt 0.249486 0.612287
vt 0.260306 0.601468
vt 0.241836 0.599036
vt 0.256616 0.595076
vt 0.241836 0.583735
vt 0.150003 0.911632
vt 0.173858 0.918024
vt 0.156395 0.935487
vt 0.228492 0.788274
vt 0.243272 0.795655
vt 0.228492 0.795655
vt 0.228492 0.736609
vt 0.243272 0.743989
vt 0.228492 0.743989
vt 0.228492 0.721847
vt 0.243272 0.729228
vt 0.228492 0.729228
vt 0.228492 0.758751
vt 0.243272 0.766132
vt 0.243272 0.780893
vt 0.243272 0.788274
vt 0.243272 0.736609
vt 0.228492 0.803036
vt 0.243272 0.810416
vt 0.228492 0.810416
vt 0.228492 0.751370
vt 0.243272 0.758751
vt 0.228492 0.780893
vt 0.243272 0.803036
vt 0.243272 0.751370
vt 0.709475 0.020228
vt 0.751086 0.000337
vt 0.751086 0.020228
vt 0.709475 0.239037
vt 0.709475 0.219145
vt 0.751085 0.199254
vt 0.709475 0.199253
vt 0.751085 0.179362
vt 0.709475 0.159470
vt 0.751085 0.159470
vt 0.751085 0.139578
vt 0.709475 0.139578
vt 0.751085 0.119687
vt 0.709475 0.119687
vt 0.751085 0.099795
vt 0.709475 0.099795
vt 0.751085 0.079903
vt 0.709475 0.079903
vt 0.751085 0.060012
vt 0.662410 0.266209
vt 0.645184 0.201918
vt 0.709475 0.060012
vt 0.751085 0.040120
vt 0.709475 0.040120
vt 0.938390 0.053126
vt 0.150003 0.931796
vt 0.146312 0.925404
vt 0.146312 0.918024
vt 0.156395 0.907941
vt 0.163775 0.907941
vt 0.170167 0.911632
vt 0.173858 0.925404
vt 0.170167 0.931796
vt 0.163775 0.935487
vt 0.243272 0.721847
vt 0.709475 0.000336
vt 0.709475 0.179362
vt 0.699529 0.256264
vt 0.682302 0.266209
vt 0.645184 0.256264
vt 0.635238 0.239037
vt 0.635238 0.219145
vt 0.662410 0.191973
vt 0.682302 0.191973
vt 0.699529 0.201918
vt 0.049333 0.393103
vt 0.056719 0.367919
vt 0.057243 0.393467
vt 0.049014 0.367742
vt 0.058216 0.341468
vt 0.050214 0.341489
vt 0.056363 0.315434
vt 0.048549 0.315527
vt 0.056812 0.288256
vt 0.048704 0.288517
vt 0.053956 0.261559
vt 0.046032 0.261886
vt 0.053463 0.233539
vt 0.045241 0.234071
vt 0.049528 0.206077
vt 0.041484 0.206725
vt 0.047846 0.177070
vt 0.039481 0.178037
vt 0.042244 0.148682
vt 0.034042 0.149940
vt 0.038224 0.118329
vt 0.029619 0.120286
vt 0.028899 0.088586
vt 0.020130 0.091446
vt 0.018582 0.057989
vt 0.180339 0.484432
vt 0.200389 0.463003
vt 0.186607 0.488547
vt 0.199605 0.432092
vt 0.192339 0.459952
vt 0.206428 0.405494
vt 0.207244 0.434157
vt 0.209195 0.377809
vt 0.214289 0.406953
vt 0.213208 0.351192
vt 0.216807 0.378743
vt 0.214126 0.323709
vt 0.221057 0.351885
vt 0.216784 0.297118
vt 0.221776 0.324113
vt 0.216582 0.269747
vt 0.224696 0.297386
vt 0.218218 0.243158
vt 0.224315 0.269797
vt 0.216997 0.215890
vt 0.226228 0.243098
vt 0.217544 0.189326
vt 0.224825 0.215629
vt 0.215034 0.162241
vt 0.225652 0.188924
vt 0.213874 0.135800
vt 0.222937 0.161574
vt 0.208829 0.109207
vt 0.222050 0.134794
vt 0.203469 0.083531
vt 0.216702 0.107579
vt 0.191969 0.059762
vt 0.211380 0.080836
vt 0.038478 0.467473
vt 0.033685 0.493445
vt 0.026911 0.489005
vt 0.051199 0.444065
vt 0.046291 0.470494
vt 0.044019 0.442955
vt 0.053886 0.419402
vt 0.046359 0.418638
vt 0.167973 0.137966
vt 0.160215 0.105757
vt 0.169987 0.106548
vt 0.340828 0.188084
vt 0.330506 0.216454
vt 0.331876 0.187947
vt 0.169529 0.167784
vt 0.158204 0.137724
vt 0.339704 0.216743
vt 0.331817 0.245671
vt 0.168727 0.198273
vt 0.160191 0.167626
vt 0.340723 0.245998
vt 0.329767 0.274029
vt 0.170397 0.227292
vt 0.159283 0.198221
vt 0.338930 0.274543
vt 0.330324 0.303213
vt 0.169276 0.256968
vt 0.161321 0.227102
vt 0.339206 0.303762
vt 0.327577 0.331501
vt 0.165183 0.423701
vt 0.158650 0.395956
vt 0.167011 0.396460
vt 0.170358 0.285248
vt 0.160090 0.256773
vt 0.336719 0.332214
vt 0.327561 0.360707
vt 0.167260 0.449749
vt 0.156610 0.423578
vt 0.168619 0.314106
vt 0.161530 0.284878
vt 0.333693 0.389740
vt 0.336426 0.361379
vt 0.172467 0.476584
vt 0.158775 0.450670
vt 0.169061 0.341645
vt 0.159683 0.313716
vt 0.333784 0.418815
vt 0.324539 0.389054
vt 0.179868 0.501131
vt 0.164290 0.478478
vt 0.166835 0.369685
vt 0.160476 0.341108
vt 0.332774 0.447174
vt 0.324877 0.418477
vt 0.345704 0.039273
vt 0.332481 0.068820
vt 0.335382 0.037141
vt 0.158135 0.369184
vt 0.337202 0.475910
vt 0.323464 0.447492
vt 0.342453 0.069975
vt 0.329673 0.099297
vt 0.345704 0.502226
vt 0.328339 0.477886
vt 0.339303 0.099868
vt 0.331184 0.129587
vt 0.171549 0.075379
vt 0.169558 0.040345
vt 0.179868 0.044214
vt 0.340279 0.129776
vt 0.329987 0.158530
vt 0.160811 0.073588
vt 0.339275 0.158705
vt 0.122208 0.205692
vt 0.123136 0.223048
vt 0.124394 0.319278
vt 0.124473 0.335667
vt 0.094039 0.345321
vt 0.091575 0.336125
vt 0.124016 0.263348
vt 0.124518 0.280135
vt 0.090791 0.373249
vt 0.063041 0.365019
vt 0.093187 0.364097
vt 0.063050 0.344329
vt 0.025431 0.058675
vt 0.034882 0.082805
vt 0.124579 0.492912
vt 0.085944 0.477883
vt 0.120880 0.479912
vt 0.153167 0.366055
vt 0.153654 0.344209
vt 0.284971 0.491514
vt 0.338011 0.505703
vt 0.287163 0.521942
vt 0.116481 0.077424
vt 0.117514 0.099246
vt 0.119269 0.145264
vt 0.120497 0.163674
vt 0.093423 0.310040
vt 0.121824 0.309192
vt 0.080586 0.488869
vt 0.051830 0.469042
vt 0.288529 0.380899
vt 0.289873 0.363722
vt 0.284891 0.441480
vt 0.286154 0.422659
vt 0.091310 0.319398
vt 0.062713 0.312212
vt 0.044384 0.120545
vt 0.048767 0.144216
vt 0.293958 0.267009
vt 0.294468 0.250204
vt 0.291912 0.323620
vt 0.292899 0.306779
vt 0.122046 0.446629
vt 0.088026 0.455485
vt 0.086741 0.445265
vt 0.154532 0.310599
vt 0.154589 0.288215
vt 0.091636 0.235013
vt 0.088395 0.225482
vt 0.056788 0.448240
vt 0.127463 0.519765
vt 0.290543 0.092519
vt 0.289969 0.072326
vt 0.293109 0.153048
vt 0.292641 0.135540
vt 0.294368 0.210380
vt 0.294372 0.193449
vt 0.123454 0.374054
vt 0.123234 0.390341
vt 0.058784 0.236201
vt 0.121990 0.429225
vt 0.053480 0.179609
vt 0.056025 0.202191
vt 0.250092 0.064169
vt 0.286956 0.059755
vt 0.154724 0.253691
vt 0.154260 0.230697
vt 0.087978 0.427577
vt 0.088710 0.197639
vt 0.119002 0.195084
vt 0.249599 0.076052
vt 0.215524 0.076103
vt 0.090475 0.389861
vt 0.260283 0.193386
vt 0.260363 0.210602
vt 0.257423 0.136875
vt 0.258379 0.154564
vt 0.252556 0.095964
vt 0.073669 0.514976
vt 0.087042 0.207742
vt 0.060377 0.258030
vt 0.290913 0.015179
vt 0.242449 0.037870
vt 0.233582 0.024876
vt 0.153709 0.195132
vt 0.152942 0.171416
vt 0.151679 0.420572
vt 0.206209 0.055415
vt 0.198494 0.055508
vt 0.151994 0.398978
vt 0.120788 0.400249
vt 0.061882 0.291009
vt 0.259016 0.304525
vt 0.257893 0.321723
vt 0.260625 0.248994
vt 0.260078 0.266126
vt 0.259234 0.126821
vt 0.289845 0.124798
vt 0.152470 0.134410
vt 0.152454 0.109459
vt 0.226673 0.131285
vt 0.249583 0.418440
vt 0.246670 0.437584
vt 0.255515 0.360497
vt 0.253752 0.378056
vt 0.156992 0.476279
vt 0.256458 0.106076
vt 0.154813 0.069077
vt 0.160326 0.042484
vt 0.084004 0.167127
vt 0.081912 0.148324
vt 0.076492 0.104098
vt 0.072573 0.082226
vt 0.228403 0.513091
vt 0.237048 0.485294
vt 0.154006 0.454103
vt 0.119490 0.457566
vt 0.223724 0.109676
vt 0.325461 0.064592
vt 0.262623 0.183804
vt 0.291940 0.183036
vt 0.320481 0.475142
vt 0.318195 0.450976
vt 0.328964 0.039509
vt 0.286007 0.032051
vt 0.230527 0.185808
vt 0.324007 0.126238
vt 0.261221 0.164157
vt 0.319072 0.391933
vt 0.090849 0.281573
vt 0.090055 0.264429
vt 0.324113 0.102592
vt 0.288101 0.104167
vt 0.229639 0.164336
vt 0.122432 0.290433
vt 0.121263 0.233731
vt 0.121125 0.253054
vt 0.118734 0.174918
vt 0.115433 0.111831
vt 0.115812 0.133974
vt 0.114624 0.033729
vt 0.113107 0.063815
vt 0.281567 0.453098
vt 0.281768 0.477292
vt 0.284511 0.411384
vt 0.285166 0.391303
vt 0.322123 0.334359
vt 0.288321 0.353069
vt 0.288744 0.333824
vt 0.324378 0.277004
vt 0.291124 0.296305
vt 0.291055 0.277240
vt 0.325185 0.219577
vt 0.292381 0.239804
vt 0.291744 0.220726
vt 0.324675 0.161791
vt 0.290718 0.163688
vt 0.119608 0.418936
vt 0.122168 0.345666
vt 0.121138 0.364064
vt 0.061812 0.396549
vt 0.090939 0.418227
vt 0.060365 0.416966
vt 0.092547 0.399152
vt 0.262736 0.220137
vt 0.231244 0.240199
vt 0.231384 0.218722
vt 0.263338 0.239578
vt 0.262125 0.275717
vt 0.229832 0.294663
vt 0.230768 0.273137
vt 0.262067 0.295184
vt 0.259650 0.331438
vt 0.226341 0.349346
vt 0.228128 0.327705
vt 0.258942 0.351124
vt 0.255193 0.388103
vt 0.219866 0.404702
vt 0.223033 0.382717
vt 0.253669 0.408668
vt 0.213167 0.439072
vt 0.243700 0.473532
vt 0.206531 0.461756
vt 0.247497 0.448884
vt 0.072950 0.069125
vt 0.066559 0.039417
vt 0.083272 0.137458
vt 0.081278 0.114892
vt 0.087754 0.177017
vt 0.091945 0.254751
vt 0.093689 0.290894
vt 0.056664 0.025195
vt 0.119881 0.015179
vt 0.317968 0.414800
vt 0.320769 0.356954
vt 0.323472 0.299592
vt 0.324868 0.242232
vt 0.324821 0.184658
vt 0.009813 0.061933
vt 0.172648 0.504207
vn -0.000000 -0.000000 1.000000
vn 0.707100 0.707100 -0.000000
vn 0.965900 0.258800 -0.000000
vn -0.258800 0.965900 -0.000000
vn 0.258800 0.965900 -0.000000
vn -0.965900 0.258800 -0.000000
vn -0.707100 0.707100 -0.000000
vn 0.965900 -0.258800 -0.000000
vn 0.707100 -0.707100 -0.000000
vn -0.707100 -0.707100 -0.000000
vn -0.965900 -0.258800 -0.000000
vn 0.258800 -0.965900 -0.000000
vn -0.258800 -0.965900 -0.000000
vn -0.000000 -0.000000 -1.000000
vn -0.789200 -0.614200 -0.000000
vn -0.603300 -0.797500 -0.000000
vn 0.622400 -0.782700 -0.000000
vn 0.265400 -0.964100 -0.000000
vn 0.006800 -1.000000 -0.000000
vn -0.494100 -0.869400 -0.000000
vn -0.802700 0.596400 -0.000000
vn -0.967700 0.252200 -0.000000
vn -1.000000 -0.006800 -0.000000
vn -0.862600 -0.505900 -0.000000
vn -0.033500 0.999400 -0.000000
vn 0.160000 0.987100 -0.000000
vn 0.983900 -0.178800 -0.000000
vn 0.977000 0.213100 -0.000000
vn 0.016700 -0.999900 -0.000000
vn 0.211600 -0.977400 -0.000000
vn 0.398300 -0.917300 -0.000000
vn 0.930100 -0.367200 -0.000000
vn 0.916000 0.401200 -0.000000
vn 0.347400 0.937700 -0.000000
vn 0.016600 -0.999900 -0.000000
vn 0.718700 -0.695300 -0.000000
vn 0.713600 -0.700500 -0.000000
vn 0.720100 -0.693900 -0.000000
vn -0.723900 0.689900 -0.000000
vn -0.398000 0.917400 -0.000000
vn -0.718700 0.695300 -0.000000
vn 0.164600 -0.986300 0.006700
vn 0.015100 -0.999900 -0.001900
vn 0.441200 -0.897400 -0.006700
vn -0.324000 -0.946100 0.004400
vn 0.029600 0.999600 0.004200
vn -0.355200 0.934800 -0.004400
vn -0.367300 -0.930100 -0.000000
vn 0.178800 0.983800 -0.008700
vn -0.727700 -0.685900 -0.004400
vn 0.501000 0.865400 0.006300
vn 0.695200 0.718700 -0.009100
vn -0.916800 -0.399300 0.001900
vn -0.695300 -0.718700 -0.000000
vn 0.823000 0.568100 0.001900
vn 0.814700 -0.579900 -0.004400
vn -0.999900 -0.015100 0.001900
vn -0.977400 -0.211300 -0.009100
vn 0.840600 -0.541700 -0.000000
vn 0.966600 0.256200 -0.004400
vn -0.946100 0.324000 -0.004400
vn -0.930100 0.367300 -0.000000
vn 0.570500 -0.821300 0.001900
vn 0.977400 0.211300 -0.000000
vn -0.000100 -0.000000 1.000000
vn -0.702500 0.684400 -0.195100
vn -0.704000 0.687000 0.179800
vn -0.704000 0.687000 -0.179800
vn 0.144200 -0.137200 0.980000
vn 0.297300 -0.285200 0.911200
vn 0.151200 -0.145100 0.977800
vn 0.670800 -0.635900 0.381600
vn 0.713300 -0.677200 0.180800
vn 0.677700 -0.644600 0.353900
vn -0.702500 0.684400 0.195000
vn -0.669200 0.652900 0.354900
vn -0.276200 0.266300 0.923500
vn -0.152100 0.147800 0.977200
vn -0.296100 0.287900 0.910700
vn 0.713300 -0.677200 -0.180900
vn 0.670800 -0.635900 -0.381600
vn 0.677700 -0.644600 -0.353900
vn 0.297300 -0.285200 -0.911200
vn 0.144200 -0.137200 -0.980000
vn 0.151200 -0.145100 -0.977800
vn -0.152200 0.147900 -0.977200
vn -0.276200 0.266300 -0.923500
vn -0.296100 0.287900 -0.910700
vn -0.669200 0.652900 -0.354900
vn -0.138200 0.133300 0.981400
vn -0.138300 0.133300 -0.981400
vn 0.712000 -0.674800 -0.194200
vn 0.712000 -0.674800 0.194200
vn 0.277400 -0.263800 0.923800
vn -0.662400 0.644100 0.382700
vn 0.713300 -0.677200 -0.180500
vn 0.670800 -0.636000 -0.381500
vn 0.277400 -0.263800 -0.923800
vn -0.152000 0.147700 -0.977300
vn -0.276300 0.266400 -0.923400
vn -0.662400 0.644100 -0.382700
vn 0.000700 -0.000400 -1.000000
vn 0.000800 -0.000000 -1.000000
vn -0.000700 0.000400 -1.000000
vn -0.000400 0.000700 -1.000000
vn 0.000400 0.000700 -1.000000
vn -0.000000 0.000800 -1.000000
vn -0.000400 -0.000700 -1.000000
vn -0.000700 -0.000400 -1.000000
vn 0.000400 -0.000700 -1.000000
vn 0.000700 0.000400 -1.000000
vn -0.000800 -0.000000 -1.000000
vn -0.000000 -0.000800 -1.000000
vn -0.178800 -0.983900 -0.000000
vn 0.211300 -0.977400 -0.000000
vn 0.398000 -0.917400 -0.000000
vn 0.569300 -0.822100 -0.000000
vn -0.541700 -0.840600 -0.000000
vn -0.822100 -0.569300 -0.000000
vn 0.930100 -0.367300 -0.000000
vn -0.917400 -0.398000 -0.000000
vn -0.977400 -0.211300 -0.000000
vn -0.999900 -0.016600 -0.000000
vn 0.999900 0.016600 -0.000000
vn -0.983900 0.178800 -0.000000
vn 0.917400 0.398000 -0.000000
vn -0.840600 0.541700 -0.000000
vn 0.822100 0.569300 -0.000000
vn 0.695300 0.718700 -0.000000
vn 0.541700 0.840600 -0.000000
vn -0.569300 0.822100 -0.000000
vn 0.367300 0.930100 -0.000000
vn 0.178800 0.983900 -0.000000
vn -0.211300 0.977400 -0.000000
vn -0.016600 0.999900 -0.000000
vn -0.436000 0.900000 -0.000000
vn -0.105500 0.994400 -0.000000
vn -0.997400 0.072400 -0.000000
vn -0.913900 0.405900 -0.000000
vn -0.561400 -0.827500 -0.000000
vn -0.808500 -0.588600 -0.000000
vn -0.378800 -0.108300 0.919100
vn -0.121300 -0.034700 0.992000
vn 0.436000 -0.900000 -0.000000
vn 0.105500 -0.994400 -0.000000
vn 0.997400 -0.072400 -0.000000
vn 0.913900 -0.405900 -0.000000
vn 0.561400 0.827500 -0.000000
vn 0.808500 0.588600 -0.000000
vn -0.691800 0.669200 -0.271400
vn -0.961500 -0.274800 -0.000000
vn -0.925400 -0.264500 -0.271400
vn -0.242700 -0.970100 -0.000000
vn -0.233600 -0.933700 -0.271400
vn 0.691800 -0.669200 -0.271400
vn 0.961500 0.274800 -0.000000
vn 0.925400 0.264500 -0.271400
vn 0.233600 0.933700 -0.271400
vn 0.242700 0.970100 -0.000000
vn 0.593400 -0.574000 -0.564300
vn -0.793800 -0.226900 -0.564300
vn -0.283100 0.273900 0.919100
vn -0.090700 0.087700 0.992000
vn -0.274800 0.961500 -0.000000
vn -0.095600 -0.382100 0.919100
vn -0.030600 -0.122400 0.992000
vn 0.378700 0.108300 0.919100
vn 0.121300 0.034700 0.992000
vn -0.283100 0.273900 -0.919100
vn -0.090700 0.087700 -0.992000
vn 0.378800 0.108300 -0.919100
vn 0.121300 0.034700 -0.992000
vn 0.378700 0.108200 -0.919100
vn -0.970100 0.242700 -0.000000
vn -0.970100 0.242800 -0.000000
vn -0.823200 -0.235300 0.516700
vn -0.871300 -0.249000 0.422900
vn -0.207800 -0.830500 0.516700
vn -0.220000 -0.879100 0.422900
vn -0.095600 -0.382100 -0.919100
vn -0.030600 -0.122400 -0.992000
vn 0.101300 0.404600 -0.908900
vn 0.176700 0.706000 -0.685900
vn 0.101200 0.404600 -0.908900
vn 0.274800 -0.961500 -0.000000
vn 0.615400 -0.595300 0.516700
vn 0.651300 -0.630000 0.422900
vn -0.401000 -0.114600 0.908900
vn -0.699700 -0.200000 0.685900
vn 0.793800 0.226900 -0.564300
vn -0.378800 -0.108300 -0.919100
vn -0.121300 -0.034700 -0.992000
vn 0.401000 0.114600 -0.908900
vn 0.699700 0.200000 -0.685900
vn 0.299800 -0.290000 0.908900
vn 0.523100 -0.506000 0.685900
vn -0.593400 0.574000 -0.564300
vn 0.283100 -0.273900 -0.919100
vn 0.090700 -0.087700 -0.992000
vn -0.299800 0.290000 -0.908900
vn -0.523100 0.506000 -0.685900
vn 0.401000 0.114600 0.908900
vn 0.699700 0.200000 0.685900
vn -0.401000 -0.114600 -0.908900
vn -0.699700 -0.200000 -0.685900
vn 0.823200 0.235300 0.516700
vn 0.871300 0.249000 0.422900
vn 0.207800 0.830500 0.516700
vn 0.220000 0.879100 0.422900
vn 0.970100 -0.242700 -0.000000
vn 0.970100 -0.242800 -0.000000
vn 0.101200 0.404600 0.908900
vn 0.176700 0.706000 0.685900
vn 0.101300 0.404600 0.908900
vn -0.200400 -0.800900 -0.564300
vn 0.095600 0.382100 -0.919100
vn 0.030600 0.122400 -0.992000
vn -0.101200 -0.404600 -0.908900
vn -0.176700 -0.706000 -0.685900
vn 0.299800 -0.290000 -0.908900
vn 0.523100 -0.506000 -0.685900
vn -0.615400 0.595300 0.516700
vn -0.651300 0.630000 0.422900
vn 0.283100 -0.273900 0.919100
vn 0.090700 -0.087700 0.992000
vn -0.299800 0.290000 0.908900
vn -0.523100 0.506000 0.685900
vn -0.514300 0.857600 -0.000000
vn -0.827500 0.561400 -0.000000
vn -0.994400 -0.105500 -0.000000
vn -0.857600 -0.514300 -0.000000
vn -0.485600 -0.874200 -0.000000
vn -0.072400 -0.997400 -0.000000
vn 0.588600 -0.808400 -0.000000
vn 0.874200 -0.485600 -0.000000
vn 0.874200 -0.485500 -0.000000
vn 0.900000 0.436000 -0.000000
vn 0.405900 0.913900 -0.000000
vn 0.242800 0.970100 -0.000000
vn 0.695300 0.718800 -0.000000
vn 0.200400 0.800900 -0.564300
vn -0.874200 0.485600 -0.000000
vn 0.514300 -0.857600 -0.000000
vn 0.857600 0.514300 -0.000000
vn 0.485600 0.874200 -0.000000
vn -0.176700 -0.706000 0.685900
vn 0.095600 0.382100 0.919100
vn 0.030600 0.122400 0.992000
vn -0.101300 -0.404600 0.908900
vn -0.101200 -0.404600 0.908900
vn -0.378700 -0.108300 -0.919100
vn -0.764200 -0.644700 0.016800
vn -0.764300 -0.644700 -0.016900
vn -0.764200 -0.644700 -0.016800
vn -0.651000 -0.756800 0.059000
vn -0.685800 -0.722600 0.087000
vn -0.685000 -0.723300 0.086800
vn -0.651000 -0.756800 -0.059000
vn -0.685800 -0.722600 -0.087000
vn -0.652900 -0.754900 -0.061700
vn -0.712900 -0.696000 0.086200
vn -0.711500 -0.697400 0.086100
vn 0.672200 -0.650300 0.353900
vn 0.707000 -0.683900 0.180000
vn 0.672200 -0.650300 -0.353900
vn 0.707000 -0.683900 -0.180000
vn 0.707000 -0.684000 -0.179700
vn 0.152800 -0.147700 -0.977200
vn 0.296800 -0.287100 -0.910700
vn 0.152600 -0.147600 0.977200
vn 0.296800 -0.287100 0.910700
vn 0.151100 -0.146100 0.977700
vn -0.707000 0.683900 0.180000
vn -0.707000 0.684000 -0.179700
vn -0.707000 0.684000 -0.179900
vn -0.296800 0.287100 0.910700
vn -0.152600 0.147600 0.977200
vn -0.151100 0.146100 -0.977700
vn 0.151100 -0.146100 -0.977700
vn 0.152500 -0.147500 -0.977200
vn -0.707000 0.683900 -0.180200
vn -0.672200 0.650300 -0.353900
vn -0.672200 0.650300 0.353900
vn -0.707000 0.684000 0.179700
vn -0.151100 0.146100 0.977700
vn 0.707000 -0.684000 0.179700
vn -0.296800 0.287100 -0.910700
vn -0.152600 0.147600 -0.977200
vn -0.744900 -0.664700 0.057300
vn -0.764300 -0.644700 0.016900
vn -0.742900 -0.666800 0.059800
vn -0.744900 -0.664700 -0.057300
vn -0.711500 -0.697400 -0.086100
vn -0.712900 -0.696000 -0.086200
vn -0.629100 -0.777100 -0.017700
vn -0.629100 -0.777100 -0.017800
vn -0.629100 -0.777100 0.017800
vn -0.629100 -0.777100 0.017700
vn -0.652900 -0.754900 0.061700
vn -0.685000 -0.723300 -0.086800
vn -0.742900 -0.666800 -0.059800
vn 0.001400 0.001400 -1.000000
vn 0.485500 0.874200 -0.000000
vn -0.874200 0.485500 -0.000000
vn -0.485500 -0.874200 -0.000000
vn -0.039400 0.011200 0.999200
vn -0.040600 -0.004700 0.999200
vn -0.039300 0.011200 0.999200
vn -0.032100 0.025500 0.999200
vn -0.032100 0.025400 0.999200
vn -0.019900 0.035800 0.999200
vn -0.004700 0.040800 0.999200
vn -0.004700 0.040700 0.999200
vn 0.011300 0.039500 0.999200
vn 0.025500 0.032200 0.999200
vn 0.035900 0.020000 0.999200
vn 0.040800 0.004700 0.999200
vn 0.039500 -0.011300 0.999200
vn 0.032100 -0.025500 0.999200
vn 0.032200 -0.025500 0.999200
vn 0.019900 -0.035800 0.999200
vn 0.004700 -0.040600 0.999200
vn 0.004700 -0.040700 0.999200
vn -0.011200 -0.039300 0.999200
vn -0.011200 -0.039400 0.999200
vn -0.025400 -0.032000 0.999200
vn -0.035700 -0.019900 0.999200
vn 0.011100 0.039000 -0.999200
vn 0.019700 -0.035500 -0.999200
vn 0.004700 -0.040400 -0.999200
vn 0.019800 -0.035500 -0.999200
vn -0.004700 0.040300 -0.999200
vn 0.031800 -0.025200 -0.999200
vn -0.004600 0.040300 -0.999200
vn -0.019800 0.035500 -0.999200
vn 0.039000 -0.011100 -0.999200
vn -0.040500 -0.004700 -0.999200
vn -0.019700 0.035500 -0.999200
vn -0.040400 -0.004700 -0.999200
vn -0.031900 0.025300 -0.999200
vn -0.035600 -0.019800 -0.999200
vn -0.031800 0.025200 -0.999200
vn 0.040200 0.004600 -0.999200
vn -0.039100 0.011200 -0.999200
vn 0.040300 0.004600 -0.999200
vn -0.025300 -0.031900 -0.999200
vn 0.035400 0.019700 -0.999200
vn -0.011200 -0.039100 -0.999200
vn 0.025200 0.031800 -0.999200
vn 0.025200 0.031700 -0.999200
vn -0.303100 0.942600 -0.139700
vn -0.293200 0.911800 -0.287500
vn -0.303200 0.942800 -0.138900
vn -0.880500 0.452000 -0.142900
vn -0.851300 0.437000 -0.290400
vn -0.880600 0.452100 -0.142200
vn 0.367800 0.929900 0.003900
vn 0.366800 0.930300 0.003700
vn 0.366600 0.930400 0.003700
vn -0.640600 0.754700 -0.141400
vn -0.619500 0.729800 -0.289000
vn -0.640700 0.754800 -0.140600
vn -0.178200 -0.984000 -0.003100
vn -0.177200 -0.984200 -0.003400
vn -0.178400 -0.984000 -0.003000
vn 0.365400 0.930800 0.004100
vn 0.365200 0.930900 0.004200
vn 0.070500 0.088800 0.993600
vn 0.070500 0.088800 0.993500
vn 0.569300 -0.822100 0.000500
vn 0.569200 -0.822200 0.000500
vn 0.569400 -0.822100 0.000500
vn -0.108000 0.030800 -0.993700
vn 0.755300 0.641100 -0.136000
vn 0.730900 0.620400 -0.284400
vn 0.755300 0.641100 -0.135900
vn 0.452400 0.881300 -0.136800
vn 0.437800 0.852700 -0.284900
vn 0.452400 0.881300 -0.136400
vn 0.080700 0.987100 -0.138100
vn 0.078100 0.955000 -0.286000
vn 0.080700 0.987200 -0.137400
vn -0.542300 -0.840200 -0.004400
vn -0.541200 -0.840900 -0.004200
vn 0.569100 -0.822300 0.000500
vn 0.955400 -0.078100 -0.284900
vn 0.987300 -0.080700 -0.136800
vn 0.987400 -0.080700 -0.136400
vn 0.912700 0.293500 -0.284400
vn 0.943100 0.303300 -0.136000
vn 0.943200 0.303300 -0.135900
vn -0.541000 -0.841000 -0.004300
vn -0.539700 -0.841800 -0.004700
vn 0.031100 0.109000 0.993600
vn 0.619800 -0.730200 -0.287500
vn 0.640800 -0.754900 -0.139700
vn 0.640900 -0.755000 -0.138900
vn 0.852500 -0.437600 -0.286000
vn 0.881100 -0.452300 -0.138100
vn 0.881200 -0.452400 -0.137400
vn -0.397900 0.917400 0.000500
vn -0.398000 0.917400 0.000500
vn -0.398100 0.917400 0.000500
vn -0.088000 0.069800 -0.993700
vn 0.917700 0.397200 0.005000
vn 0.917100 0.398600 0.004800
vn 0.917000 0.398800 0.004800
vn -0.398200 0.917300 0.000500
vn -0.729100 -0.618900 -0.292100
vn -0.754400 -0.640400 -0.144400
vn -0.754400 -0.640400 -0.144300
vn -0.436900 -0.851000 -0.291500
vn -0.451900 -0.880400 -0.143900
vn -0.452000 -0.880400 -0.143500
vn -0.078000 -0.953700 -0.290400
vn -0.080700 -0.986400 -0.142900
vn -0.080700 -0.986500 -0.142200
vn 0.293100 -0.911400 -0.289000
vn 0.303100 -0.942400 -0.141400
vn 0.303100 -0.942500 -0.140600
vn -0.986300 0.080600 -0.143900
vn -0.953400 0.078000 -0.291500
vn -0.986400 0.080600 -0.143500
vn 0.916300 0.400300 0.005400
vn 0.916200 0.400600 0.005400
vn -0.942000 -0.302900 -0.144400
vn -0.910500 -0.292800 -0.292100
vn -0.942000 -0.302900 -0.144300
vn -0.013000 0.112500 0.993600
vn 0.840800 -0.541400 0.002400
vn 0.840400 -0.542000 0.002300
vn -0.054500 0.098000 -0.993700
vn -0.908400 -0.292100 0.299200
vn -0.940900 -0.302600 0.151900
vn -0.941000 -0.302600 0.151800
vn -0.977600 -0.210600 -0.004800
vn -0.977300 -0.212000 -0.004600
vn 0.840300 -0.542100 0.002300
vn 0.839900 -0.542700 0.002500
vn -0.950800 0.077700 0.299700
vn -0.985000 0.080500 0.152700
vn -0.985100 0.080500 0.152300
vn 0.302400 -0.940400 0.155600
vn 0.291800 -0.907500 0.302200
vn 0.302400 -0.940500 0.154800
vn -0.080500 -0.984800 0.154000
vn -0.077700 -0.950500 0.300800
vn -0.080500 -0.984900 0.153300
vn -0.451300 -0.879200 0.152700
vn -0.435700 -0.848700 0.299700
vn -0.451400 -0.879300 0.152300
vn -0.753500 -0.639600 0.151900
vn -0.727500 -0.617500 0.299200
vn -0.753500 -0.639600 0.151800
vn -0.977200 -0.212200 -0.004600
vn -0.976900 -0.213800 -0.005200
vn -0.055000 0.098900 0.993600
vn -0.718900 0.695100 -0.001500
vn -0.718600 0.695400 -0.001400
vn -0.718600 0.695500 -0.001400
vn -0.012800 0.111300 -0.993700
vn 0.211100 -0.977500 -0.001500
vn 0.210600 -0.977600 -0.001600
vn 0.210500 -0.977600 -0.001600
vn -0.718200 0.695800 -0.001600
vn -0.718200 0.695900 -0.001600
vn -0.016200 0.999900 0.002400
vn -0.015400 0.999900 0.002500
vn -0.088600 0.070300 0.993600
vn 0.878300 -0.450900 0.158700
vn 0.847200 -0.434900 0.305200
vn 0.847200 -0.434900 0.305100
vn 0.878400 -0.451000 0.158000
vn 0.639100 -0.752900 0.157300
vn 0.616600 -0.726400 0.303700
vn 0.616600 -0.726400 0.303800
vn 0.639200 -0.753000 0.156400
vn 0.984000 -0.178200 0.003900
vn 0.983800 -0.179300 0.003700
vn 0.984000 -0.178100 0.003900
vn 0.030700 0.107700 -0.993700
vn -0.179300 -0.983800 -0.003200
vn -0.180400 -0.983600 -0.003400
vn -0.180600 -0.983600 -0.003400
vn 0.983800 -0.179500 0.003700
vn 0.983500 -0.180800 0.004200
vn 0.939700 0.302200 0.160300
vn 0.906100 0.291400 0.306800
vn 0.939700 0.302200 0.160100
vn 0.983900 -0.080400 0.159800
vn 0.948800 -0.077600 0.306200
vn 0.983900 -0.080400 0.159300
vn 0.569500 -0.822000 0.000500
vn -0.108700 0.031000 0.993600
vn -0.108600 0.031000 0.993600
vn -0.930300 0.366800 -0.003200
vn -0.929900 0.367700 -0.003000
vn -0.929900 0.367800 -0.003100
vn 0.069600 0.087700 -0.993700
vn 0.069500 0.087700 -0.993700
vn 0.077600 0.949100 0.305200
vn 0.080500 0.984000 0.158700
vn 0.080500 0.984200 0.158000
vn 0.434800 0.846900 0.306200
vn 0.450800 0.878200 0.159800
vn 0.450900 0.878300 0.159300
vn 0.725600 0.615900 0.306800
vn 0.752500 0.638800 0.160300
vn 0.752500 0.638800 0.160100
vn -0.397700 0.917500 0.000500
vn -0.929500 0.368800 -0.003400
vn -0.929400 0.369000 -0.003400
vn 0.841200 -0.540600 0.002500
vn 0.841300 -0.540500 0.002500
vn 0.977200 0.212100 0.004800
vn 0.977500 0.210700 0.004600
vn 0.097800 0.054400 -0.993700
vn -0.719300 0.694700 -0.001600
vn 0.977600 0.210500 0.004600
vn 0.977900 0.208900 0.005100
vn 0.984200 -0.176800 0.004100
vn 0.984300 -0.176600 0.004200
vn -0.999800 -0.017300 -0.004400
vn -0.999900 -0.016000 -0.004200
vn -0.999900 -0.015800 -0.004300
vn 0.111200 0.012800 -0.993700
vn -0.616900 0.726700 0.302200
vn -0.639300 0.753100 0.155600
vn -0.639300 0.753200 0.154800
vn -0.930700 0.365800 -0.003400
vn -0.999900 -0.014300 -0.004700
vn -0.999900 -0.014100 -0.004800
vn -0.848400 0.435500 0.300800
vn -0.879000 0.451200 0.154000
vn -0.879100 0.451300 0.153300
vn -0.291700 0.907000 0.303700
vn -0.302300 0.940100 0.157300
vn -0.302400 0.940300 0.156400
vn -0.763000 0.605300 -0.226900
vn -0.698200 0.553900 -0.453500
vn -0.763200 0.605500 -0.225600
vn -0.473500 0.851500 -0.225300
vn -0.433400 0.779500 -0.452300
vn -0.473600 0.851800 -0.223900
vn -0.111600 0.968300 -0.223600
vn -0.102200 0.886600 -0.451000
vn -0.111700 0.968600 -0.222300
vn 0.267500 0.937600 -0.222100
vn 0.245000 0.858800 -0.450000
vn 0.267600 0.937800 -0.221100
vn 0.606100 0.764100 -0.220900
vn 0.555200 0.699900 -0.449300
vn 0.606200 0.764200 -0.220400
vn 0.852500 0.474000 -0.220400
vn 0.780900 0.434200 -0.449000
vn 0.887500 0.102300 -0.449300
vn 0.968900 0.111700 -0.220900
vn 0.969000 0.111700 -0.220400
vn 0.858800 -0.245000 -0.450000
vn 0.937600 -0.267500 -0.222100
vn 0.937800 -0.267600 -0.221100
vn 0.699200 -0.554700 -0.451000
vn 0.763600 -0.605700 -0.223600
vn 0.763800 -0.605900 -0.222300
vn 0.433400 -0.779500 -0.452300
vn 0.473500 -0.851500 -0.225300
vn 0.473600 -0.851800 -0.223900
vn 0.102100 -0.885400 -0.453500
vn 0.111500 -0.967500 -0.226900
vn 0.111600 -0.967800 -0.225600
vn -0.244400 -0.856500 -0.454600
vn -0.267100 -0.936300 -0.228100
vn -0.267200 -0.936500 -0.227100
vn -0.553300 -0.697500 -0.455300
vn -0.605000 -0.762700 -0.228800
vn -0.605100 -0.762800 -0.228200
vn -0.778000 -0.432600 -0.455600
vn -0.850800 -0.473100 -0.228800
vn -0.967100 -0.111500 -0.228800
vn -0.884500 -0.102000 -0.455300
vn -0.967200 -0.111500 -0.228200
vn -0.936300 0.267100 -0.228100
vn -0.856500 0.244400 -0.454600
vn -0.936500 0.267200 -0.227100
vn -0.852800 0.243300 0.462200
vn -0.934100 0.266500 0.237700
vn -0.934300 0.266600 0.236700
vn -0.881300 -0.101600 0.461500
vn -0.965200 -0.111300 0.236600
vn -0.965300 -0.111300 0.236100
vn -0.849300 -0.472200 0.236000
vn -0.775500 -0.431200 0.461200
vn -0.603800 -0.761200 0.236600
vn -0.551300 -0.695000 0.461500
vn -0.603900 -0.761300 0.236100
vn -0.266500 -0.934100 0.237700
vn -0.243300 -0.852800 0.462200
vn -0.266600 -0.934300 0.236700
vn 0.111200 -0.964600 0.239200
vn 0.101500 -0.880400 0.463200
vn 0.111200 -0.964900 0.238000
vn 0.471700 -0.848200 0.240900
vn 0.430400 -0.774000 0.464500
vn 0.430400 -0.774000 0.464400
vn 0.471800 -0.848500 0.239500
vn 0.760100 -0.602900 0.242400
vn 0.693300 -0.550000 0.465700
vn 0.760300 -0.603100 0.241200
vn 0.932600 -0.266100 0.243600
vn 0.850500 -0.242600 0.466700
vn 0.932900 -0.266200 0.242700
vn 0.963300 0.111100 0.244300
vn 0.878200 0.101200 0.467400
vn 0.963400 0.111100 0.243800
vn 0.772500 0.429600 0.467600
vn 0.847500 0.471200 0.244400
vn 0.549400 0.692600 0.467400
vn 0.602600 0.759700 0.244300
vn 0.602700 0.759800 0.243800
vn 0.242600 0.850500 0.466700
vn 0.266100 0.932600 0.243700
vn 0.266200 0.932900 0.242700
vn -0.101300 0.879100 0.465700
vn -0.111100 0.963800 0.242400
vn -0.111100 0.964100 0.241200
vn -0.430400 0.774000 0.464500
vn -0.471700 0.848200 0.240900
vn -0.471800 0.848500 0.239500
vn -0.694300 0.550800 0.463200
vn -0.760700 0.603400 0.239200
vn -0.760900 0.603600 0.238000
vn 0.099100 0.055100 0.993500
vn 0.694600 0.719300 0.004600
vn 0.693500 0.720500 0.005100
vn 0.693300 0.720700 0.005200
vn -0.017000 0.999900 0.002300
vn -0.017800 0.999800 0.002500
vn -0.018000 0.999800 0.002600
vn 0.695800 0.718200 0.004800
vn 0.694800 0.719200 0.004600
vn -0.016900 0.999900 0.002300
vn 0.112700 0.013000 0.993500
vn -0.821600 -0.570000 -0.004800
vn -0.820600 -0.571400 -0.005300
vn -0.821700 -0.569800 -0.004800
vn 0.211600 -0.977400 -0.001400
vn 0.212100 -0.977200 -0.001600
vn 0.211500 -0.977400 -0.001400
vn -0.822600 -0.568600 -0.005000
vn 0.109000 -0.031100 0.993600
vn 0.999800 0.017400 0.004300
vn 0.999800 0.018900 0.004700
vn 0.999800 0.019200 0.004800
vn 0.999900 0.015900 0.004400
vn 0.999800 0.017200 0.004200
vn 0.088700 -0.070400 0.993600
vn 0.930300 -0.366800 0.003100
vn 0.930700 -0.365700 0.003400
vn 0.930800 -0.365600 0.003500
vn 0.929900 -0.367800 0.003200
vn 0.930300 -0.366900 0.003000
vn 0.055000 -0.098900 0.993600
vn -0.984000 0.178100 -0.003700
vn -0.984200 0.176800 -0.004200
vn -0.984000 0.178300 -0.003700
vn -0.983800 0.179400 -0.003900
vn 0.012900 -0.112300 0.993600
vn 0.718900 -0.695100 0.001400
vn 0.719300 -0.694700 0.001600
vn 0.718600 -0.695400 0.001400
vn -0.977900 -0.208900 -0.005100
vn -0.978000 -0.208600 -0.005100
vn -0.031000 -0.108600 0.993600
vn -0.840800 0.541300 -0.002300
vn -0.841200 0.540600 -0.002500
vn -0.840700 0.541400 -0.002300
vn 0.918400 0.395600 0.005300
vn -0.840400 0.542000 -0.002400
vn -0.543600 -0.839300 -0.004700
vn -0.543800 -0.839200 -0.004800
vn -0.070200 -0.088500 0.993600
vn 0.397900 -0.917400 -0.000500
vn 0.397700 -0.917500 -0.000500
vn 0.369200 0.929400 0.004100
vn 0.367900 0.929900 0.003900
vn 0.398000 -0.917400 -0.000500
vn 0.697100 0.717000 0.005100
vn 0.695900 0.718200 0.004800
vn -0.098700 -0.054900 0.993600
vn -0.569400 0.822100 -0.000500
vn -0.569500 0.822000 -0.000500
vn -0.569300 0.822100 -0.000500
vn -0.823600 -0.567200 -0.005300
vn -0.823700 -0.567000 -0.005300
vn -0.569200 0.822200 -0.000500
vn 0.999900 0.014300 0.004700
vn -0.112200 -0.012900 0.993600
vn 0.016200 -0.999900 -0.002300
vn 0.015400 -0.999900 -0.002500
vn 0.015200 -0.999900 -0.002600
vn 0.929500 -0.368800 0.003400
vn -0.111600 -0.012900 -0.993700
vn -0.111700 -0.012900 -0.993700
vn 0.017000 -0.999900 -0.002400
vn 0.016300 -0.999900 -0.002300
vn -0.983500 0.180700 -0.004100
vn -0.983500 0.180900 -0.004100
vn -0.211100 0.977500 0.001400
vn -0.210600 0.977600 0.001600
vn -0.211200 0.977500 0.001400
vn 0.718200 -0.695800 0.001500
vn 0.718600 -0.695400 0.001500
vn -0.098200 -0.054600 -0.993700
vn -0.211600 0.977400 0.001400
vn -0.211600 0.977400 0.001500
vn -0.839900 0.542700 -0.002500
vn -0.839800 0.542800 -0.002500
vn -0.368000 -0.929800 -0.003700
vn -0.369200 -0.929300 -0.004200
vn -0.369400 -0.929300 -0.004200
vn 0.398200 -0.917300 -0.000500
vn -0.069900 -0.088100 -0.993700
vn -0.366700 -0.930300 -0.003900
vn -0.367800 -0.929900 -0.003700
vn -0.569100 0.822300 -0.000500
vn -0.569000 0.822300 -0.000500
vn 0.179400 0.983800 0.003100
vn 0.180400 0.983600 0.003400
vn 0.179200 0.983800 0.003000
vn 0.017800 -0.999800 -0.002500
vn -0.030800 -0.108000 -0.993700
vn 0.178300 0.984000 0.003200
vn -0.212100 0.977200 0.001500
vn -0.212200 0.977200 0.001600
vn -0.695900 -0.718100 -0.004600
vn -0.697100 -0.717000 -0.005200
vn -0.697300 -0.716800 -0.005200
vn -0.365400 -0.930800 -0.004100
vn 0.012900 -0.111500 -0.993700
vn -0.694700 -0.719300 -0.004800
vn -0.695700 -0.718300 -0.004600
vn 0.177200 0.984200 0.003400
vn 0.177000 0.984200 0.003400
vn 0.542400 0.840100 0.004300
vn 0.543600 0.839300 0.004700
vn 0.542200 0.840300 0.004200
vn -0.693500 -0.720500 -0.005100
vn 0.054500 -0.098000 -0.993700
vn 0.541100 0.840900 0.004400
vn 0.541100 0.841000 0.004400
vn 0.539800 0.841800 0.004700
vn 0.539500 0.841900 0.004700
vn -0.917800 -0.397100 -0.004800
vn -0.918400 -0.395600 -0.005400
vn -0.918500 -0.395300 -0.005400
vn -0.917100 -0.398700 -0.005000
vn -0.916400 -0.400300 -0.005300
vn 0.087800 -0.069600 -0.993700
vn -0.917700 -0.397400 -0.004800
vn 0.821700 0.569900 0.005000
vn 0.820700 0.571400 0.005300
vn 0.820500 0.571600 0.005300
vn 0.822600 0.568500 0.004800
vn 0.823600 0.567100 0.005400
vn 0.822500 0.568800 0.004800
vn -0.999800 -0.018900 -0.004700
vn 0.107700 -0.030700 -0.993700
vn 0.821600 0.570000 0.005000
vn 0.976900 0.213800 0.005100
vn 0.976800 0.214000 0.005100
vn -0.177000 -0.984200 -0.003400
vn -0.539500 -0.842000 -0.004800
vn 0.839800 -0.542800 0.002600
vn -0.976800 -0.214100 -0.005200
vn -0.015200 0.999900 0.002500
vn 0.983500 -0.181000 0.004200
vn 0.978000 0.208600 0.005200
vn -0.930800 0.365600 -0.003400
vn -0.820500 -0.571700 -0.005400
vn 0.212200 -0.977200 -0.001600
vn -0.984300 0.176600 -0.004200
vn -0.841300 0.540500 -0.002600
vn 0.918500 0.395300 0.005400
vn 0.369400 0.929300 0.004200
vn 0.697300 0.716800 0.005200
vn 0.999900 0.014100 0.004700
vn 0.929400 -0.369000 0.003400
vn -0.210500 0.977600 0.001600
vn 0.718200 -0.695900 0.001600
vn -0.098300 -0.054600 -0.993700
vn 0.180600 0.983500 0.003500
vn 0.018000 -0.999800 -0.002500
vn -0.365200 -0.930900 -0.004100
vn 0.543800 0.839200 0.004800
vn -0.693300 -0.720700 -0.005100
vn -0.916200 -0.400600 -0.005300
vn 0.823800 0.566900 0.005400
vn -0.999800 -0.019100 -0.004700
usemtl SpacialRoverExploreralumWhite
f 133/1/14 135/2/14 61/3/14
f 50/4/1 146/5/1 148/6/1
f 59/7/1 60/8/1 143/9/1
f 58/10/15 61/11/16 53/12/16
f 54/13/17 221/14/18 220/15/17
f 56/16/18 62/17/19 221/14/18
f 62/17/20 53/12/16 61/11/16
f 181/18/21 59/19/22 57/20/21
f 65/21/22 60/22/23 59/19/22
f 64/23/24 58/10/15 60/22/24
f 50/24/25 176/25/26 52/26/25
f 168/27/27 177/28/28 170/29/28
f 52/26/14 225/30/14 174/31/14
f 51/32/29 167/33/30 49/34/29
f 49/35/1 224/36/1 171/37/1
f 174/38/30 169/39/31 167/33/30
f 175/40/32 168/27/27 169/39/32
f 177/28/28 172/41/33 170/29/28
f 178/42/34 171/37/26 172/41/34
f 149/43/1 53/44/1 55/45/1
f 55/45/1 56/46/1 149/43/1
f 54/13/1 149/43/1 56/46/1
f 58/47/1 149/43/1 145/48/1
f 143/9/1 57/49/1 59/7/1
f 143/9/1 60/8/1 58/47/1
f 61/3/14 139/50/14 62/51/14
f 62/51/14 139/50/14 221/52/14
f 218/53/14 63/54/14 64/55/14
f 65/56/14 181/57/14 218/53/14
f 64/55/14 65/56/14 218/53/14
f 139/50/14 220/15/14 221/52/14
f 171/37/1 224/36/1 172/58/1
f 172/58/1 224/36/1 170/59/1
f 170/59/1 224/36/1 168/60/1
f 169/61/1 224/36/1 167/62/1
f 168/60/1 224/36/1 169/61/1
f 174/31/14 225/30/14 175/63/14
f 177/64/14 225/30/14 178/65/14
f 178/65/14 225/30/14 176/25/14
f 175/63/14 225/30/14 173/66/14
f 173/66/14 225/30/14 177/64/14
f 49/67/37 154/68/38 51/69/37
f 50/4/1 153/70/1 49/71/1
f 153/70/38 220/15/17 154/68/38
f 57/72/21 52/26/39 181/73/21
f 52/74/14 136/75/14 134/76/14
f 154/68/14 52/74/14 51/77/14
f 244/78/14 246/79/14 238/80/14
f 227/81/1 257/82/1 259/83/1
f 236/84/1 237/85/1 254/86/1
f 235/87/15 238/88/16 230/89/16
f 231/90/17 284/91/18 283/92/17
f 233/93/18 239/94/19 284/91/18
f 239/94/20 230/89/16 238/88/16
f 280/95/21 236/96/22 234/97/21
f 242/98/22 237/99/23 236/96/22
f 241/100/24 235/87/15 237/99/24
f 227/101/25 275/102/26 229/103/25
f 267/104/27 276/105/28 269/106/28
f 229/103/14 288/107/14 273/108/14
f 228/109/29 266/110/30 226/111/29
f 226/112/1 287/113/1 270/114/1
f 273/115/30 268/116/31 266/110/30
f 274/117/32 267/104/27 268/116/32
f 276/105/28 271/118/33 269/106/28
f 277/119/34 270/114/26 271/118/34
f 260/120/1 230/121/1 232/122/1
f 232/122/1 233/123/1 260/120/1
f 231/90/1 260/120/1 233/123/1
f 235/124/1 260/120/1 256/125/1
f 254/86/1 234/126/1 236/84/1
f 254/86/1 237/85/1 235/124/1
f 238/80/14 250/127/14 239/128/14
f 239/128/14 250/127/14 284/129/14
f 281/130/14 240/131/14 241/132/14
f 242/133/14 280/134/14 281/130/14
f 241/132/14 242/133/14 281/130/14
f 250/127/14 283/92/14 284/129/14
f 270/114/1 287/113/1 271/135/1
f 271/135/1 287/113/1 269/136/1
f 269/136/1 287/113/1 267/137/1
f 268/138/1 287/113/1 266/139/1
f 267/137/1 287/113/1 268/138/1
f 273/108/14 288/107/14 274/140/14
f 276/141/14 288/107/14 277/142/14
f 277/142/14 288/107/14 275/102/14
f 274/140/14 288/107/14 272/143/14
f 272/143/14 288/107/14 276/141/14
f 226/144/37 265/145/38 228/146/37
f 227/81/1 264/147/1 226/148/1
f 264/147/38 283/92/17 265/145/38
f 234/149/21 229/103/39 280/150/21
f 229/151/14 247/152/14 245/153/14
f 265/145/14 229/151/14 228/154/14
f 299/155/40 312/156/41 298/157/41
f 292/158/42 307/159/43 306/160/44
f 292/158/42 293/161/45 307/159/43
f 299/155/40 300/162/46 313/163/47
f 293/161/45 308/164/48 307/159/43
f 300/162/46 314/165/49 313/163/47
f 293/161/45 309/166/50 308/164/48
f 300/162/46 301/167/51 314/165/49
f 301/167/51 315/168/52 314/165/49
f 295/169/53 309/166/50 294/170/54
f 301/167/51 302/171/55 315/168/52
f 289/172/27 305/173/56 304/174/27
f 295/169/53 296/175/57 310/176/58
f 289/172/27 290/177/59 305/173/56
f 302/171/55 316/178/60 315/168/52
f 296/175/57 311/179/61 310/176/58
f 296/175/57 297/180/62 311/179/61
f 291/181/63 305/173/56 290/177/59
f 289/172/27 316/182/60 303/183/64
f 298/157/41 311/179/61 297/180/62
f 291/181/63 292/158/42 306/160/44
f 305/184/14 309/185/14 313/186/14
f 299/187/1 295/188/1 291/189/1
f 61/3/14 63/54/14 218/53/14
f 61/3/14 218/53/14 133/1/14
f 135/2/14 139/50/14 61/3/14
f 150/190/1 149/43/1 54/13/1
f 57/49/1 143/9/1 140/191/1
f 57/49/1 140/191/1 141/192/1
f 151/193/1 150/190/1 54/13/1
f 151/193/1 54/13/1 153/70/1
f 50/4/1 57/49/1 141/192/1
f 50/4/1 141/192/1 142/194/1
f 151/193/1 153/70/1 50/4/1
f 152/195/1 151/193/1 50/4/1
f 50/4/1 142/194/1 147/196/1
f 50/4/1 147/196/1 146/5/1
f 148/6/1 152/195/1 50/4/1
f 58/10/15 63/197/15 61/11/16
f 54/13/17 56/16/18 221/14/18
f 56/16/18 55/198/19 62/17/19
f 62/17/20 55/198/20 53/12/16
f 181/18/21 65/21/22 59/19/22
f 65/21/22 64/23/23 60/22/23
f 64/23/24 63/197/15 58/10/15
f 50/24/25 171/37/26 176/25/26
f 168/27/27 173/199/27 177/28/28
f 174/31/14 51/200/14 52/26/14
f 52/26/14 176/25/14 225/30/14
f 51/32/29 174/38/30 167/33/30
f 171/37/1 50/24/1 49/35/1
f 49/35/1 167/62/1 224/36/1
f 174/38/30 175/40/31 169/39/31
f 175/40/32 173/199/27 168/27/27
f 177/28/28 178/42/33 172/41/33
f 178/42/34 176/25/26 171/37/26
f 144/201/1 143/9/1 58/47/1
f 58/47/1 53/44/1 149/43/1
f 145/48/1 144/201/1 58/47/1
f 49/67/37 153/70/38 154/68/38
f 153/70/38 54/13/17 220/15/17
f 57/72/21 50/24/39 52/26/39
f 180/202/14 218/53/14 181/57/14
f 220/15/14 139/50/14 137/203/14
f 220/15/14 137/203/14 223/204/14
f 222/205/14 180/202/14 181/57/14
f 132/206/14 222/205/14 181/57/14
f 154/68/14 220/15/14 223/204/14
f 154/68/14 223/204/14 138/207/14
f 132/206/14 181/57/14 52/74/14
f 179/208/14 132/206/14 52/74/14
f 52/74/14 154/68/14 138/207/14
f 52/74/14 138/207/14 219/209/14
f 134/76/14 179/208/14 52/74/14
f 52/74/14 219/209/14 136/75/14
f 238/80/14 240/131/14 281/130/14
f 238/80/14 281/130/14 244/78/14
f 246/79/14 250/127/14 238/80/14
f 261/210/1 260/120/1 231/90/1
f 234/126/1 254/86/1 251/211/1
f 234/126/1 251/211/1 252/212/1
f 262/213/1 261/210/1 231/90/1
f 262/213/1 231/90/1 264/147/1
f 227/81/1 234/126/1 252/212/1
f 227/81/1 252/212/1 253/214/1
f 262/213/1 264/147/1 227/81/1
f 263/215/65 262/213/1 227/81/1
f 227/81/1 253/214/1 258/216/1
f 227/81/1 258/216/1 257/82/1
f 259/83/1 263/215/65 227/81/1
f 235/87/15 240/217/15 238/88/16
f 231/90/17 233/93/18 284/91/18
f 233/93/18 232/218/19 239/94/19
f 239/94/20 232/218/20 230/89/16
f 280/95/21 242/98/22 236/96/22
f 242/98/22 241/100/23 237/99/23
f 241/100/24 240/217/15 235/87/15
f 227/101/25 270/114/26 275/102/26
f 267/104/27 272/219/27 276/105/28
f 273/108/14 228/220/14 229/103/14
f 229/103/14 275/102/14 288/107/14
f 228/109/29 273/115/30 266/110/30
f 270/114/1 227/101/1 226/112/1
f 226/112/1 266/139/1 287/113/1
f 273/115/30 274/117/31 268/116/31
f 274/117/32 272/219/27 267/104/27
f 276/105/28 277/119/33 271/118/33
f 277/119/34 275/102/26 270/114/26
f 255/221/1 254/86/1 235/124/1
f 235/124/1 230/121/1 260/120/1
f 256/125/1 255/221/1 235/124/1
f 226/144/37 264/147/38 265/145/38
f 264/147/38 231/90/17 283/92/17
f 234/149/21 227/101/39 229/103/39
f 279/222/14 281/130/14 280/134/14
f 283/92/14 250/127/14 248/223/14
f 283/92/14 248/223/14 286/224/14
f 285/225/14 279/222/14 280/134/14
f 243/226/14 285/225/14 280/134/14
f 265/145/14 283/92/14 286/224/14
f 265/145/14 286/224/14 249/227/14
f 243/226/14 280/134/14 229/151/14
f 278/228/14 243/226/14 229/151/14
f 229/151/14 265/145/14 249/227/14
f 229/151/14 249/227/14 282/229/14
f 245/153/14 278/228/14 229/151/14
f 229/151/14 282/229/14 247/152/14
f 299/155/40 313/163/47 312/156/41
f 293/161/45 294/170/54 309/166/50
f 295/169/53 310/176/58 309/166/50
f 302/171/55 303/230/64 316/178/60
f 291/181/63 306/160/44 305/173/56
f 289/172/27 304/174/27 316/182/60
f 298/157/41 312/156/41 311/179/61
f 316/231/14 304/232/14 305/184/14
f 305/184/14 306/233/14 307/234/14
f 307/234/14 308/235/14 309/185/14
f 309/185/14 310/236/14 311/237/14
f 311/237/14 312/238/14 313/186/14
f 313/186/14 314/239/14 315/240/14
f 315/240/14 316/231/14 305/184/14
f 305/184/14 307/234/14 309/185/14
f 309/185/14 311/237/14 313/186/14
f 313/186/14 315/240/14 305/184/14
f 290/241/1 289/242/1 303/243/1
f 303/243/1 302/244/1 301/245/1
f 301/245/1 300/246/1 299/187/1
f 299/187/1 298/247/1 297/248/1
f 297/248/1 296/249/1 295/188/1
f 295/188/1 294/250/1 293/251/1
f 293/251/1 292/252/1 291/189/1
f 291/189/1 290/241/1 303/243/1
f 303/243/1 301/245/1 299/187/1
f 299/187/1 297/248/1 295/188/1
f 295/188/1 293/251/1 291/189/1
f 291/189/1 303/243/1 299/187/1
usemtl SpacialRoverExploreralumGray
f 2/253/5 3/254/5 1/255/5
f 4/256/2 5/257/2 3/254/2
f 6/258/3 7/259/3 5/257/3
f 8/260/8 9/261/8 7/259/8
f 10/262/9 11/263/9 9/261/9
f 12/264/12 13/265/12 11/263/12
f 14/266/13 15/267/13 13/265/13
f 16/268/10 17/269/10 15/267/10
f 18/270/11 19/271/11 17/269/11
f 20/272/6 21/273/6 19/271/6
f 22/274/7 23/275/7 21/273/7
f 24/276/4 1/255/4 23/277/4
f 7/278/14 15/279/14 23/277/14
f 2/253/5 4/256/5 3/254/5
f 4/256/2 6/258/2 5/257/2
f 6/258/3 8/260/3 7/259/3
f 8/260/8 10/262/8 9/261/8
f 10/262/9 12/264/9 11/263/9
f 12/264/12 14/266/12 13/265/12
f 14/266/13 16/268/13 15/267/13
f 16/268/10 18/270/10 17/269/10
f 18/270/11 20/272/11 19/271/11
f 20/272/6 22/274/6 21/273/6
f 22/274/7 24/280/7 23/275/7
f 24/276/4 2/253/4 1/255/4
f 23/277/14 1/255/14 3/281/14
f 3/281/14 5/282/14 7/278/14
f 7/278/14 9/283/14 11/284/14
f 11/284/14 13/285/14 15/279/14
f 15/279/14 17/286/14 19/287/14
f 19/287/14 21/288/14 15/279/14
f 21/288/14 23/277/14 15/279/14
f 23/277/14 3/281/14 7/278/14
f 7/278/14 11/284/14 15/279/14
f 34/289/66 164/290/67 163/291/68
f 26/292/69 161/293/70 155/294/71
f 27/295/72 158/296/73 161/293/74
f 29/297/75 159/298/76 164/290/67
f 30/299/77 156/300/78 159/298/79
f 162/301/80 33/302/81 157/303/82
f 157/303/83 31/304/84 165/305/85
f 160/306/86 36/307/87 166/308/88
f 166/308/89 34/289/66 163/291/68
f 28/309/90 155/294/71 156/300/78
f 35/310/91 165/305/85 31/304/84
f 32/311/92 158/296/73 25/312/93
f 34/289/66 29/297/75 164/290/67
f 26/292/69 27/295/94 161/293/70
f 27/295/72 25/312/93 158/296/73
f 29/297/75 30/299/95 159/298/76
f 30/299/77 28/309/90 156/300/78
f 162/301/96 32/311/92 33/302/97
f 157/303/83 33/302/98 31/304/84
f 160/306/99 35/313/91 36/307/100
f 166/308/89 36/307/101 34/289/66
f 28/309/90 26/292/69 155/294/71
f 35/310/91 160/314/99 165/305/85
f 32/311/92 162/301/96 158/296/73
f 373/315/35 341/316/35 372/317/114
f 341/316/35 373/315/35 374/318/115
f 341/316/35 340/319/114 372/317/114
f 374/318/115 342/320/115 341/316/35
f 340/319/114 371/321/48 372/317/114
f 374/318/115 375/322/116 342/320/115
f 340/319/114 339/323/48 371/321/48
f 375/322/116 343/324/116 342/320/115
f 375/322/116 376/325/117 343/324/116
f 376/325/117 344/326/117 343/324/116
f 339/323/48 370/327/118 371/321/48
f 370/327/118 339/323/48 338/328/118
f 376/325/117 377/329/36 344/326/117
f 377/329/36 345/330/36 344/326/117
f 370/327/118 338/328/118 369/331/54
f 338/328/118 337/332/54 369/331/54
f 337/332/54 368/333/119 369/331/54
f 377/329/36 378/334/59 345/330/36
f 337/332/54 336/335/119 368/333/119
f 378/334/59 346/336/59 345/330/36
f 378/334/59 379/337/120 346/336/59
f 368/333/119 336/335/119 367/338/121
f 336/335/119 335/339/121 367/338/121
f 346/336/59 379/337/120 347/340/120
f 335/339/121 366/341/122 367/338/121
f 347/340/120 379/337/120 348/342/27
f 335/339/121 334/343/122 366/341/122
f 348/342/27 379/337/120 380/344/27
f 334/343/122 365/345/123 366/341/122
f 365/345/123 334/343/122 333/346/123
f 348/342/27 380/344/27 349/347/124
f 349/347/124 317/348/124 348/342/27
f 349/347/124 350/349/64 317/348/124
f 365/345/123 333/346/123 364/350/125
f 364/350/125 333/346/123 332/351/125
f 317/348/124 350/349/64 318/352/64
f 318/352/64 350/349/64 351/353/126
f 318/352/64 351/353/126 319/354/126
f 364/350/125 332/351/125 363/355/62
f 332/356/125 331/357/62 363/358/62
f 331/357/62 362/359/127 363/358/62
f 319/354/126 351/353/126 352/360/128
f 331/357/62 330/361/127 362/359/127
f 319/354/126 352/360/128 320/362/128
f 362/359/127 330/361/127 361/363/41
f 320/362/128 352/360/128 353/364/129
f 320/362/128 353/364/129 321/365/129
f 361/363/41 330/361/127 329/366/41
f 321/365/129 353/364/129 354/367/130
f 361/363/41 329/366/41 360/368/131
f 321/365/129 354/367/130 322/369/130
f 360/368/131 329/366/41 328/370/131
f 322/369/130 354/367/130 355/371/132
f 360/368/131 328/370/131 359/372/40
f 322/369/130 355/371/132 323/373/132
f 359/372/40 328/370/131 327/374/40
f 323/373/132 355/371/132 356/375/133
f 359/372/40 327/374/40 358/376/134
f 358/376/134 327/374/40 326/377/134
f 323/373/132 356/375/133 324/378/133
f 358/376/134 326/377/134 357/379/135
f 324/378/133 356/375/133 357/379/135
f 357/379/135 326/377/134 325/380/135
f 324/378/133 357/379/135 325/380/135
f 809/381/102 832/382/103 833/383/102
f 815/384/104 840/385/105 816/386/105
f 806/387/106 819/388/107 830/389/106
f 812/390/108 837/391/109 813/392/109
f 809/381/102 834/393/110 810/394/110
f 805/395/107 840/385/105 819/388/107
f 806/396/106 831/397/111 807/398/111
f 813/392/109 838/399/112 814/400/112
f 811/401/113 834/393/110 835/402/113
f 807/403/111 832/382/103 808/404/103
f 814/400/112 839/405/104 815/384/104
f 811/401/113 836/406/108 812/390/108
f 479/407/136 457/408/137 480/409/136
f 475/410/138 478/411/139 476/412/138
f 471/413/140 474/414/141 472/415/140
f 475/416/142 935/417/143 473/418/142
f 467/419/144 470/420/145 468/421/144
f 463/422/146 466/423/147 464/424/146
f 459/425/148 462/426/149 460/427/148
f 501/428/41 504/429/150 502/430/150
f 497/431/151 500/432/152 498/433/152
f 493/434/153 496/435/154 494/436/154
f 490/437/155 491/438/36 492/439/155
f 485/440/156 488/441/157 486/442/157
f 481/443/158 483/444/159 484/445/158
f 799/446/160 492/447/155 802/448/160
f 783/449/161 500/450/152 786/451/161
f 477/452/162 924/453/163 927/454/163
f 931/455/164 500/450/164 499/456/164
f 471/457/165 943/458/166 469/459/165
f 463/460/167 917/461/168 461/462/167
f 468/463/169 798/464/170 803/465/170
f 474/466/171 787/467/172 476/468/173
f 920/469/164 486/470/164 771/471/164
f 907/472/174 757/473/174 758/474/175
f 906/475/174 758/474/175 759/476/175
f 913/477/176 485/440/177 920/478/176
f 908/479/178 483/444/179 482/480/179
f 457/481/180 763/482/181 460/483/180
f 759/476/182 761/484/183 764/485/184
f 913/477/185 488/486/185 487/487/185
f 914/488/185 768/489/185 913/490/185
f 919/491/164 771/471/164 772/492/164
f 921/493/186 501/428/187 926/494/186
f 915/495/188 919/496/189 918/497/188
f 771/471/190 488/486/157 768/489/190
f 464/498/191 770/499/192 765/500/192
f 766/501/193 772/492/194 767/502/194
f 926/503/54 502/504/54 779/505/54
f 927/506/54 777/507/54 778/508/54
f 924/509/129 774/510/129 923/511/129
f 922/512/129 776/513/129 921/514/129
f 928/515/195 922/516/196 925/517/196
f 779/505/197 504/518/150 776/513/197
f 478/519/198 773/520/199 480/521/198
f 777/507/200 775/522/201 774/510/200
f 929/523/202 933/524/203 936/525/202
f 781/526/204 785/527/205 788/528/204
f 932/529/164 786/451/164 931/530/164
f 931/455/206 497/431/207 934/531/206
f 937/532/208 493/434/209 942/533/208
f 933/534/185 783/449/185 784/535/185
f 942/536/210 494/537/210 795/538/210
f 941/539/210 795/538/210 796/540/211
f 937/532/174 496/541/175 495/542/175
f 938/543/174 792/544/175 937/545/174
f 939/546/212 941/547/213 944/548/214
f 795/538/215 496/541/154 792/544/215
f 472/549/216 794/550/217 789/551/217
f 790/552/218 796/540/219 791/553/219
f 948/554/129 490/555/129 799/446/129
f 947/556/129 799/446/129 800/557/129
f 797/558/220 801/559/221 804/560/220
f 948/561/222 491/438/223 489/562/223
f 467/563/224 945/564/225 465/565/224
f 946/566/226 952/567/227 947/568/227
f 616/569/228 458/570/137 479/407/136
f 615/571/228 593/572/135 616/573/228
f 614/574/229 479/407/136 477/575/139
f 613/576/229 616/573/228 614/577/229
f 612/578/230 477/575/139 475/410/138
f 603/579/156 622/580/156 604/581/156
f 610/582/231 475/410/138 473/583/141
f 609/584/231 612/585/230 610/586/231
f 608/587/232 473/583/141 471/413/140
f 607/588/232 610/586/231 608/589/232
f 606/590/233 471/413/140 469/591/145
f 605/592/233 608/589/232 606/593/233
f 604/594/234 469/591/145 467/419/144
f 597/595/1 617/596/1 595/597/1
f 465/598/147 604/594/234 467/419/144
f 602/599/235 603/600/234 604/601/234
f 600/602/124 465/598/147 463/422/146
f 600/603/124 601/604/236 602/599/235
f 598/605/237 463/422/146 461/606/149
f 597/607/237 600/603/124 598/608/237
f 596/609/238 461/606/149 459/425/148
f 614/610/239 627/611/239 613/612/239
f 593/613/135 459/614/148 458/570/137
f 594/615/135 596/616/238 593/613/135
f 625/617/174 628/618/174 626/619/174
f 621/620/185 624/621/185 622/622/185
f 617/596/129 620/623/129 618/624/240
f 614/610/14 626/625/14 628/626/14
f 598/627/36 619/628/36 597/629/36
f 611/630/1 627/631/1 625/617/1
f 606/632/14 622/580/14 624/633/14
f 611/630/153 626/625/153 612/634/153
f 606/632/151 623/635/151 605/636/151
f 605/636/1 621/620/1 603/637/1
f 595/597/41 618/638/41 596/639/41
f 596/639/14 620/640/14 598/627/14
f 905/641/174 759/476/175 760/642/174
f 915/495/185 767/502/185 914/643/185
f 916/644/185 766/501/185 915/645/185
f 918/646/164 772/492/164 769/647/164
f 917/648/164 769/647/164 770/649/164
f 923/650/129 775/522/129 922/516/129
f 928/651/54 780/652/54 777/507/54
f 925/653/54 779/505/54 780/652/54
f 936/654/185 784/535/185 781/526/185
f 935/655/185 781/526/185 782/656/185
f 929/523/164 785/527/164 932/657/164
f 930/658/164 788/528/164 929/659/164
f 939/546/174 791/553/174 938/660/174
f 940/661/175 790/552/174 939/662/174
f 944/663/210 796/540/211 793/664/210
f 943/665/211 793/664/210 794/550/211
f 946/666/129 800/557/129 797/558/129
f 945/667/129 797/558/129 798/464/129
f 759/476/182 763/482/181 760/642/181
f 762/668/241 758/474/183 757/473/241
f 766/501/193 770/649/192 769/647/193
f 768/489/190 772/492/194 771/471/190
f 774/510/200 778/508/199 777/507/200
f 776/513/197 780/652/201 779/505/197
f 788/528/204 782/656/172 781/526/204
f 786/451/161 784/535/205 783/449/161
f 790/552/218 794/550/217 793/664/218
f 795/538/215 791/553/219 796/540/219
f 804/560/220 798/464/170 797/558/220
f 802/448/160 800/557/221 799/446/160
f 757/473/241 484/669/158 762/668/241
f 816/670/228 594/615/135 615/671/228
f 815/672/242 615/671/228 613/673/229
f 814/674/123 613/673/229 611/675/230
f 813/676/231 611/675/230 609/677/231
f 812/678/232 609/677/231 607/679/232
f 811/680/35 607/679/232 605/681/233
f 810/682/243 605/681/233 603/683/234
f 601/684/236 810/682/243 603/683/234
f 808/685/124 601/684/236 599/686/124
f 807/398/244 599/686/124 597/687/237
f 806/396/245 597/687/237 595/688/238
f 805/689/135 595/690/238 594/615/135
f 325/691/14 843/692/14 872/693/14
f 339/694/14 871/695/14 338/696/14
f 324/697/14 872/693/14 870/698/14
f 338/696/14 869/699/14 337/700/14
f 323/701/14 870/698/14 868/702/14
f 337/700/14 867/703/14 336/704/14
f 322/705/14 868/702/14 866/706/14
f 335/707/14 867/703/14 865/708/14
f 348/709/14 853/710/14 864/711/14
f 321/712/14 866/706/14 863/713/14
f 335/707/14 862/714/14 334/715/14
f 347/716/14 864/711/14 861/717/14
f 320/718/14 863/713/14 860/719/14
f 334/715/14 859/720/14 333/721/14
f 347/716/14 858/722/14 346/723/14
f 319/724/14 860/719/14 857/725/14
f 333/721/14 856/726/14 332/727/14
f 346/723/14 855/728/14 345/729/14
f 318/730/14 857/725/14 854/731/14
f 332/727/14 852/732/14 331/733/14
f 345/729/14 851/734/14 344/735/14
f 318/730/14 853/710/14 317/736/14
f 330/737/14 852/732/14 850/738/14
f 344/735/14 849/739/14 343/740/14
f 329/741/14 850/738/14 848/742/14
f 343/740/14 847/743/14 342/744/14
f 328/745/14 848/742/14 846/746/14
f 342/744/14 845/747/14 341/748/14
f 327/749/14 846/746/14 844/750/14
f 341/748/14 842/751/14 340/752/14
f 326/753/14 844/750/14 843/692/14
f 340/752/14 841/754/14 339/694/14
f 350/755/1 904/756/1 873/757/1
f 351/758/1 873/757/1 874/759/1
f 351/758/1 875/760/1 352/761/1
f 352/761/1 876/762/1 353/763/1
f 353/763/1 877/764/1 354/765/1
f 354/765/1 878/766/1 355/767/1
f 355/767/1 879/768/1 356/769/1
f 356/769/1 880/770/1 357/771/1
f 357/771/1 881/772/1 358/773/1
f 358/773/1 882/774/1 359/775/1
f 359/775/1 883/776/1 360/777/1
f 360/777/1 884/778/1 361/779/1
f 361/779/1 885/780/1 362/781/1
f 362/781/1 886/782/1 363/783/1
f 363/783/1 887/784/1 364/785/1
f 364/785/1 888/786/1 365/787/1
f 365/787/1 889/788/1 366/789/1
f 366/789/1 890/790/1 367/791/1
f 367/791/1 891/792/1 368/793/1
f 369/794/1 891/792/1 892/795/1
f 370/796/1 892/795/1 893/797/1
f 371/798/1 893/797/1 894/799/1
f 372/800/1 894/799/1 895/801/1
f 373/802/1 895/801/1 896/803/1
f 374/804/1 896/803/1 897/805/1
f 375/806/1 897/805/1 898/807/1
f 376/808/1 898/807/1 899/809/1
f 377/810/1 899/809/1 900/811/1
f 378/812/1 900/811/1 901/813/1
f 379/814/1 901/813/1 902/815/1
f 380/816/1 902/815/1 903/817/1
f 349/818/1 903/817/1 904/756/1
f 905/641/174 457/481/174 458/819/174
f 460/483/210 910/820/210 459/821/210
f 464/822/185 916/823/185 463/460/185
f 462/824/164 917/825/164 770/649/164
f 908/826/175 481/827/175 757/473/174
f 480/521/129 924/453/129 479/828/129
f 478/519/54 927/829/54 778/508/54
f 476/468/164 930/830/164 475/416/164
f 474/466/185 935/831/185 782/656/185
f 472/549/175 940/832/175 471/457/175
f 470/833/211 943/834/211 794/550/211
f 466/835/129 945/836/129 798/464/129
f 468/463/54 950/837/54 467/563/54
f 908/838/178 912/839/246 911/840/178
f 918/841/188 916/644/168 915/645/188
f 920/842/176 914/488/189 913/490/176
f 928/843/195 924/509/163 923/511/195
f 926/844/186 922/512/196 921/514/186
f 929/659/202 935/845/143 930/658/143
f 934/846/206 932/529/203 931/530/206
f 944/847/214 940/661/166 939/662/212
f 937/545/208 941/848/213 938/543/213
f 949/849/226 945/850/225 950/851/225
f 951/852/222 947/853/227 952/854/227
f 459/821/247 905/855/248 458/856/247
f 921/493/129 504/518/129 503/857/129
f 910/858/210 764/485/211 909/859/210
f 909/860/210 761/484/210 912/861/210
f 912/839/210 762/668/210 911/840/210
f 911/862/210 484/669/211 483/444/211
f 934/863/185 498/864/185 783/449/185
f 910/858/248 906/865/249 905/866/248
f 907/867/246 909/860/250 912/861/246
f 950/851/54 804/560/54 949/849/54
f 949/868/54 801/559/54 952/567/54
f 952/854/54 802/448/54 951/852/54
f 951/869/54 492/447/54 491/438/54
f 809/381/102 808/404/103 832/382/103
f 815/384/104 839/405/104 840/385/105
f 806/387/106 805/395/107 819/388/107
f 812/390/108 836/406/108 837/391/109
f 809/381/102 833/383/102 834/393/110
f 805/395/107 816/386/105 840/385/105
f 806/396/106 830/870/106 831/397/111
f 813/392/109 837/391/109 838/399/112
f 811/401/113 810/394/110 834/393/110
f 807/403/111 831/871/111 832/382/103
f 814/400/112 838/399/112 839/405/104
f 811/401/113 835/402/113 836/406/108
f 479/407/136 458/570/137 457/408/137
f 475/410/138 477/575/139 478/411/139
f 471/413/140 473/583/141 474/414/141
f 475/416/142 930/830/143 935/417/143
f 467/419/144 469/591/145 470/420/145
f 463/422/146 465/598/147 466/423/147
f 459/425/148 461/606/149 462/426/149
f 501/428/41 503/857/41 504/429/150
f 497/431/151 499/456/151 500/432/152
f 493/434/153 495/542/153 496/435/154
f 490/437/155 489/562/36 491/438/36
f 485/440/156 487/487/156 488/441/157
f 481/443/158 482/480/159 483/444/159
f 799/446/160 490/555/155 492/447/155
f 783/449/161 498/864/152 500/450/152
f 477/452/162 479/828/162 924/453/163
f 931/455/164 786/451/164 500/450/164
f 471/457/165 940/832/166 943/458/166
f 463/460/167 916/823/168 917/461/168
f 468/463/169 466/835/169 798/464/170
f 474/466/171 782/656/172 787/467/172
f 920/469/164 485/872/164 486/470/164
f 907/472/174 908/873/175 757/473/174
f 906/475/174 907/874/174 758/474/175
f 913/477/176 487/487/177 485/440/177
f 908/479/178 911/862/178 483/444/179
f 457/481/180 760/642/181 763/482/181
f 759/476/182 758/474/183 761/484/183
f 913/477/185 768/489/185 488/486/185
f 914/488/185 767/502/185 768/489/185
f 919/491/164 920/875/164 771/471/164
f 921/493/186 503/857/187 501/428/187
f 915/495/188 914/643/189 919/496/189
f 771/471/190 486/470/157 488/486/157
f 464/498/191 462/876/251 770/499/192
f 766/501/193 769/647/193 772/492/194
f 926/503/54 501/877/54 502/504/54
f 927/506/54 928/878/54 777/507/54
f 924/509/129 773/520/129 774/510/129
f 922/512/129 775/522/129 776/513/129
f 928/515/195 923/650/195 922/516/196
f 779/505/197 502/504/150 504/518/150
f 478/519/198 778/508/199 773/520/199
f 777/507/200 780/652/201 775/522/201
f 929/523/202 932/657/203 933/524/203
f 781/526/204 784/535/205 785/527/205
f 932/529/164 785/527/164 786/451/164
f 931/455/206 499/456/207 497/431/207
f 937/532/208 495/542/209 493/434/209
f 933/534/185 934/879/185 783/449/185
f 942/536/210 493/880/210 494/537/210
f 941/539/210 942/881/210 795/538/210
f 937/532/174 792/544/175 496/541/175
f 938/543/174 791/553/174 792/544/175
f 939/546/212 938/660/213 941/547/213
f 795/538/215 494/537/154 496/541/154
f 472/549/216 470/833/216 794/550/217
f 790/552/218 793/664/218 796/540/219
f 948/554/129 489/882/129 490/555/129
f 947/556/129 948/883/129 799/446/129
f 797/558/220 800/557/221 801/559/221
f 948/561/222 951/869/222 491/438/223
f 467/563/224 950/837/225 945/564/225
f 946/566/226 949/868/226 952/567/227
f 616/569/228 593/613/135 458/570/137
f 615/571/228 594/884/135 593/572/135
f 614/574/229 616/569/228 479/407/136
f 613/576/229 615/571/228 616/573/228
f 612/578/230 614/574/229 477/575/139
f 603/579/156 621/885/156 622/580/156
f 610/582/231 612/578/230 475/410/138
f 609/584/231 611/886/230 612/585/230
f 608/587/232 610/582/231 473/583/141
f 607/588/232 609/584/231 610/586/231
f 606/590/233 608/587/232 471/413/140
f 605/592/233 607/588/232 608/589/232
f 604/594/234 606/590/233 469/591/145
f 597/595/1 619/887/1 617/596/1
f 465/598/147 602/888/235 604/594/234
f 602/599/235 601/604/236 603/600/234
f 600/602/124 602/888/235 465/598/147
f 600/603/124 599/889/124 601/604/236
f 598/605/237 600/602/124 463/422/146
f 597/607/237 599/889/124 600/603/124
f 596/609/238 598/605/237 461/606/149
f 614/610/239 628/626/159 627/611/239
f 593/613/135 596/616/238 459/614/148
f 594/615/135 595/690/238 596/616/238
f 625/617/174 627/631/174 628/618/174
f 621/620/185 623/635/185 624/621/185
f 617/596/129 619/887/129 620/623/129
f 614/610/14 612/634/14 626/625/14
f 598/627/36 620/640/36 619/628/36
f 611/630/1 613/890/1 627/631/1
f 606/632/14 604/581/14 622/580/14
f 611/630/153 625/617/153 626/625/153
f 606/632/151 624/633/151 623/635/151
f 605/636/1 623/635/1 621/620/1
f 595/597/41 617/596/41 618/638/41
f 596/639/14 618/638/14 620/640/14
f 905/641/174 906/891/174 759/476/175
f 915/495/185 766/501/185 767/502/185
f 916/644/185 765/892/185 766/501/185
f 918/646/164 919/893/164 772/492/164
f 917/648/164 918/894/164 769/647/164
f 923/650/129 774/510/129 775/522/129
f 928/651/54 925/895/54 780/652/54
f 925/653/54 926/896/54 779/505/54
f 936/654/185 933/897/185 784/535/185
f 935/655/185 936/898/185 781/526/185
f 929/523/164 788/528/164 785/527/164
f 930/658/164 787/467/164 788/528/164
f 939/546/174 790/552/174 791/553/174
f 940/661/175 789/551/175 790/552/174
f 944/663/210 941/899/210 796/540/211
f 943/665/211 944/900/210 793/664/210
f 946/666/129 947/901/129 800/557/129
f 945/667/129 946/902/129 797/558/129
f 759/476/182 764/485/184 763/482/181
f 762/668/241 761/484/183 758/474/183
f 766/501/193 765/892/192 770/649/192
f 768/489/190 767/502/194 772/492/194
f 774/510/200 773/520/199 778/508/199
f 776/513/197 775/522/201 780/652/201
f 788/528/204 787/467/172 782/656/172
f 786/451/161 785/527/205 784/535/205
f 790/552/218 789/551/217 794/550/217
f 795/538/215 792/544/215 791/553/219
f 804/560/220 803/465/170 798/464/170
f 802/448/160 801/559/221 800/557/221
f 757/473/241 481/827/158 484/669/158
f 816/670/228 805/689/135 594/615/135
f 815/672/242 816/670/228 615/671/228
f 814/674/123 815/672/242 613/673/229
f 813/676/231 814/674/123 611/675/230
f 812/678/232 813/676/231 609/677/231
f 811/680/35 812/678/232 607/679/232
f 810/682/243 811/680/35 605/681/233
f 601/684/236 809/903/235 810/682/243
f 808/685/124 809/903/235 601/684/236
f 807/398/244 808/685/124 599/686/124
f 806/396/245 807/398/244 597/687/237
f 805/689/135 806/904/245 595/690/238
f 325/691/14 326/753/14 843/692/14
f 339/694/14 841/754/14 871/695/14
f 324/697/14 325/691/14 872/693/14
f 338/696/14 871/695/14 869/699/14
f 323/701/14 324/697/14 870/698/14
f 337/700/14 869/699/14 867/703/14
f 322/705/14 323/701/14 868/702/14
f 335/707/14 336/704/14 867/703/14
f 348/709/14 317/736/14 853/710/14
f 321/712/14 322/705/14 866/706/14
f 335/707/14 865/708/14 862/714/14
f 347/716/14 348/709/14 864/711/14
f 320/718/14 321/712/14 863/713/14
f 334/715/14 862/714/14 859/720/14
f 347/716/14 861/717/14 858/722/14
f 319/724/14 320/718/14 860/719/14
f 333/721/14 859/720/14 856/726/14
f 346/723/14 858/722/14 855/728/14
f 318/730/14 319/724/14 857/725/14
f 332/727/14 856/726/14 852/732/14
f 345/729/14 855/728/14 851/734/14
f 318/730/14 854/731/14 853/710/14
f 330/737/14 331/733/14 852/732/14
f 344/735/14 851/734/14 849/739/14
f 329/741/14 330/737/14 850/738/14
f 343/740/14 849/739/14 847/743/14
f 328/745/14 329/741/14 848/742/14
f 342/744/14 847/743/14 845/747/14
f 327/749/14 328/745/14 846/746/14
f 341/748/14 845/747/14 842/751/14
f 326/753/14 327/749/14 844/750/14
f 340/752/14 842/751/14 841/754/14
f 350/755/1 349/818/1 904/756/1
f 351/758/1 350/755/1 873/757/1
f 351/758/1 874/759/1 875/760/1
f 352/761/1 875/760/1 876/762/1
f 353/763/1 876/762/1 877/764/1
f 354/765/1 877/764/1 878/766/1
f 355/767/1 878/766/1 879/768/1
f 356/769/1 879/768/1 880/770/1
f 357/771/1 880/770/1 881/772/1
f 358/773/1 881/772/1 882/774/1
f 359/775/1 882/774/1 883/776/1
f 360/777/1 883/776/1 884/778/1
f 361/779/1 884/778/1 885/780/1
f 362/781/1 885/780/1 886/782/1
f 363/783/1 886/782/1 887/784/1
f 364/785/1 887/784/1 888/786/1
f 365/787/1 888/786/1 889/788/1
f 366/789/1 889/788/1 890/790/1
f 367/791/1 890/790/1 891/792/1
f 369/794/1 368/793/1 891/792/1
f 370/796/1 369/794/1 892/795/1
f 371/798/1 370/796/1 893/797/1
f 372/800/1 371/798/1 894/799/1
f 373/802/1 372/800/1 895/801/1
f 374/804/1 373/802/1 896/803/1
f 375/806/1 374/804/1 897/805/1
f 376/808/1 375/806/1 898/807/1
f 377/810/1 376/808/1 899/809/1
f 378/812/1 377/810/1 900/811/1
f 379/814/1 378/812/1 901/813/1
f 380/816/1 379/814/1 902/815/1
f 349/818/1 380/816/1 903/817/1
f 905/641/174 760/642/174 457/481/174
f 460/483/210 763/482/211 910/820/210
f 464/822/185 765/892/185 916/823/185
f 462/824/164 461/905/164 917/825/164
f 908/826/175 482/906/175 481/827/175
f 480/521/129 773/520/129 924/453/129
f 478/519/54 477/907/54 927/829/54
f 476/468/164 787/467/164 930/830/164
f 474/466/185 473/908/185 935/831/185
f 472/549/175 789/551/175 940/832/175
f 470/833/211 469/909/211 943/834/211
f 466/835/129 465/910/129 945/836/129
f 468/463/54 803/465/54 950/837/54
f 908/838/178 907/911/246 912/839/246
f 918/841/188 917/912/168 916/644/168
f 920/842/176 919/913/189 914/488/189
f 928/843/195 927/914/163 924/509/163
f 926/844/186 925/915/196 922/512/196
f 929/659/202 936/916/202 935/845/143
f 934/846/206 933/917/203 932/529/203
f 944/847/214 943/918/166 940/661/166
f 937/545/208 942/919/208 941/848/213
f 949/849/226 946/920/226 945/850/225
f 951/852/222 948/921/222 947/853/227
f 459/821/247 910/820/248 905/855/248
f 921/493/129 776/513/129 504/518/129
f 910/858/210 763/482/211 764/485/211
f 909/860/210 764/485/211 761/484/210
f 912/839/210 761/484/210 762/668/210
f 911/862/210 762/668/210 484/669/211
f 934/863/185 497/922/185 498/864/185
f 910/858/248 909/859/250 906/865/249
f 907/867/246 906/923/249 909/860/250
f 950/851/54 803/465/54 804/560/54
f 949/868/54 804/560/54 801/559/54
f 952/854/54 801/559/54 802/448/54
f 951/869/54 802/448/54 492/447/54
usemtl SpacialRoverExploreralumBlack
f 162/924/252 186/925/253 158/926/254
f 166/927/255 194/928/256 160/929/257
f 159/930/258 197/931/259 184/932/260
f 165/933/261 194/934/256 190/935/262
f 187/936/263 201/937/264 183/938/263
f 189/939/265 202/940/266 188/941/267
f 190/942/268 200/943/269 189/939/269
f 196/944/270 183/938/271 182/945/272
f 185/946/273 205/947/274 199/948/275
f 184/949/276 191/950/277 203/951/276
f 194/952/278 198/953/279 190/942/280
f 199/948/281 193/954/282 195/955/282
f 185/946/273 203/951/283 204/956/284
f 197/957/285 182/945/272 191/950/277
f 188/941/267 201/937/264 186/958/286
f 195/955/287 192/959/288 194/960/278
f 157/961/289 188/962/290 162/924/252
f 157/961/289 190/935/262 189/963/291
f 161/964/292 196/965/293 155/966/294
f 159/930/258 185/967/295 164/968/296
f 163/969/297 185/967/295 199/970/298
f 166/927/255 199/970/298 195/971/299
f 155/966/294 197/931/259 156/972/300
f 161/964/292 186/925/253 187/973/301
f 162/924/252 188/962/290 186/925/253
f 166/927/255 195/971/299 194/928/256
f 159/930/258 156/972/300 197/931/259
f 165/933/261 160/974/257 194/934/256
f 187/936/263 186/958/286 201/937/264
f 189/939/265 200/943/265 202/940/266
f 190/942/280 198/953/279 200/943/269
f 196/944/270 187/936/271 183/938/271
f 185/946/273 204/956/284 205/947/274
f 184/949/276 197/957/285 191/950/277
f 194/952/278 192/975/288 198/953/279
f 199/948/275 205/947/274 193/954/282
f 185/946/273 184/949/283 203/951/283
f 197/957/285 196/944/270 182/945/272
f 188/941/267 202/940/266 201/937/264
f 195/955/287 193/954/287 192/959/288
f 157/961/289 189/963/291 188/962/290
f 157/961/289 165/933/261 190/935/262
f 161/964/292 187/973/301 196/965/293
f 159/930/258 184/932/260 185/967/295
f 163/969/297 164/968/296 185/967/295
f 166/927/255 163/969/297 199/970/298
f 155/966/294 196/965/293 197/931/259
f 161/964/292 158/926/254 186/925/253
usemtl SpacialRoverExploreralumGrayDeep
f 216/976/59 44/977/117 46/978/117
f 46/979/14 47/980/14 97/981/14
f 47/982/118 38/983/119 40/984/119
f 47/980/14 92/985/14 91/986/14
f 37/987/1 117/988/1 131/989/1
f 44/990/1 212/991/1 102/992/1
f 38/993/119 42/994/121 40/995/119
f 39/996/62 41/997/127 42/994/62
f 47/982/118 45/998/48 43/999/118
f 48/1000/116 44/977/117 45/998/116
f 210/1001/130 213/1002/128 215/1003/128
f 41/1004/14 209/1005/14 84/1006/14
f 42/1007/14 88/1008/14 40/1009/14
f 42/1007/14 87/1010/14 89/1011/14
f 210/1001/130 208/1012/132 206/1013/130
f 211/1014/40 207/1015/131 208/1012/40
f 216/976/59 214/1016/120 212/1017/59
f 217/1018/126 213/1002/128 214/1016/126
f 207/1015/131 41/997/127 37/1019/127
f 38/1020/1 119/1021/1 121/1022/1
f 38/1020/1 117/988/1 39/1023/1
f 120/1024/1 43/1025/1 45/1026/1
f 44/990/1 122/1027/1 123/1028/1
f 214/1029/1 130/1030/1 129/1031/1
f 214/1029/1 126/1032/1 212/991/1
f 208/1033/1 108/1034/1 110/1035/1
f 216/1036/14 75/1037/14 74/1038/14
f 216/1036/14 71/1039/14 217/1040/14
f 71/1039/14 215/1041/14 217/1040/14
f 95/1042/14 211/1043/14 210/1044/14
f 215/1041/14 67/1045/14 66/1046/302
f 94/1047/14 211/1043/14 95/1042/14
f 216/976/59 212/1017/59 44/977/117
f 98/1048/14 80/1049/14 46/979/14
f 46/979/14 48/1050/14 47/980/14
f 47/980/14 96/1051/14 97/981/14
f 97/981/14 98/1048/14 46/979/14
f 47/982/118 43/999/118 38/983/119
f 90/1052/14 96/1051/14 47/980/14
f 47/980/14 40/1009/14 88/1008/14
f 47/980/14 88/1008/14 92/985/14
f 91/986/14 90/1052/14 47/980/14
f 128/1053/1 127/1054/1 37/987/1
f 37/987/1 39/1023/1 117/988/1
f 131/989/1 128/1053/1 37/987/1
f 100/1055/1 99/1056/1 44/990/1
f 212/991/1 126/1032/1 125/1057/1
f 212/991/1 125/1057/1 124/1058/1
f 103/1059/1 100/1055/1 44/990/1
f 101/1060/1 103/1059/1 44/990/1
f 212/991/1 124/1058/1 102/992/1
f 102/992/1 101/1060/1 44/990/1
f 38/993/119 39/996/121 42/994/121
f 39/996/62 37/1019/127 41/997/127
f 47/982/118 48/1000/48 45/998/48
f 48/1000/116 46/978/117 44/977/117
f 210/1001/130 206/1013/130 213/1002/128
f 85/1061/14 87/1010/14 41/1004/14
f 209/1005/14 94/1047/14 93/1062/14
f 209/1005/14 93/1062/14 86/1063/14
f 83/1064/14 85/1061/14 41/1004/14
f 82/1065/14 83/1064/14 41/1004/14
f 209/1005/14 86/1063/14 84/1006/14
f 84/1006/14 82/1065/14 41/1004/14
f 89/1011/14 88/1008/14 42/1007/14
f 42/1007/14 41/1004/14 87/1010/14
f 210/1001/130 211/1014/132 208/1012/132
f 211/1014/40 209/1066/131 207/1015/131
f 216/976/59 217/1018/120 214/1016/120
f 217/1018/126 215/1003/128 213/1002/128
f 207/1015/131 209/1066/131 41/997/127
f 118/1067/1 117/988/1 38/1020/1
f 38/1020/1 43/1025/1 120/1024/1
f 38/1020/1 120/1024/1 119/1021/1
f 121/1022/1 118/1067/1 38/1020/1
f 120/1024/1 45/1026/1 44/990/1
f 44/990/1 99/1056/1 122/1027/1
f 123/1028/1 120/1024/1 44/990/1
f 129/1031/1 126/1032/1 214/1029/1
f 214/1029/1 213/1068/1 130/1030/1
f 115/1069/1 130/1030/1 213/1068/1
f 213/1068/1 206/1070/1 208/1033/1
f 208/1033/1 207/1071/1 37/987/1
f 37/987/1 127/1054/1 109/1072/1
f 37/987/1 109/1072/1 107/1073/1
f 115/1069/1 213/1068/1 208/1033/1
f 114/1074/1 115/1069/1 208/1033/1
f 37/987/1 107/1073/1 105/1075/1
f 37/987/1 105/1075/1 104/1076/1
f 116/1077/1 114/1074/1 208/1033/1
f 112/1078/1 116/1077/1 208/1033/1
f 208/1033/1 37/987/1 104/1076/1
f 208/1033/1 104/1076/1 106/1079/1
f 113/1080/1 112/1078/1 208/1033/1
f 111/1081/1 113/1080/1 208/1033/1
f 208/1033/1 106/1079/1 108/1034/1
f 110/1035/1 111/1081/1 208/1033/1
f 70/1082/14 71/1039/14 216/1036/14
f 46/979/14 80/1049/14 77/1083/14
f 46/979/14 77/1083/14 72/1084/14
f 81/1085/14 70/1082/14 216/1036/14
f 73/1086/14 81/1085/14 216/1036/14
f 46/979/14 72/1084/14 78/1087/14
f 46/979/14 78/1087/14 75/1037/14
f 79/1088/14 73/1086/14 216/1036/14
f 76/1089/14 79/1088/14 216/1036/14
f 216/1036/14 46/979/14 75/1037/14
f 74/1038/14 76/1089/14 216/1036/14
f 95/1042/14 210/1044/14 215/1041/14
f 215/1041/14 71/1039/14 69/1090/14
f 215/1041/14 69/1090/14 68/1091/14
f 66/1046/302 95/1042/14 215/1041/14
f 215/1041/14 68/1091/14 67/1045/14
f 94/1047/14 209/1005/14 211/1043/14
f 452/1092/245 523/1093/135 451/1094/135
f 480/409/136 505/1095/135 516/1096/228
f 515/1097/242 480/409/136 516/1096/228
f 476/412/138 515/1097/242 514/1098/123
f 474/414/141 514/1098/123 513/1099/231
f 472/415/140 513/1099/231 512/1100/232
f 470/420/145 512/1100/232 511/1101/35
f 468/421/144 511/1101/35 510/1102/243
f 509/1103/235 468/421/144 510/1102/243
f 508/1104/124 466/423/147 509/1103/235
f 462/426/149 508/1104/124 507/1105/244
f 460/427/148 507/1105/244 506/1106/303
f 457/408/137 506/1107/303 505/1095/135
f 445/1108/14 506/1109/14 446/1110/14
f 446/1110/14 507/1111/14 447/1112/14
f 447/1112/14 508/1113/14 448/1114/14
f 449/1115/14 508/1113/14 509/1116/14
f 449/1115/14 510/1117/14 450/1118/14
f 451/1119/14 510/1117/14 511/1120/14
f 451/1119/14 512/1121/14 452/1122/14
f 453/1123/14 512/1121/14 513/1124/14
f 453/1123/14 514/1125/14 454/1126/14
f 454/1126/14 515/1127/14 455/1128/14
f 455/1128/14 516/1129/14 456/1130/14
f 445/1108/14 516/1129/14 505/1131/14
f 520/1132/14 524/1133/14 528/1134/14
f 449/1135/304 520/1136/123 448/1137/123
f 456/1138/243 527/1139/235 455/1140/235
f 446/1141/305 517/1142/35 445/1143/35
f 453/1144/244 524/1145/303 452/1092/245
f 449/1135/304 522/1146/228 521/1147/304
f 445/1143/35 528/1148/243 456/1138/243
f 447/1149/231 518/1150/305 446/1151/305
f 454/1152/124 525/1153/244 453/1144/244
f 451/1094/135 522/1146/228 450/1154/228
f 448/1137/123 519/1155/231 447/1149/231
f 455/1140/235 526/1156/124 454/1152/124
f 818/1157/135 830/1158/245 819/1159/135
f 817/1160/245 831/397/244 830/870/245
f 820/1161/244 832/1162/124 831/397/244
f 821/1163/124 833/1164/235 832/1162/124
f 833/1164/235 823/1165/243 834/1166/243
f 823/1165/243 835/1167/35 834/1166/243
f 824/1168/35 836/1169/232 835/1167/35
f 825/1170/232 837/1171/231 836/1169/232
f 826/1172/231 838/1173/123 837/1171/231
f 827/1174/123 839/1175/242 838/1173/123
f 828/1176/1 824/1177/1 820/1161/1
f 828/1178/242 840/1179/228 839/1175/242
f 829/1180/228 819/1159/135 840/1179/228
f 452/1092/245 524/1145/303 523/1093/135
f 480/409/136 457/408/137 505/1095/135
f 515/1097/242 478/411/139 480/409/136
f 476/412/138 478/411/139 515/1097/242
f 474/414/141 476/412/138 514/1098/123
f 472/415/140 474/414/141 513/1099/231
f 470/420/145 472/415/140 512/1100/232
f 468/421/144 470/420/145 511/1101/35
f 509/1103/235 466/423/147 468/421/144
f 508/1104/124 464/424/146 466/423/147
f 462/426/149 464/424/146 508/1104/124
f 460/427/148 462/426/149 507/1105/244
f 457/408/137 460/1181/148 506/1107/303
f 445/1108/14 505/1131/14 506/1109/14
f 446/1110/14 506/1109/14 507/1111/14
f 447/1112/14 507/1111/14 508/1113/14
f 449/1115/14 448/1114/14 508/1113/14
f 449/1115/14 509/1116/14 510/1117/14
f 451/1119/14 450/1118/14 510/1117/14
f 451/1119/14 511/1120/14 512/1121/14
f 453/1123/14 452/1122/14 512/1121/14
f 453/1123/14 513/1124/14 514/1125/14
f 454/1126/14 514/1125/14 515/1127/14
f 455/1128/14 515/1127/14 516/1129/14
f 445/1108/14 456/1130/14 516/1129/14
f 528/1134/14 517/1182/14 518/1183/14
f 518/1183/14 519/1184/14 520/1132/14
f 520/1132/14 521/1185/14 522/1186/14
f 522/1186/14 523/1187/14 524/1133/14
f 524/1133/14 525/1188/14 526/1189/14
f 526/1189/14 527/1190/14 528/1134/14
f 528/1134/14 518/1183/14 520/1132/14
f 520/1132/14 522/1186/14 524/1133/14
f 524/1133/14 526/1189/14 528/1134/14
f 449/1135/304 521/1147/304 520/1136/123
f 456/1138/243 528/1148/243 527/1139/235
f 446/1141/305 518/1191/305 517/1142/35
f 453/1144/244 525/1153/244 524/1145/303
f 449/1135/304 450/1154/228 522/1146/228
f 445/1143/35 517/1142/35 528/1148/243
f 447/1149/231 519/1155/231 518/1150/305
f 454/1152/124 526/1156/124 525/1153/244
f 451/1094/135 523/1093/135 522/1146/228
f 448/1137/123 520/1136/123 519/1155/231
f 455/1140/235 527/1139/235 526/1156/124
f 818/1157/135 817/1192/245 830/1158/245
f 817/1160/245 820/1161/244 831/397/244
f 820/1161/244 821/1163/124 832/1162/124
f 821/1163/124 822/1193/235 833/1164/235
f 833/1164/235 822/1193/235 823/1165/243
f 823/1165/243 824/1168/35 835/1167/35
f 824/1168/35 825/1170/232 836/1169/232
f 825/1170/232 826/1172/231 837/1171/231
f 826/1172/231 827/1174/123 838/1173/123
f 827/1174/123 828/1178/242 839/1175/242
f 820/1161/1 817/1160/1 818/1194/1
f 818/1194/1 829/1195/1 828/1176/1
f 828/1176/1 827/1196/1 826/1197/1
f 826/1197/1 825/1198/1 824/1177/1
f 824/1177/1 823/1199/1 822/1200/1
f 822/1200/1 821/1201/1 820/1161/1
f 820/1161/1 818/1194/1 828/1176/1
f 828/1176/1 826/1197/1 824/1177/1
f 824/1177/1 822/1200/1 820/1161/1
f 828/1178/242 829/1180/228 840/1179/228
f 829/1180/228 818/1157/135 819/1159/135
usemtl SpacialRoverExplorerwheels
f 904/1202/1 412/1203/306 382/1204/307
f 903/1205/1 411/1206/308 412/1203/306
f 902/1207/1 410/1208/309 411/1206/308
f 901/1209/1 409/1210/310 410/1208/309
f 900/1211/1 408/1212/311 409/1210/310
f 899/1213/1 407/1214/311 408/1212/311
f 898/1215/1 406/1216/312 407/1214/311
f 897/1217/1 405/1218/313 406/1216/312
f 896/1219/1 404/1220/314 405/1218/313
f 895/1221/1 403/1222/314 404/1220/314
f 894/1223/1 402/1224/315 403/1222/314
f 893/1225/1 401/1226/315 402/1224/315
f 892/1227/1 400/1228/316 401/1229/315
f 890/1230/1 400/1228/316 891/1231/1
f 889/1232/1 399/1233/316 890/1230/1
f 888/1234/1 398/1235/317 889/1232/1
f 887/1236/1 397/1237/317 888/1234/1
f 886/1238/1 396/1239/318 887/1236/1
f 885/1240/1 395/1241/318 886/1238/1
f 884/1242/1 394/1243/319 885/1240/1
f 883/1244/1 393/1245/320 884/1242/1
f 882/1246/1 392/1247/321 883/1244/1
f 881/1248/1 391/1249/321 882/1246/1
f 880/1250/1 390/1251/322 881/1248/1
f 879/1252/1 389/1253/323 880/1250/1
f 878/1254/1 388/1255/324 879/1252/1
f 877/1256/1 387/1257/325 878/1254/1
f 876/1258/1 386/1259/326 877/1256/1
f 875/1260/1 385/1261/326 876/1262/1
f 875/1260/1 383/1263/327 384/1264/327
f 874/1265/1 381/1266/307 383/1263/327
f 873/1267/1 382/1204/307 381/1266/307
f 842/1268/14 435/1269/328 841/1270/14
f 843/1271/14 423/1272/329 422/1273/330
f 845/1274/14 436/1275/328 842/1268/14
f 844/1276/14 424/1277/331 423/1272/329
f 847/1278/14 437/1279/332 845/1274/14
f 846/1280/14 425/1281/333 424/1277/331
f 849/1282/14 438/1283/334 847/1278/14
f 848/1284/14 426/1285/333 425/1281/333
f 851/1286/14 439/1287/335 849/1282/14
f 850/1288/14 427/1289/336 426/1285/333
f 854/1290/14 413/1291/337 853/1292/14
f 855/1293/14 440/1294/338 851/1286/14
f 852/1295/14 428/1296/336 427/1289/336
f 857/1297/14 414/1298/339 854/1290/14
f 858/1299/14 441/1300/340 855/1293/14
f 859/1301/14 428/1296/336 856/1302/14
f 860/1303/14 415/1304/341 857/1297/14
f 861/1305/14 442/1306/342 858/1299/14
f 862/1307/14 429/1308/343 859/1301/14
f 863/1309/14 416/1310/341 860/1303/14
f 864/1311/14 443/1312/344 861/1305/14
f 865/1313/14 430/1314/345 862/1307/14
f 863/1315/14 418/1316/346 417/1317/346
f 853/1292/14 444/1318/344 864/1311/14
f 867/1319/14 431/1320/347 865/1313/14
f 866/1321/14 419/1322/348 418/1316/346
f 869/1323/14 432/1324/347 867/1319/14
f 868/1325/14 420/1326/348 419/1322/348
f 871/1327/14 433/1328/349 869/1329/14
f 870/1330/14 421/1331/330 420/1326/348
f 841/1270/14 434/1332/350 871/1327/14
f 872/1333/14 422/1273/330 421/1331/330
f 530/1334/351 439/1287/352 532/1335/353
f 534/1336/354 443/1312/355 536/1337/356
f 536/1337/357 728/1338/358 535/1339/359
f 540/1340/360 441/1300/361 538/1341/362
f 587/1342/363 630/1343/364 754/1344/365
f 535/1339/359 629/1345/366 411/1206/367
f 402/1224/315 639/1346/368 640/1347/369
f 586/1348/370 753/1349/371 721/1350/372
f 443/1312/344 691/1351/373 692/1352/373
f 554/1353/374 433/1354/375 548/1355/376
f 550/1356/377 435/1269/378 544/1357/379
f 546/1358/380 437/1279/381 542/1359/382
f 534/1336/383 727/1360/384 695/1361/383
f 585/1362/371 658/1363/385 753/1349/371
f 428/1296/386 556/1364/387 562/1365/388
f 430/1314/389 552/1366/390 558/1367/391
f 533/1368/392 632/1369/393 727/1360/384
f 404/1220/314 637/1370/394 638/1371/394
f 424/1277/395 564/1372/396 570/1373/397
f 426/1285/398 560/1374/399 566/1375/400
f 584/1376/401 752/1377/402 583/1378/403
f 441/1300/340 689/1379/404 690/1380/404
f 532/1335/405 726/1381/406 531/1382/407
f 583/1378/403 657/1383/408 383/1263/408
f 416/1310/409 580/1384/410 586/1348/411
f 418/1316/412 576/1385/413 582/1386/414
f 420/1326/415 572/1387/416 578/1388/417
f 422/1273/418 568/1389/419 574/1390/420
f 588/1391/421 413/1291/422 590/1392/423
f 531/1382/407 633/1393/424 407/1214/425
f 592/1394/426 415/1304/427 584/1376/428
f 406/1216/312 635/1395/429 636/1396/429
f 582/1386/430 751/1397/431 719/1398/430
f 439/1287/335 687/1399/432 688/1400/432
f 381/1266/433 583/1378/434 383/1263/433
f 591/1401/435 584/1376/428 583/1378/434
f 530/1334/436 725/1402/437 693/1403/436
f 581/1404/438 656/1405/439 751/1397/431
f 412/1203/440 589/1406/441 382/1204/440
f 587/1342/442 590/1392/423 589/1406/441
f 573/1407/443 391/1249/444 390/1251/444
f 574/1390/420 567/1408/445 573/1407/443
f 577/1409/446 389/1253/447 388/1255/447
f 578/1388/417 571/1410/448 577/1409/446
f 581/1404/449 387/1257/450 386/1259/450
f 582/1386/414 575/1411/451 581/1404/449
f 585/1362/452 385/1261/453 384/1264/453
f 586/1348/411 579/1412/454 585/1362/452
f 529/1413/455 636/1396/456 725/1402/437
f 408/1212/311 633/1393/457 634/1414/457
f 580/1415/458 750/1416/459 579/1417/460
f 437/1279/332 685/1418/461 686/1419/461
f 592/1394/462 661/1420/463 414/1298/464
f 579/1417/460 655/1421/465 385/1422/466
f 590/1392/467 662/1423/468 723/1424/467
f 410/1208/309 631/1425/469 632/1369/469
f 565/1426/470 395/1241/471 394/1243/472
f 566/1375/400 559/1427/473 565/1426/470
f 569/1428/474 393/1245/475 392/1247/476
f 570/1373/397 563/1429/477 569/1428/474
f 578/1388/478 749/1430/479 717/1431/480
f 435/1269/328 683/1432/481 684/1433/481
f 588/1391/482 691/1351/483 444/1318/484
f 577/1409/485 654/1434/486 749/1430/479
f 557/1435/487 399/1233/488 398/1235/488
f 558/1367/391 551/1436/489 557/1435/487
f 561/1437/490 397/1237/491 396/1239/491
f 562/1365/388 555/1438/492 561/1437/490
f 586/1348/370 663/1439/493 416/1310/493
f 412/1203/306 629/1345/494 630/1343/495
f 576/1385/496 748/1440/497 575/1411/498
f 433/1328/349 681/1441/499 682/1442/500
f 404/1220/501 541/1443/502 405/1218/501
f 545/1444/503 542/1359/382 541/1443/502
f 402/1224/504 543/1445/505 403/1222/504
f 549/1446/506 544/1357/379 543/1445/505
f 400/1228/507 547/1447/508 401/1229/507
f 553/1448/509 548/1355/376 547/1447/508
f 584/1376/401 664/1449/510 720/1450/401
f 575/1411/498 653/1451/511 387/1257/512
f 582/1386/430 665/1452/513 418/1316/514
f 574/1390/515 747/1453/516 715/1454/515
f 431/1320/347 679/1455/517 680/1456/517
f 580/1415/458 666/1457/518 718/1458/458
f 573/1407/519 652/1459/520 747/1453/516
f 578/1388/478 667/1460/521 420/1326/522
f 572/1387/523 746/1461/524 571/1410/525
f 430/1314/345 678/1462/526 429/1308/343
f 408/1212/527 537/1463/528 409/1210/527
f 539/1464/529 538/1341/362 537/1463/528
f 576/1385/496 668/1465/530 716/1466/496
f 571/1410/525 651/1467/531 389/1253/532
f 410/1208/533 535/1339/534 411/1206/533
f 533/1368/535 536/1337/356 535/1339/534
f 406/1216/536 531/1382/537 407/1214/536
f 529/1413/538 532/1335/353 531/1382/537
f 697/1468/539 689/1379/540 695/1361/541
f 694/1469/542 687/1399/543 698/1470/544
f 699/1471/545 685/1418/546 693/1403/547
f 700/1472/548 683/1432/549 701/1473/550
f 702/1474/551 681/1441/552 703/1475/553
f 704/1476/554 679/1455/555 705/1477/554
f 678/1462/556 707/1478/557 706/1479/558
f 676/1480/559 709/1481/560 708/1482/561
f 674/1483/562 711/1484/563 710/1485/564
f 672/1486/565 713/1487/566 712/1488/567
f 670/1489/568 715/1454/569 714/1490/570
f 668/1465/571 717/1431/572 716/1466/573
f 666/1457/574 719/1398/575 718/1458/576
f 664/1449/577 721/1350/578 720/1450/578
f 723/1424/579 661/1420/580 724/1491/581
f 696/1492/582 691/1351/583 722/1493/584
f 629/1345/585 754/1344/586 630/1343/585
f 728/1338/587 722/1493/584 754/1344/586
f 659/1494/588 756/1495/589 660/1496/588
f 755/1497/590 724/1491/581 756/1495/589
f 752/1377/591 658/1363/592 657/1383/592
f 720/1450/578 753/1349/591 752/1377/591
f 750/1416/593 656/1405/594 655/1421/594
f 718/1458/576 751/1397/595 750/1416/593
f 748/1440/596 654/1434/597 653/1451/597
f 716/1466/573 749/1430/598 748/1440/596
f 746/1461/599 652/1459/600 651/1467/600
f 714/1490/570 747/1453/601 746/1461/599
f 744/1498/602 650/1499/603 649/1500/604
f 712/1488/567 745/1501/605 744/1498/602
f 742/1502/606 648/1503/607 647/1504/607
f 710/1485/564 743/1505/608 742/1502/606
f 740/1506/609 646/1507/610 645/1508/610
f 708/1482/561 741/1509/611 740/1506/609
f 738/1510/612 644/1511/613 643/1512/613
f 706/1479/558 739/1513/614 738/1510/612
f 641/1514/615 737/1515/616 642/1516/615
f 704/1476/554 737/1515/616 736/1517/616
f 639/1346/617 735/1518/618 640/1347/617
f 734/1519/619 703/1475/553 735/1518/618
f 637/1370/620 733/1520/621 638/1371/620
f 732/1521/622 701/1473/550 733/1520/621
f 635/1395/623 725/1402/624 636/1396/623
f 731/1522/625 693/1403/547 725/1402/624
f 633/1393/626 730/1523/627 634/1414/626
f 726/1381/628 698/1470/544 730/1523/627
f 631/1425/629 727/1360/630 632/1369/629
f 729/1524/631 695/1361/541 727/1360/630
f 588/1391/482 754/1344/365 722/1493/482
f 399/1233/316 642/1516/632 400/1228/316
f 537/1463/633 631/1425/634 409/1210/635
f 589/1406/636 659/1494/637 382/1204/638
f 538/1341/639 729/1524/640 537/1463/633
f 590/1392/467 755/1497/641 589/1406/636
f 397/1237/317 644/1511/642 398/1235/317
f 539/1464/643 634/1414/644 730/1523/645
f 591/1401/646 660/1496/647 756/1495/648
f 540/1340/649 730/1523/645 698/1470/649
f 592/1394/462 756/1495/648 724/1491/462
f 395/1241/318 646/1507/650 396/1239/318
f 541/1443/651 635/1395/652 405/1218/653
f 542/1359/654 731/1522/655 541/1443/651
f 393/1245/320 648/1503/656 394/1243/319
f 543/1445/657 637/1370/658 403/1222/659
f 544/1357/660 732/1521/661 543/1445/657
f 391/1249/321 650/1499/662 392/1247/321
f 545/1444/663 638/1371/664 733/1520/665
f 546/1358/666 733/1520/665 701/1473/666
f 389/1253/323 652/1459/667 390/1251/322
f 547/1525/668 639/1346/669 401/1226/669
f 548/1526/670 734/1519/668 547/1525/668
f 530/1334/436 685/1418/671 438/1283/672
f 387/1257/325 654/1434/673 388/1255/324
f 549/1446/674 640/1347/675 735/1518/676
f 532/1335/405 688/1400/677 694/1469/405
f 550/1356/678 735/1518/676 703/1475/678
f 534/1336/383 689/1379/679 442/1306/680
f 385/1422/326 656/1405/681 386/1259/326
f 551/1436/682 641/1514/683 399/1233/683
f 536/1337/357 692/1352/684 696/1492/685
f 552/1366/686 736/1517/682 551/1436/682
f 538/1341/639 690/1380/687 697/1468/688
f 384/1264/327 657/1383/689 658/1363/689
f 553/1448/690 642/1516/691 737/1515/692
f 540/1340/649 687/1399/693 440/1294/694
f 554/1353/695 737/1515/692 705/1477/695
f 542/1359/654 686/1419/696 699/1471/654
f 381/1266/307 659/1494/697 660/1496/697
f 555/1438/698 643/1512/699 397/1237/700
f 544/1357/660 684/1433/701 700/1472/660
f 413/1291/337 661/1420/702 662/1423/703
f 556/1364/704 738/1510/705 555/1438/698
f 546/1358/666 683/1432/706 436/1275/707
f 557/1435/708 644/1511/709 739/1513/710
f 548/1526/670 682/1442/711 702/1474/712
f 416/1310/341 664/1449/713 415/1304/341
f 558/1367/714 739/1513/710 707/1478/715
f 550/1356/678 681/1441/716 434/1332/717
f 559/1427/718 645/1508/719 395/1241/720
f 552/1366/686 680/1456/721 704/1476/686
f 418/1316/346 666/1457/722 417/1317/346
f 560/1374/723 740/1506/724 559/1427/718
f 554/1353/695 679/1455/725 432/1324/726
f 561/1437/727 646/1507/728 741/1509/729
f 556/1364/704 678/1462/730 706/1479/704
f 420/1326/348 668/1465/731 419/1322/348
f 562/1365/732 741/1509/729 709/1481/732
f 558/1367/714 677/1527/733 430/1314/734
f 563/1429/735 647/1504/736 393/1245/737
f 560/1374/723 676/1480/738 708/1482/723
f 422/1273/330 670/1489/739 421/1331/330
f 564/1372/740 742/1502/741 563/1429/735
f 562/1365/732 675/1528/742 428/1296/743
f 565/1426/744 648/1503/745 743/1505/746
f 564/1372/740 674/1483/747 710/1485/740
f 424/1277/331 672/1486/748 423/1272/329
f 566/1375/749 743/1505/746 711/1484/750
f 566/1375/749 673/1529/751 426/1285/752
f 567/1408/753 649/1500/754 391/1249/755
f 568/1389/756 672/1486/757 712/1488/756
f 426/1285/333 674/1483/758 425/1281/333
f 568/1389/756 744/1498/759 567/1408/753
f 570/1373/760 671/1530/761 424/1277/762
f 569/1428/763 650/1499/764 745/1501/765
f 572/1387/523 670/1489/766 714/1490/523
f 428/1296/336 676/1480/767 427/1289/336
f 570/1373/760 745/1501/765 713/1487/768
f 574/1390/515 669/1531/769 422/1273/770
f 904/1202/1 903/1205/1 412/1203/306
f 903/1205/1 902/1207/1 411/1206/308
f 902/1207/1 901/1209/1 410/1208/309
f 901/1209/1 900/1211/1 409/1210/310
f 900/1211/1 899/1213/1 408/1212/311
f 899/1213/1 898/1215/1 407/1214/311
f 898/1215/1 897/1217/1 406/1216/312
f 897/1217/1 896/1219/1 405/1218/313
f 896/1219/1 895/1221/1 404/1220/314
f 895/1221/1 894/1223/1 403/1222/314
f 894/1223/1 893/1225/1 402/1224/315
f 893/1225/1 892/1532/1 401/1226/315
f 892/1227/1 891/1231/1 400/1228/316
f 890/1230/1 399/1233/316 400/1228/316
f 889/1232/1 398/1235/317 399/1233/316
f 888/1234/1 397/1237/317 398/1235/317
f 887/1236/1 396/1239/318 397/1237/317
f 886/1238/1 395/1241/318 396/1239/318
f 885/1240/1 394/1243/319 395/1241/318
f 884/1242/1 393/1245/320 394/1243/319
f 883/1244/1 392/1247/321 393/1245/320
f 882/1246/1 391/1249/321 392/1247/321
f 881/1248/1 390/1251/322 391/1249/321
f 880/1250/1 389/1253/323 390/1251/322
f 879/1252/1 388/1255/324 389/1253/323
f 878/1254/1 387/1257/325 388/1255/324
f 877/1256/1 386/1259/326 387/1257/325
f 876/1258/1 385/1422/326 386/1259/326
f 875/1260/1 384/1264/327 385/1261/326
f 875/1260/1 874/1265/1 383/1263/327
f 874/1265/1 873/1267/1 381/1266/307
f 873/1267/1 904/1202/1 382/1204/307
f 842/1268/14 436/1275/328 435/1269/328
f 843/1271/14 844/1276/14 423/1272/329
f 845/1274/14 437/1279/332 436/1275/328
f 844/1276/14 846/1280/14 424/1277/331
f 847/1278/14 438/1283/334 437/1279/332
f 846/1280/14 848/1284/14 425/1281/333
f 849/1282/14 439/1287/335 438/1283/334
f 848/1284/14 850/1288/14 426/1285/333
f 851/1286/14 440/1294/338 439/1287/335
f 850/1288/14 852/1295/14 427/1289/336
f 854/1290/14 414/1298/339 413/1291/337
f 855/1293/14 441/1300/340 440/1294/338
f 852/1295/14 856/1302/14 428/1296/336
f 857/1297/14 415/1304/341 414/1298/339
f 858/1299/14 442/1306/342 441/1300/340
f 859/1301/14 429/1308/343 428/1296/336
f 860/1303/14 416/1310/341 415/1304/341
f 861/1305/14 443/1312/344 442/1306/342
f 862/1307/14 430/1314/345 429/1308/343
f 863/1309/14 417/1533/346 416/1310/341
f 864/1311/14 444/1318/344 443/1312/344
f 865/1313/14 431/1320/347 430/1314/345
f 863/1315/14 866/1321/14 418/1316/346
f 853/1292/14 413/1291/337 444/1318/344
f 867/1319/14 432/1324/347 431/1320/347
f 866/1321/14 868/1325/14 419/1322/348
f 869/1323/14 433/1354/349 432/1324/347
f 868/1325/14 870/1330/14 420/1326/348
f 871/1327/14 434/1332/350 433/1328/349
f 870/1330/14 872/1333/14 421/1331/330
f 841/1270/14 435/1269/328 434/1332/350
f 872/1333/14 843/1271/14 422/1273/330
f 530/1334/351 438/1283/352 439/1287/352
f 534/1336/354 442/1306/355 443/1312/355
f 536/1337/357 696/1492/685 728/1338/358
f 540/1340/360 440/1294/361 441/1300/361
f 587/1342/363 412/1203/771 630/1343/364
f 535/1339/359 728/1338/358 629/1345/366
f 402/1224/315 401/1226/315 639/1346/368
f 586/1348/370 585/1362/371 753/1349/371
f 443/1312/344 444/1318/344 691/1351/373
f 554/1353/374 432/1324/375 433/1354/375
f 550/1356/377 434/1332/378 435/1269/378
f 546/1358/380 436/1275/381 437/1279/381
f 534/1336/383 533/1368/392 727/1360/384
f 585/1362/371 384/1264/385 658/1363/385
f 428/1296/386 429/1308/386 556/1364/387
f 430/1314/389 431/1320/389 552/1366/390
f 533/1368/392 410/1208/772 632/1369/393
f 404/1220/314 403/1222/314 637/1370/394
f 424/1277/395 425/1281/395 564/1372/396
f 426/1285/398 427/1289/398 560/1374/399
f 584/1376/401 720/1450/401 752/1377/402
f 441/1300/340 442/1306/342 689/1379/404
f 532/1335/405 694/1469/405 726/1381/406
f 583/1378/403 752/1377/402 657/1383/408
f 416/1310/409 417/1533/409 580/1384/410
f 418/1316/412 419/1322/412 576/1385/413
f 420/1326/415 421/1331/415 572/1387/416
f 422/1273/418 423/1272/418 568/1389/419
f 588/1391/421 444/1318/422 413/1291/422
f 531/1382/407 726/1381/406 633/1393/424
f 592/1394/426 414/1298/427 415/1304/427
f 406/1216/312 405/1218/313 635/1395/429
f 582/1386/430 581/1404/438 751/1397/431
f 439/1287/335 440/1294/338 687/1399/432
f 381/1266/433 591/1401/435 583/1378/434
f 591/1401/435 592/1394/426 584/1376/428
f 530/1334/436 529/1413/455 725/1402/437
f 581/1404/438 386/1259/773 656/1405/439
f 412/1203/440 587/1342/442 589/1406/441
f 587/1342/442 588/1391/421 590/1392/423
f 573/1407/443 567/1408/445 391/1249/444
f 574/1390/420 568/1389/419 567/1408/445
f 577/1409/446 571/1410/448 389/1253/447
f 578/1388/417 572/1387/416 571/1410/448
f 581/1404/449 575/1411/451 387/1257/450
f 582/1386/414 576/1385/413 575/1411/451
f 585/1362/452 579/1412/454 385/1261/453
f 586/1348/411 580/1384/410 579/1412/454
f 529/1413/455 406/1216/774 636/1396/456
f 408/1212/311 407/1214/311 633/1393/457
f 580/1415/458 718/1458/458 750/1416/459
f 437/1279/332 438/1283/334 685/1418/461
f 592/1394/462 724/1491/462 661/1420/463
f 579/1417/460 750/1416/459 655/1421/465
f 590/1392/467 413/1291/775 662/1423/468
f 410/1208/309 409/1210/310 631/1425/469
f 565/1426/470 559/1427/473 395/1241/471
f 566/1375/400 560/1374/399 559/1427/473
f 569/1428/474 563/1429/477 393/1245/475
f 570/1373/397 564/1372/396 563/1429/477
f 578/1388/478 577/1409/485 749/1430/479
f 435/1269/328 436/1275/328 683/1432/481
f 588/1391/482 722/1493/482 691/1351/483
f 577/1409/485 388/1255/776 654/1434/486
f 557/1435/487 551/1436/489 399/1233/488
f 558/1367/391 552/1366/390 551/1436/489
f 561/1437/490 555/1438/492 397/1237/491
f 562/1365/388 556/1364/387 555/1438/492
f 586/1348/370 721/1350/372 663/1439/493
f 412/1203/306 411/1206/308 629/1345/494
f 576/1385/496 716/1466/496 748/1440/497
f 433/1328/349 434/1332/350 681/1441/499
f 404/1220/501 545/1444/503 541/1443/502
f 545/1444/503 546/1358/380 542/1359/382
f 402/1224/504 549/1446/506 543/1445/505
f 549/1446/506 550/1356/377 544/1357/379
f 400/1228/507 553/1448/509 547/1447/508
f 553/1448/509 554/1353/374 548/1355/376
f 584/1376/401 415/1304/510 664/1449/510
f 575/1411/498 748/1440/497 653/1451/511
f 582/1386/430 719/1398/430 665/1452/513
f 574/1390/515 573/1407/519 747/1453/516
f 431/1320/347 432/1324/347 679/1455/517
f 580/1415/458 417/1317/518 666/1457/518
f 573/1407/519 390/1251/777 652/1459/520
f 578/1388/478 717/1431/480 667/1460/521
f 572/1387/523 714/1490/523 746/1461/524
f 430/1314/345 677/1527/526 678/1462/526
f 408/1212/527 539/1464/529 537/1463/528
f 539/1464/529 540/1340/360 538/1341/362
f 576/1385/496 419/1322/778 668/1465/530
f 571/1410/525 746/1461/524 651/1467/531
f 410/1208/533 533/1368/535 535/1339/534
f 533/1368/535 534/1336/354 536/1337/356
f 406/1216/536 529/1413/538 531/1382/537
f 529/1413/538 530/1334/351 532/1335/353
f 697/1468/539 690/1380/540 689/1379/540
f 694/1469/542 688/1400/543 687/1399/543
f 699/1471/545 686/1419/546 685/1418/546
f 700/1472/548 684/1433/549 683/1432/549
f 702/1474/551 682/1442/552 681/1441/552
f 704/1476/554 680/1456/555 679/1455/555
f 678/1462/556 677/1527/556 707/1478/557
f 676/1480/559 675/1528/559 709/1481/560
f 674/1483/562 673/1529/562 711/1484/563
f 672/1486/565 671/1530/565 713/1487/566
f 670/1489/568 669/1531/568 715/1454/569
f 668/1465/571 667/1460/571 717/1431/572
f 666/1457/574 665/1452/574 719/1398/575
f 664/1449/577 663/1439/577 721/1350/578
f 723/1424/579 662/1423/580 661/1420/580
f 696/1492/582 692/1352/583 691/1351/583
f 629/1345/585 728/1338/587 754/1344/586
f 728/1338/587 696/1492/582 722/1493/584
f 659/1494/588 755/1497/590 756/1495/589
f 755/1497/590 723/1424/579 724/1491/581
f 752/1377/591 753/1349/591 658/1363/592
f 720/1450/578 721/1350/578 753/1349/591
f 750/1416/593 751/1397/595 656/1405/594
f 718/1458/576 719/1398/575 751/1397/595
f 748/1440/596 749/1430/598 654/1434/597
f 716/1466/573 717/1431/572 749/1430/598
f 746/1461/599 747/1453/601 652/1459/600
f 714/1490/570 715/1454/569 747/1453/601
f 744/1498/602 745/1501/605 650/1499/603
f 712/1488/567 713/1487/566 745/1501/605
f 742/1502/606 743/1505/608 648/1503/607
f 710/1485/564 711/1484/563 743/1505/608
f 740/1506/609 741/1509/611 646/1507/610
f 708/1482/561 709/1481/560 741/1509/611
f 738/1510/612 739/1513/614 644/1511/613
f 706/1479/558 707/1478/557 739/1513/614
f 641/1514/615 736/1517/616 737/1515/616
f 704/1476/554 705/1477/554 737/1515/616
f 639/1346/617 734/1519/619 735/1518/618
f 734/1519/619 702/1474/551 703/1475/553
f 637/1370/620 732/1521/622 733/1520/621
f 732/1521/622 700/1472/548 701/1473/550
f 635/1395/623 731/1522/625 725/1402/624
f 731/1522/625 699/1471/545 693/1403/547
f 633/1393/626 726/1381/628 730/1523/627
f 726/1381/628 694/1469/542 698/1470/544
f 631/1425/629 729/1524/631 727/1360/630
f 729/1524/631 697/1468/539 695/1361/541
f 588/1391/482 587/1342/363 754/1344/365
f 399/1233/316 641/1514/632 642/1516/632
f 537/1463/633 729/1524/640 631/1425/634
f 589/1406/636 755/1497/641 659/1494/637
f 538/1341/639 697/1468/688 729/1524/640
f 590/1392/467 723/1424/467 755/1497/641
f 397/1237/317 643/1512/642 644/1511/642
f 539/1464/643 408/1212/779 634/1414/644
f 591/1401/646 381/1266/780 660/1496/647
f 540/1340/649 539/1464/643 730/1523/645
f 592/1394/462 591/1401/646 756/1495/648
f 395/1241/318 645/1508/650 646/1507/650
f 541/1443/651 731/1522/655 635/1395/652
f 542/1359/654 699/1471/654 731/1522/655
f 393/1245/320 647/1504/656 648/1503/656
f 543/1445/657 732/1521/661 637/1370/658
f 544/1357/660 700/1472/660 732/1521/661
f 391/1249/321 649/1500/662 650/1499/662
f 545/1444/663 404/1220/781 638/1371/664
f 546/1358/666 545/1444/663 733/1520/665
f 389/1253/323 651/1467/667 652/1459/667
f 547/1525/668 734/1519/668 639/1346/669
f 548/1526/670 702/1474/712 734/1519/668
f 530/1334/436 693/1403/436 685/1418/671
f 387/1257/325 653/1451/673 654/1434/673
f 549/1446/674 402/1224/782 640/1347/675
f 532/1335/405 439/1287/783 688/1400/677
f 550/1356/678 549/1446/674 735/1518/676
f 534/1336/383 695/1361/383 689/1379/679
f 385/1422/326 655/1421/681 656/1405/681
f 551/1436/682 736/1517/682 641/1514/683
f 536/1337/357 443/1312/784 692/1352/684
f 552/1366/686 704/1476/686 736/1517/682
f 538/1341/639 441/1300/785 690/1380/687
f 384/1264/327 383/1263/327 657/1383/689
f 553/1448/690 400/1228/691 642/1516/691
f 540/1340/649 698/1470/649 687/1399/693
f 554/1353/695 553/1448/690 737/1515/692
f 542/1359/654 437/1279/786 686/1419/696
f 381/1266/307 382/1204/307 659/1494/697
f 555/1438/698 738/1510/705 643/1512/699
f 544/1357/660 435/1269/787 684/1433/701
f 413/1291/337 414/1298/339 661/1420/702
f 556/1364/704 706/1479/704 738/1510/705
f 546/1358/666 701/1473/666 683/1432/706
f 557/1435/708 398/1235/788 644/1511/709
f 548/1526/670 433/1328/789 682/1442/711
f 416/1310/341 663/1439/790 664/1449/713
f 558/1367/714 557/1435/708 739/1513/710
f 550/1356/678 703/1475/678 681/1441/716
f 559/1427/718 740/1506/724 645/1508/719
f 552/1366/686 431/1320/721 680/1456/721
f 418/1316/346 665/1452/722 666/1457/722
f 560/1374/723 708/1482/723 740/1506/724
f 554/1353/695 705/1477/695 679/1455/725
f 561/1437/727 396/1239/791 646/1507/728
f 556/1364/704 429/1308/792 678/1462/730
f 420/1326/348 667/1460/731 668/1465/731
f 562/1365/732 561/1437/727 741/1509/729
f 558/1367/714 707/1478/715 677/1527/733
f 563/1429/735 742/1502/741 647/1504/736
f 560/1374/723 427/1289/793 676/1480/738
f 422/1273/330 669/1531/739 670/1489/739
f 564/1372/740 710/1485/740 742/1502/741
f 562/1365/732 709/1481/732 675/1528/742
f 565/1426/744 394/1243/794 648/1503/745
f 564/1372/740 425/1281/795 674/1483/747
f 424/1277/331 671/1530/748 672/1486/748
f 566/1375/749 565/1426/744 743/1505/746
f 566/1375/749 711/1484/750 673/1529/751
f 567/1408/753 744/1498/759 649/1500/754
f 568/1389/756 423/1272/796 672/1486/757
f 426/1285/333 673/1529/758 674/1483/758
f 568/1389/756 712/1488/756 744/1498/759
f 570/1373/760 713/1487/768 671/1530/761
f 569/1428/763 392/1247/797 650/1499/764
f 572/1387/523 421/1331/798 670/1489/766
f 428/1296/336 675/1528/767 676/1480/767
f 570/1373/760 569/1428/763 745/1501/765
f 574/1390/515 715/1454/515 669/1531/769
