# Rover separado para OpenGL
# Punto de giro original: 2.100000 4.208000 -3.066000
mtllib RoverSeparado.mtl
o Rueda_Delantera_Derecha
v -0.368846 -0.693868 0.346000
v -0.368846 -0.792349 0.247520
v -0.368846 -0.763506 0.317156
v -0.368846 -0.437349 0.247520
v -0.368846 -0.535831 0.346000
v -0.368846 -0.466193 0.317156
v -0.368846 -0.792349 0.084481
v -0.368846 -0.693868 -0.014000
v -0.368846 -0.763506 0.014844
v -0.368846 -0.535831 -0.014000
v -0.368846 -0.437349 0.084481
v -0.368846 -0.466193 0.014844
v -1.268846 -0.535831 0.346000
v -1.268846 -0.437349 0.247520
v -1.268846 -0.466193 0.317156
v -1.268846 -0.792349 0.247520
v -1.268846 -0.693868 0.346000
v -1.268846 -0.763506 0.317156
v -1.268846 -0.693868 -0.014000
v -1.268846 -0.792349 0.084481
v -1.268846 -0.763506 0.014844
v -1.268846 -0.437349 0.084481
v -1.268846 -0.535831 -0.014000
v -1.268846 -0.466193 0.014844
v 3.144678 -0.789692 -0.095206
v 3.168585 -0.728170 -0.067089
v 3.178487 -0.702686 0.000794
v 3.168585 -0.728170 0.068676
v 3.144678 -0.789692 0.096794
v 3.120771 -0.851214 0.068676
v 3.110868 -0.876697 0.000794
v 3.120771 -0.851214 -0.067089
v 3.217597 -0.841827 -0.114407
v 3.217598 -0.738146 -0.080665
v 3.173293 -0.715824 -0.080665
v 3.217598 -0.695201 0.000794
v 3.185176 -0.685244 0.000794
v 3.217598 -0.738146 0.082253
v 3.173293 -0.715824 0.082253
v 3.217597 -0.841827 0.115994
v 3.144605 -0.789651 0.115994
v 3.217598 -0.945507 0.082253
v 3.115917 -0.863478 0.082253
v 3.217598 -0.988452 0.000794
v 3.104033 -0.894057 0.000794
v 3.217598 -0.945507 -0.080665
v 3.115917 -0.863478 -0.080665
v 3.144605 -0.789651 -0.114407
v 3.441371 -1.127003 -0.338560
v 3.441371 -0.929565 -0.237697
v 3.529059 -1.127003 -0.327015
v 3.502954 -0.929565 -0.229589
v 3.610771 -1.127003 -0.293169
v 3.560340 -0.929565 -0.205819
v 3.680939 -1.127003 -0.239328
v 3.609618 -0.929565 -0.168007
v 3.734781 -1.127003 -0.169160
v 3.647431 -0.929565 -0.118728
v 3.768627 -1.127003 -0.087447
v 3.671201 -0.929565 -0.061342
v 3.780171 -1.127003 0.000241
v 3.679308 -0.929565 0.000241
v 3.768627 -1.127003 0.087928
v 3.671201 -0.929565 0.061823
v 3.734781 -1.127003 0.169640
v 3.647431 -0.929565 0.119209
v 3.680939 -1.127003 0.239808
v 3.609618 -0.929565 0.168487
v 3.610771 -1.127003 0.293650
v 3.560340 -0.929565 0.206300
v 3.529059 -1.127003 0.327496
v 3.502954 -0.929565 0.230070
v 3.441371 -1.127003 0.339040
v 3.441371 -0.929565 0.238178
v 3.353683 -1.127003 0.327496
v 3.379789 -0.929565 0.230070
v 3.271972 -1.127003 0.293650
v 3.322403 -0.929565 0.206300
v 3.201804 -1.127003 0.239808
v 3.273125 -0.929565 0.168487
v 3.147962 -1.127003 0.169640
v 3.215457 -0.929565 0.143003
v 3.114116 -1.127003 0.087928
v 3.215457 -0.929565 0.074140
v 3.102572 -1.127003 0.000240
v 3.215457 -0.929565 0.000240
v 3.114116 -1.127003 -0.087447
v 3.215457 -0.929565 -0.073659
v 3.147962 -1.127003 -0.169160
v 3.215457 -0.929565 -0.142522
v 3.201804 -1.127003 -0.239327
v 3.273125 -0.929565 -0.168007
v 3.271971 -1.127003 -0.293169
v 3.322403 -0.929565 -0.205819
v 3.353683 -1.127003 -0.327016
v 3.379789 -0.929565 -0.229589
v 3.441372 -1.217003 -0.236920
v 3.502753 -1.217003 -0.228839
v 3.559952 -1.217003 -0.205147
v 3.609069 -1.217003 -0.167457
v 3.646758 -1.217003 -0.118340
v 3.670451 -1.217003 -0.061141
v 3.678532 -1.217003 0.000240
v 3.670451 -1.217003 0.061622
v 3.646758 -1.217003 0.118820
v 3.609069 -1.217003 0.167938
v 3.559952 -1.217003 0.205627
v 3.502753 -1.217003 0.229319
v 3.441372 -1.217003 0.237400
v 3.379990 -1.217003 0.229319
v 3.322792 -1.217003 0.205627
v 3.273674 -1.217003 0.167938
v 3.235985 -1.217003 0.118820
v 3.212293 -1.217003 0.061622
v 3.204212 -1.217003 0.000240
v 3.212293 -1.217003 -0.061141
v 3.235985 -1.217003 -0.118340
v 3.273674 -1.217003 -0.167457
v 3.322792 -1.217003 -0.205147
v 3.379990 -1.217003 -0.228839
v 3.529059 -0.929565 -0.327015
v 3.441371 -0.929565 -0.338560
v 3.610771 -0.929565 -0.293169
v 3.680939 -0.929565 -0.239328
v 3.734781 -0.929565 -0.169160
v 3.768627 -0.929565 -0.087447
v 3.780171 -0.929565 0.000241
v 3.768627 -0.929565 0.087928
v 3.734781 -0.929565 0.169640
v 3.680939 -0.929565 0.239808
v 3.610771 -0.929565 0.293650
v 3.529059 -0.929565 0.327496
v 3.441371 -0.929565 0.339040
v 3.353683 -0.929565 0.327496
v 3.271972 -0.929565 0.293650
v 3.201804 -0.929565 0.239808
v 3.147962 -0.929565 0.169640
v 3.114116 -0.929565 0.087928
v 3.102572 -0.929565 0.000240
v 3.114116 -0.929565 -0.087447
v 3.147962 -0.929565 -0.169160
v 3.201804 -0.929565 -0.239327
v 3.271971 -0.929565 -0.293169
v 3.353683 -0.929565 -0.327016
v 3.485711 -0.599566 -0.165237
v 3.441371 -0.599566 -0.171075
v 3.527029 -0.599566 -0.148123
v 3.562510 -0.599566 -0.120898
v 3.589735 -0.599566 -0.085417
v 3.606849 -0.599566 -0.044099
v 3.612686 -0.599566 0.000240
v 3.606849 -0.599566 0.044580
v 3.589735 -0.599566 0.085898
v 3.562510 -0.599566 0.121378
v 3.527029 -0.599566 0.148603
v 3.485711 -0.599566 0.165718
v 3.441371 -0.599566 0.171555
v 3.397032 -0.599566 0.165718
v 3.355714 -0.599566 0.148603
v 3.320234 -0.599566 0.121378
v 3.218713 -0.599566 0.103029
v 3.218713 -0.599566 0.053448
v 3.218713 -0.599566 0.000240
v 3.218713 -0.599566 -0.052967
v 3.218713 -0.599566 -0.102548
v 3.320234 -0.599566 -0.120898
v 3.355714 -0.599566 -0.148123
v 3.397032 -0.599566 -0.165237
v 3.441371 -0.729565 -0.338560
v 3.441371 -0.729565 0.339040
v 3.353683 -0.729565 0.327496
v 3.271972 -0.729565 0.293650
v 3.353683 -0.729565 -0.327016
v 3.271971 -0.729565 -0.293169
v 3.441371 -0.729565 -0.237697
v 3.441371 -0.729565 0.238178
v 3.379789 -0.729565 0.230070
v 3.322403 -0.729565 0.206300
v 3.379789 -0.729565 -0.229589
v 3.322403 -0.729565 -0.205819
v 0.326169 -0.029565 0.293650
v 0.326169 0.370435 0.293650
v 0.326169 -0.029567 -0.205819
v 0.326169 -0.029567 -0.293169
v 0.326169 0.370434 -0.205819
v 0.326169 0.370434 -0.293169
v 1.899983 -0.449565 -0.293169
v 1.899983 -0.249565 -0.293169
v 1.899983 -0.449565 -0.205819
v 1.899983 -0.249565 -0.205819
v 1.899983 -0.446565 0.206300
v 1.899983 -0.246565 0.206300
v 1.899983 -0.246565 0.293650
v 1.899983 -0.446565 0.293650
v 1.900143 -0.539565 0.206300
v 1.900143 -0.189565 0.293650
v 1.900143 -0.189565 0.206300
v 1.900143 -0.539565 0.293650
v 1.900143 -0.539565 -0.293169
v 1.900143 -0.539565 -0.205819
v 1.900143 -0.189565 -0.293169
v 1.900143 -0.189565 -0.205819
v 0.724815 0.101181 -0.095206
v 0.744163 0.164970 -0.067089
v 0.752177 0.191392 0.000794
v 0.744163 0.164970 0.068676
v 0.724815 0.101181 0.096794
v 0.705468 0.037393 0.068676
v 0.697454 0.010971 0.000794
v 0.705468 0.037393 -0.067089
v 0.274449 0.403667 -0.103745
v 0.244654 0.305433 -0.147046
v 0.804842 0.067137 -0.147046
v 0.286791 0.444358 0.000794
v 0.274449 0.403667 0.105332
v 0.244654 0.305433 0.148634
v 0.214859 0.207199 0.105332
v 0.202517 0.166509 0.000794
v 0.214859 0.207198 -0.103745
v 0.834638 0.165373 -0.103745
v 0.846980 0.206064 0.000794
v 0.834638 0.165373 0.105332
v 0.804842 0.067139 0.148634
v 0.775047 -0.031095 0.105332
v 0.762706 -0.071785 0.000794
v 0.775047 -0.031095 -0.103745
v 0.326169 0.370435 0.206300
v 0.326169 -0.029565 0.206300
v 0.562265 -0.106065 0.293650
v 0.562265 0.286435 0.206300
v 0.562264 0.286435 0.293650
v 0.562264 -0.106065 0.206300
v 0.562264 -0.106067 -0.293169
v 0.562264 -0.106067 -0.205819
v 0.562265 0.286433 -0.293169
v 0.562265 0.286433 -0.205819
v 0.328529 -0.032187 0.411014
v 0.328529 0.374373 0.411014
v 0.328529 0.374372 -0.410532
v 0.328529 -0.032189 -0.410532
v 0.559904 -0.109944 -0.410532
v 0.559904 0.288996 0.411014
v 0.559904 -0.109942 0.411014
v 0.559904 0.288994 -0.410532
v 0.328529 0.342070 -0.410532
v 0.326169 0.338209 -0.293169
v 0.326169 0.002209 -0.293169
v 0.328529 0.000560 -0.410532
v 0.326169 0.338211 0.293650
v 0.328529 0.342072 0.411014
v 0.328529 0.000562 0.411014
v 0.326169 0.002211 0.293650
v -0.173811 0.338209 -0.293169
v -0.273831 0.238157 -0.293169
v -0.244536 0.308904 -0.293169
v -0.273831 0.102219 -0.293169
v -0.173811 0.002209 -0.293169
v -0.244536 0.031502 -0.293169
v -0.271471 0.242016 -0.410532
v -0.171450 0.342070 -0.410532
v -0.242175 0.312765 -0.410532
v -0.171450 0.000560 -0.410532
v -0.271471 0.100569 -0.410532
v -0.242175 0.029853 -0.410532
v -0.273831 0.238157 0.293650
v -0.173811 0.338211 0.293650
v -0.244536 0.308906 0.293650
v -0.173811 0.002211 0.293650
v -0.273831 0.102221 0.293650
v -0.244536 0.031504 0.293650
v -0.171450 0.342072 0.411014
v -0.271471 0.242018 0.411014
v -0.242175 0.312767 0.411014
v -0.271471 0.100571 0.411014
v -0.171450 0.000562 0.411014
v -0.242175 0.029854 0.411014
v -0.173811 0.170210 -0.293169
v -0.171450 0.171315 -0.410532
v 3.320234 -0.599566 0.000240
v 0.291372 0.325703 0.206300
v -0.289099 0.325703 0.206300
v 0.288681 0.325701 -0.205708
v -0.291790 0.325701 -0.205708
v -0.289099 0.075167 0.206300
v 0.191372 0.075167 0.206300
v -0.291790 0.075165 -0.205708
v 0.188681 0.075165 -0.205708
v -0.016135 0.075167 0.111219
v 0.053865 0.075167 0.041219
v -0.165733 0.075167 0.041219
v -0.095733 0.075167 0.111219
v 0.053865 0.075167 -0.028619
v -0.016135 0.075166 -0.098619
v -0.095733 0.075166 -0.098619
v -0.165733 0.075167 -0.028619
v -0.095733 -0.324833 0.111219
v -0.165733 -0.324833 0.041219
v 0.053865 -0.324833 0.041219
v -0.016135 -0.324833 0.111219
v -0.165733 -0.324833 -0.028619
v -0.095733 -0.324833 -0.098619
v -0.016135 -0.324833 -0.098619
v 0.053865 -0.324833 -0.028619
v 0.326169 -0.029565 0.293650
v 0.326169 0.370435 0.293650
v 0.326169 -0.029567 -0.205819
v 0.326169 -0.029567 -0.293169
v 0.326169 0.370434 -0.205819
v 0.326169 0.370434 -0.293169
v 0.326169 0.370435 0.206300
v 0.326169 -0.029565 0.206300
v -0.373831 0.030435 0.293650
v -0.313831 -0.029565 0.293650
v -0.356257 -0.011991 0.293650
v -0.313831 0.370435 0.293650
v -0.373831 0.310435 0.293650
v -0.356257 0.352863 0.293650
v -0.373831 0.030433 -0.205819
v -0.313831 -0.029567 -0.205819
v -0.356257 -0.011992 -0.205819
v -0.313831 -0.029567 -0.293169
v -0.373831 0.030433 -0.293169
v -0.356257 -0.011992 -0.293169
v -0.313831 0.370434 -0.205819
v -0.373831 0.310435 -0.205819
v -0.356257 0.352862 -0.205819
v -0.373831 0.310435 -0.293169
v -0.313831 0.370434 -0.293169
v -0.356257 0.352862 -0.293169
v -0.373831 0.310435 0.206300
v -0.313831 0.370435 0.206300
v -0.356257 0.352863 0.206300
v -0.313831 -0.029565 0.206300
v -0.373831 0.030435 0.206300
v -0.356257 -0.011991 0.206300
v -0.313831 0.170435 0.206300
v -0.313831 0.170435 0.293650
v -0.313831 0.170434 -0.205819
v -0.313831 0.170434 -0.293169
v 0.291372 0.325703 0.206300
v -0.289099 0.325703 0.206300
v 0.288681 0.325701 -0.205708
v -0.291790 0.325701 -0.205708
v -0.289099 0.075167 0.206300
v 0.191372 0.075167 0.206300
v -0.291790 0.075165 -0.205708
v 0.188681 0.075165 -0.205708
v -0.016135 0.075167 0.111219
v 0.053865 0.075167 0.041219
v -0.165733 0.075167 0.041219
v -0.095733 0.075167 0.111219
v 0.053865 0.075167 -0.028619
v -0.016135 0.075166 -0.098619
v -0.095733 0.075166 -0.098619
v -0.165733 0.075167 -0.028619
v -0.095733 -0.324833 0.111219
v -0.165733 -0.324833 0.041219
v 0.053865 -0.324833 0.041219
v -0.016135 -0.324833 0.111219
v -0.165733 -0.324833 -0.028619
v -0.095733 -0.324833 -0.098619
v -0.016135 -0.324833 -0.098619
v 0.053865 -0.324833 -0.028619
v 0.326169 -0.029565 0.293650
v 0.326169 0.370435 0.293650
v 0.326169 -0.029567 -0.205819
v 0.326169 -0.029567 -0.293169
v 0.326169 0.370434 -0.205819
v 0.326169 0.370434 -0.293169
v 0.326169 0.370435 0.206300
v 0.326169 -0.029565 0.206300
v -0.373831 0.030435 0.293650
v -0.313831 -0.029565 0.293650
v -0.356257 -0.011991 0.293650
v -0.313831 0.370435 0.293650
v -0.373831 0.310435 0.293650
v -0.356257 0.352863 0.293650
v -0.373831 0.030433 -0.205819
v -0.313831 -0.029567 -0.205819
v -0.356257 -0.011992 -0.205819
v -0.313831 -0.029567 -0.293169
v -0.373831 0.030433 -0.293169
v -0.356257 -0.011992 -0.293169
v -0.313831 0.370434 -0.205819
v -0.373831 0.310435 -0.205819
v -0.356257 0.352862 -0.205819
v -0.373831 0.310435 -0.293169
v -0.313831 0.370434 -0.293169
v -0.356257 0.352862 -0.293169
v -0.373831 0.310435 0.206300
v -0.313831 0.370435 0.206300
v -0.356257 0.352863 0.206300
v -0.313831 -0.029565 0.206300
v -0.373831 0.030435 0.206300
v -0.356257 -0.011991 0.206300
v -0.313831 0.170435 0.206300
v -0.313831 0.170435 0.293650
v -0.313831 0.170434 -0.205819
v -0.313831 0.170434 -0.293169
v 3.546769 -2.761391 0.868062
v 3.681553 -2.761401 0.868062
v 3.596638 -2.784858 0.868062
v 3.645972 -2.784862 0.868062
v 3.333910 -2.504964 0.868062
v 3.372948 -2.633172 0.868062
v 3.321618 -2.545602 0.868062
v 3.335906 -2.592529 0.868062
v 3.681553 -2.761401 0.676062
v 3.546769 -2.761391 0.676062
v 3.645972 -2.784862 0.676062
v 3.596638 -2.784858 0.676062
v 3.372948 -2.633172 0.676062
v 3.333910 -2.504964 0.676062
v 3.335906 -2.592529 0.676062
v 3.321618 -2.545602 0.676062
v 3.327414 -0.925167 0.952436
v 3.424323 -0.865782 0.952436
v 3.534839 -0.892315 0.952436
v 3.594225 -0.989223 0.952436
v 3.567692 -1.099739 0.952436
v 3.470784 -1.159125 0.952436
v 3.360267 -1.132592 0.952436
v 3.300881 -1.035684 0.952436
v 3.948651 -1.666108 0.868062
v 3.948651 -1.666108 0.676062
v 4.296293 -1.922546 0.676062
v 4.296293 -1.922546 0.868062
v 4.226632 -1.287131 0.868062
v 4.226632 -1.287131 0.676062
v 3.550115 -0.792594 0.868062
v 3.348515 -0.793541 0.868062
v 3.212483 -0.978995 0.868062
v 3.272134 -1.171570 0.868062
v 3.194496 -1.040212 0.868062
v 3.216330 -1.110699 0.868062
v 3.348515 -0.793541 0.676062
v 3.550115 -0.792594 0.676062
v 3.272134 -1.171570 0.676062
v 3.212483 -0.978995 0.676062
v 3.216330 -1.110699 0.676062
v 3.194496 -1.040212 0.676062
v 4.356998 -1.383296 0.676062
v 4.455983 -1.704838 0.676062
v 4.449788 -1.485038 0.676062
v 4.486020 -1.602731 0.676062
v 4.455983 -1.704838 0.868062
v 4.356998 -1.383296 0.868062
v 4.486020 -1.602731 0.868062
v 4.449788 -1.485038 0.868062
v 3.327414 -0.925167 0.511637
v 3.424323 -0.865782 0.511637
v 3.534839 -0.892315 0.511637
v 3.594225 -0.989223 0.511637
v 3.567692 -1.099739 0.511637
v 3.470784 -1.159125 0.511637
v 3.360267 -1.132592 0.511637
v 3.300881 -1.035684 0.511637
v 3.441373 -1.100488 -0.423860
v 3.441373 -0.926073 -0.423860
v 3.550983 -1.100488 -0.409429
v 3.550983 -0.926073 -0.409429
v 3.653123 -1.100488 -0.367121
v 3.653123 -0.926073 -0.367121
v 3.740833 -1.100488 -0.299820
v 3.740833 -0.926073 -0.299820
v 3.808135 -1.100488 -0.212110
v 3.808135 -0.926073 -0.212110
v 3.850442 -1.100488 -0.109970
v 3.850442 -0.926073 -0.109970
v 3.864873 -1.100488 -0.000360
v 3.864873 -0.926073 -0.000360
v 3.850442 -1.100488 0.109250
v 3.850442 -0.926073 0.109250
v 3.808135 -1.100488 0.211390
v 3.808135 -0.926073 0.211390
v 3.740833 -1.100488 0.299100
v 3.740833 -0.926073 0.299100
v 3.653123 -1.100488 0.366402
v 3.653123 -0.926073 0.366402
v 3.550983 -1.100488 0.408710
v 3.550983 -0.926073 0.408710
v 3.441373 -1.100488 0.423140
v 3.441373 -0.926073 0.423140
v 3.331763 -1.100488 0.408710
v 3.331763 -0.926073 0.408710
v 3.229623 -1.100488 0.366402
v 3.229623 -0.926073 0.366402
v 3.141913 -1.100488 0.299100
v 3.141913 -0.926073 0.299100
v 3.074611 -1.100488 0.211390
v 3.074611 -0.926073 0.211390
v 3.032304 -1.100488 0.109250
v 3.032304 -0.926073 0.109250
v 3.017873 -1.100488 -0.000360
v 3.017873 -0.926073 -0.000360
v 3.032304 -1.100488 -0.109970
v 3.032304 -0.926073 -0.109970
v 3.074611 -1.100488 -0.212110
v 3.074611 -0.926073 -0.212110
v 3.141913 -1.100488 -0.299819
v 3.141913 -0.926073 -0.299819
v 3.229623 -1.100488 -0.367121
v 3.229623 -0.926073 -0.367121
v 3.331763 -1.100488 -0.409429
v 3.331763 -0.926073 -0.409429
v 3.114118 -0.926073 -0.088048
v 3.201806 -0.926073 -0.239928
v 3.147964 -0.926073 -0.169760
v 3.353685 -0.926073 -0.327616
v 3.271973 -0.926073 -0.293769
v 3.529061 -0.926073 -0.327616
v 3.441373 -0.926073 -0.339160
v 3.114118 -0.926073 0.087328
v 3.201806 -0.926073 0.239208
v 3.147964 -0.926073 0.169040
v 3.353685 -0.926073 0.326896
v 3.529061 -0.926073 0.326896
v 3.441373 -0.926073 0.338440
v 3.271973 -0.926073 0.293049
v 3.680941 -0.926073 -0.239928
v 3.680941 -0.926073 0.239208
v 3.780173 -0.926073 -0.000360
v 3.768629 -0.926073 -0.088048
v 3.734783 -0.926073 0.169040
v 3.768629 -0.926073 0.087328
v 3.734783 -0.926073 -0.169760
v 3.102573 -0.926073 -0.000360
v 3.610774 -0.926073 0.293049
v 3.610774 -0.926073 -0.293770
v 3.441373 -1.100488 -0.339160
v 3.610774 -1.100488 -0.293770
v 3.529061 -1.100488 -0.327616
v 3.768629 -1.100488 -0.088048
v 3.734783 -1.100488 -0.169760
v 3.780173 -1.100488 -0.000360
v 3.680941 -1.100488 -0.239928
v 3.271973 -1.100488 0.293049
v 3.441373 -1.100488 0.338440
v 3.353685 -1.100488 0.326896
v 3.610774 -1.100488 0.293049
v 3.529061 -1.100488 0.326896
v 3.734783 -1.100488 0.169040
v 3.680941 -1.100488 0.239208
v 3.102573 -1.100488 -0.000360
v 3.114118 -1.100488 0.087328
v 3.114118 -1.100488 -0.088048
v 3.271973 -1.100488 -0.293769
v 3.201806 -1.100488 -0.239928
v 3.147964 -1.100488 0.169040
v 3.147964 -1.100488 -0.169760
v 3.201806 -1.100488 0.239208
v 3.768629 -1.100488 0.087328
v 3.353685 -1.100488 -0.327616
v 3.550983 -1.100488 0.513520
v 3.550983 -0.926073 0.513520
v 3.441373 -1.100488 0.513520
v 3.441373 -0.926073 0.513520
v 3.331763 -1.100488 0.513520
v 3.331763 -0.926073 0.513520
v 3.711154 -2.675550 0.676062
v 3.784359 -2.602345 0.676062
v 3.811154 -2.502345 0.676062
v 3.784359 -2.402345 0.676062
v 3.411154 -2.502345 0.676062
v 3.437949 -2.402345 0.676062
v 3.511154 -2.329140 0.676062
v 3.437949 -2.602345 0.676062
v 3.511154 -2.675550 0.676062
v 3.711154 -2.329140 0.676062
v 3.655318 -2.690512 0.676062
v 3.611154 -2.302345 0.676062
v 3.611154 -2.702346 0.676062
v 3.784359 -2.602345 0.868062
v 3.437949 -2.402345 0.868062
v 3.611154 -2.302345 0.868062
v 3.511154 -2.329140 0.868062
v 3.611154 -2.702346 0.868062
v 3.711154 -2.675550 0.868062
v 3.626990 -2.698102 0.868062
v 3.811154 -2.502345 0.868062
v 3.411154 -2.502345 0.868062
v 3.711154 -2.329140 0.868062
v 3.437949 -2.602345 0.868062
v 3.511154 -2.675550 0.868062
v 3.526990 -2.679794 0.868062
v 3.784359 -2.402345 0.868062
v 3.411125 -0.982082 0.868062
v 3.411125 -0.982082 0.676062
v 2.711640 -2.502349 -0.524003
v 2.728924 -2.677836 -0.524003
v 2.780111 -2.846579 -0.524003
v 2.863235 -3.002093 -0.524003
v 2.975102 -3.138403 -0.524003
v 3.111412 -3.250269 -0.524003
v 3.266926 -3.333393 -0.524003
v 3.435669 -3.384581 -0.524003
v 3.611156 -3.401865 -0.524003
v 3.786643 -3.384581 -0.524003
v 3.955386 -3.333393 -0.524003
v 4.110900 -3.250269 -0.524003
v 4.247209 -3.138403 -0.524003
v 4.359077 -3.002093 -0.524003
v 4.442201 -2.846579 -0.524003
v 4.493388 -2.677836 -0.524003
v 4.510672 -2.502349 -0.524003
v 4.493388 -2.326862 -0.524003
v 4.442201 -2.158119 -0.524003
v 4.359077 -2.002604 -0.524003
v 4.247209 -1.866295 -0.524003
v 4.110900 -1.754429 -0.524003
v 3.955386 -1.671304 -0.524003
v 3.786643 -1.620117 -0.524003
v 3.611156 -1.602832 -0.524003
v 3.435669 -1.620117 -0.524003
v 3.266926 -1.671304 -0.524003
v 3.111412 -1.754428 -0.524003
v 2.975102 -1.866295 -0.524003
v 2.863236 -2.002604 -0.524003
v 2.780111 -2.158119 -0.524003
v 2.728924 -2.326862 -0.524003
v 2.711640 -2.502349 0.515997
v 2.728924 -2.677835 0.515997
v 2.780111 -2.846579 0.515997
v 2.863235 -3.002093 0.515997
v 2.975102 -3.138402 0.515997
v 3.111412 -3.250269 0.515997
v 3.266926 -3.333393 0.515997
v 3.435669 -3.384581 0.515997
v 3.611156 -3.401865 0.515997
v 3.786643 -3.384581 0.515997
v 3.955386 -3.333393 0.515997
v 4.110900 -3.250269 0.515997
v 4.247209 -3.138402 0.515997
v 4.359077 -3.002093 0.515997
v 4.442201 -2.846579 0.515997
v 4.493388 -2.677835 0.515997
v 4.510672 -2.502348 0.515997
v 4.493388 -2.326862 0.515997
v 4.442201 -2.158119 0.515997
v 4.359077 -2.002604 0.515997
v 4.247209 -1.866295 0.515997
v 4.110900 -1.754429 0.515997
v 3.955386 -1.671304 0.515997
v 3.786643 -1.620117 0.515997
v 3.611156 -1.602833 0.515997
v 3.435669 -1.620117 0.515997
v 3.266926 -1.671304 0.515997
v 3.111412 -1.754428 0.515997
v 2.975102 -1.866295 0.515997
v 2.863235 -2.002604 0.515997
v 2.780111 -2.158119 0.515997
v 2.728924 -2.326862 0.515997
v 2.606910 -2.703492 0.515997
v 2.587316 -2.504556 0.515997
v 2.664937 -2.894782 0.515997
v 2.759168 -3.071077 0.515997
v 2.885982 -3.225600 0.515997
v 3.040505 -3.352414 0.515997
v 3.216800 -3.446645 0.515997
v 3.408090 -3.504672 0.515997
v 3.607026 -3.524266 0.515997
v 3.805961 -3.504672 0.515997
v 3.997251 -3.446645 0.515997
v 4.173546 -3.352414 0.515997
v 4.328069 -3.225600 0.515997
v 4.454883 -3.071076 0.515997
v 4.549114 -2.894782 0.515997
v 4.607142 -2.703492 0.515997
v 4.626735 -2.504556 0.515997
v 4.607142 -2.305621 0.515997
v 4.549114 -2.114330 0.515997
v 4.454883 -1.938036 0.515997
v 4.328070 -1.783513 0.515997
v 4.173546 -1.656699 0.515997
v 3.997251 -1.562467 0.515997
v 3.805961 -1.504440 0.515997
v 3.607026 -1.484847 0.515997
v 3.408090 -1.504440 0.515997
v 3.216800 -1.562467 0.515997
v 3.040505 -1.656699 0.515997
v 2.885983 -1.783513 0.515997
v 2.759168 -1.938036 0.515997
v 2.664937 -2.114330 0.515997
v 2.606910 -2.305621 0.515997
v 2.582604 -2.502349 -0.524003
v 2.602367 -2.703009 -0.524003
v 2.660898 -2.895958 -0.524003
v 2.755946 -3.073781 -0.524003
v 2.883860 -3.229644 -0.524003
v 3.039723 -3.357559 -0.524003
v 3.217546 -3.452607 -0.524003
v 3.410495 -3.511137 -0.524003
v 3.611156 -3.530900 -0.524003
v 3.811816 -3.511137 -0.524003
v 4.004765 -3.452608 -0.524003
v 4.182588 -3.357559 -0.524003
v 4.338451 -3.229646 -0.524003
v 4.466365 -3.073781 -0.524003
v 4.561414 -2.895958 -0.524003
v 4.619944 -2.703009 -0.524003
v 4.639707 -2.502349 -0.524003
v 4.619944 -2.301688 -0.524003
v 4.561414 -2.108739 -0.524003
v 4.466365 -1.930916 -0.524003
v 4.338451 -1.775053 -0.524003
v 4.182588 -1.647139 -0.524003
v 4.004765 -1.552091 -0.524003
v 3.811816 -1.493560 -0.524003
v 3.611156 -1.473797 -0.524003
v 3.410495 -1.493560 -0.524003
v 3.217546 -1.552091 -0.524003
v 3.039723 -1.647139 -0.524003
v 2.883860 -1.775053 -0.524003
v 2.755947 -1.930916 -0.524003
v 2.660898 -2.108739 -0.524003
v 2.602367 -2.301688 -0.524003
v 3.611156 -2.405876 -0.464001
v 3.659392 -2.418801 -0.464001
v 3.694704 -2.454113 -0.464001
v 3.707629 -2.502349 -0.464001
v 3.694704 -2.550585 -0.464001
v 3.659392 -2.585896 -0.464001
v 3.611156 -2.598821 -0.464001
v 3.562920 -2.585896 -0.464001
v 3.527609 -2.550585 -0.464001
v 3.514684 -2.502349 -0.464001
v 3.527609 -2.454113 -0.464001
v 3.562920 -2.418801 -0.464001
v 3.611156 -2.302349 -0.340668
v 3.611156 -2.302349 -0.187334
v 3.711156 -2.329144 -0.187335
v 3.711156 -2.329144 -0.340668
v 3.784361 -2.402349 -0.187335
v 3.784361 -2.402349 -0.340668
v 3.811156 -2.502349 -0.187335
v 3.811156 -2.502349 -0.340668
v 3.784361 -2.602349 -0.187335
v 3.784361 -2.602349 -0.340668
v 3.711156 -2.675554 -0.187335
v 3.711156 -2.675554 -0.340668
v 3.611156 -2.702349 -0.187335
v 3.611156 -2.702349 -0.340668
v 3.511156 -2.675554 -0.187335
v 3.511156 -2.675554 -0.340668
v 3.437951 -2.602349 -0.187335
v 3.437951 -2.602349 -0.340668
v 3.411156 -2.502349 -0.187335
v 3.411156 -2.502349 -0.340668
v 3.437951 -2.402349 -0.187335
v 3.437951 -2.402349 -0.340668
v 3.511156 -2.329144 -0.187335
v 3.511156 -2.329144 -0.340668
v 3.792329 -1.626201 0.159332
v 3.792329 -1.626201 0.412666
v 3.892329 -1.652996 0.412666
v 3.892329 -1.652996 0.159332
v 4.460509 -2.221176 0.412666
v 4.460509 -2.221176 0.159332
v 4.487304 -2.321175 0.412666
v 4.487304 -2.321175 0.159332
v 4.279336 -3.097324 0.412665
v 4.279336 -3.097324 0.159332
v 4.206131 -3.170529 0.412665
v 4.206131 -3.170529 0.159332
v 3.429983 -3.378497 0.412665
v 3.429983 -3.378497 0.159332
v 3.329983 -3.351702 0.412665
v 3.329983 -3.351703 0.159332
v 2.761803 -2.783522 0.412666
v 2.761803 -2.783522 0.159332
v 2.735008 -2.683522 0.412666
v 2.735008 -2.683522 0.159332
v 2.942976 -1.907374 0.412666
v 2.942976 -1.907374 0.159332
v 3.016181 -1.834169 0.412666
v 3.016181 -1.834169 0.159332
v 3.611156 -2.302349 -0.464001
v 3.711156 -2.329144 -0.464001
v 3.784361 -2.402349 -0.464001
v 3.811156 -2.502349 -0.464001
v 3.784361 -2.602349 -0.464001
v 3.711156 -2.675554 -0.464001
v 3.611156 -2.702349 -0.464001
v 3.511156 -2.675554 -0.464001
v 3.437951 -2.602349 -0.464001
v 3.411156 -2.502349 -0.464001
v 3.437951 -2.402349 -0.464001
v 3.511156 -2.329144 -0.464001
v 3.611156 -2.405876 -0.364001
v 3.659392 -2.418801 -0.364001
v 3.694704 -2.454113 -0.364001
v 3.707629 -2.502349 -0.364001
v 3.694704 -2.550585 -0.364001
v 3.659392 -2.585896 -0.364001
v 3.611156 -2.598821 -0.364001
v 3.562920 -2.585896 -0.364001
v 3.527609 -2.550585 -0.364001
v 3.514684 -2.502349 -0.364001
v 3.527609 -2.454113 -0.364001
v 3.562920 -2.418801 -0.364001
v 3.388872 -1.400550 0.186664
v 3.389754 -1.396560 -0.194670
v 3.177844 -1.464564 0.186664
v 3.178118 -1.460760 -0.194670
v 2.672995 -1.878884 0.186664
v 2.671814 -1.876273 -0.194670
v 2.569041 -2.073368 0.186664
v 2.567560 -2.071318 -0.194670
v 2.812893 -1.708417 0.186664
v 2.812115 -1.705315 -0.194670
v 2.983360 -1.568518 0.186664
v 2.983073 -1.565013 -0.194670
v 3.608334 -1.378935 0.186664
v 3.609848 -1.374883 -0.194670
v 4.038823 -1.464564 0.186664
v 4.041578 -1.460760 -0.194670
v 3.827795 -1.400550 0.186664
v 3.829942 -1.396560 -0.194670
v 4.403774 -1.708417 0.186663
v 4.407581 -1.705315 -0.194670
v 4.233307 -1.568518 0.186664
v 4.236623 -1.565013 -0.194670
v 4.647627 -2.073368 0.186663
v 4.652137 -2.071318 -0.194670
v 4.543672 -1.878884 0.186664
v 4.547882 -1.876273 -0.194670
v 4.733256 -2.503857 0.186664
v 4.738012 -2.503048 -0.194670
v 4.711641 -2.284396 0.186664
v 4.716335 -2.282954 -0.194670
v 4.647627 -2.934347 0.186663
v 4.652136 -2.934779 -0.194670
v 4.711641 -2.723319 0.186664
v 4.716335 -2.723142 -0.194670
v 4.403774 -3.299297 0.186664
v 4.407580 -3.300782 -0.194670
v 4.543672 -3.128831 0.186664
v 4.547883 -3.129823 -0.194670
v 4.038823 -3.543150 0.186664
v 4.041578 -3.545337 -0.194670
v 4.233307 -3.439196 0.186664
v 4.236623 -3.441083 -0.194670
v 3.608334 -3.628780 0.186664
v 3.609848 -3.631213 -0.194670
v 3.827795 -3.607165 0.186664
v 3.829942 -3.609536 -0.194670
v 3.177844 -3.543150 0.186664
v 3.178118 -3.545337 -0.194670
v 3.388872 -3.607165 0.186664
v 3.389754 -3.609536 -0.194670
v 2.812893 -3.299297 0.186664
v 2.812115 -3.300782 -0.194670
v 2.983360 -3.439196 0.186664
v 2.983073 -3.441082 -0.194670
v 2.569041 -2.934346 0.186664
v 2.567560 -2.934779 -0.194670
v 2.672995 -3.128831 0.186664
v 2.671813 -3.129824 -0.194670
v 2.505026 -2.284396 0.186664
v 2.503361 -2.282954 -0.194670
v 2.483411 -2.503857 0.186664
v 2.481683 -2.503048 -0.194670
v 2.505026 -2.723319 0.186664
v 2.503361 -2.723142 -0.194670
v 3.611156 -2.302349 0.250443
v 3.611156 -2.302349 0.348221
v 3.711156 -2.329144 0.348221
v 3.711156 -2.329144 0.250443
v 3.784361 -2.402349 0.348221
v 3.784361 -2.402349 0.250443
v 3.811156 -2.502349 0.348221
v 3.811156 -2.502349 0.250443
v 3.784361 -2.602349 0.348221
v 3.784361 -2.602349 0.250443
v 3.711156 -2.675554 0.348221
v 3.711156 -2.675554 0.250443
v 3.611156 -2.702349 0.348221
v 3.611156 -2.702349 0.250443
v 3.511156 -2.675554 0.348221
v 3.511156 -2.675554 0.250443
v 3.437951 -2.602349 0.348221
v 3.437951 -2.602349 0.250443
v 3.411156 -2.502349 0.348221
v 3.411156 -2.502349 0.250443
v 3.437951 -2.402349 0.348221
v 3.437951 -2.402349 0.250443
v 3.511156 -2.329144 0.348221
v 3.511156 -2.329144 0.250443
v 4.206131 -1.834169 0.348221
v 4.206131 -1.834169 0.250443
v 4.279336 -1.907374 0.348221
v 4.279336 -1.907374 0.250443
v 3.892330 -3.351702 0.348221
v 3.892330 -3.351703 0.250443
v 3.792330 -3.378497 0.348221
v 3.792330 -3.378497 0.250443
v 2.735008 -2.321175 0.348221
v 2.735008 -2.321175 0.250443
v 2.761803 -2.221176 0.348221
v 2.761803 -2.221176 0.250443
v 2.622450 -2.096820 0.510797
v 2.561812 -2.296719 0.510797
v 2.853443 -1.751115 0.510797
v 2.720922 -1.912593 0.510797
v 3.199147 -1.520123 0.510797
v 3.014920 -1.618595 0.510797
v 3.606933 -1.439010 0.510797
v 3.399045 -1.459485 0.510797
v 4.014719 -1.520123 0.510797
v 3.814821 -1.459485 0.510797
v 4.360423 -1.751116 0.510797
v 4.198947 -1.618595 0.510797
v 4.591415 -2.096820 0.510797
v 4.492944 -1.912593 0.510797
v 4.672529 -2.504606 0.510797
v 4.652054 -2.296719 0.510797
v 4.591415 -2.912392 0.510797
v 4.652054 -2.712493 0.510797
v 4.360423 -3.258096 0.510797
v 4.492944 -3.096619 0.510797
v 4.014719 -3.489088 0.510797
v 4.198946 -3.390617 0.510797
v 3.606933 -3.570202 0.510797
v 3.814820 -3.549727 0.510797
v 3.199147 -3.489088 0.510797
v 3.399045 -3.549727 0.510797
v 2.853443 -3.258096 0.510797
v 3.014919 -3.390617 0.510797
v 2.622450 -2.912392 0.510797
v 2.720922 -3.096619 0.510797
v 2.541337 -2.504606 0.510797
v 2.561812 -2.712493 0.510797
v 2.557066 -2.711989 -0.518803
v 2.536413 -2.502299 -0.518803
v 2.717556 -3.099446 -0.518803
v 2.618230 -2.913621 -0.518803
v 3.014102 -3.395992 -0.518803
v 2.851225 -3.262323 -0.518803
v 3.401559 -3.556482 -0.518803
v 3.199927 -3.495318 -0.518803
v 3.820939 -3.556482 -0.518803
v 3.611249 -3.577135 -0.518803
v 4.208396 -3.395994 -0.518803
v 4.022571 -3.495318 -0.518803
v 4.504943 -3.099446 -0.518804
v 4.371273 -3.262323 -0.518803
v 4.665432 -2.711989 -0.518803
v 4.604268 -2.913621 -0.518804
v 4.665432 -2.292609 -0.518803
v 4.686085 -2.502299 -0.518804
v 4.504942 -1.905152 -0.518803
v 4.604268 -2.090977 -0.518804
v 4.208396 -1.608606 -0.518803
v 4.371273 -1.742275 -0.518804
v 3.820939 -1.448116 -0.518803
v 4.022571 -1.509280 -0.518803
v 3.401559 -1.448116 -0.518803
v 3.611249 -1.427463 -0.518803
v 3.014102 -1.608605 -0.518803
v 3.199927 -1.509280 -0.518804
v 2.717556 -1.905152 -0.518803
v 2.851225 -1.742275 -0.518803
v 2.557066 -2.292609 -0.518803
v 2.618230 -2.090977 -0.518803
v 3.367820 -1.285872 -0.192764
v 3.135021 -1.356491 -0.192764
v 2.578086 -1.813555 -0.192763
v 2.463407 -2.028104 -0.192763
v 2.732418 -1.625501 -0.192764
v 2.920472 -1.471169 -0.192763
v 3.609924 -1.262026 -0.192763
v 4.084825 -1.356491 -0.192764
v 3.852027 -1.285872 -0.192764
v 4.487430 -1.625501 -0.192764
v 4.299377 -1.471170 -0.192763
v 4.756441 -2.028104 -0.192764
v 4.641762 -1.813555 -0.192763
v 4.850903 -2.503007 -0.192764
v 4.827060 -2.260904 -0.192764
v 4.756440 -2.977910 -0.192764
v 4.827060 -2.745111 -0.192764
v 4.487430 -3.380513 -0.192764
v 4.641762 -3.192459 -0.192764
v 4.084825 -3.649525 -0.192763
v 4.299375 -3.534845 -0.192763
v 3.609924 -3.743988 -0.192763
v 3.852027 -3.720143 -0.192763
v 3.135021 -3.649525 -0.192763
v 3.367820 -3.720143 -0.192763
v 2.732418 -3.380513 -0.192763
v 2.920472 -3.534845 -0.192763
v 2.463407 -2.977910 -0.192763
v 2.578086 -3.192459 -0.192763
v 2.392788 -2.260904 -0.192763
v 2.368943 -2.503007 -0.192763
v 2.392788 -2.745111 -0.192763
v 3.366850 -1.290260 0.184757
v 3.134720 -1.360676 0.184757
v 2.579386 -1.816427 0.184757
v 2.465036 -2.030360 0.184757
v 2.733274 -1.628913 0.184757
v 2.920787 -1.475025 0.184757
v 3.608258 -1.266483 0.184757
v 4.081797 -1.360676 0.184757
v 3.849666 -1.290260 0.184757
v 4.483242 -1.628913 0.184757
v 4.295729 -1.475025 0.184757
v 4.751480 -2.030360 0.184757
v 4.637131 -1.816427 0.184757
v 4.845673 -2.503898 0.184757
v 4.821896 -2.262490 0.184757
v 4.751480 -2.977436 0.184757
v 4.821896 -2.745305 0.184757
v 4.483242 -3.378882 0.184757
v 4.637131 -3.191368 0.184757
v 4.081796 -3.647120 0.184757
v 4.295729 -3.532770 0.184757
v 3.608258 -3.741312 0.184757
v 3.849666 -3.717536 0.184757
v 3.134720 -3.647120 0.184757
v 3.366850 -3.717536 0.184757
v 2.733274 -3.378882 0.184757
v 2.920787 -3.532770 0.184757
v 2.465036 -2.977436 0.184757
v 2.579386 -3.191368 0.184757
v 2.394620 -2.262490 0.184757
v 2.370843 -2.503898 0.184757
v 2.394620 -2.745305 0.184757
v 3.741679 -1.815230 -0.160019
v 3.714449 -1.916854 -0.298587
v 3.689036 -2.011696 -0.382748
v 3.650375 -2.155981 -0.405609
v 3.814449 -1.943648 -0.298587
v 3.841679 -1.842025 -0.160019
v 3.750375 -2.182776 -0.405610
v 3.789036 -2.038491 -0.382748
v 3.957524 -2.463130 -0.405610
v 4.101808 -2.424469 -0.382748
v 4.196651 -2.399056 -0.298587
v 4.298275 -2.371826 -0.160019
v 4.075014 -2.324469 -0.382748
v 3.930729 -2.363130 -0.405610
v 4.271480 -2.271826 -0.160019
v 4.169856 -2.299056 -0.298587
v 3.404007 -2.221995 -0.405610
v 3.298384 -2.116371 -0.382748
v 3.228954 -2.046942 -0.298587
v 3.154560 -1.972548 -0.160019
v 3.225178 -2.189576 -0.382748
v 3.330802 -2.295200 -0.405610
v 3.081355 -2.045753 -0.160019
v 3.155749 -2.120147 -0.298587
v 3.147298 -2.680229 -0.382748
v 3.291584 -2.641568 -0.405610
v 2.950832 -2.732872 -0.160019
v 3.052456 -2.705642 -0.298587
v 3.025661 -2.605642 -0.298587
v 2.924037 -2.632872 -0.160019
v 3.264789 -2.541568 -0.405610
v 3.120503 -2.580229 -0.382748
v 3.471937 -2.821921 -0.405610
v 3.433276 -2.966207 -0.382748
v 3.407863 -3.061049 -0.298587
v 3.380633 -3.162673 -0.160019
v 3.533276 -2.993002 -0.382748
v 3.571937 -2.848716 -0.405610
v 3.480633 -3.189468 -0.160019
v 3.507863 -3.087844 -0.298587
v 3.997134 -2.815121 -0.382748
v 3.891510 -2.709497 -0.405610
v 4.140957 -2.958945 -0.160019
v 4.066564 -2.884551 -0.298587
v 3.993359 -2.957756 -0.298587
v 4.067752 -3.032150 -0.160019
v 3.818305 -2.782702 -0.405610
v 3.923929 -2.888327 -0.382748
v 3.611156 -2.302349 0.868666
v 3.711156 -2.329144 0.868666
v 3.784361 -2.402349 0.868666
v 3.811156 -2.502349 0.868666
v 3.784361 -2.602349 0.868666
v 3.711156 -2.675554 0.868665
v 3.611156 -2.702349 0.868665
v 3.511156 -2.675554 0.868665
v 3.437951 -2.602349 0.868666
v 3.411156 -2.502349 0.868666
v 3.437951 -2.402349 0.868666
v 3.511156 -2.329144 0.868666
v 3.741156 -2.277182 1.150245
v 3.611156 -2.242349 1.150245
v 3.611156 -2.242349 0.868712
v 3.836323 -2.372349 1.150245
v 3.871156 -2.502349 1.150245
v 3.836323 -2.632349 1.150245
v 3.741156 -2.727515 1.150245
v 3.611156 -2.762349 1.150245
v 3.481156 -2.727515 1.150245
v 3.385990 -2.632349 1.150245
v 3.351156 -2.502349 1.150245
v 3.385990 -2.372349 1.150245
v 3.481156 -2.277182 1.150245
v 3.741156 -2.277182 0.868712
v 3.836323 -2.372349 0.868712
v 3.871156 -2.502349 0.868712
v 3.836323 -2.632349 0.868712
v 3.741156 -2.727515 0.868711
v 3.611156 -2.762349 0.868711
v 3.481156 -2.727515 0.868711
v 3.385990 -2.632349 0.868712
v 3.351156 -2.502349 0.868712
v 3.385990 -2.372349 0.868712
v 3.481156 -2.277182 0.868712
v 3.980076 -1.611698 -0.524003
v 3.799230 -1.556838 -0.524003
v 3.799230 -3.447859 -0.524003
v 3.980076 -3.393000 -0.524003
v 3.611156 -1.538315 -0.524003
v 4.146745 -3.303914 -0.524003
v 3.423082 -1.556838 -0.524003
v 4.292829 -3.184024 -0.524003
v 3.242236 -1.611698 -0.524003
v 4.412721 -3.037937 -0.524003
v 3.075567 -1.700784 -0.524003
v 4.501807 -2.871269 -0.524003
v 2.647122 -2.502349 -0.524003
v 2.665646 -2.690422 -0.524003
v 2.929481 -1.820674 -0.524003
v 4.556666 -2.690422 -0.524003
v 2.720505 -2.871268 -0.524003
v 2.809591 -1.966760 -0.524003
v 4.575189 -2.502349 -0.524003
v 2.809591 -3.037937 -0.524003
v 2.720505 -2.133429 -0.524003
v 4.556666 -2.314275 -0.524003
v 2.929481 -3.184024 -0.524003
v 2.665646 -2.314275 -0.524003
v 4.501807 -2.133429 -0.524003
v 3.075567 -3.303914 -0.524003
v 4.412721 -1.966760 -0.524003
v 3.242236 -3.393000 -0.524003
v 4.292829 -1.820674 -0.524003
v 3.423082 -3.447859 -0.524003
v 4.146745 -1.700784 -0.524003
v 3.611156 -3.466383 -0.524003
v 2.667917 -2.690663 0.515997
v 2.722524 -2.870680 0.515997
v 2.811202 -3.036585 0.515997
v 2.930542 -3.182001 0.515997
v 3.075959 -3.301341 0.515997
v 3.241863 -3.390019 0.515997
v 3.421880 -3.444626 0.515997
v 3.609091 -3.463065 0.515997
v 3.796302 -3.444626 0.515997
v 3.976318 -3.390019 0.515997
v 4.142223 -3.301341 0.515997
v 4.287640 -3.182001 0.515997
v 4.406979 -3.036585 0.515997
v 4.495658 -2.870680 0.515997
v 4.550265 -2.690663 0.515997
v 4.568704 -2.503452 0.515997
v 4.550265 -2.316241 0.515997
v 4.495658 -2.136225 0.515997
v 4.406979 -1.970320 0.515997
v 4.287640 -1.824904 0.515997
v 4.142223 -1.705564 0.515997
v 3.976319 -1.616886 0.515997
v 3.796302 -1.562278 0.515997
v 3.609091 -1.543840 0.515997
v 3.421880 -1.562278 0.515997
v 3.241863 -1.616886 0.515997
v 3.075959 -1.705563 0.515997
v 2.930542 -1.824904 0.515997
v 2.811202 -1.970320 0.515997
v 2.722524 -2.136224 0.515997
v 2.667917 -2.316241 0.515997
v 2.649478 -2.503452 0.515997
v 3.641158 -2.190382 -0.237013
v 3.696651 -1.983279 -0.204198
v 3.706835 -1.945271 -0.170470
v 3.745920 -1.799402 0.028427
v 3.796651 -2.010074 -0.204198
v 3.741158 -2.217177 -0.237013
v 3.845920 -1.826197 0.028427
v 3.806835 -1.972066 -0.170470
v 4.314103 -2.367585 0.028427
v 4.168234 -2.406670 -0.170470
v 4.130226 -2.416854 -0.204198
v 3.923122 -2.472347 -0.237013
v 3.896328 -2.372348 -0.237013
v 4.103431 -2.316854 -0.204198
v 4.141439 -2.306670 -0.170470
v 4.287308 -2.267585 0.028427
v 3.142974 -1.960961 0.028427
v 3.249757 -2.067744 -0.170470
v 3.277581 -2.095568 -0.204198
v 3.429191 -2.247179 -0.237013
v 3.176552 -2.140949 -0.170470
v 3.069769 -2.034166 0.028427
v 3.355986 -2.320384 -0.237013
v 3.204376 -2.168774 -0.204198
v 3.092086 -2.587843 -0.204198
v 3.299190 -2.532350 -0.237013
v 2.908210 -2.637113 0.028427
v 3.054078 -2.598028 -0.170470
v 3.080873 -2.698028 -0.170470
v 2.935005 -2.737113 0.028427
v 3.325985 -2.632350 -0.237013
v 3.118881 -2.687843 -0.204198
v 3.376392 -3.178500 0.028427
v 3.415477 -3.032632 -0.170471
v 3.425662 -2.994624 -0.204199
v 3.481155 -2.787520 -0.237013
v 3.515477 -3.059427 -0.170471
v 3.476392 -3.205295 0.028427
v 3.581155 -2.814315 -0.237013
v 3.525661 -3.021419 -0.204199
v 3.866326 -2.684314 -0.237013
v 4.017937 -2.835924 -0.204198
v 4.045760 -2.863748 -0.170470
v 4.152544 -2.970531 0.028427
v 3.944732 -2.909129 -0.204199
v 3.793121 -2.757519 -0.237013
v 4.079339 -3.043736 0.028427
v 3.972555 -2.936953 -0.170471
vt 0.158491 0.932821
vt 0.236822 0.926542
vt 0.164577 0.949018
vt 0.141144 0.497956
vt 0.170140 0.518034
vt 0.139172 0.518034
vt 0.272475 0.481245
vt 0.260245 0.574143
vt 0.185908 0.517102
vt 0.314867 0.591543
vt 0.282148 0.578375
vt 0.293126 0.569490
vt 0.202555 0.613260
vt 0.228006 0.588844
vt 0.221839 0.619191
vt 0.141144 0.538112
vt 0.175607 0.545607
vt 0.146983 0.557424
vt 0.184794 0.432376
vt 0.214508 0.451376
vt 0.202075 0.458074
vt 0.281333 0.422434
vt 0.282148 0.457693
vt 0.269652 0.451114
vt 0.241907 0.621258
vt 0.256115 0.588977
vt 0.261994 0.619382
vt 0.156467 0.575230
vt 0.191182 0.569006
vt 0.169233 0.590852
vt 0.169233 0.445217
vt 0.182246 0.477997
vt 0.156467 0.460838
vt 0.261994 0.416686
vt 0.242054 0.445777
vt 0.241907 0.414810
vt 0.281333 0.613634
vt 0.299185 0.604235
vt 0.184794 0.603692
vt 0.214508 0.584692
vt 0.171520 0.532089
vt 0.175607 0.490462
vt 0.171520 0.503980
vt 0.202555 0.422808
vt 0.228006 0.447224
vt 0.299184 0.431833
vt 0.293126 0.466578
vt 0.242054 0.590291
vt 0.182246 0.558071
vt 0.191182 0.467062
vt 0.256115 0.447091
vt 0.269652 0.584954
vt 0.202075 0.577995
vt 0.146983 0.478645
vt 0.221839 0.416877
vt 0.355951 0.674789
vt 0.331741 0.729534
vt 0.331741 0.674789
vt 0.292802 0.853465
vt 0.265293 0.845822
vt 0.281298 0.833540
vt 0.272936 0.873331
vt 0.281561 0.862091
vt 0.267514 0.886421
vt 0.253011 0.861828
vt 0.265665 0.900469
vt 0.245291 0.880467
vt 0.245290 0.920471
vt 0.242657 0.900469
vt 0.272936 0.927606
vt 0.267514 0.914516
vt 0.265293 0.955115
vt 0.253011 0.939110
vt 0.281561 0.938847
vt 0.281298 0.967397
vt 0.356133 0.729666
vt 0.380343 0.674921
vt 0.380343 0.729666
vt 0.303026 0.871163
vt 0.283061 0.895406
vt 0.287456 0.870483
vt 0.322059 0.870992
vt 0.305232 0.896374
vt 0.346583 0.881324
vt 0.326898 0.891571
vt 0.331314 0.859962
vt 0.362945 0.866331
vt 0.351179 0.836287
vt 0.341247 0.848124
vt 0.360434 0.825257
vt 0.374868 0.847615
vt 0.382510 0.804279
vt 0.381542 0.826450
vt 0.353925 0.791268
vt 0.357298 0.806484
vt 0.304133 0.674789
vt 0.287130 0.729534
vt 0.287130 0.674789
vt 0.137404 0.836450
vt 0.214768 0.843977
vt 0.138260 0.850593
vt 0.162255 0.712532
vt 0.228028 0.753951
vt 0.156678 0.725557
vt 0.147576 0.752382
vt 0.224503 0.763524
vt 0.221476 0.773266
vt 0.169701 0.961063
vt 0.240512 0.935215
vt 0.215908 0.854115
vt 0.139844 0.864672
vt 0.144077 0.766112
vt 0.218956 0.783151
vt 0.175200 0.973990
vt 0.244471 0.944522
vt 0.217571 0.864180
vt 0.142154 0.878651
vt 0.141291 0.780004
vt 0.216950 0.793154
vt 0.248430 0.953829
vt 0.180699 0.986916
vt 0.219752 0.874145
vt 0.145183 0.892492
vt 0.139226 0.794021
vt 0.215464 0.803246
vt 0.252120 0.962501
vt 0.185823 0.998961
vt 0.148922 0.906158
vt 0.222444 0.883985
vt 0.214500 0.813402
vt 0.137888 0.808126
vt 0.175388 0.687433
vt 0.252120 0.704389
vt 0.241500 0.726502
vt 0.153362 0.919613
vt 0.225641 0.893672
vt 0.214062 0.823594
vt 0.137280 0.822282
vt 0.236539 0.735416
vt 0.168497 0.699813
vt 0.229334 0.903182
vt 0.214152 0.833795
vt 0.232044 0.744574
vt 0.151780 0.738852
vt 0.296054 0.819148
vt 0.237437 0.785305
vt 0.256976 0.751463
vt 0.352529 0.647548
vt 0.331923 0.674921
vt 0.335527 0.647548
vt 0.368952 0.643148
vt 0.356133 0.674921
vt 0.368770 0.761307
vt 0.355951 0.729534
vt 0.379336 0.735800
vt 0.335345 0.756907
vt 0.352347 0.756907
vt 0.287312 0.729666
vt 0.304315 0.674921
vt 0.304315 0.729666
vt 0.270310 0.729666
vt 0.287312 0.674921
vt 0.331923 0.729666
vt 0.270128 0.729534
vt 0.270128 0.674789
vt 0.380161 0.674789
vt 0.304133 0.729534
vt 0.956039 0.781802
vt 0.893884 0.852332
vt 0.932111 0.769751
vt 0.890865 0.898939
vt 0.857526 0.982512
vt 0.833885 0.894386
vt 0.319939 0.846194
vt 0.299937 0.825820
vt 0.319939 0.823187
vt 0.305892 0.848043
vt 0.292802 0.947472
vt 0.305892 0.952894
vt 0.319939 0.954743
vt 0.299937 0.975117
vt 0.319939 0.977751
vt 0.933060 0.769976
vt 0.879378 0.743141
vt 0.935547 0.750207
vt 0.895048 0.851037
vt 0.836230 0.865353
vt 0.838153 0.845521
vt 0.835472 0.874525
vt 0.892452 0.879077
vt 0.937430 0.723339
vt 0.878987 0.736985
vt 0.881155 0.717178
vt 0.876891 0.762910
vt 0.027237 0.272773
vt 0.355043 0.316332
vt 0.012606 0.315985
vt 0.038157 0.252523
vt 0.369674 0.273121
vt 0.023486 0.336257
vt 0.355043 0.336257
vt 0.038551 0.379319
vt 0.370109 0.379319
vt 0.039338 0.273096
vt 0.371101 0.252831
vt 0.371122 0.272756
vt 0.024232 0.316144
vt 0.356037 0.335729
vt 0.013381 0.336432
vt 0.356017 0.315804
vt 0.028138 0.379600
vt 0.370794 0.378897
vt 0.324265 0.104617
vt 0.404101 0.124543
vt 0.324265 0.124542
vt 0.404102 0.106439
vt 0.324265 0.126364
vt 0.324265 0.106439
vt 0.030359 0.208893
vt 0.000348 0.124541
vt 0.030359 0.020265
vt 0.351027 0.029399
vt 0.351594 0.009483
vt 0.030927 0.000348
vt 0.000348 0.104616
vt 0.030359 0.022088
vt 0.351026 0.031221
vt 0.000348 0.106440
vt 0.351594 0.221499
vt 0.030359 0.210717
vt 0.351027 0.201582
vt 0.000348 0.126365
vt 0.835720 0.899164
vt 0.889841 0.897450
vt 0.912984 0.985458
vt 0.589710 0.208842
vt 0.475662 0.169892
vt 0.475662 0.130942
vt 0.833846 0.892038
vt 0.883411 0.716663
vt 0.938656 0.723597
vt 0.938656 0.977793
vt 0.915886 0.891205
vt 0.935261 0.743146
vt 0.876765 0.763676
vt 0.830450 0.847439
vt 0.837807 0.847835
vt 0.826533 0.891137
vt 0.876003 0.715704
vt 0.869336 0.762890
vt 0.873627 0.770455
vt 0.588812 0.132482
vt 0.475302 0.105696
vt 0.589350 0.105696
vt 0.589171 0.104156
vt 0.475123 0.104156
vt 0.589171 0.027512
vt 0.475662 0.000739
vt 0.589710 0.000738
vt 0.588811 0.001021
vt 0.475302 0.027795
vt 0.474763 0.001022
vt 0.440380 0.027718
vt 0.408834 0.001132
vt 0.439841 0.000945
vt 0.458631 0.202443
vt 0.451948 0.155304
vt 0.474764 0.132481
vt 0.459169 0.099011
vt 0.452487 0.050608
vt 0.409194 0.027402
vt 0.440740 0.000816
vt 0.440201 0.027590
vt 0.374265 0.027129
vt 0.391010 0.000424
vt 0.391728 0.027205
vt 0.408476 0.000620
vt 0.457662 0.027580
vt 0.458200 0.000806
vt 0.475123 0.027512
vt 0.408116 0.027914
vt 0.391369 0.001329
vt 0.390650 0.028110
vt 0.373906 0.001405
vt 0.457840 0.027728
vt 0.457302 0.000954
vt 0.475123 0.065834
vt 0.458990 0.034194
vt 0.452308 0.081333
vt 0.458990 0.097471
vt 0.452308 0.050325
vt 0.459529 0.137626
vt 0.452846 0.153764
vt 0.459529 0.202160
vt 0.475662 0.208842
vt 0.452846 0.186029
vt 0.304147 0.812937
vt 0.327305 0.795419
vt 0.327305 0.804844
vt 0.327305 0.785305
vt 0.304147 0.785305
vt 0.327305 0.775191
vt 0.304147 0.757673
vt 0.327305 0.765766
vt 0.189563 0.503461
vt 0.196624 0.491231
vt 0.206610 0.481245
vt 0.218840 0.474184
vt 0.232481 0.470528
vt 0.246604 0.470528
vt 0.260245 0.474183
vt 0.282461 0.491230
vt 0.289522 0.503461
vt 0.293177 0.517102
vt 0.293177 0.531224
vt 0.289522 0.544865
vt 0.282461 0.557095
vt 0.272475 0.567081
vt 0.246604 0.577798
vt 0.232482 0.577798
vt 0.218841 0.574143
vt 0.206610 0.567081
vt 0.196624 0.557095
vt 0.189563 0.544865
vt 0.185908 0.531224
vt 0.314867 0.444525
vt 0.377707 0.782613
vt 0.183637 0.672223
vt 0.266401 0.747559
vt 0.276515 0.746227
vt 0.286629 0.747559
vt 0.296054 0.751463
vt 0.286629 0.823051
vt 0.276515 0.824383
vt 0.266401 0.823051
vt 0.256976 0.819147
vt 0.248883 0.812937
vt 0.242673 0.804844
vt 0.238769 0.795419
vt 0.238769 0.775191
vt 0.242673 0.765766
vt 0.248883 0.757673
vt 0.379518 0.668655
vt 0.270310 0.674921
vt 0.380161 0.729534
vt 0.918428 0.863051
vt 0.914063 0.985413
vt 0.893125 0.870869
vt 0.369714 0.253196
vt 0.028445 0.252831
vt 0.404101 0.104618
vt 0.404102 0.126364
vt 0.351026 0.199760
vt 0.030927 0.230633
vt 0.857431 0.981727
vt 0.855531 0.974503
vt 0.589710 0.130942
vt 0.828132 0.874130
vt 0.828935 0.864453
vt 0.872190 0.742210
vt 0.871778 0.736223
vt 0.840903 0.841148
vt 0.589350 0.027795
vt 0.588811 0.209125
vt 0.474764 0.209125
vt 0.451948 0.186312
vt 0.458631 0.139166
vt 0.452487 0.082873
vt 0.459169 0.034477
vt 0.373547 0.000348
vt 0.373188 0.028186
vt 0.779634 0.944371
vt 0.712017 0.932122
vt 0.779634 0.932122
vt 0.685346 0.978896
vt 0.704618 0.971497
vt 0.712017 0.978896
vt 0.779634 0.920796
vt 0.712017 0.908923
vt 0.779634 0.908923
vt 0.779634 0.991145
vt 0.779634 0.978896
vt 0.779634 0.967570
vt 0.712017 0.955697
vt 0.779634 0.955697
vt 0.779634 0.973233
vt 0.712017 0.973233
vt 0.712017 0.950034
vt 0.712017 0.944371
vt 0.779634 0.950034
vt 0.712017 0.926459
vt 0.712017 0.920796
vt 0.779634 0.926459
vt 0.779634 0.897597
vt 0.712017 0.903260
vt 0.712017 0.897597
vt 0.779634 0.903260
vt 0.685346 0.991145
vt 0.687513 0.973664
vt 0.692745 0.971497
vt 0.709850 0.973664
vt 0.712017 0.991145
vt 0.709850 0.996377
vt 0.704618 0.998544
vt 0.692745 0.998544
vt 0.687513 0.996377
vt 0.712017 0.967570
vt 0.071802 0.403474
vt 0.085879 0.981510
vt 0.072027 0.979730
vt 0.057838 0.403204
vt 0.058079 0.978995
vt 0.044131 0.979741
vt 0.030281 0.981533
vt 0.043874 0.403485
vt 0.016430 0.983325
vt 0.029923 0.404157
vt 0.113680 0.984027
vt 0.127630 0.404792
vt 0.127630 0.983289
vt 0.099703 0.404793
vt 0.099731 0.983290
vt 0.085753 0.404133
vt 0.984733 0.357220
vt 0.961131 0.475824
vt 0.961131 0.357220
vt 0.616959 0.323785
vt 0.553909 0.274002
vt 0.638455 0.290060
vt 0.735649 0.249787
vt 0.703948 0.185710
vt 0.755537 0.218417
vt 0.684060 0.217080
vt 0.668548 0.356492
vt 0.690044 0.322768
vt 0.828763 0.357220
vt 0.808055 0.475824
vt 0.808055 0.357220
vt 0.704386 0.019305
vt 0.725304 0.082156
vt 0.659530 0.105997
vt 0.931778 0.357220
vt 0.911070 0.475824
vt 0.911070 0.357220
vt 0.881717 0.357220
vt 0.881717 0.475824
vt 0.858115 0.475824
vt 0.828762 0.475824
vt 0.778702 0.357220
vt 0.778702 0.475824
vt 0.858116 0.357220
vt 0.997191 0.332046
vt 0.780315 0.302446
vt 0.997191 0.302446
vt 0.780315 0.234672
vt 0.997191 0.137298
vt 0.780315 0.137298
vt 0.780315 0.069524
vt 0.996757 0.332673
vt 0.779881 0.303073
vt 0.996758 0.303073
vt 0.996758 0.167525
vt 0.779881 0.137925
vt 0.996758 0.137925
vt 0.997191 0.166898
vt 0.654309 0.137298
vt 0.749192 0.166898
vt 0.654309 0.166898
vt 0.653875 0.167525
vt 0.748758 0.137925
vt 0.748758 0.167525
vt 0.764320 0.332673
vt 0.748758 0.303073
vt 0.764320 0.303073
vt 0.749192 0.302446
vt 0.764754 0.332046
vt 0.749192 0.332046
vt 0.764754 0.302446
vt 0.780315 0.332046
vt 0.764320 0.167525
vt 0.764320 0.137925
vt 0.779881 0.167525
vt 0.780315 0.166898
vt 0.764754 0.137298
vt 0.764754 0.166898
vt 0.749192 0.137298
vt 0.779881 0.070151
vt 0.779881 0.332673
vt 0.765504 0.173480
vt 0.779881 0.235299
vt 0.779881 0.002377
vt 0.765504 0.008333
vt 0.765504 0.297118
vt 0.759549 0.282741
vt 0.759549 0.187857
vt 0.759549 0.022710
vt 0.759549 0.117593
vt 0.765504 0.131970
vt 0.780315 0.001750
vt 0.765938 0.007705
vt 0.759983 0.022082
vt 0.765938 0.131343
vt 0.759983 0.116966
vt 0.765938 0.172853
vt 0.759983 0.187230
vt 0.765938 0.296490
vt 0.759983 0.282114
vt 0.740296 0.392630
vt 0.710143 0.414319
vt 0.630014 0.416402
vt 0.578425 0.383695
vt 0.610616 0.382179
vt 0.607502 0.367837
vt 0.613886 0.357912
vt 0.628228 0.354798
vt 0.636936 0.360398
vt 0.619324 0.387780
vt 0.640050 0.374741
vt 0.633666 0.384666
vt 0.997191 0.001750
vt 0.653875 0.137925
vt 0.748758 0.332673
vt 0.996758 0.002377
vt 0.015973 0.404828
vt 0.113666 0.405066
vt 0.984733 0.475824
vt 0.546978 0.310493
vt 0.638612 0.085079
vt 0.638612 0.043146
vt 0.662453 0.019305
vt 0.725304 0.040223
vt 0.701463 0.105997
vt 0.931778 0.475824
vt 0.462786 0.548643
vt 0.504803 0.522010
vt 0.504802 0.548643
vt 0.462786 0.522010
vt 0.504802 0.495378
vt 0.462786 0.495378
vt 0.504803 0.468745
vt 0.462786 0.468745
vt 0.504803 0.442112
vt 0.462786 0.442112
vt 0.504803 0.415480
vt 0.462786 0.415480
vt 0.504803 0.388847
vt 0.462786 0.388847
vt 0.504803 0.362214
vt 0.462786 0.362214
vt 0.504803 0.335581
vt 0.462786 0.335581
vt 0.504803 0.308949
vt 0.462786 0.308949
vt 0.504803 0.282316
vt 0.462786 0.282316
vt 0.504803 0.255684
vt 0.752572 0.761246
vt 0.714721 0.764886
vt 0.735466 0.744140
vt 0.756212 0.723395
vt 0.776049 0.743232
vt 0.462786 0.841603
vt 0.504803 0.814970
vt 0.504803 0.841603
vt 0.462786 0.814970
vt 0.504803 0.788337
vt 0.462786 0.788337
vt 0.504803 0.761704
vt 0.462786 0.761705
vt 0.504803 0.735072
vt 0.462786 0.735072
vt 0.504803 0.708439
vt 0.462786 0.708439
vt 0.504803 0.681806
vt 0.462786 0.681806
vt 0.504803 0.655174
vt 0.462786 0.655174
vt 0.504803 0.628541
vt 0.462786 0.628541
vt 0.504803 0.601908
vt 0.874472 0.666967
vt 0.894344 0.657632
vt 0.909258 0.657632
vt 0.874472 0.535011
vt 0.945275 0.544332
vt 0.909258 0.544346
vt 0.462786 0.601908
vt 0.504803 0.575276
vt 0.462786 0.575276
vt 0.929130 0.666439
vt 0.858327 0.657118
vt 0.894344 0.657104
vt 0.874472 0.534483
vt 0.945275 0.543804
vt 0.909258 0.543818
vt 0.827074 0.686744
vt 0.789223 0.690384
vt 0.809968 0.669638
vt 0.809060 0.710221
vt 0.701547 0.817734
vt 0.734558 0.784723
vt 0.830714 0.648893
vt 0.850551 0.668730
vt 0.462786 0.255683
vt 0.923664 0.653771
vt 0.929130 0.666967
vt 0.911122 0.671792
vt 0.892480 0.671792
vt 0.858327 0.657646
vt 0.867022 0.646314
vt 0.879938 0.653771
vt 0.856476 0.635768
vt 0.845144 0.644463
vt 0.835823 0.628318
vt 0.830998 0.610310
vt 0.830998 0.591667
vt 0.835823 0.573660
vt 0.845144 0.557514
vt 0.858327 0.544332
vt 0.892480 0.530185
vt 0.911122 0.530185
vt 0.929130 0.535011
vt 0.958458 0.557514
vt 0.967779 0.573660
vt 0.972604 0.591667
vt 0.972604 0.610310
vt 0.967779 0.628318
vt 0.958458 0.644463
vt 0.945275 0.657646
vt 0.936580 0.646314
vt 0.947126 0.635768
vt 0.849018 0.622852
vt 0.845158 0.608446
vt 0.954584 0.622852
vt 0.845158 0.593532
vt 0.958444 0.608446
vt 0.958444 0.593532
vt 0.849018 0.579126
vt 0.856476 0.566209
vt 0.954584 0.579126
vt 0.867022 0.555663
vt 0.947126 0.566209
vt 0.936580 0.555663
vt 0.879938 0.548206
vt 0.894344 0.544346
vt 0.923664 0.548206
vt 0.909258 0.657104
vt 0.923664 0.653244
vt 0.911122 0.671264
vt 0.892480 0.671264
vt 0.874472 0.666439
vt 0.867022 0.645787
vt 0.879938 0.653244
vt 0.856476 0.635241
vt 0.845144 0.643935
vt 0.835823 0.627790
vt 0.830998 0.609783
vt 0.830998 0.591140
vt 0.835823 0.573132
vt 0.845144 0.556987
vt 0.858327 0.543804
vt 0.892480 0.529658
vt 0.911122 0.529658
vt 0.929130 0.534483
vt 0.958458 0.556987
vt 0.967779 0.573132
vt 0.972604 0.591140
vt 0.972604 0.609783
vt 0.967779 0.627790
vt 0.958458 0.643935
vt 0.945275 0.657118
vt 0.936580 0.645787
vt 0.947127 0.635241
vt 0.849018 0.622324
vt 0.845158 0.607918
vt 0.954584 0.622324
vt 0.845158 0.593004
vt 0.958444 0.607918
vt 0.958444 0.593004
vt 0.849018 0.578598
vt 0.856476 0.565682
vt 0.954584 0.578598
vt 0.867022 0.555136
vt 0.947126 0.565682
vt 0.936580 0.555136
vt 0.879938 0.547679
vt 0.894344 0.543818
vt 0.923664 0.547679
vt 0.681710 0.797897
vt 0.463198 0.188097
vt 0.370971 0.188097
vt 0.463198 0.172459
vt 0.463198 0.203734
vt 0.370971 0.172460
vt 0.370971 0.203734
vt 0.463198 0.156822
vt 0.463198 0.219372
vt 0.370971 0.156822
vt 0.370971 0.219372
vt 0.463198 0.235009
vt 0.370971 0.235009
vt 0.463198 0.141185
vt 0.370971 0.141185
vt 0.463198 0.250647
vt 0.370971 0.250647
vt 0.463198 0.125547
vt 0.370971 0.125547
vt 0.463198 0.109910
vt 0.463198 0.266284
vt 0.370971 0.109910
vt 0.370971 0.266284
vt 0.463198 0.281921
vt 0.463197 0.094272
vt 0.370971 0.094272
vt 0.370971 0.281921
vt 0.463198 0.078635
vt 0.370971 0.297559
vt 0.370971 0.078635
vt 0.463198 0.297559
vt 0.463197 0.062998
vt 0.370971 0.062998
vt 0.463198 0.313196
vt 0.370971 0.313196
vt 0.463198 0.328834
vt 0.463197 0.047360
vt 0.370971 0.047360
vt 0.370971 0.328834
vt 0.463198 0.344471
vt 0.370971 0.344471
vt 0.463197 0.031723
vt 0.370971 0.547757
vt 0.370971 0.532120
vt 0.463197 0.532120
vt 0.463197 0.516482
vt 0.463198 0.360108
vt 0.370971 0.516482
vt 0.370971 0.360108
vt 0.463197 0.500845
vt 0.463198 0.375746
vt 0.370971 0.375746
vt 0.370971 0.500845
vt 0.463198 0.391383
vt 0.463198 0.485208
vt 0.370971 0.391383
vt 0.370971 0.485208
vt 0.463198 0.407021
vt 0.463198 0.469570
vt 0.370971 0.407021
vt 0.370971 0.469570
vt 0.463198 0.422658
vt 0.463198 0.453933
vt 0.370971 0.453933
vt 0.370971 0.422658
vt 0.463198 0.438295
vt 0.370971 0.438295
vt 0.053261 0.802122
vt 0.035664 0.793556
vt 0.055556 0.793556
vt 0.037959 0.859227
vt 0.018438 0.857847
vt 0.024708 0.851577
vt 0.017057 0.823024
vt 0.008492 0.840620
vt 0.008492 0.820729
vt 0.074163 0.838325
vt 0.072783 0.857847
vt 0.066512 0.851576
vt 0.072783 0.803502
vt 0.066512 0.809773
vt 0.017057 0.838325
vt 0.759651 0.236742
vt 0.751085 0.219145
vt 0.759651 0.221440
vt 0.055556 0.867793
vt 0.053261 0.859227
vt 0.074163 0.823024
vt 0.082729 0.820729
vt 0.024708 0.809773
vt 0.037959 0.802122
vt 0.035664 0.867793
vt 0.082729 0.840620
vt 0.915727 0.083729
vt 0.938390 0.068427
vt 0.938390 0.083729
vt 0.915727 0.114331
vt 0.938390 0.099030
vt 0.938390 0.114331
vt 0.915727 0.144934
vt 0.938390 0.129633
vt 0.938390 0.144934
vt 0.385927 0.944544
vt 0.411633 0.913230
vt 0.411633 0.944544
vt 0.915727 0.175537
vt 0.938390 0.160235
vt 0.938390 0.175537
vt 0.915727 0.206139
vt 0.938390 0.190838
vt 0.938390 0.206139
vt 0.915727 0.236742
vt 0.938390 0.221440
vt 0.938390 0.236742
vt 0.392729 0.626002
vt 0.367023 0.587929
vt 0.392729 0.587929
vt 0.392739 0.626370
vt 0.367033 0.588297
vt 0.392739 0.588297
vt 0.392570 0.626370
vt 0.366864 0.588297
vt 0.392570 0.588297
vt 0.392065 0.586984
vt 0.366359 0.625057
vt 0.366358 0.586984
vt 0.392475 0.625222
vt 0.366769 0.587149
vt 0.392475 0.587149
vt 0.098480 0.984914
vt 0.128781 0.934861
vt 0.131181 0.983294
vt 0.324552 0.774464
vt 0.350258 0.659558
vt 0.350258 0.774464
vt 0.325226 0.775777
vt 0.350932 0.660871
vt 0.350932 0.775777
vt 0.411623 0.944176
vt 0.385917 0.912862
vt 0.411623 0.912862
vt 0.367033 0.731655
vt 0.367033 0.626370
vt 0.385758 0.944544
vt 0.411464 0.913230
vt 0.411464 0.944544
vt 0.385663 0.943396
vt 0.411369 0.912082
vt 0.411369 0.943396
vt 0.350258 0.928233
vt 0.324552 0.887298
vt 0.350258 0.887298
vt 0.325226 0.929546
vt 0.350932 0.888611
vt 0.350932 0.929546
vt 0.308861 0.730507
vt 0.324962 0.659723
vt 0.324962 0.774630
vt 0.203015 0.712239
vt 0.172547 0.742163
vt 0.169824 0.687207
vt 0.206741 0.688296
vt 0.167800 0.646359
vt 0.366769 0.730507
vt 0.392475 0.730507
vt 0.089444 0.802547
vt 0.096080 0.936481
vt 0.173330 0.559910
vt 0.134555 0.601420
vt 0.143669 0.554187
vt 0.137123 0.688827
vt 0.135099 0.647979
vt 0.350668 0.659723
vt 0.366769 0.625222
vt 0.375723 0.796911
vt 0.350668 0.774630
vt 0.375723 0.734902
vt 0.299907 0.796911
vt 0.324962 0.817830
vt 0.367023 0.731287
vt 0.392729 0.731287
vt 0.379575 0.815542
vt 0.405282 0.802674
vt 0.405282 0.815542
vt 0.352735 0.927365
vt 0.327029 0.886430
vt 0.352735 0.886430
vt 0.350668 0.849941
vt 0.350668 0.817830
vt 0.309115 0.731287
vt 0.325216 0.660503
vt 0.325216 0.775409
vt 0.282497 0.890651
vt 0.325216 0.850721
vt 0.325216 0.888243
vt 0.393641 0.890651
vt 0.350922 0.850721
vt 0.393641 0.836793
vt 0.375977 0.797691
vt 0.350922 0.775409
vt 0.375977 0.735682
vt 0.405536 0.816322
vt 0.379829 0.803453
vt 0.405536 0.803453
vt 0.350922 0.660503
vt 0.325216 0.929178
vt 0.350922 0.888243
vt 0.350922 0.929178
vt 0.350922 0.818610
vt 0.379839 0.816690
vt 0.405545 0.803821
vt 0.405545 0.816690
vt 0.325226 0.851088
vt 0.350932 0.818978
vt 0.350932 0.851088
vt 0.375987 0.798059
vt 0.375987 0.736050
vt 0.392739 0.731655
vt 0.366864 0.731655
vt 0.392570 0.731655
vt 0.300171 0.798059
vt 0.325226 0.818978
vt 0.308957 0.731655
vt 0.325057 0.660871
vt 0.325057 0.775777
vt 0.300003 0.798059
vt 0.325057 0.818978
vt 0.350764 0.660871
vt 0.366864 0.626370
vt 0.375818 0.798059
vt 0.350764 0.775777
vt 0.375818 0.736050
vt 0.379671 0.816690
vt 0.405377 0.803821
vt 0.405377 0.816690
vt 0.350764 0.929546
vt 0.325057 0.888611
vt 0.350764 0.888611
vt 0.350764 0.851089
vt 0.350764 0.818978
vt 0.308451 0.730342
vt 0.324552 0.659558
vt 0.299497 0.796746
vt 0.324552 0.817665
vt 0.324552 0.849775
vt 0.350258 0.817665
vt 0.350258 0.849775
vt 0.392065 0.730342
vt 0.392065 0.625057
vt 0.385253 0.943231
vt 0.410959 0.911917
vt 0.410959 0.943231
vt 0.404872 0.815377
vt 0.379166 0.802508
vt 0.404872 0.802508
vt 0.851024 0.083729
vt 0.915727 0.068427
vt 0.052560 0.968036
vt 0.067012 0.952734
vt 0.067012 0.968036
vt 0.851024 0.099030
vt 0.915727 0.099030
vt 0.052560 0.983337
vt 0.067012 0.983337
vt 0.851024 0.114331
vt 0.948007 0.533596
vt 0.557964 0.479113
vt 0.948007 0.479114
vt 0.851024 0.129633
vt 0.915727 0.129633
vt 0.021310 0.952709
vt 0.035762 0.937407
vt 0.035762 0.952709
vt 0.851024 0.144934
vt 0.021310 0.968010
vt 0.035762 0.968010
vt 0.851024 0.160235
vt 0.915727 0.160235
vt 0.021310 0.983311
vt 0.035762 0.983311
vt 0.851024 0.175537
vt 0.488059 0.282086
vt 0.520375 0.063579
vt 0.520375 0.282086
vt 0.915727 0.190838
vt 0.051522 0.897372
vt 0.066823 0.882920
vt 0.066823 0.897372
vt 0.851024 0.206139
vt 0.036221 0.897372
vt 0.051522 0.882920
vt 0.851024 0.221440
vt 0.915727 0.221440
vt 0.020919 0.882920
vt 0.020919 0.897372
vt 0.851024 0.236742
vt 0.589753 0.276734
vt 0.620275 0.058228
vt 0.620275 0.276734
vt 0.851024 0.068427
vt 0.915727 0.053126
vt 0.836572 0.068427
vt 0.851024 0.053126
vt 0.526915 0.058228
vt 0.494599 0.027706
vt 0.526916 0.027706
vt 0.557964 0.309259
vt 0.503482 0.366945
vt 0.503482 0.309259
vt 0.488059 0.033057
vt 0.520375 0.033058
vt 0.557437 0.058228
vt 0.589753 0.058228
vt 0.583213 0.282086
vt 0.613735 0.063579
vt 0.613735 0.282086
vt 0.526915 0.276734
vt 0.494599 0.058228
vt 0.948007 0.421428
vt 0.557964 0.421427
vt 0.557437 0.276734
vt 0.557964 0.366945
vt 0.948007 0.366945
vt 0.948007 0.309259
vt 0.550897 0.063579
vt 0.550897 0.282086
vt 0.583213 0.063579
vt 0.209319 0.591439
vt 0.163364 0.604294
vt 0.379575 0.802674
vt 0.393387 0.889871
vt 0.393387 0.836013
vt 0.296055 0.815542
vt 0.324962 0.849941
vt 0.282243 0.889871
vt 0.324962 0.887463
vt 0.379829 0.816322
vt 0.296309 0.816322
vt 0.325216 0.818610
vt 0.300161 0.797691
vt 0.296319 0.816690
vt 0.282507 0.891019
vt 0.325226 0.888611
vt 0.379839 0.803821
vt 0.393651 0.891019
vt 0.393651 0.837161
vt 0.379671 0.803821
vt 0.393483 0.891019
vt 0.393483 0.837161
vt 0.296150 0.816690
vt 0.325057 0.851089
vt 0.282338 0.891019
vt 0.295645 0.815377
vt 0.281833 0.889706
vt 0.139846 0.743783
vt 0.147088 0.889956
vt 0.759651 0.083729
vt 0.836572 0.083729
vt 0.759651 0.099030
vt 0.836572 0.099030
vt 0.759651 0.114331
vt 0.836572 0.114331
vt 0.759651 0.129633
vt 0.836572 0.129633
vt 0.759651 0.144934
vt 0.836572 0.144934
vt 0.759651 0.160235
vt 0.836572 0.160235
vt 0.759651 0.175536
vt 0.836572 0.175537
vt 0.836572 0.190838
vt 0.759651 0.206139
vt 0.836572 0.206139
vt 0.836572 0.221441
vt 0.836572 0.236742
vt 0.759651 0.068427
vt 0.836573 0.053126
vt 0.904258 0.728522
vt 0.918833 0.703896
vt 0.913384 0.731290
vt 0.674265 0.605589
vt 0.686645 0.579788
vt 0.692694 0.587160
vt 0.894285 0.752601
vt 0.902695 0.757096
vt 0.709869 0.564270
vt 0.714364 0.572680
vt 0.879805 0.774271
vt 0.887177 0.780320
vt 0.735674 0.553581
vt 0.738442 0.562707
vt 0.861377 0.792700
vt 0.867426 0.800071
vt 0.764004 0.557622
vt 0.763069 0.548132
vt 0.714364 0.807179
vt 0.735675 0.826278
vt 0.709869 0.815589
vt 0.839707 0.807179
vt 0.844202 0.815589
vt 0.791001 0.548132
vt 0.790067 0.557622
vt 0.692694 0.792700
vt 0.686645 0.800071
vt 0.815628 0.817153
vt 0.818396 0.826278
vt 0.818396 0.553581
vt 0.815628 0.562706
vt 0.666894 0.780321
vt 0.674265 0.774271
vt 0.790066 0.822237
vt 0.791001 0.831727
vt 0.844202 0.564270
vt 0.839706 0.572680
vt 0.651376 0.757096
vt 0.659786 0.752601
vt 0.764004 0.822237
vt 0.763070 0.831727
vt 0.867426 0.579788
vt 0.861377 0.587160
vt 0.640687 0.731291
vt 0.649812 0.728523
vt 0.738443 0.817153
vt 0.879805 0.605589
vt 0.887177 0.599539
vt 0.635238 0.703896
vt 0.644728 0.702961
vt 0.894285 0.627259
vt 0.902695 0.622764
vt 0.635238 0.675964
vt 0.644728 0.676899
vt 0.904258 0.651337
vt 0.913384 0.648569
vt 0.640687 0.648569
vt 0.649812 0.651337
vt 0.909343 0.676899
vt 0.918833 0.675964
vt 0.651376 0.622764
vt 0.659786 0.627259
vt 0.909343 0.702961
vt 0.666894 0.599539
vt 0.838989 0.809207
vt 0.866361 0.801933
vt 0.843243 0.817380
vt 0.814910 0.819181
vt 0.817556 0.828020
vt 0.790287 0.833444
vt 0.789349 0.824265
vt 0.762483 0.833444
vt 0.763286 0.824265
vt 0.735214 0.828020
vt 0.737725 0.819181
vt 0.709527 0.817380
vt 0.713646 0.809207
vt 0.686409 0.801933
vt 0.691976 0.794728
vt 0.666749 0.782273
vt 0.673547 0.776299
vt 0.651302 0.759155
vt 0.659068 0.754629
vt 0.640662 0.733468
vt 0.649094 0.730550
vt 0.635238 0.706199
vt 0.644010 0.704989
vt 0.635238 0.678395
vt 0.644010 0.678926
vt 0.640662 0.651126
vt 0.649094 0.653365
vt 0.651302 0.625439
vt 0.659068 0.629286
vt 0.666749 0.602321
vt 0.673547 0.607616
vt 0.686409 0.582661
vt 0.691976 0.589188
vt 0.709527 0.567214
vt 0.713646 0.574708
vt 0.735214 0.556574
vt 0.737725 0.564735
vt 0.762483 0.551150
vt 0.763286 0.559650
vt 0.789349 0.559650
vt 0.790287 0.551150
vt 0.814910 0.564735
vt 0.817556 0.556574
vt 0.838989 0.574708
vt 0.843243 0.567214
vt 0.860659 0.589188
vt 0.866361 0.582661
vt 0.879088 0.607616
vt 0.886021 0.602321
vt 0.893567 0.629287
vt 0.901468 0.625439
vt 0.903541 0.653365
vt 0.912108 0.651126
vt 0.908625 0.678927
vt 0.917532 0.678395
vt 0.908625 0.704989
vt 0.917532 0.706199
vt 0.903541 0.730551
vt 0.912108 0.733468
vt 0.893567 0.754629
vt 0.901468 0.759155
vt 0.879087 0.776299
vt 0.886021 0.782273
vt 0.860659 0.794728
vt 0.220160 0.554180
vt 0.099658 0.565221
vt 0.106630 0.529090
vt 0.350668 0.928398
vt 0.385663 0.912082
vt 0.324962 0.928398
vt 0.289967 0.912082
vt 0.195810 0.797276
vt 0.179790 0.888336
vt 0.385917 0.944176
vt 0.290221 0.912862
vt 0.385927 0.913230
vt 0.290231 0.913230
vt 0.385758 0.913230
vt 0.325057 0.929546
vt 0.290063 0.913230
vt 0.324552 0.928233
vt 0.289557 0.911916
vt 0.385253 0.911917
vt 0.077776 0.797520
vt 0.106569 0.717018
vt 0.110477 0.795900
vt 0.419094 0.836013
vt 0.401429 0.734902
vt 0.419347 0.836793
vt 0.401683 0.735682
vt 0.419357 0.891019
vt 0.401693 0.736050
vt 0.419189 0.837161
vt 0.401525 0.798059
vt 0.392977 0.835848
vt 0.418684 0.889706
vt 0.392977 0.889706
vt 0.375313 0.734737
vt 0.401019 0.796746
vt 0.375313 0.796746
vt 0.069997 0.559498
vt 0.076970 0.523366
vt 0.367023 0.626002
vt 0.081512 0.599051
vt 0.082293 0.665881
vt 0.100494 0.693560
vt 0.101305 0.709930
vt 0.122145 0.800926
vt 0.309125 0.731655
vt 0.325226 0.660871
vt 0.050395 0.666254
vt 0.049614 0.599424
vt 0.068604 0.711550
vt 0.379166 0.815377
vt 0.366359 0.730342
vt 0.751085 0.239037
vt 0.018437 0.803502
vt 0.308861 0.625222
vt 0.206923 0.791121
vt 0.207553 0.704666
vt 0.299907 0.734902
vt 0.327029 0.927365
vt 0.309116 0.626002
vt 0.282497 0.836793
vt 0.300171 0.736050
vt 0.308957 0.626370
vt 0.300002 0.736050
vt 0.308451 0.625057
vt 0.299497 0.734737
vt 0.052560 0.952734
vt 0.557964 0.533595
vt 0.021310 0.937407
vt 0.488059 0.063579
vt 0.851024 0.190838
vt 0.036221 0.882920
vt 0.494599 0.276734
vt 0.220160 0.653917
vt 0.350668 0.887463
vt 0.296055 0.802674
vt 0.282243 0.836013
vt 0.296309 0.803453
vt 0.300161 0.735682
vt 0.296319 0.803821
vt 0.282507 0.837160
vt 0.296150 0.803821
vt 0.282338 0.837161
vt 0.295645 0.802508
vt 0.281833 0.835848
vt 0.759651 0.190838
vt 0.759651 0.053126
vt 0.289967 0.943396
vt 0.202446 0.931211
vt 0.290221 0.944176
vt 0.290231 0.944544
vt 0.290063 0.944544
vt 0.289557 0.943231
vt 0.073868 0.718638
vt 0.419094 0.889871
vt 0.401429 0.796911
vt 0.419347 0.890651
vt 0.401683 0.797691
vt 0.419357 0.837161
vt 0.401693 0.798059
vt 0.419189 0.891019
vt 0.401525 0.736050
vt 0.418684 0.835848
vt 0.401019 0.734737
vt 0.309125 0.626370
vt 0.067793 0.695180
vt 0.568572 0.944563
vt 0.537280 0.956369
vt 0.553971 0.936334
vt 0.520480 0.936775
vt 0.543062 0.923611
vt 0.511467 0.912589
vt 0.537210 0.907906
vt 0.537156 0.891146
vt 0.511384 0.886778
vt 0.616123 0.936055
vt 0.649618 0.936193
vt 0.632994 0.955938
vt 0.153748 0.658318
vt 0.140500 0.649839
vt 0.143872 0.648442
vt 0.153748 0.624599
vt 0.140500 0.633079
vt 0.152351 0.621227
vt 0.167715 0.624599
vt 0.180963 0.633078
vt 0.177591 0.634475
vt 0.167715 0.658318
vt 0.180963 0.649839
vt 0.169112 0.661690
vt 0.152351 0.661690
vt 0.143872 0.634475
vt 0.169112 0.621227
vt 0.177591 0.648442
vt 0.294410 0.628061
vt 0.316404 0.638658
vt 0.303163 0.654603
vt 0.278832 0.634244
vt 0.288540 0.664224
vt 0.271053 0.665000
vt 0.250979 0.659843
vt 0.262587 0.638365
vt 0.359108 0.604284
vt 0.366040 0.585149
vt 0.379236 0.599341
vt 0.343253 0.611702
vt 0.352748 0.595358
vt 0.324403 0.613094
vt 0.329650 0.622718
vt 0.309410 0.620584
vt 0.348497 0.964209
vt 0.511384 0.938399
vt 0.511184 0.964209
vt 0.348697 0.938399
vt 0.348697 0.886778
vt 0.820237 0.989670
vt 0.657349 0.963860
vt 0.820037 0.963860
vt 0.657149 0.938050
vt 0.819836 0.938050
vt 0.657066 0.912240
vt 0.819753 0.912240
vt 0.819836 0.886429
vt 0.348296 0.990018
vt 0.510984 0.990018
vt 0.585097 0.947359
vt 0.559766 0.969040
vt 0.610623 0.968811
vt 0.585214 0.973346
vt 0.601597 0.944414
vt 0.626918 0.923233
vt 0.246051 0.641100
vt 0.339204 0.605230
vt 0.348780 0.912589
vt 0.657549 0.989670
vt 0.657149 0.886429
vt 0.994327 0.817174
vt 0.962802 0.831297
vt 0.962802 0.817174
vt 0.994327 0.831297
vt 0.962802 0.845419
vt 0.994327 0.845419
vt 0.962802 0.859541
vt 0.994327 0.859541
vt 0.962802 0.873664
vt 0.994327 0.873664
vt 0.962802 0.887786
vt 0.994327 0.887786
vt 0.962802 0.901908
vt 0.994327 0.901908
vt 0.962802 0.916030
vt 0.994327 0.916030
vt 0.962802 0.930153
vt 0.994327 0.930153
vt 0.962802 0.944275
vt 0.994327 0.944275
vt 0.962802 0.958397
vt 0.994327 0.958397
vt 0.962802 0.972519
vt 0.994327 0.972519
vt 0.962802 0.986642
vt 0.994327 0.647707
vt 0.962802 0.661830
vt 0.962802 0.647707
vt 0.994327 0.661830
vt 0.962802 0.675952
vt 0.994327 0.675952
vt 0.962802 0.690074
vt 0.994327 0.690074
vt 0.962802 0.704196
vt 0.994327 0.704196
vt 0.962802 0.718319
vt 0.994327 0.718319
vt 0.962802 0.732441
vt 0.994327 0.732441
vt 0.962802 0.746563
vt 0.994327 0.746563
vt 0.962802 0.760685
vt 0.994327 0.760685
vt 0.962802 0.774808
vt 0.994327 0.774808
vt 0.962802 0.788930
vt 0.994327 0.788930
vt 0.962802 0.803052
vt 0.994327 0.803052
vt 0.994327 0.986642
vt 0.446808 0.427699
vt 0.410834 0.232841
vt 0.446808 0.232841
vt 0.632238 0.759429
vt 0.645887 0.751305
vt 0.654210 0.752382
vt 0.731374 0.612328
vt 0.675901 0.700636
vt 0.661621 0.693659
vt 0.410834 0.455149
vt 0.446808 0.495619
vt 0.410834 0.495619
vt 0.647416 0.873419
vt 0.641549 0.860400
vt 0.643953 0.860497
vt 0.587853 0.715344
vt 0.639049 0.803549
vt 0.624784 0.807560
vt 0.410834 0.523174
vt 0.446808 0.515189
vt 0.446808 0.523174
vt 0.410834 0.515189
vt 0.446808 0.505945
vt 0.410834 0.505945
vt 0.410834 0.435654
vt 0.410834 0.427699
vt 0.446808 0.435654
vt 0.410834 0.444845
vt 0.446808 0.444845
vt 0.604324 0.568977
vt 0.529992 0.588143
vt 0.529992 0.568977
vt 0.604324 0.607309
vt 0.529992 0.607309
vt 0.604324 0.453982
vt 0.529992 0.473148
vt 0.529992 0.453982
vt 0.604324 0.473148
vt 0.529992 0.492313
vt 0.604324 0.492314
vt 0.529992 0.511479
vt 0.604324 0.530645
vt 0.529992 0.530645
vt 0.581610 0.823235
vt 0.560098 0.875168
vt 0.508165 0.853656
vt 0.529992 0.549811
vt 0.604324 0.549811
vt 0.409193 0.770086
vt 0.445168 0.613073
vt 0.445168 0.770086
vt 0.446808 0.718033
vt 0.511272 0.709819
vt 0.516326 0.724022
vt 0.409193 0.303589
vt 0.445168 0.333941
vt 0.409193 0.333941
vt 0.803258 0.634256
vt 0.810877 0.620505
vt 0.409193 0.490953
vt 0.643705 0.508671
vt 0.675929 0.496407
vt 0.649788 0.519243
vt 0.445168 0.571820
vt 0.409193 0.528727
vt 0.445168 0.528727
vt 0.409193 0.613073
vt 0.445168 0.597601
vt 0.409193 0.597601
vt 0.445168 0.583775
vt 0.409193 0.583775
vt 0.691303 0.620627
vt 0.688667 0.630854
vt 0.659919 0.613819
vt 0.445168 0.277788
vt 0.445168 0.303589
vt 0.409193 0.277788
vt 0.445168 0.254716
vt 0.410834 0.788563
vt 0.446808 0.768621
vt 0.446808 0.788563
vt 0.410834 0.718033
vt 0.531428 0.800321
vt 0.583361 0.821833
vt 0.561849 0.873766
vt 0.445168 0.490953
vt 0.545606 0.663188
vt 0.515499 0.692915
vt 0.527848 0.677830
vt 0.540381 0.753649
vt 0.809447 0.602372
vt 0.799349 0.584717
vt 0.773224 0.660494
vt 0.783655 0.566654
vt 0.688311 0.611999
vt 0.667573 0.586410
vt 0.638721 0.587662
vt 0.681110 0.639941
vt 0.672978 0.467211
vt 0.702069 0.473570
vt 0.647394 0.489562
vt 0.642829 0.497807
vt 0.654682 0.766645
vt 0.647369 0.768129
vt 0.639301 0.765414
vt 0.611302 0.733713
vt 0.622106 0.732277
vt 0.629119 0.745322
vt 0.623592 0.716622
vt 0.608168 0.725816
vt 0.608660 0.718547
vt 0.612460 0.713653
vt 0.664270 0.753134
vt 0.680071 0.741511
vt 0.631744 0.702529
vt 0.686275 0.728331
vt 0.645516 0.694305
vt 0.684831 0.713384
vt 0.446808 0.455149
vt 0.656846 0.858385
vt 0.653952 0.869601
vt 0.640468 0.874677
vt 0.627981 0.858829
vt 0.680651 0.831336
vt 0.683110 0.836855
vt 0.681898 0.843797
vt 0.677140 0.850338
vt 0.658707 0.857833
vt 0.667501 0.846861
vt 0.634156 0.872213
vt 0.614647 0.844878
vt 0.669580 0.831894
vt 0.610803 0.831574
vt 0.664838 0.817303
vt 0.614447 0.817895
vt 0.653698 0.807071
vt 0.604324 0.588143
vt 0.604324 0.511479
vt 0.508165 0.823234
vt 0.529676 0.801723
vt 0.560098 0.801723
vt 0.581610 0.853657
vt 0.529676 0.875168
vt 0.409193 0.571820
vt 0.409193 0.254716
vt 0.410834 0.768621
vt 0.531428 0.873766
vt 0.509916 0.852255
vt 0.509916 0.821833
vt 0.561850 0.800321
vt 0.583361 0.852255
vt 0.228492 0.766132
vt 0.243272 0.773513
vt 0.228492 0.773513
vt 0.956618 0.068427
vt 0.956618 0.083729
vt 0.956618 0.099030
vt 0.956618 0.114331
vt 0.956618 0.129633
vt 0.956618 0.144934
vt 0.956618 0.160235
vt 0.956618 0.175537
vt 0.956618 0.190838
vt 0.956618 0.206139
vt 0.956618 0.221440
vt 0.956618 0.236742
vt 0.956618 0.053126
vt 0.256616 0.587695
vt 0.249486 0.570483
vt 0.260306 0.581303
vt 0.262738 0.562833
vt 0.266698 0.577613
vt 0.278039 0.562833
vt 0.274079 0.577613
vt 0.280471 0.581303
vt 0.291290 0.570483
vt 0.298941 0.583735
vt 0.284161 0.587695
vt 0.284161 0.595076
vt 0.298941 0.599036
vt 0.291290 0.612287
vt 0.280471 0.601468
vt 0.274079 0.605158
vt 0.278039 0.619938
vt 0.262738 0.619938
vt 0.266698 0.605158
vt 0.249486 0.612287
vt 0.260306 0.601468
vt 0.241836 0.599036
vt 0.256616 0.595076
vt 0.241836 0.583735
vt 0.150003 0.911632
vt 0.173858 0.918024
vt 0.156395 0.935487
vt 0.228492 0.788274
vt 0.243272 0.795655
vt 0.228492 0.795655
vt 0.228492 0.736609
vt 0.243272 0.743989
vt 0.228492 0.743989
vt 0.228492 0.721847
vt 0.243272 0.729228
vt 0.228492 0.729228
vt 0.228492 0.758751
vt 0.243272 0.766132
vt 0.243272 0.780893
vt 0.243272 0.788274
vt 0.243272 0.736609
vt 0.228492 0.803036
vt 0.243272 0.810416
vt 0.228492 0.810416
vt 0.228492 0.751370
vt 0.243272 0.758751
vt 0.228492 0.780893
vt 0.243272 0.803036
vt 0.243272 0.751370
vt 0.709475 0.020228
vt 0.751086 0.000337
vt 0.751086 0.020228
vt 0.709475 0.239037
vt 0.709475 0.219145
vt 0.751085 0.199254
vt 0.709475 0.199253
vt 0.751085 0.179362
vt 0.709475 0.159470
vt 0.751085 0.159470
vt 0.751085 0.139578
vt 0.709475 0.139578
vt 0.751085 0.119687
vt 0.709475 0.119687
vt 0.751085 0.099795
vt 0.709475 0.099795
vt 0.751085 0.079903
vt 0.709475 0.079903
vt 0.751085 0.060012
vt 0.662410 0.266209
vt 0.645184 0.201918
vt 0.709475 0.060012
vt 0.751085 0.040120
vt 0.709475 0.040120
vt 0.938390 0.053126
vt 0.150003 0.931796
vt 0.146312 0.925404
vt 0.146312 0.918024
vt 0.156395 0.907941
vt 0.163775 0.907941
vt 0.170167 0.911632
vt 0.173858 0.925404
vt 0.170167 0.931796
vt 0.163775 0.935487
vt 0.243272 0.721847
vt 0.709475 0.000336
vt 0.709475 0.179362
vt 0.699529 0.256264
vt 0.682302 0.266209
vt 0.645184 0.256264
vt 0.635238 0.239037
vt 0.635238 0.219145
vt 0.662410 0.191973
vt 0.682302 0.191973
vt 0.699529 0.201918
vt 0.049333 0.393103
vt 0.056719 0.367919
vt 0.057243 0.393467
vt 0.049014 0.367742
vt 0.058216 0.341468
vt 0.050214 0.341489
vt 0.056363 0.315434
vt 0.048549 0.315527
vt 0.056812 0.288256
vt 0.048704 0.288517
vt 0.053956 0.261559
vt 0.046032 0.261886
vt 0.053463 0.233539
vt 0.045241 0.234071
vt 0.049528 0.206077
vt 0.041484 0.206725
vt 0.047846 0.177070
vt 0.039481 0.178037
vt 0.042244 0.148682
vt 0.034042 0.149940
vt 0.038224 0.118329
vt 0.029619 0.120286
vt 0.028899 0.088586
vt 0.020130 0.091446
vt 0.018582 0.057989
vt 0.180339 0.484432
vt 0.200389 0.463003
vt 0.186607 0.488547
vt 0.199605 0.432092
vt 0.192339 0.459952
vt 0.206428 0.405494
vt 0.207244 0.434157
vt 0.209195 0.377809
vt 0.214289 0.406953
vt 0.213208 0.351192
vt 0.216807 0.378743
vt 0.214126 0.323709
vt 0.221057 0.351885
vt 0.216784 0.297118
vt 0.221776 0.324113
vt 0.216582 0.269747
vt 0.224696 0.297386
vt 0.218218 0.243158
vt 0.224315 0.269797
vt 0.216997 0.215890
vt 0.226228 0.243098
vt 0.217544 0.189326
vt 0.224825 0.215629
vt 0.215034 0.162241
vt 0.225652 0.188924
vt 0.213874 0.135800
vt 0.222937 0.161574
vt 0.208829 0.109207
vt 0.222050 0.134794
vt 0.203469 0.083531
vt 0.216702 0.107579
vt 0.191969 0.059762
vt 0.211380 0.080836
vt 0.038478 0.467473
vt 0.033685 0.493445
vt 0.026911 0.489005
vt 0.051199 0.444065
vt 0.046291 0.470494
vt 0.044019 0.442955
vt 0.053886 0.419402
vt 0.046359 0.418638
vt 0.167973 0.137966
vt 0.160215 0.105757
vt 0.169987 0.106548
vt 0.340828 0.188084
vt 0.330506 0.216454
vt 0.331876 0.187947
vt 0.169529 0.167784
vt 0.158204 0.137724
vt 0.339704 0.216743
vt 0.331817 0.245671
vt 0.168727 0.198273
vt 0.160191 0.167626
vt 0.340723 0.245998
vt 0.329767 0.274029
vt 0.170397 0.227292
vt 0.159283 0.198221
vt 0.338930 0.274543
vt 0.330324 0.303213
vt 0.169276 0.256968
vt 0.161321 0.227102
vt 0.339206 0.303762
vt 0.327577 0.331501
vt 0.165183 0.423701
vt 0.158650 0.395956
vt 0.167011 0.396460
vt 0.170358 0.285248
vt 0.160090 0.256773
vt 0.336719 0.332214
vt 0.327561 0.360707
vt 0.167260 0.449749
vt 0.156610 0.423578
vt 0.168619 0.314106
vt 0.161530 0.284878
vt 0.333693 0.389740
vt 0.336426 0.361379
vt 0.172467 0.476584
vt 0.158775 0.450670
vt 0.169061 0.341645
vt 0.159683 0.313716
vt 0.333784 0.418815
vt 0.324539 0.389054
vt 0.179868 0.501131
vt 0.164290 0.478478
vt 0.166835 0.369685
vt 0.160476 0.341108
vt 0.332774 0.447174
vt 0.324877 0.418477
vt 0.345704 0.039273
vt 0.332481 0.068820
vt 0.335382 0.037141
vt 0.158135 0.369184
vt 0.337202 0.475910
vt 0.323464 0.447492
vt 0.342453 0.069975
vt 0.329673 0.099297
vt 0.345704 0.502226
vt 0.328339 0.477886
vt 0.339303 0.099868
vt 0.331184 0.129587
vt 0.171549 0.075379
vt 0.169558 0.040345
vt 0.179868 0.044214
vt 0.340279 0.129776
vt 0.329987 0.158530
vt 0.160811 0.073588
vt 0.339275 0.158705
vt 0.122208 0.205692
vt 0.123136 0.223048
vt 0.124394 0.319278
vt 0.124473 0.335667
vt 0.094039 0.345321
vt 0.091575 0.336125
vt 0.124016 0.263348
vt 0.124518 0.280135
vt 0.090791 0.373249
vt 0.063041 0.365019
vt 0.093187 0.364097
vt 0.063050 0.344329
vt 0.025431 0.058675
vt 0.034882 0.082805
vt 0.124579 0.492912
vt 0.085944 0.477883
vt 0.120880 0.479912
vt 0.153167 0.366055
vt 0.153654 0.344209
vt 0.284971 0.491514
vt 0.338011 0.505703
vt 0.287163 0.521942
vt 0.116481 0.077424
vt 0.117514 0.099246
vt 0.119269 0.145264
vt 0.120497 0.163674
vt 0.093423 0.310040
vt 0.121824 0.309192
vt 0.080586 0.488869
vt 0.051830 0.469042
vt 0.288529 0.380899
vt 0.289873 0.363722
vt 0.284891 0.441480
vt 0.286154 0.422659
vt 0.091310 0.319398
vt 0.062713 0.312212
vt 0.044384 0.120545
vt 0.048767 0.144216
vt 0.293958 0.267009
vt 0.294468 0.250204
vt 0.291912 0.323620
vt 0.292899 0.306779
vt 0.122046 0.446629
vt 0.088026 0.455485
vt 0.086741 0.445265
vt 0.154532 0.310599
vt 0.154589 0.288215
vt 0.091636 0.235013
vt 0.088395 0.225482
vt 0.056788 0.448240
vt 0.127463 0.519765
vt 0.290543 0.092519
vt 0.289969 0.072326
vt 0.293109 0.153048
vt 0.292641 0.135540
vt 0.294368 0.210380
vt 0.294372 0.193449
vt 0.123454 0.374054
vt 0.123234 0.390341
vt 0.058784 0.236201
vt 0.121990 0.429225
vt 0.053480 0.179609
vt 0.056025 0.202191
vt 0.250092 0.064169
vt 0.286956 0.059755
vt 0.154724 0.253691
vt 0.154260 0.230697
vt 0.087978 0.427577
vt 0.088710 0.197639
vt 0.119002 0.195084
vt 0.249599 0.076052
vt 0.215524 0.076103
vt 0.090475 0.389861
vt 0.260283 0.193386
vt 0.260363 0.210602
vt 0.257423 0.136875
vt 0.258379 0.154564
vt 0.252556 0.095964
vt 0.073669 0.514976
vt 0.087042 0.207742
vt 0.060377 0.258030
vt 0.290913 0.015179
vt 0.242449 0.037870
vt 0.233582 0.024876
vt 0.153709 0.195132
vt 0.152942 0.171416
vt 0.151679 0.420572
vt 0.206209 0.055415
vt 0.198494 0.055508
vt 0.151994 0.398978
vt 0.120788 0.400249
vt 0.061882 0.291009
vt 0.259016 0.304525
vt 0.257893 0.321723
vt 0.260625 0.248994
vt 0.260078 0.266126
vt 0.259234 0.126821
vt 0.289845 0.124798
vt 0.152470 0.134410
vt 0.152454 0.109459
vt 0.226673 0.131285
vt 0.249583 0.418440
vt 0.246670 0.437584
vt 0.255515 0.360497
vt 0.253752 0.378056
vt 0.156992 0.476279
vt 0.256458 0.106076
vt 0.154813 0.069077
vt 0.160326 0.042484
vt 0.084004 0.167127
vt 0.081912 0.148324
vt 0.076492 0.104098
vt 0.072573 0.082226
vt 0.228403 0.513091
vt 0.237048 0.485294
vt 0.154006 0.454103
vt 0.119490 0.457566
vt 0.223724 0.109676
vt 0.325461 0.064592
vt 0.262623 0.183804
vt 0.291940 0.183036
vt 0.320481 0.475142
vt 0.318195 0.450976
vt 0.328964 0.039509
vt 0.286007 0.032051
vt 0.230527 0.185808
vt 0.324007 0.126238
vt 0.261221 0.164157
vt 0.319072 0.391933
vt 0.090849 0.281573
vt 0.090055 0.264429
vt 0.324113 0.102592
vt 0.288101 0.104167
vt 0.229639 0.164336
vt 0.122432 0.290433
vt 0.121263 0.233731
vt 0.121125 0.253054
vt 0.118734 0.174918
vt 0.115433 0.111831
vt 0.115812 0.133974
vt 0.114624 0.033729
vt 0.113107 0.063815
vt 0.281567 0.453098
vt 0.281768 0.477292
vt 0.284511 0.411384
vt 0.285166 0.391303
vt 0.322123 0.334359
vt 0.288321 0.353069
vt 0.288744 0.333824
vt 0.324378 0.277004
vt 0.291124 0.296305
vt 0.291055 0.277240
vt 0.325185 0.219577
vt 0.292381 0.239804
vt 0.291744 0.220726
vt 0.324675 0.161791
vt 0.290718 0.163688
vt 0.119608 0.418936
vt 0.122168 0.345666
vt 0.121138 0.364064
vt 0.061812 0.396549
vt 0.090939 0.418227
vt 0.060365 0.416966
vt 0.092547 0.399152
vt 0.262736 0.220137
vt 0.231244 0.240199
vt 0.231384 0.218722
vt 0.263338 0.239578
vt 0.262125 0.275717
vt 0.229832 0.294663
vt 0.230768 0.273137
vt 0.262067 0.295184
vt 0.259650 0.331438
vt 0.226341 0.349346
vt 0.228128 0.327705
vt 0.258942 0.351124
vt 0.255193 0.388103
vt 0.219866 0.404702
vt 0.223033 0.382717
vt 0.253669 0.408668
vt 0.213167 0.439072
vt 0.243700 0.473532
vt 0.206531 0.461756
vt 0.247497 0.448884
vt 0.072950 0.069125
vt 0.066559 0.039417
vt 0.083272 0.137458
vt 0.081278 0.114892
vt 0.087754 0.177017
vt 0.091945 0.254751
vt 0.093689 0.290894
vt 0.056664 0.025195
vt 0.119881 0.015179
vt 0.317968 0.414800
vt 0.320769 0.356954
vt 0.323472 0.299592
vt 0.324868 0.242232
vt 0.324821 0.184658
vt 0.009813 0.061933
vt 0.172648 0.504207
vn 0.707100 -0.000000 -0.707100
vn 0.965900 -0.000000 -0.258800
vn -0.258800 -0.000000 -0.965900
vn 0.258800 -0.000000 -0.965900
vn -0.965900 -0.000000 -0.258800
vn -0.707100 -0.000000 -0.707100
vn 0.965900 -0.000000 0.258800
vn 0.707100 -0.000000 0.707100
vn -0.707100 -0.000000 0.707100
vn -0.965900 -0.000000 0.258800
vn 0.258800 -0.000000 0.965900
vn -0.258800 -0.000000 0.965900
vn -0.000000 -0.000000 1.000000
vn 0.707100 0.707100 -0.000000
vn 0.965900 0.258800 -0.000000
vn -0.258800 0.965900 -0.000000
vn 0.258800 0.965900 -0.000000
vn -0.965900 0.258800 -0.000000
vn -0.707100 0.707100 -0.000000
vn 0.965900 -0.258800 -0.000000
vn 0.707100 -0.707100 -0.000000
vn -0.707100 -0.707100 -0.000000
vn -0.965900 -0.258800 -0.000000
vn 0.258800 -0.965900 -0.000000
vn -0.258800 -0.965900 -0.000000
vn -0.000000 1.000000 -0.000000
vn 1.000000 -0.000000 -0.000000
vn -0.000000 -0.923900 0.382700
vn -0.000000 -1.000000 -0.000000
vn -0.000000 0.923900 -0.382700
vn -0.000000 -0.923900 -0.382700
vn -0.000000 0.923900 0.382700
vn -0.000000 -0.382700 -0.923900
vn -0.000000 0.382700 0.923900
vn -0.000000 -0.000000 -1.000000
vn -0.000000 -0.382700 0.923900
vn -0.000000 0.382700 -0.923900
vn -1.000000 -0.000000 -0.000000
vn 0.500000 0.866000 -0.000000
vn 0.500000 -0.866000 -0.000000
vn -0.500000 0.866000 -0.000000
vn -0.500000 -0.866000 -0.000000
vn 0.382700 -0.000000 0.923900
vn -0.382700 -0.000000 0.923900
vn -0.000000 1.000000 0.000100
vn -0.923900 -0.382700 -0.000000
vn -0.980800 -0.195100 -0.000000
vn 0.923900 -0.382700 -0.000000
vn 0.923900 0.382700 -0.000000
vn 0.382700 0.923900 -0.000000
vn -0.382700 0.923900 -0.000000
vn -0.831500 0.555600 -0.000000
vn -0.923900 0.382700 -0.000000
vn -0.000000 1.000000 -0.000100
vn -0.000100 -1.000000 -0.000000
vn 0.382700 -0.923900 -0.000000
vn -0.831500 -0.555600 -0.000000
vn -0.980800 0.195100 -0.000000
vn -0.480400 0.160500 0.862200
vn -0.202900 0.158200 0.966300
vn -0.401600 0.114000 0.908700
vn 0.171600 -0.748700 -0.640300
vn -0.000000 -0.748700 -0.662900
vn -0.000000 -0.748700 0.662900
vn -0.171600 -0.748700 0.640300
vn -0.662900 -0.748700 -0.000000
vn -0.640300 -0.748700 0.171600
vn -0.171600 -0.748700 -0.640300
vn -0.331500 -0.748700 -0.574100
vn 0.640300 -0.748700 -0.171600
vn 0.662900 -0.748700 -0.000000
vn 0.331500 -0.748700 0.574100
vn 0.171600 -0.748700 0.640300
vn -0.574100 -0.748700 0.331500
vn -0.468800 -0.748700 0.468800
vn -0.468800 -0.748700 -0.468800
vn -0.574100 -0.748700 -0.331500
vn 0.574100 -0.748700 -0.331500
vn 0.468800 -0.748700 -0.468800
vn 0.468800 -0.748700 0.468800
vn 0.574100 -0.748700 0.331500
vn -0.331500 -0.748700 0.574100
vn -0.640300 -0.748700 -0.171600
vn 0.331500 -0.748700 -0.574100
vn 0.640300 -0.748700 0.171600
vn -0.130500 -0.000000 -0.991400
vn -0.043800 -0.000000 -0.999000
vn -0.176100 -0.000000 0.984400
vn -0.372300 -0.000000 0.928100
vn 0.130500 -0.000000 0.991400
vn 0.848900 0.197900 0.490100
vn 0.693100 0.197900 0.693100
vn -0.253700 0.197900 -0.946800
vn -0.000000 0.197900 -0.980200
vn 0.490100 0.197900 -0.848900
vn 0.253700 0.197900 -0.946800
vn -1.000000 0.009900 -0.000000
vn 0.490100 0.197900 0.848900
vn 0.693100 0.197900 -0.693100
vn 0.253700 0.197900 0.946800
vn 0.848900 0.197900 -0.490100
vn -0.000000 0.197900 0.980200
vn 0.946800 0.197900 -0.253700
vn -0.253700 0.197900 0.946800
vn 0.980200 0.197900 -0.000000
vn -0.480400 0.160500 -0.862200
vn -0.203000 0.158200 -0.966300
vn -0.406900 0.185800 -0.894400
vn -0.490100 0.197900 0.848900
vn 0.946800 0.197900 0.253700
vn -0.490100 0.197900 -0.848900
vn -0.406900 0.185800 0.894400
vn 0.124600 0.989600 0.072000
vn 0.123900 0.989700 -0.071500
vn 0.188600 0.976400 -0.105600
vn 0.130500 -0.000000 -0.991400
vn 0.217700 -0.000000 -0.976000
vn -0.043800 -0.000000 0.999000
vn 0.176700 -0.000000 0.984300
vn 0.217600 -0.000000 0.976000
vn -0.372200 -0.000000 -0.928200
vn 0.999800 -0.000000 0.020100
vn -0.308200 -0.951300 -0.000000
vn -0.308200 -0.951300 0.007500
vn -0.310700 -0.950500 0.010400
vn 0.335200 0.942100 -0.000000
vn 0.339100 0.940600 0.015700
vn 0.339100 0.940600 -0.015700
vn 0.338200 0.940900 -0.020600
vn 0.335200 0.942100 -0.004600
vn -0.308200 -0.951300 -0.007500
vn 0.329800 0.944000 -0.007200
vn -0.315000 -0.932600 0.176300
vn -0.329800 -0.944000 0.007100
vn -0.330200 -0.943900 -0.000000
vn -0.176200 -0.000000 -0.984400
vn 0.189700 0.976100 0.106200
vn 0.331700 0.943400 0.007100
vn 0.332100 0.943300 -0.000000
vn -0.316700 -0.931800 -0.177200
vn -0.331700 -0.943400 -0.007200
vn -0.316100 -0.931000 -0.182500
vn 0.176700 -0.000000 -0.984300
vn -0.310700 -0.950500 -0.010400
vn 0.338200 0.940900 0.020600
vn 0.345900 0.937500 0.038400
vn -0.311100 -0.950200 0.021400
vn -0.318300 -0.947200 0.037700
vn 0.999800 -0.000000 -0.020100
vn -0.311100 -0.950200 -0.021400
vn -0.999800 -0.000000 0.020100
vn -0.999800 -0.000000 -0.020100
vn -0.000000 0.999500 -0.032900
vn -0.191900 0.981000 -0.028400
vn -0.000000 0.999500 0.032900
vn -0.191900 0.981000 0.028400
vn -0.198300 0.979700 0.028200
vn -0.000000 -0.999900 0.014000
vn -0.192300 -0.981300 0.009900
vn -0.000000 -0.999900 -0.014000
vn -0.192300 -0.981300 -0.009900
vn -0.197800 -0.980200 -0.009800
vn -0.980200 -0.197200 0.016900
vn -0.981600 0.190600 0.013500
vn -0.981100 -0.192900 0.017000
vn -0.981600 0.190600 -0.013500
vn -0.980200 -0.197200 -0.016900
vn -0.981100 -0.192900 -0.017000
vn -0.382700 0.923600 0.022700
vn -0.923900 0.382600 -0.006000
vn -0.979800 0.199400 -0.013100
vn -0.923800 -0.382700 -0.013200
vn -0.382600 -0.923900 0.005300
vn -0.197800 -0.980200 0.009800
vn -0.382700 -0.923900 0.005300
vn -0.979800 0.199400 0.013100
vn -0.923900 0.382600 0.006000
vn -0.382700 0.923600 -0.022700
vn -0.198300 0.979700 -0.028200
vn -0.382600 -0.923900 -0.005300
vn -0.382700 -0.923900 -0.005300
vn -0.923800 -0.382700 0.013200
vn -0.401600 0.114000 -0.908700
vn -0.130500 -0.000000 0.991400
vn 0.335200 0.942100 0.004600
vn 0.345900 0.937500 -0.038400
vn 0.176400 -0.000000 0.984300
vn 0.188700 0.976300 -0.105500
vn 0.330200 0.943900 -0.000000
vn 0.329800 0.944000 -0.007100
vn -0.314400 -0.931800 0.181500
vn -0.332100 -0.943300 -0.000000
vn -0.331700 -0.943400 -0.007100
vn -0.176000 -0.000000 0.984400
vn -0.318300 -0.947200 -0.037700
vn 0.980800 -0.195100 -0.000000
vn -0.382700 -0.923900 -0.000000
vn 0.831500 -0.555600 -0.000000
vn 0.980800 0.195100 -0.000000
vn -0.134500 -0.365300 -0.921100
vn -0.135300 -0.367800 -0.920000
vn -0.135300 -0.367900 -0.920000
vn -0.319900 -0.869600 -0.376200
vn -0.320200 -0.870600 -0.373600
vn -0.320200 -0.870600 -0.373500
vn -0.320200 -0.870600 0.373600
vn -0.319900 -0.869600 0.376200
vn -0.320200 -0.870600 0.373500
vn -0.135300 -0.367800 0.920000
vn -0.134500 -0.365300 0.921100
vn -0.135300 -0.367900 0.920000
vn 0.135400 0.367800 0.920000
vn 0.134600 0.365300 0.921100
vn 0.320700 0.870400 0.373600
vn 0.320400 0.869400 0.376200
vn 0.320400 0.869400 -0.376200
vn 0.320700 0.870400 -0.373600
vn 0.320700 0.870400 -0.373500
vn 0.134600 0.365300 -0.921100
vn 0.135400 0.367800 -0.920000
vn -1.000000 -0.000000 0.006500
vn 0.928700 -0.370700 -0.006100
vn -0.134500 -0.365200 -0.921100
vn -0.319900 -0.869500 0.376200
vn 0.134500 0.365200 0.921100
vn 0.134500 0.365200 -0.921100
vn 0.500000 -0.000000 -0.866000
vn 0.866000 -0.000000 -0.500000
vn 0.866000 -0.000000 0.500000
vn 0.500000 -0.000000 0.866000
vn -0.500000 -0.000000 0.866000
vn -0.866000 -0.000000 0.500000
vn -0.866000 -0.000000 -0.500000
vn -0.500000 -0.000000 -0.866000
vn -0.000000 1.000000 0.003900
vn 0.000100 0.999900 0.014900
vn -0.000000 0.999800 -0.022000
vn 0.000500 -1.000000 -0.000000
vn -0.000500 -1.000000 -0.003800
vn -0.195100 -0.980800 -0.000000
vn 0.195100 -0.980800 -0.000000
vn 0.555600 -0.831500 -0.000000
vn -0.555600 -0.831500 -0.000000
vn 0.831500 0.555600 -0.000000
vn 0.555600 0.831500 -0.000000
vn -0.555600 0.831500 -0.000000
vn 0.195100 0.980800 -0.000000
vn -0.195100 0.980800 -0.000000
vn 0.000700 -0.000400 -1.000000
vn 0.000800 -0.000000 -1.000000
vn -0.000700 0.000400 -1.000000
vn -0.000400 0.000700 -1.000000
vn 0.000400 0.000700 -1.000000
vn -0.000000 0.000800 -1.000000
vn -0.000400 -0.000700 -1.000000
vn -0.000700 -0.000400 -1.000000
vn 0.000400 -0.000700 -1.000000
vn 0.000700 0.000400 -1.000000
vn -0.000800 -0.000000 -1.000000
vn -0.000000 -0.000800 -1.000000
vn -0.421000 0.907100 -0.000000
vn -0.089000 0.996000 -0.000000
vn -0.996000 0.089000 -0.000000
vn -0.907100 0.421000 -0.000000
vn -0.575100 -0.818100 -0.000000
vn -0.818100 -0.575100 -0.000000
vn -0.380500 -0.102000 0.919100
vn -0.121900 -0.032700 0.992000
vn 0.421000 -0.907100 -0.000000
vn 0.089000 -0.996000 -0.000000
vn 0.996000 -0.089000 -0.000000
vn 0.907100 -0.421000 -0.000000
vn 0.575100 0.818100 -0.000000
vn 0.818100 0.575100 -0.000000
vn -0.680600 0.680600 -0.271400
vn -0.929700 -0.249100 -0.271400
vn -0.249100 -0.929700 -0.271400
vn 0.680600 -0.680600 -0.271400
vn 0.929700 0.249100 -0.271400
vn 0.249100 0.929700 -0.271400
vn 0.583800 -0.583800 -0.564300
vn -0.797400 -0.213700 -0.564300
vn -0.278500 0.278500 0.919100
vn -0.089200 0.089200 0.992000
vn -0.102000 -0.380500 0.919100
vn -0.032700 -0.121900 0.992000
vn 0.380500 0.102000 0.919100
vn 0.121900 0.032700 0.992000
vn -0.278500 0.278500 -0.919100
vn -0.089200 0.089200 -0.992000
vn 0.380500 0.102000 -0.919100
vn 0.121900 0.032700 -0.992000
vn -0.827000 -0.221600 0.516700
vn -0.875300 -0.234500 0.422900
vn -0.221600 -0.827000 0.516700
vn -0.234500 -0.875300 0.422900
vn -0.102000 -0.380500 -0.919100
vn -0.032700 -0.121900 -0.992000
vn 0.107900 0.402900 -0.908900
vn 0.188300 0.702900 -0.685900
vn 0.108000 0.402900 -0.908900
vn 0.605400 -0.605400 0.516700
vn 0.640800 -0.640800 0.422900
vn -0.402900 -0.108000 0.908900
vn -0.702900 -0.188400 0.685900
vn 0.797400 0.213700 -0.564300
vn -0.380500 -0.102000 -0.919100
vn -0.121900 -0.032700 -0.992000
vn 0.402900 0.108000 -0.908900
vn 0.702900 0.188300 -0.685900
vn 0.294900 -0.294900 0.908900
vn 0.514600 -0.514600 0.685900
vn -0.583800 0.583800 -0.564300
vn 0.278500 -0.278500 -0.919100
vn 0.089200 -0.089200 -0.992000
vn -0.294900 0.294900 -0.908900
vn -0.514600 0.514600 -0.685900
vn 0.402900 0.108000 0.908900
vn 0.702900 0.188300 0.685900
vn -0.402900 -0.108000 -0.908900
vn -0.702900 -0.188300 -0.685900
vn 0.827000 0.221600 0.516700
vn 0.875300 0.234500 0.422900
vn 0.221600 0.827000 0.516700
vn 0.234500 0.875300 0.422900
vn 0.108000 0.402900 0.908900
vn 0.188400 0.702900 0.685900
vn -0.213700 -0.797400 -0.564300
vn 0.102000 0.380500 -0.919100
vn 0.032700 0.121900 -0.992000
vn -0.108000 -0.402900 -0.908900
vn -0.188400 -0.702900 -0.685900
vn 0.294900 -0.294900 -0.908900
vn 0.514600 -0.514600 -0.685900
vn -0.605400 0.605400 0.516700
vn -0.640800 0.640800 0.422900
vn 0.278500 -0.278500 0.919100
vn 0.089200 -0.089200 0.992000
vn -0.294900 0.294900 0.908900
vn -0.514600 0.514600 0.685900
vn -0.818100 0.575100 -0.000000
vn -0.996000 -0.089000 -0.000000
vn -0.866000 -0.500000 -0.000000
vn -0.089000 -0.996000 -0.000000
vn 0.575100 -0.818100 -0.000000
vn 0.866000 -0.500000 -0.000000
vn 0.907100 0.421000 -0.000000
vn 0.421000 0.907100 -0.000000
vn 0.213700 0.797400 -0.564300
vn 0.402900 0.107900 -0.908900
vn -0.866000 0.500000 -0.000000
vn 0.866000 0.500000 -0.000000
vn -0.188400 -0.702900 0.685900
vn 0.102000 0.380500 0.919100
vn 0.032700 0.121900 0.992000
vn -0.108000 -0.402900 0.908900
vn 0.586000 0.171400 0.792000
vn 0.334600 -0.463200 0.820700
vn 0.143600 -0.927900 0.344200
vn 0.143600 -0.927900 -0.344200
vn 0.334600 -0.463200 -0.820700
vn -0.931000 0.365100 0.003000
vn -0.930500 0.366300 -0.000000
vn -0.932100 0.362200 -0.004300
vn -0.931000 0.365100 -0.003000
vn -0.933200 0.359300 -0.003100
vn -0.933700 0.358000 -0.000000
vn -0.932100 0.362200 0.004300
vn -0.933200 0.359300 0.003100
vn -0.933200 0.359200 0.003100
vn -0.238200 -0.313900 -0.919100
vn -0.238900 -0.311300 -0.919800
vn -0.242200 -0.300300 -0.922600
vn -0.588500 -0.721500 -0.364800
vn -0.590300 -0.717400 -0.369900
vn -0.592400 -0.712700 -0.375700
vn -0.590300 -0.717400 0.370000
vn -0.588500 -0.721500 0.364800
vn -0.592400 -0.712700 0.375700
vn -0.238900 -0.311300 0.919800
vn -0.238200 -0.313900 0.919100
vn -0.242200 -0.300200 0.922600
vn 0.194500 0.329600 0.923900
vn 0.204300 0.317200 0.926100
vn 0.216000 0.302200 0.928500
vn 0.315500 0.864800 0.390500
vn 0.377500 0.827900 0.414900
vn 0.407100 0.808000 0.426000
vn 0.377500 0.827900 -0.414900
vn 0.315400 0.864900 -0.390500
vn 0.407100 0.808000 -0.426000
vn 0.204300 0.317200 -0.926100
vn 0.194500 0.329600 -0.923900
vn 0.216000 0.302200 -0.928500
vn 0.152900 0.359400 -0.920600
vn 0.362900 0.853100 -0.374900
vn 0.362900 0.853100 0.374900
vn 0.152900 0.359400 0.920600
vn -0.152900 -0.359400 0.920600
vn -0.362900 -0.853100 0.374900
vn -0.362900 -0.853100 -0.374900
vn -0.152900 -0.359400 -0.920600
vn 0.744900 0.587300 0.316500
vn 0.744900 0.587300 -0.316500
vn 0.586000 0.171400 -0.792000
vn 0.334500 -0.463200 -0.820700
vn -0.234100 -0.327400 -0.915400
vn -0.586200 -0.726600 -0.358300
vn -0.590300 -0.717400 0.369900
vn -0.586200 -0.726600 0.358300
vn -0.234100 -0.327400 0.915400
vn 0.177000 0.351400 0.919300
vn 0.315400 0.864900 0.390500
vn 0.272400 0.887000 0.372700
vn 0.377400 0.827900 0.414800
vn 0.272400 0.887000 -0.372700
vn 0.177000 0.351400 -0.919300
vn -0.894700 0.446700 -0.000000
vn -0.806600 0.591100 -0.000000
vn -0.669600 -0.742700 -0.000000
vn -0.512200 -0.858900 -0.000000
vn 0.689400 -0.724400 -0.000000
vn 0.550500 -0.834800 -0.000000
vn -0.218200 -0.975900 -0.000000
vn -0.957200 0.289500 -0.000000
vn -0.956600 -0.291300 -0.000000
vn -0.869100 -0.494500 -0.000000
vn -0.869200 -0.494500 -0.000000
vn -0.522500 0.852600 -0.000000
vn 0.233400 0.972400 -0.000000
vn 0.852600 0.522500 -0.000000
vn 0.972400 -0.233500 -0.000000
vn 0.972400 -0.233400 -0.000000
vn 0.522500 -0.852600 -0.000000
vn -0.233400 -0.972400 -0.000000
vn -0.852600 -0.522500 -0.000000
vn -0.972400 0.233400 -0.000000
vn -0.590100 -0.807300 -0.000000
vn -0.666900 -0.745200 -0.000000
vn 0.806500 -0.591300 -0.000000
vn 0.669500 0.742900 -0.000000
vn 0.591900 0.806000 -0.000000
vn 0.590100 0.807300 -0.000000
vn -0.896300 0.443400 -0.000000
vn -0.806300 0.591500 -0.000000
vn -0.867200 -0.497900 -0.000000
vn -0.955200 -0.295900 -0.000000
vn -0.959400 0.281900 -0.000000
vn 0.868300 0.496000 -0.000000
vn 0.669400 0.742900 -0.000000
vn 0.955700 0.294200 -0.000000
vn 0.959400 -0.282200 -0.000000
vn 0.896300 -0.443500 -0.000000
vn -0.004700 1.000000 -0.000000
vn -0.669600 -0.742800 -0.000000
vn 0.550500 -0.834900 -0.000000
vn -0.972400 0.233500 -0.000000
vn -0.896400 0.443300 -0.000000
vn -0.039200 0.011900 0.999200
vn -0.040700 -0.004000 0.999200
vn -0.039100 0.011900 0.999200
vn -0.031700 0.026000 0.999200
vn -0.031600 0.025900 0.999200
vn -0.019300 0.036200 0.999200
vn -0.019300 0.036100 0.999200
vn -0.004000 0.040800 0.999200
vn 0.011900 0.039300 0.999200
vn 0.026100 0.031800 0.999200
vn 0.026000 0.031700 0.999200
vn 0.036200 0.019400 0.999200
vn 0.040900 0.004000 0.999200
vn 0.039300 -0.011900 0.999200
vn 0.031700 -0.026000 0.999200
vn 0.019300 -0.036100 0.999200
vn 0.019300 -0.036200 0.999200
vn 0.004000 -0.040700 0.999200
vn 0.004000 -0.040800 0.999200
vn -0.011900 -0.039100 0.999200
vn -0.011900 -0.039200 0.999200
vn -0.025900 -0.031600 0.999200
vn -0.036000 -0.019300 0.999200
vn 0.011800 0.038800 -0.999200
vn 0.019100 -0.035800 -0.999200
vn 0.004000 -0.040500 -0.999200
vn 0.019200 -0.035900 -0.999200
vn -0.004000 0.040400 -0.999200
vn 0.031300 -0.025700 -0.999200
vn 0.031400 -0.025800 -0.999200
vn -0.019200 0.035900 -0.999200
vn 0.038800 -0.011800 -0.999200
vn -0.040500 -0.004000 -0.999200
vn -0.019100 0.035800 -0.999200
vn -0.031500 0.025800 -0.999200
vn -0.035900 -0.019200 -0.999200
vn -0.031400 0.025800 -0.999200
vn 0.040300 0.004000 -0.999200
vn -0.039000 0.011800 -0.999200
vn 0.040400 0.004000 -0.999200
vn -0.025800 -0.031500 -0.999200
vn -0.038900 0.011800 -0.999200
vn 0.035700 0.019100 -0.999200
vn -0.011800 -0.038900 -0.999200
vn -0.011800 -0.039000 -0.999200
vn 0.025700 0.031300 -0.999200
vn 0.004000 -0.040400 -0.999200
vn -0.287400 0.947600 -0.139700
vn -0.278000 0.916500 -0.287500
vn -0.287500 0.947700 -0.138900
vn -0.872900 0.466600 -0.142900
vn -0.843900 0.451100 -0.290400
vn -0.873000 0.466600 -0.142200
vn 0.383200 0.923600 0.003900
vn 0.382200 0.924100 0.003700
vn 0.382000 0.924100 0.003700
vn -0.628000 0.765200 -0.141400
vn -0.607300 0.740000 -0.289000
vn -0.628100 0.765300 -0.140600
vn -0.194500 -0.980900 -0.003100
vn -0.193500 -0.981100 -0.003400
vn -0.194700 -0.980900 -0.003000
vn 0.380800 0.924600 0.004200
vn 0.380600 0.924700 0.004200
vn 0.071900 0.087600 0.993600
vn 0.555600 -0.831400 0.000500
vn 0.555500 -0.831500 0.000500
vn -0.107500 0.032600 -0.993700
vn 0.765800 0.628500 -0.136000
vn 0.741100 0.608200 -0.284400
vn 0.765800 0.628500 -0.135900
vn 0.467000 0.873600 -0.136800
vn 0.451900 0.845400 -0.284900
vn 0.467000 0.873700 -0.136400
vn 0.097100 0.985600 -0.138100
vn 0.093900 0.953600 -0.286000
vn 0.097100 0.985700 -0.137400
vn -0.556100 -0.831100 -0.004400
vn -0.555100 -0.831800 -0.004200
vn -0.556200 -0.831100 -0.004400
vn 0.555300 -0.831600 0.000500
vn 0.953900 -0.094000 -0.284900
vn 0.985800 -0.097100 -0.136800
vn 0.985900 -0.097100 -0.136400
vn 0.917400 0.278300 -0.284400
vn 0.948000 0.287600 -0.136000
vn 0.948100 0.287600 -0.135900
vn -0.554900 -0.831900 -0.004300
vn -0.553600 -0.832700 -0.004700
vn 0.032900 0.108400 0.993600
vn 0.607600 -0.740400 -0.287500
vn 0.628200 -0.765400 -0.139700
vn 0.628200 -0.765500 -0.138900
vn 0.845100 -0.451700 -0.286000
vn 0.873500 -0.466900 -0.138100
vn 0.873600 -0.466900 -0.137400
vn -0.382600 0.923900 0.000500
vn -0.382700 0.923900 0.000500
vn -0.382800 0.923800 0.000500
vn -0.086800 0.071200 -0.993700
vn 0.924200 0.382000 0.005000
vn 0.923600 0.383300 0.004800
vn 0.923500 0.383500 0.004800
vn -0.382900 0.923800 0.000500
vn -0.739300 -0.606700 -0.292100
vn -0.764900 -0.627700 -0.144400
vn -0.764900 -0.627800 -0.144300
vn -0.450900 -0.843600 -0.291500
vn -0.466500 -0.872700 -0.143900
vn -0.466500 -0.872800 -0.143500
vn -0.093800 -0.952300 -0.290400
vn -0.097000 -0.985000 -0.142900
vn -0.097000 -0.985100 -0.142200
vn 0.277900 -0.916100 -0.289000
vn 0.287400 -0.947300 -0.141400
vn 0.287400 -0.947400 -0.140600
vn -0.984800 0.097000 -0.143900
vn -0.952000 0.093800 -0.291500
vn -0.984900 0.097000 -0.143500
vn 0.922900 0.385100 0.005400
vn 0.922800 0.385400 0.005400
vn -0.946900 -0.287200 -0.144400
vn -0.915200 -0.277600 -0.292100
vn -0.946900 -0.287200 -0.144300
vn -0.011100 0.112700 0.993600
vn 0.831700 -0.555300 0.002400
vn 0.831300 -0.555800 0.002300
vn 0.831700 -0.555200 0.002400
vn -0.052900 0.098900 -0.993700
vn -0.913100 -0.277000 0.299200
vn -0.945800 -0.286900 0.151900
vn -0.945900 -0.286900 0.151800
vn -0.980900 -0.194400 -0.004800
vn -0.980700 -0.195700 -0.004600
vn -0.980900 -0.194300 -0.004800
vn 0.831200 -0.555900 0.002300
vn 0.830800 -0.556600 0.002500
vn -0.949400 0.093500 0.299700
vn -0.983500 0.096900 0.152700
vn -0.983600 0.096900 0.152300
vn 0.286700 -0.945300 0.155600
vn 0.276700 -0.912200 0.302200
vn 0.286800 -0.945400 0.154800
vn -0.096800 -0.983300 0.154000
vn -0.093500 -0.949100 0.300800
vn -0.096900 -0.983400 0.153300
vn -0.465900 -0.871600 0.152700
vn -0.449700 -0.841400 0.299700
vn -0.465900 -0.871600 0.152300
vn -0.764000 -0.627000 0.151900
vn -0.737600 -0.605300 0.299200
vn -0.764100 -0.627000 0.151800
vn -0.980600 -0.196000 -0.004600
vn -0.980300 -0.197500 -0.005200
vn -0.053300 0.099800 0.993600
vn -0.707300 0.707000 -0.001400
vn -0.707000 0.707200 -0.001400
vn -0.706900 0.707300 -0.001400
vn -0.011000 0.111500 -0.993700
vn 0.194900 -0.980800 -0.001400
vn 0.194400 -0.980900 -0.001500
vn 0.194300 -0.980900 -0.001600
vn -0.706600 0.707600 -0.001600
vn -0.706500 0.707700 -0.001600
vn 0.000400 1.000000 0.002400
vn 0.001200 1.000000 0.002500
vn -0.087400 0.071700 0.993600
vn 0.870700 -0.465400 0.158700
vn 0.839900 -0.448900 0.305200
vn 0.870800 -0.465500 0.158000
vn 0.626500 -0.763400 0.157300
vn 0.604400 -0.736500 0.303700
vn 0.626600 -0.763500 0.156400
vn 0.980900 -0.194500 0.003900
vn 0.980700 -0.195600 0.003700
vn 0.032500 0.107200 -0.993700
vn -0.195600 -0.980700 -0.003200
vn -0.196700 -0.980500 -0.003400
vn -0.196900 -0.980400 -0.003400
vn 0.980600 -0.195800 0.003700
vn 0.980400 -0.197100 0.004200
vn 0.944600 0.286500 0.160300
vn 0.910800 0.276300 0.306800
vn 0.944600 0.286500 0.160100
vn 0.982400 -0.096800 0.159800
vn 0.947400 -0.093300 0.306200
vn 0.982500 -0.096800 0.159300
vn 0.555800 -0.831300 0.000500
vn -0.108100 0.032800 0.993600
vn -0.924100 0.382200 -0.003200
vn -0.923700 0.383100 -0.003000
vn -0.923700 0.383200 -0.003100
vn 0.071000 0.086500 -0.993700
vn 0.093300 0.947700 0.305200
vn 0.096800 0.982600 0.158700
vn 0.096800 0.982700 0.158000
vn 0.448800 0.839600 0.306200
vn 0.465300 0.870600 0.159800
vn 0.448800 0.839500 0.306200
vn 0.465400 0.870700 0.159300
vn 0.735700 0.603800 0.306800
vn 0.763000 0.626200 0.160300
vn 0.763000 0.626200 0.160100
vn -0.382500 0.924000 0.000500
vn -0.923200 0.384200 -0.003400
vn -0.923200 0.384400 -0.003400
vn 0.832100 -0.554600 0.002500
vn 0.832200 -0.554400 0.002500
vn 0.980600 0.195800 0.004800
vn 0.980900 0.194500 0.004600
vn 0.980600 0.195900 0.004800
vn 0.098700 0.052800 -0.993700
vn -0.707600 0.706600 -0.001500
vn -0.707300 0.706900 -0.001500
vn 0.980900 0.194200 0.004600
vn 0.981300 0.192600 0.005100
vn 0.981200 -0.193100 0.004100
vn 0.981200 -0.192900 0.004200
vn -1.000000 -0.000700 -0.004400
vn -1.000000 0.000600 -0.004200
vn -1.000000 0.000800 -0.004300
vn 0.111400 0.011000 -0.993700
vn -0.604700 0.736900 0.302200
vn -0.626700 0.763600 0.155600
vn -0.626700 0.763700 0.154800
vn -0.924500 0.381100 -0.003400
vn -1.000000 0.002300 -0.004700
vn -1.000000 0.002600 -0.004800
vn -0.841100 0.449600 0.300800
vn -0.871400 0.465800 0.154000
vn -0.871500 0.465800 0.153300
vn -0.276600 0.911700 0.303700
vn -0.286700 0.945000 0.157300
vn -0.286700 0.945200 0.156400
vn -0.752900 0.617900 -0.226900
vn -0.688900 0.565400 -0.453500
vn -0.753100 0.618000 -0.225600
vn -0.459300 0.859200 -0.225300
vn -0.420400 0.786600 -0.452300
vn -0.459400 0.859500 -0.223900
vn -0.095500 0.970000 -0.223600
vn -0.087500 0.888200 -0.451000
vn -0.095600 0.970300 -0.222300
vn 0.283000 0.933000 -0.222100
vn 0.259200 0.854600 -0.450000
vn 0.283100 0.933300 -0.221100
vn 0.618700 0.753900 -0.220900
vn 0.566800 0.690600 -0.449300
vn 0.618800 0.754000 -0.220400
vn 0.860200 0.459800 -0.220400
vn 0.788000 0.421200 -0.449000
vn 0.889100 0.087600 -0.449300
vn 0.970600 0.095600 -0.220900
vn 0.970700 0.095600 -0.220400
vn 0.854600 -0.259200 -0.450000
vn 0.933000 -0.283000 -0.222100
vn 0.933300 -0.283100 -0.221100
vn 0.689900 -0.566200 -0.451000
vn 0.753400 -0.618300 -0.223600
vn 0.753700 -0.618500 -0.222300
vn 0.420400 -0.786600 -0.452300
vn 0.459300 -0.859200 -0.225300
vn 0.459400 -0.859500 -0.223900
vn 0.087400 -0.886900 -0.453500
vn 0.095500 -0.969200 -0.226900
vn 0.095500 -0.969500 -0.225600
vn -0.258600 -0.852300 -0.454600
vn -0.282600 -0.931700 -0.228100
vn -0.282700 -0.931900 -0.227100
vn -0.564800 -0.688200 -0.455300
vn -0.617600 -0.752500 -0.228800
vn -0.617600 -0.752600 -0.228200
vn -0.785100 -0.419600 -0.455600
vn -0.858500 -0.458900 -0.228800
vn -0.968800 -0.095400 -0.228800
vn -0.886000 -0.087300 -0.455300
vn -0.968900 -0.095400 -0.228200
vn -0.931700 0.282600 -0.228100
vn -0.852300 0.258600 -0.454600
vn -0.931900 0.282700 -0.227100
vn -0.848600 0.257400 0.462200
vn -0.929500 0.282000 0.237700
vn -0.929700 0.282000 0.236700
vn -0.882900 -0.087000 0.461500
vn -0.966900 -0.095200 0.236600
vn -0.967100 -0.095200 0.236100
vn -0.857000 -0.458100 0.236000
vn -0.782500 -0.418300 0.461200
vn -0.616400 -0.751100 0.236600
vn -0.562800 -0.685800 0.461500
vn -0.616500 -0.751200 0.236100
vn -0.282000 -0.929500 0.237700
vn -0.257400 -0.848600 0.462200
vn -0.282000 -0.929700 0.236700
vn 0.095200 -0.966300 0.239200
vn 0.086900 -0.882000 0.463200
vn 0.095200 -0.966600 0.238000
vn 0.457500 -0.856000 0.240900
vn 0.417500 -0.781000 0.464500
vn 0.457700 -0.856200 0.239500
vn 0.749900 -0.615500 0.242400
vn 0.684100 -0.561400 0.465700
vn 0.750200 -0.615700 0.241200
vn 0.928100 -0.281500 0.243600
vn 0.846300 -0.256700 0.466700
vn 0.928300 -0.281600 0.242700
vn 0.965000 0.095000 0.244300
vn 0.879800 0.086700 0.467400
vn 0.965200 0.095100 0.243800
vn 0.779500 0.416700 0.467600
vn 0.855200 0.457100 0.244400
vn 0.560800 0.683400 0.467400
vn 0.615200 0.749600 0.244300
vn 0.615200 0.749700 0.243800
vn 0.256700 0.846300 0.466700
vn 0.281500 0.928100 0.243600
vn 0.281600 0.928300 0.242700
vn -0.086700 0.880700 0.465700
vn -0.095100 0.965500 0.242400
vn -0.095100 0.965800 0.241200
vn -0.417500 0.781000 0.464500
vn -0.457500 0.856000 0.240900
vn -0.457700 0.856300 0.239500
vn -0.685100 0.562200 0.463200
vn -0.750600 0.616000 0.239200
vn -0.750800 0.616200 0.238000
vn 0.100000 0.053500 0.993500
vn 0.706500 0.707700 0.004600
vn 0.705300 0.708900 0.005100
vn 0.705100 0.709100 0.005200
vn -0.000400 1.000000 0.002300
vn -0.001200 1.000000 0.002500
vn -0.001400 1.000000 0.002600
vn 0.707600 0.706600 0.004800
vn 0.706700 0.707500 0.004600
vn -0.000300 1.000000 0.002300
vn 0.112800 0.011100 0.993600
vn -0.830900 -0.556300 -0.004800
vn -0.830000 -0.557700 -0.005300
vn -0.831100 -0.556100 -0.004800
vn 0.195300 -0.980700 -0.001400
vn 0.195800 -0.980600 -0.001600
vn -0.831900 -0.554900 -0.005000
vn 0.194900 -0.980800 -0.001500
vn 0.108400 -0.032900 0.993600
vn 1.000000 0.000800 0.004300
vn 1.000000 0.002300 0.004800
vn 1.000000 0.002600 0.004800
vn 1.000000 -0.000700 0.004400
vn 1.000000 0.000600 0.004200
vn 0.087500 -0.071800 0.993600
vn 0.924100 -0.382200 0.003100
vn 0.924500 -0.381100 0.003400
vn 0.924600 -0.381000 0.003500
vn 0.923700 -0.383100 0.003200
vn 0.924000 -0.382300 0.003000
vn 0.053300 -0.099800 0.993600
vn -0.980900 0.194400 -0.003700
vn -0.981200 0.193100 -0.004200
vn -0.980900 0.194600 -0.003700
vn -0.980700 0.195700 -0.003900
vn -0.980600 0.195700 -0.003900
vn 0.011100 -0.112500 0.993600
vn 0.707300 -0.706900 0.001400
vn 0.707700 -0.706600 0.001600
vn 0.707700 -0.706500 0.001600
vn 0.706900 -0.707300 0.001400
vn 0.707200 -0.707000 0.001400
vn -0.981300 -0.192700 -0.005100
vn -0.981300 -0.192400 -0.005100
vn -0.032800 -0.108100 0.993600
vn -0.831700 0.555200 -0.002300
vn -0.832100 0.554500 -0.002500
vn -0.831600 0.555300 -0.002300
vn 0.924900 0.380300 0.005300
vn 0.924200 0.381900 0.005000
vn -0.831300 0.555900 -0.002400
vn -0.831200 0.555900 -0.002400
vn -0.557500 -0.830200 -0.004700
vn -0.557700 -0.830000 -0.004700
vn -0.071600 -0.087300 0.993600
vn 0.382600 -0.923900 -0.000500
vn 0.382500 -0.924000 -0.000500
vn 0.382400 -0.924000 -0.000500
vn 0.384500 0.923100 0.004100
vn 0.383300 0.923600 0.003900
vn 0.382800 -0.923800 -0.000500
vn 0.708900 0.705300 0.005100
vn 0.707700 0.706500 0.004800
vn -0.099500 -0.053200 0.993600
vn -0.099600 -0.053200 0.993600
vn -0.555600 0.831400 -0.000500
vn -0.555800 0.831300 -0.000500
vn -0.832900 -0.553400 -0.005300
vn -0.833100 -0.553200 -0.005400
vn -0.555500 0.831500 -0.000500
vn 1.000000 -0.002300 0.004700
vn 1.000000 -0.000800 0.004400
vn -0.112400 -0.011100 0.993600
vn -0.000400 -1.000000 -0.002300
vn -0.001200 -1.000000 -0.002500
vn -0.001400 -1.000000 -0.002600
vn 0.923200 -0.384200 0.003400
vn 0.923700 -0.383200 0.003200
vn -0.111900 -0.011000 -0.993700
vn 0.000400 -1.000000 -0.002400
vn -0.000300 -1.000000 -0.002300
vn -0.980400 0.197100 -0.004100
vn -0.980300 0.197300 -0.004100
vn -0.194800 0.980800 0.001400
vn -0.194300 0.980900 0.001600
vn -0.194900 0.980800 0.001400
vn 0.706600 -0.707600 0.001500
vn 0.706900 -0.707300 0.001500
vn -0.099200 -0.053000 -0.993700
vn -0.195300 0.980700 0.001400
vn -0.195300 0.980700 0.001500
vn -0.830800 0.556600 -0.002500
vn -0.830700 0.556700 -0.002500
vn -0.383300 -0.923600 -0.003700
vn -0.384600 -0.923100 -0.004200
vn -0.384800 -0.923000 -0.004200
vn 0.382900 -0.923800 -0.000500
vn -0.071300 -0.086900 -0.993700
vn -0.382100 -0.924100 -0.003900
vn -0.383100 -0.923700 -0.003700
vn -0.555400 0.831600 -0.000500
vn -0.555300 0.831600 -0.000500
vn 0.195700 0.980700 0.003100
vn 0.196700 0.980500 0.003400
vn 0.195500 0.980700 0.003000
vn 0.001200 -1.000000 -0.002500
vn -0.032600 -0.107500 -0.993700
vn 0.194600 0.980900 0.003200
vn -0.195800 0.980600 0.001500
vn -0.195900 0.980600 0.001600
vn -0.707700 -0.706500 -0.004600
vn -0.708900 -0.705300 -0.005200
vn -0.709100 -0.705100 -0.005200
vn -0.380800 -0.924600 -0.004100
vn 0.011000 -0.111700 -0.993700
vn -0.706600 -0.707600 -0.004800
vn -0.707500 -0.706700 -0.004600
vn 0.193500 0.981100 0.003400
vn 0.193300 0.981100 0.003400
vn 0.556200 0.831000 0.004300
vn 0.557500 0.830200 0.004700
vn 0.556000 0.831100 0.004200
vn -0.705300 -0.708900 -0.005100
vn -0.706500 -0.707700 -0.004800
vn 0.052900 -0.098900 -0.993700
vn 0.555000 0.831800 0.004400
vn 0.554900 0.831900 0.004400
vn 0.553700 0.832700 0.004700
vn 0.553400 0.832900 0.004700
vn -0.924200 -0.381800 -0.004800
vn -0.924900 -0.380300 -0.005300
vn -0.925000 -0.380000 -0.005400
vn -0.923600 -0.383400 -0.005000
vn -0.922900 -0.385100 -0.005300
vn 0.086600 -0.071100 -0.993700
vn -0.924100 -0.382100 -0.004800
vn 0.831000 0.556200 0.005000
vn 0.830000 0.557700 0.005300
vn 0.829900 0.558000 0.005300
vn 0.832000 0.554800 0.004800
vn 0.832900 0.553400 0.005400
vn 0.831800 0.555000 0.004800
vn -1.000000 -0.002300 -0.004700
vn -1.000000 -0.000800 -0.004400
vn 0.107200 -0.032500 -0.993700
vn 0.831000 0.556300 0.005000
vn 0.980300 0.197500 0.005100
vn 0.980200 0.197800 0.005100
vn -0.193300 -0.981100 -0.003400
vn 0.953900 -0.093900 -0.284900
vn -0.553400 -0.832900 -0.004800
vn 0.830700 -0.556700 0.002600
vn -0.980200 -0.197800 -0.005200
vn 0.001400 1.000000 0.002500
vn 0.980300 -0.197300 0.004200
vn -0.382400 0.924000 0.000500
vn -0.707700 0.706500 -0.001600
vn 0.981300 0.192400 0.005200
vn -0.924600 0.381000 -0.003400
vn 0.100000 0.053500 0.993600
vn -0.829900 -0.557900 -0.005400
vn 0.195900 -0.980600 -0.001600
vn -0.981200 0.192900 -0.004200
vn -0.832200 0.554400 -0.002600
vn 0.925000 0.380000 0.005400
vn 0.384700 0.923000 0.004200
vn 0.709000 0.705100 0.005200
vn 1.000000 -0.002500 0.004700
vn 0.923200 -0.384400 0.003400
vn -0.194200 0.981000 0.001600
vn 0.706500 -0.707700 0.001600
vn 0.196900 0.980400 0.003500
vn 0.001400 -1.000000 -0.002500
vn -0.380600 -0.924700 -0.004100
vn 0.557700 0.830000 0.004800
vn -0.705100 -0.709100 -0.005200
vn -0.922800 -0.385300 -0.005400
vn 0.833100 0.553100 0.005400
vn -1.000000 -0.002600 -0.004700
usemtl SpacialRoverExploreralumWhite
f 80/1/59 161/2/60 82/3/61
f 51/4/62 97/5/63 49/6/63
f 104/7/29 112/8/29 120/9/29
f 73/10/64 110/11/65 109/12/64
f 85/13/66 114/14/67 83/15/67
f 95/16/68 119/17/69 93/18/69
f 59/19/70 103/20/71 102/21/70
f 69/22/72 108/23/73 107/24/72
f 81/25/74 112/26/75 79/27/75
f 91/28/76 117/29/77 89/30/77
f 57/31/78 100/32/79 55/33/79
f 67/34/80 105/35/81 65/36/81
f 77/37/82 110/11/65 75/38/65
f 87/39/83 115/40/66 85/13/66
f 49/6/63 120/41/68 95/16/68
f 51/4/62 99/42/84 98/43/62
f 61/44/71 104/45/85 103/20/71
f 71/46/73 109/47/64 108/23/73
f 81/25/74 114/14/67 113/48/74
f 91/28/76 119/17/69 118/49/76
f 57/31/78 102/21/70 101/50/78
f 67/34/80 107/24/72 106/51/80
f 77/37/82 112/26/75 111/52/82
f 89/30/77 116/53/83 87/39/83
f 55/33/79 99/42/84 53/54/84
f 63/55/85 105/35/81 104/45/85
f 144/56/3 169/57/86 122/58/87
f 54/59/26 124/60/26 123/61/26
f 58/62/26 124/60/26 56/63/26
f 60/64/26 125/65/26 58/62/26
f 62/66/26 126/67/26 60/64/26
f 62/66/26 128/68/26 127/69/26
f 66/70/26 128/68/26 64/71/26
f 66/70/26 130/72/26 129/73/26
f 68/74/26 131/75/26 130/72/26
f 134/76/12 172/77/88 135/78/89
f 80/79/26 135/80/26 78/81/26
f 82/82/26 136/83/26 80/79/26
f 82/82/26 138/84/26 137/85/26
f 84/86/26 139/87/26 138/84/26
f 88/88/26 139/87/26 86/89/26
f 90/90/26 140/91/26 88/88/26
f 90/90/26 142/92/26 141/93/26
f 94/94/26 142/92/26 92/95/26
f 50/96/90 179/97/11 96/98/11
f 66/99/91 154/100/92 68/101/92
f 96/102/93 146/103/94 50/104/94
f 54/105/95 145/106/96 147/107/95
f 84/108/97 161/2/97 162/109/97
f 68/101/92 155/110/98 70/111/98
f 56/112/99 147/107/95 148/113/99
f 86/114/97 162/109/97 163/115/97
f 70/111/98 156/116/100 72/117/100
f 58/118/101 148/113/99 149/119/101
f 86/114/97 164/120/97 88/121/97
f 72/117/100 157/122/102 74/123/102
f 60/124/103 149/119/101 150/125/103
f 88/121/97 165/126/97 90/127/97
f 76/128/104 157/122/102 158/129/104
f 60/124/103 151/130/105 62/131/105
f 92/132/106 165/133/107 166/134/108
f 78/135/109 158/129/104 159/136/109
f 62/131/105 152/137/110 64/138/110
f 92/132/106 167/139/111 94/140/111
f 80/1/59 159/136/109 160/141/112
f 64/138/110 153/142/91 66/99/91
f 94/140/111 168/143/93 96/102/93
f 52/144/96 146/103/94 145/106/96
f 159/145/26 151/146/26 147/147/26
f 177/148/26 170/149/26 176/150/26
f 178/151/113 171/152/26 177/148/26
f 180/153/114 173/154/26 174/155/115
f 175/156/26 173/154/26 179/157/26
f 76/158/4 176/159/116 74/160/116
f 78/161/117 177/162/4 76/158/4
f 133/163/118 171/152/12 134/76/12
f 96/98/11 180/164/119 94/165/120
f 143/166/121 173/154/3 144/56/3
f 122/58/27 175/167/27 50/96/27
f 229/168/122 242/169/122 243/170/122
f 230/171/35 228/172/35 227/173/35
f 133/163/27 176/159/27 170/149/27
f 50/174/26 121/175/26 122/176/26
f 50/174/26 52/177/26 121/175/26
f 131/75/26 70/178/26 72/179/26
f 52/177/26 54/59/26 123/61/26
f 52/177/26 123/61/26 121/175/26
f 74/180/26 132/181/26 72/179/26
f 133/182/26 132/181/26 74/180/26
f 132/181/26 131/75/26 72/179/26
f 234/183/123 184/184/124 233/185/125
f 236/186/126 186/187/127 185/188/126
f 182/189/128 242/169/129 231/190/130
f 232/191/123 181/192/131 228/193/123
f 236/186/13 183/194/13 234/183/13
f 230/171/126 182/189/128 231/190/130
f 180/195/119 189/196/13 94/197/120
f 174/198/115 190/199/132 180/195/114
f 143/200/133 189/196/134 187/201/135
f 174/202/136 187/201/35 188/203/35
f 172/204/137 192/205/138 193/206/139
f 135/207/140 191/208/141 78/209/142
f 172/204/88 194/210/13 135/207/89
f 178/211/143 191/208/35 192/212/35
f 196/213/27 195/214/27 197/215/27
f 200/216/27 201/217/27 202/218/27
f 197/215/35 232/219/35 230/220/35
f 196/213/13 229/221/13 198/222/13
f 195/223/123 229/221/144 232/224/123
f 196/213/126 230/220/126 231/225/130
f 202/218/13 234/226/13 200/227/13
f 201/217/126 236/228/126 202/218/126
f 200/229/123 233/230/125 199/231/123
f 201/217/35 233/230/35 235/232/35
f 245/233/35 244/234/35 241/235/35
f 248/236/35 278/237/35 260/238/35
f 186/187/127 244/234/145 239/239/146
f 233/185/125 240/240/147 241/241/148
f 233/242/149 244/234/149 235/243/149
f 229/244/144 237/245/150 181/192/131
f 182/189/151 250/246/151 238/247/151
f 245/248/152 186/187/152 239/239/152
f 184/184/152 248/249/152 240/240/152
f 251/250/151 181/192/151 237/245/151
f 251/251/13 243/170/13 242/169/13
f 249/252/153 271/253/154 250/254/153
f 246/255/155 260/238/156 253/256/157
f 247/257/158 262/258/159 248/259/158
f 252/260/160 275/261/161 268/262/162
f 274/263/163 265/264/164 269/265/165
f 270/266/35 265/267/35 266/268/35
f 273/269/13 274/270/13 275/261/13
f 254/271/166 263/272/167 256/273/168
f 253/274/157 261/275/169 255/276/169
f 255/276/170 259/277/171 254/271/166
f 263/272/167 258/278/172 256/273/168
f 264/279/173 257/280/174 258/278/175
f 272/281/176 267/282/177 265/264/164
f 273/283/178 266/284/179 267/282/178
f 268/262/162 276/285/180 270/286/181
f 270/286/182 274/263/163 269/265/165
f 246/255/13 277/287/13 257/280/13
f 257/280/13 277/287/13 258/288/13
f 254/289/13 277/287/13 255/290/13
f 255/290/13 277/287/13 253/256/13
f 258/288/13 277/287/13 256/291/13
f 256/291/13 277/287/13 254/289/13
f 260/238/35 278/237/35 261/292/35
f 261/292/35 278/237/35 259/293/35
f 264/294/35 278/237/35 262/295/35
f 259/293/35 278/237/35 263/296/35
f 263/296/35 278/237/35 264/294/35
f 160/297/26 162/298/26 161/299/26
f 163/300/26 279/301/26 164/302/26
f 164/302/26 166/303/26 165/304/26
f 162/298/26 279/301/26 163/300/26
f 80/1/59 160/141/112 161/2/60
f 51/4/62 98/43/62 97/5/63
f 120/9/29 97/305/29 98/306/29
f 98/306/29 99/307/29 100/308/29
f 100/308/29 101/309/29 102/310/29
f 102/310/29 103/311/29 104/7/29
f 104/7/29 105/312/29 106/313/29
f 106/313/29 107/314/29 108/315/29
f 108/315/29 109/316/29 110/317/29
f 110/317/29 111/318/29 112/8/29
f 112/8/29 113/319/29 114/320/29
f 114/320/29 115/321/29 116/322/29
f 116/322/29 117/323/29 118/324/29
f 118/324/29 119/325/29 120/9/29
f 120/9/29 98/306/29 100/308/29
f 100/308/29 102/310/29 104/7/29
f 104/7/29 106/313/29 108/315/29
f 108/315/29 110/317/29 112/8/29
f 112/8/29 114/320/29 116/322/29
f 116/322/29 118/324/29 120/9/29
f 120/9/29 100/308/29 104/7/29
f 104/7/29 108/315/29 112/8/29
f 112/8/29 116/322/29 120/9/29
f 73/10/64 75/38/65 110/11/65
f 85/13/66 115/40/66 114/14/67
f 95/16/68 120/41/68 119/17/69
f 59/19/70 61/44/71 103/20/71
f 69/22/72 71/46/73 108/23/73
f 81/25/74 113/48/74 112/26/75
f 91/28/76 118/49/76 117/29/77
f 57/31/78 101/50/78 100/32/79
f 67/34/80 106/51/80 105/35/81
f 77/37/82 111/52/82 110/11/65
f 87/39/83 116/53/83 115/40/66
f 49/6/63 97/5/63 120/41/68
f 51/4/62 53/54/84 99/42/84
f 61/44/71 63/55/85 104/45/85
f 71/46/73 73/326/64 109/47/64
f 81/25/74 83/15/67 114/14/67
f 91/28/76 93/18/69 119/17/69
f 57/31/78 59/19/70 102/21/70
f 67/34/80 69/22/72 107/24/72
f 77/37/82 79/27/75 112/26/75
f 89/30/77 117/29/77 116/53/83
f 55/33/79 100/32/79 99/42/84
f 63/55/85 65/36/81 105/35/81
f 144/56/3 173/154/3 169/57/86
f 54/59/26 56/63/26 124/60/26
f 58/62/26 125/65/26 124/60/26
f 60/64/26 126/67/26 125/65/26
f 62/66/26 127/69/26 126/67/26
f 62/66/26 64/71/26 128/68/26
f 66/70/26 129/73/26 128/68/26
f 66/70/26 68/74/26 130/72/26
f 68/74/26 70/178/26 131/75/26
f 134/76/12 171/152/12 172/77/88
f 80/79/26 136/83/26 135/80/26
f 82/82/26 137/85/26 136/83/26
f 82/82/26 84/86/26 138/84/26
f 84/86/26 86/89/26 139/87/26
f 88/88/26 140/91/26 139/87/26
f 90/90/26 141/93/26 140/91/26
f 90/90/26 92/95/26 142/92/26
f 94/94/26 143/327/26 142/92/26
f 50/96/90 175/167/90 179/97/11
f 66/99/91 153/142/91 154/100/92
f 96/102/93 168/143/93 146/103/94
f 54/105/95 52/144/96 145/106/96
f 84/108/97 82/3/97 161/2/97
f 68/101/92 154/100/92 155/110/98
f 56/112/99 54/105/95 147/107/95
f 86/114/97 84/108/97 162/109/97
f 70/111/98 155/110/98 156/116/100
f 58/118/101 56/112/99 148/113/99
f 86/114/97 163/115/97 164/120/97
f 72/117/100 156/116/100 157/122/102
f 60/124/103 58/118/101 149/119/101
f 88/121/97 164/120/97 165/126/97
f 76/128/104 74/123/102 157/122/102
f 60/124/103 150/125/103 151/130/105
f 92/132/106 90/328/183 165/133/107
f 78/135/109 76/128/104 158/129/104
f 62/131/105 151/130/105 152/137/110
f 92/132/106 166/134/108 167/139/111
f 80/1/59 78/135/109 159/136/109
f 64/138/110 152/137/110 153/142/91
f 94/140/111 167/139/111 168/143/93
f 52/144/96 50/104/94 146/103/94
f 147/147/26 145/329/26 146/330/26
f 146/330/26 168/331/54 167/332/26
f 167/332/26 166/303/26 279/301/26
f 279/301/26 160/297/26 159/145/26
f 159/145/26 158/333/45 157/334/26
f 157/334/26 156/335/26 155/336/26
f 155/336/26 154/337/26 153/338/26
f 153/338/26 152/339/26 151/146/26
f 151/146/26 150/340/26 149/341/26
f 149/341/26 148/342/26 147/147/26
f 147/147/26 146/330/26 167/332/26
f 167/332/26 279/301/26 159/145/26
f 159/145/26 157/334/26 155/336/26
f 155/336/26 153/338/26 151/146/26
f 151/146/26 149/341/26 147/147/26
f 147/147/26 167/332/26 159/145/26
f 159/145/26 155/336/26 151/146/26
f 177/148/26 171/152/26 170/149/26
f 178/151/113 172/343/137 171/152/26
f 180/153/114 179/157/26 173/154/26
f 175/156/26 169/57/26 173/154/26
f 76/158/4 177/162/4 176/159/116
f 78/161/117 178/344/143 177/162/4
f 133/163/118 170/149/184 171/152/12
f 96/98/11 179/97/11 180/164/119
f 143/166/121 174/345/136 173/154/3
f 122/58/27 169/57/27 175/167/27
f 229/168/122 231/346/122 242/169/122
f 230/171/35 232/347/35 228/172/35
f 133/163/27 74/160/27 176/159/27
f 234/183/123 183/194/123 184/184/124
f 236/186/126 235/348/185 186/187/127
f 182/189/128 238/247/186 242/169/129
f 232/191/123 229/244/144 181/192/131
f 236/186/13 185/188/13 183/194/13
f 230/171/126 227/173/126 182/189/128
f 180/195/187 190/199/13 189/196/13
f 174/198/188 188/349/189 190/199/190
f 143/200/133 94/197/191 189/196/134
f 174/202/136 143/200/121 187/201/35
f 172/204/137 178/350/113 192/205/138
f 135/207/140 194/210/192 191/208/193
f 172/204/194 193/206/13 194/210/13
f 178/211/143 78/209/117 191/208/35
f 196/213/27 198/351/27 195/214/27
f 200/216/27 199/352/27 201/217/27
f 197/215/35 195/353/35 232/219/35
f 196/213/13 231/225/13 229/221/13
f 195/223/123 198/222/123 229/221/144
f 196/213/126 197/215/126 230/220/126
f 202/218/13 236/228/13 234/226/13
f 201/217/126 235/232/185 236/228/126
f 200/229/123 234/354/123 233/230/125
f 201/217/35 199/231/35 233/230/35
f 241/235/35 240/355/35 248/356/35
f 245/233/35 239/239/35 244/234/35
f 241/235/35 248/356/35 245/233/35
f 260/238/35 245/357/35 248/236/35
f 248/236/35 262/295/35 278/237/35
f 186/187/127 235/348/185 244/234/145
f 233/185/125 184/184/124 240/240/147
f 233/242/149 241/235/149 244/234/149
f 229/244/144 243/170/195 237/245/150
f 182/189/151 249/358/151 250/246/151
f 245/248/152 246/359/152 186/187/152
f 184/184/152 247/360/152 248/249/152
f 251/250/151 252/361/151 181/192/151
f 242/169/13 238/247/13 250/362/13
f 251/251/13 237/245/13 243/170/13
f 242/169/13 250/362/13 251/251/13
f 249/252/153 266/268/179 271/253/154
f 246/255/155 245/357/155 260/238/156
f 247/257/158 257/280/174 262/258/159
f 252/260/160 251/363/160 275/261/161
f 274/263/163 272/281/176 265/264/164
f 266/268/35 249/252/35 252/364/35
f 252/364/35 268/365/35 270/266/35
f 270/266/35 269/366/35 265/267/35
f 265/267/35 267/367/35 266/268/35
f 266/268/35 252/364/35 270/266/35
f 275/261/13 251/363/13 250/254/13
f 250/254/13 271/253/13 273/269/13
f 273/269/13 272/368/13 274/270/13
f 274/270/13 276/369/13 275/261/13
f 275/261/13 250/254/13 273/269/13
f 254/271/166 259/277/171 263/272/167
f 253/274/157 260/370/156 261/275/169
f 255/276/170 261/275/170 259/277/171
f 263/272/167 264/279/172 258/278/172
f 264/279/173 262/258/159 257/280/174
f 272/281/176 273/283/177 267/282/177
f 273/283/178 271/371/154 266/284/179
f 268/262/162 275/261/161 276/285/180
f 270/286/182 276/285/182 274/263/163
f 257/280/13 247/257/13 246/255/13
f 246/255/13 253/256/13 277/287/13
f 160/297/26 279/301/26 162/298/26
f 164/302/26 279/301/26 166/303/26
usemtl SpacialRoverExploreralumGray
f 2/372/29 20/373/29 7/374/29
f 16/375/38 13/376/38 14/377/38
f 8/378/35 23/379/35 10/380/35
f 11/381/26 14/377/26 4/382/26
f 5/383/13 17/384/13 1/385/13
f 14/377/32 6/386/32 4/382/32
f 15/387/34 5/383/34 6/386/34
f 2/372/28 18/388/28 16/389/28
f 3/390/36 17/384/36 18/388/36
f 8/378/33 21/391/33 19/392/33
f 9/393/31 20/373/31 21/391/31
f 11/394/30 24/395/30 22/396/30
f 12/397/37 23/379/37 24/395/37
f 2/372/29 16/389/29 20/373/29
f 20/398/38 16/375/38 14/377/38
f 16/375/38 18/399/38 17/400/38
f 13/376/38 16/375/38 17/400/38
f 13/376/38 15/401/38 14/377/38
f 14/377/38 22/402/38 20/398/38
f 22/402/38 24/403/38 23/404/38
f 20/398/38 22/402/38 19/405/38
f 23/404/38 19/405/38 22/402/38
f 19/405/38 21/406/38 20/398/38
f 8/378/35 19/392/35 23/379/35
f 11/381/26 22/402/26 14/377/26
f 5/383/13 13/407/13 17/384/13
f 14/377/32 15/387/32 6/386/32
f 15/387/34 13/407/34 5/383/34
f 2/372/28 3/390/28 18/388/28
f 3/390/36 1/385/36 17/384/36
f 8/378/33 9/393/33 21/391/33
f 9/393/31 7/374/31 20/373/31
f 11/394/30 12/397/30 24/395/30
f 12/397/37 10/380/37 23/379/37
f 210/408/200 25/409/201 32/410/202
f 209/411/203 32/410/204 31/412/205
f 30/413/206 209/411/207 31/412/208
f 29/414/209 208/415/210 30/413/211
f 28/416/212 207/417/213 29/414/212
f 27/418/214 206/419/215 28/420/214
f 204/421/216 27/418/217 26/422/218
f 203/423/219 26/422/220 25/409/220
f 293/424/35 301/425/35 294/426/35
f 287/427/35 283/428/35 282/429/35
f 281/430/221 286/431/221 284/432/221
f 281/430/26 282/429/26 283/433/26
f 285/434/222 282/429/222 280/435/222
f 289/436/27 303/437/27 292/438/27
f 297/439/29 301/440/29 303/441/29
f 295/442/38 297/443/38 290/444/38
f 301/425/6 295/442/6 294/426/6
f 291/445/9 297/443/9 296/446/9
f 289/436/8 299/447/8 298/448/8
f 293/449/1 303/437/1 302/450/1
f 291/445/13 299/447/13 288/451/13
f 306/452/29 321/453/29 307/454/29
f 307/454/35 321/453/35 339/455/35
f 308/456/13 324/457/13 338/458/13
f 304/459/29 333/460/29 311/461/29
f 310/462/26 315/463/26 305/464/26
f 309/465/26 324/457/26 308/456/26
f 318/466/38 327/467/38 322/468/38
f 334/469/38 316/470/38 330/471/38
f 314/472/46 334/473/46 335/474/46
f 322/475/46 320/476/46 318/477/46
f 323/478/197 319/479/197 320/476/197
f 316/470/53 332/480/53 330/471/53
f 317/481/51 331/482/51 332/480/51
f 328/483/51 326/484/51 324/457/51
f 329/485/53 325/486/53 326/484/53
f 305/464/13 315/463/13 337/487/13
f 313/488/197 335/474/197 333/460/197
f 332/489/35 331/482/35 336/490/35
f 313/491/13 337/487/13 314/492/13
f 336/490/35 310/462/35 311/461/35
f 336/490/35 333/460/35 335/493/35
f 334/494/35 330/495/35 336/490/35
f 335/493/35 334/494/35 336/490/35
f 336/490/35 330/495/35 332/489/35
f 314/492/13 337/487/13 312/496/13
f 316/497/13 337/487/13 317/498/13
f 312/496/13 337/487/13 316/497/13
f 317/498/13 337/487/13 315/463/13
f 319/499/13 338/458/13 320/500/13
f 320/500/13 338/458/13 318/501/13
f 326/502/13 338/458/13 324/457/13
f 318/501/13 338/458/13 325/503/13
f 325/503/13 338/458/13 326/502/13
f 328/483/35 339/455/35 329/504/35
f 329/504/35 339/455/35 327/505/35
f 323/506/35 339/455/35 321/453/35
f 327/505/35 339/455/35 322/507/35
f 322/507/35 339/455/35 323/506/35
f 285/434/13 281/508/13 284/509/13
f 284/510/29 286/511/29 295/512/29
f 295/512/29 286/511/29 294/513/29
f 287/427/29 293/514/29 286/511/29
f 293/514/29 287/427/29 292/515/29
f 292/515/29 287/427/29 285/434/29
f 289/516/29 292/515/29 285/434/29
f 284/510/29 295/512/29 290/517/29
f 288/518/29 289/516/29 285/434/29
f 284/510/29 290/517/29 291/519/29
f 284/510/29 291/519/29 288/518/29
f 284/510/29 288/518/29 285/434/29
f 293/514/29 294/513/29 286/511/29
f 306/452/29 319/479/29 321/453/29
f 328/483/35 309/465/35 339/455/35
f 309/465/35 307/454/35 339/455/35
f 319/499/13 306/520/13 338/458/13
f 306/520/13 308/456/13 338/458/13
f 304/459/29 313/488/29 333/460/29
f 310/462/26 331/482/26 315/463/26
f 309/465/26 328/483/26 324/457/26
f 318/466/38 325/486/38 327/467/38
f 334/469/38 312/521/38 316/470/38
f 314/472/46 312/522/46 334/473/46
f 322/475/46 323/478/46 320/476/46
f 323/478/197 321/453/197 319/479/197
f 316/470/53 317/481/53 332/480/53
f 317/481/51 315/463/51 331/482/51
f 328/483/51 329/485/51 326/484/51
f 329/485/53 327/467/53 325/486/53
f 313/491/13 304/523/13 337/487/13
f 304/523/13 305/464/13 337/487/13
f 313/488/197 314/472/197 335/474/197
f 311/461/35 333/460/35 336/490/35
f 336/490/35 331/482/35 310/462/35
f 353/424/35 361/425/35 354/426/35
f 347/427/35 343/428/35 342/429/35
f 341/430/221 346/431/221 344/432/221
f 341/430/26 342/429/26 343/433/26
f 345/434/222 342/429/222 340/435/222
f 349/436/27 363/437/27 352/438/27
f 357/439/29 361/440/29 363/441/29
f 355/442/38 357/443/38 350/444/38
f 361/425/6 355/442/6 354/426/6
f 351/445/9 357/443/9 356/446/9
f 349/436/8 359/447/8 358/448/8
f 353/449/1 363/437/1 362/450/1
f 351/445/13 359/447/13 348/451/13
f 366/452/29 381/453/29 367/454/29
f 367/454/35 381/453/35 399/455/35
f 368/456/13 384/457/13 398/458/13
f 364/459/29 393/460/29 371/461/29
f 370/462/26 375/463/26 365/464/26
f 369/465/26 384/457/26 368/456/26
f 378/466/38 387/467/38 382/468/38
f 394/469/38 376/470/38 390/471/38
f 374/472/46 394/473/46 395/474/46
f 382/475/46 380/476/46 378/477/46
f 383/478/197 379/479/197 380/476/197
f 376/470/53 392/480/53 390/471/53
f 377/481/51 391/482/51 392/480/51
f 388/483/51 386/484/51 384/457/51
f 389/485/53 385/486/53 386/484/53
f 365/464/13 375/463/13 397/487/13
f 373/488/197 395/474/197 393/460/197
f 392/489/35 391/482/35 396/490/35
f 373/491/13 397/487/13 374/492/13
f 396/490/35 370/462/35 371/461/35
f 396/490/35 393/460/35 395/493/35
f 394/494/35 390/495/35 396/490/35
f 395/493/35 394/494/35 396/490/35
f 396/490/35 390/495/35 392/489/35
f 374/492/13 397/487/13 372/496/13
f 376/497/13 397/487/13 377/498/13
f 372/496/13 397/487/13 376/497/13
f 377/498/13 397/487/13 375/463/13
f 379/499/13 398/458/13 380/500/13
f 380/500/13 398/458/13 378/501/13
f 386/502/13 398/458/13 384/457/13
f 378/501/13 398/458/13 385/503/13
f 385/503/13 398/458/13 386/502/13
f 388/483/35 399/455/35 389/504/35
f 389/504/35 399/455/35 387/505/35
f 383/506/35 399/455/35 381/453/35
f 387/505/35 399/455/35 382/507/35
f 382/507/35 399/455/35 383/506/35
f 345/434/13 341/508/13 344/509/13
f 344/510/29 346/511/29 355/512/29
f 355/512/29 346/511/29 354/513/29
f 347/427/29 353/514/29 346/511/29
f 353/514/29 347/427/29 352/515/29
f 352/515/29 347/427/29 345/434/29
f 349/516/29 352/515/29 345/434/29
f 344/510/29 355/512/29 350/517/29
f 348/518/29 349/516/29 345/434/29
f 344/510/29 350/517/29 351/519/29
f 344/510/29 351/519/29 348/518/29
f 344/510/29 348/518/29 345/434/29
f 353/514/29 354/513/29 346/511/29
f 366/452/29 379/479/29 381/453/29
f 388/483/35 369/465/35 399/455/35
f 369/465/35 367/454/35 399/455/35
f 379/499/13 366/520/13 398/458/13
f 366/520/13 368/456/13 398/458/13
f 364/459/29 373/488/29 393/460/29
f 370/462/26 391/482/26 375/463/26
f 369/465/26 388/483/26 384/457/26
f 378/466/38 385/486/38 387/467/38
f 394/469/38 372/521/38 376/470/38
f 374/472/46 372/522/46 394/473/46
f 382/475/46 383/478/46 380/476/46
f 383/478/197 381/453/197 379/479/197
f 376/470/53 377/481/53 392/480/53
f 377/481/51 375/463/51 391/482/51
f 388/483/51 389/485/51 386/484/51
f 389/485/53 387/467/53 385/486/53
f 373/491/13 364/523/13 397/487/13
f 364/523/13 365/464/13 397/487/13
f 373/488/197 374/472/197 395/474/197
f 371/461/35 393/460/35 396/490/35
f 396/490/35 391/482/35 370/462/35
f 210/408/200 203/423/223 25/409/201
f 209/411/203 210/408/203 32/410/204
f 30/413/206 208/415/224 209/411/207
f 29/414/209 207/417/210 208/415/210
f 28/416/212 206/524/225 207/417/213
f 27/418/214 205/525/215 206/419/215
f 204/421/216 205/525/216 27/418/217
f 203/423/219 204/421/226 26/422/220
f 293/424/35 302/526/35 301/425/35
f 287/427/35 286/527/35 283/428/35
f 281/430/221 283/433/221 286/431/221
f 281/430/26 280/435/26 282/429/26
f 285/434/222 287/427/222 282/429/222
f 289/436/27 298/448/27 303/437/27
f 303/441/29 298/528/29 299/529/29
f 299/529/29 296/530/29 297/439/29
f 297/439/29 300/531/29 301/440/29
f 301/440/29 302/532/29 303/441/29
f 303/441/29 299/529/29 297/439/29
f 295/442/38 300/533/38 297/443/38
f 301/425/6 300/533/6 295/442/6
f 291/445/9 290/444/9 297/443/9
f 289/436/8 288/451/8 299/447/8
f 293/449/1 292/438/1 303/437/1
f 291/445/13 296/446/13 299/447/13
f 285/434/13 280/435/13 281/508/13
f 353/424/35 362/526/35 361/425/35
f 347/427/35 346/527/35 343/428/35
f 341/430/221 343/433/221 346/431/221
f 341/430/26 340/435/26 342/429/26
f 345/434/222 347/427/222 342/429/222
f 349/436/27 358/448/27 363/437/27
f 363/441/29 358/528/29 359/529/29
f 359/529/29 356/530/29 357/439/29
f 357/439/29 360/531/29 361/440/29
f 361/440/29 362/532/29 363/441/29
f 363/441/29 359/529/29 357/439/29
f 355/442/38 360/533/38 357/443/38
f 361/425/6 360/533/6 355/442/6
f 351/445/9 350/444/9 357/443/9
f 349/436/8 348/451/8 359/447/8
f 353/449/1 352/438/1 363/437/1
f 351/445/13 356/446/13 359/447/13
f 345/434/13 340/435/13 341/508/13
f 459/534/35 460/535/4 458/536/35
f 461/537/4 462/538/227 460/535/4
f 463/539/227 464/540/1 462/538/227
f 465/541/1 466/542/228 464/540/1
f 467/543/228 468/544/2 466/542/228
f 469/545/2 470/546/27 468/544/2
f 471/547/27 472/548/7 470/546/27
f 473/549/7 474/550/229 472/548/7
f 475/551/229 476/552/8 474/550/229
f 477/553/8 478/554/230 476/552/8
f 479/555/230 480/556/43 478/554/230
f 482/557/29 554/558/29 556/559/29
f 482/557/29 558/560/29 484/561/29
f 485/562/44 486/563/231 484/564/44
f 487/565/231 488/566/9 486/563/231
f 489/567/9 490/568/232 488/566/9
f 491/569/232 492/570/10 490/568/232
f 493/571/10 494/572/38 492/570/10
f 495/573/38 496/574/5 494/572/38
f 497/575/5 498/576/233 496/574/5
f 499/577/233 500/578/6 498/576/233
f 501/579/6 502/580/234 500/578/6
f 465/581/26 526/582/26 523/583/235
f 495/584/26 487/585/26 515/586/26
f 503/587/234 504/588/3 502/580/234
f 505/589/3 458/536/35 504/588/3
f 464/590/29 472/591/29 533/592/29
f 488/593/29 496/594/29 545/595/29
f 483/596/26 559/597/26 557/598/26
f 484/561/38 559/597/38 485/599/38
f 481/600/27 554/558/27 480/601/27
f 483/596/26 555/602/26 481/603/26
f 459/534/35 461/537/4 460/535/4
f 461/537/4 463/539/227 462/538/227
f 463/539/227 465/541/1 464/540/1
f 465/541/1 467/543/228 466/542/228
f 467/543/228 469/545/2 468/544/2
f 469/545/2 471/547/27 470/546/27
f 471/547/27 473/549/7 472/548/7
f 473/549/7 475/551/229 474/550/229
f 475/551/229 477/553/8 476/552/8
f 477/553/8 479/555/230 478/554/230
f 479/555/230 481/604/43 480/556/43
f 482/557/29 480/601/29 554/558/29
f 482/557/29 556/559/29 558/560/29
f 485/562/44 487/565/231 486/563/231
f 487/565/231 489/567/9 488/566/9
f 489/567/9 491/569/232 490/568/232
f 491/569/232 493/571/10 492/570/10
f 493/571/10 495/573/38 494/572/38
f 495/573/38 497/575/5 496/574/5
f 497/575/5 499/577/233 498/576/233
f 499/577/233 501/579/6 500/578/6
f 501/579/6 503/587/234 502/580/234
f 522/605/26 471/606/26 469/607/26
f 469/607/26 467/608/26 465/581/26
f 465/581/26 463/609/26 529/610/26
f 465/581/26 529/610/26 520/611/26
f 522/605/26 469/607/26 465/581/26
f 523/583/235 522/605/26 465/581/26
f 465/581/26 520/611/26 526/582/26
f 511/612/26 529/610/26 463/609/26
f 463/609/26 461/613/26 459/614/26
f 459/614/26 505/615/26 503/616/26
f 503/616/26 501/617/26 499/618/26
f 499/618/26 497/619/26 495/584/26
f 495/584/26 493/620/26 491/621/26
f 491/621/26 489/622/26 487/585/26
f 487/585/26 485/623/26 483/624/26
f 483/624/26 481/625/26 479/626/26
f 479/626/26 477/627/26 475/628/26
f 475/628/26 473/629/26 471/606/26
f 471/606/26 522/605/26 525/630/26
f 471/606/26 525/630/26 524/631/26
f 479/626/26 475/628/26 471/606/26
f 487/585/26 483/624/26 479/626/26
f 495/584/26 491/621/26 487/585/26
f 503/616/26 499/618/26 495/584/26
f 463/609/26 459/614/26 503/616/26
f 512/632/236 511/612/26 463/609/26
f 509/633/26 512/632/236 463/609/26
f 479/626/26 471/606/26 524/631/26
f 479/626/26 524/631/26 521/634/26
f 509/633/26 463/609/26 503/616/26
f 510/635/26 509/633/26 503/616/26
f 479/626/26 521/634/26 528/636/26
f 479/626/26 528/636/26 517/637/26
f 507/638/26 510/635/26 503/616/26
f 508/639/26 507/638/26 503/616/26
f 487/585/26 479/626/26 517/637/26
f 487/585/26 517/637/26 518/640/237
f 508/639/26 503/616/26 495/584/26
f 506/641/26 508/639/26 495/584/26
f 487/585/26 518/640/237 516/642/26
f 487/585/26 516/642/26 519/643/26
f 527/644/26 506/641/26 495/584/26
f 513/645/26 527/644/26 495/584/26
f 487/585/26 519/643/26 514/646/26
f 515/586/26 513/645/26 495/584/26
f 487/585/26 514/646/26 515/586/26
f 503/587/234 505/589/3 504/588/3
f 505/589/3 459/534/35 458/536/35
f 534/647/29 536/648/29 464/590/29
f 464/590/29 466/649/29 468/650/29
f 468/650/29 470/651/29 472/591/29
f 472/591/29 552/652/29 535/653/29
f 533/592/29 534/647/29 464/590/29
f 472/591/29 535/653/29 533/592/29
f 464/590/29 468/650/29 472/591/29
f 542/654/29 552/652/29 472/591/29
f 472/591/29 474/655/29 476/656/29
f 476/656/29 478/657/29 480/658/29
f 480/658/29 482/659/29 484/660/29
f 484/660/29 486/661/29 488/593/29
f 488/593/29 490/662/29 492/663/29
f 492/663/29 494/664/29 496/594/29
f 496/594/29 498/665/29 500/666/29
f 500/666/29 502/667/29 504/668/29
f 504/668/29 458/669/29 460/670/29
f 460/670/29 462/671/29 464/590/29
f 464/590/29 536/648/29 531/672/29
f 464/590/29 531/672/29 532/673/29
f 504/668/29 460/670/29 464/590/29
f 496/594/29 500/666/29 504/668/29
f 488/593/29 492/663/29 496/594/29
f 480/658/29 484/660/29 488/593/29
f 472/591/29 476/656/29 480/658/29
f 543/674/238 542/654/29 472/591/29
f 540/675/29 543/674/238 472/591/29
f 504/668/29 464/590/29 532/673/29
f 504/668/29 532/673/29 530/676/29
f 540/675/29 472/591/29 480/658/29
f 541/677/29 540/675/29 480/658/29
f 504/668/29 530/676/29 553/678/29
f 504/668/29 553/678/29 547/679/29
f 538/680/29 541/677/29 480/658/29
f 539/681/29 538/680/29 480/658/29
f 496/594/29 504/668/29 547/679/29
f 496/594/29 547/679/29 548/682/239
f 539/681/29 480/658/29 488/593/29
f 537/683/29 539/681/29 488/593/29
f 496/594/29 548/682/239 550/684/29
f 496/594/29 550/684/29 546/685/29
f 551/686/29 537/683/29 488/593/29
f 549/687/29 551/686/29 488/593/29
f 496/594/29 546/685/29 544/688/29
f 545/595/29 549/687/29 488/593/29
f 496/594/29 544/688/29 545/595/29
f 483/596/26 485/599/26 559/597/26
f 484/561/38 558/560/38 559/597/38
f 481/600/27 555/689/27 554/558/27
f 483/596/26 557/598/26 555/602/26
f 645/690/29 613/691/29 644/692/240
f 613/691/29 645/690/29 646/693/241
f 613/691/29 612/694/240 644/692/240
f 646/693/241 614/695/241 613/691/29
f 612/694/240 643/696/197 644/692/240
f 646/693/241 647/697/56 614/695/241
f 612/694/240 611/698/197 643/696/197
f 647/697/56 615/699/56 614/695/241
f 647/697/56 648/700/242 615/699/56
f 648/700/242 616/701/242 615/699/56
f 611/698/197 642/702/243 643/696/197
f 642/702/243 611/698/197 610/703/243
f 648/700/242 649/704/21 616/701/242
f 649/704/21 617/705/21 616/701/242
f 642/702/243 610/703/243 641/706/22
f 610/703/243 609/707/22 641/706/22
f 609/707/22 640/708/57 641/706/22
f 649/704/21 650/709/198 617/705/21
f 609/707/22 608/710/57 640/708/57
f 650/709/198 618/711/198 617/705/21
f 650/709/198 651/712/48 618/711/198
f 640/708/57 608/710/57 639/713/46
f 608/710/57 607/714/46 639/713/46
f 618/711/198 651/712/48 619/715/48
f 607/714/46 638/716/47 639/713/46
f 619/715/48 651/712/48 620/717/196
f 607/714/46 606/718/47 638/716/47
f 620/717/196 651/712/48 652/719/196
f 606/718/47 637/720/38 638/716/47
f 637/720/38 606/718/47 605/721/38
f 620/717/196 652/719/196 621/722/27
f 621/722/27 589/723/27 620/717/196
f 621/722/27 622/724/199 589/723/27
f 637/720/38 605/721/38 636/725/58
f 636/725/58 605/721/38 604/726/58
f 589/723/27 622/724/199 590/727/199
f 590/727/199 622/724/199 623/728/49
f 590/727/199 623/728/49 591/729/49
f 636/725/58 604/726/58 635/730/53
f 604/731/58 603/732/53 635/733/53
f 603/732/53 634/734/52 635/733/53
f 591/729/49 623/728/49 624/735/244
f 603/732/53 602/736/52 634/734/52
f 591/729/49 624/735/244 592/737/244
f 634/734/52 602/736/52 633/738/19
f 592/737/244 624/735/244 625/739/14
f 592/737/244 625/739/14 593/740/14
f 633/738/19 602/736/52 601/741/19
f 593/740/14 625/739/14 626/742/245
f 633/738/19 601/741/19 632/743/246
f 593/740/14 626/742/245 594/744/245
f 632/743/246 601/741/19 600/745/246
f 594/744/245 626/742/245 627/746/50
f 632/743/246 600/745/246 631/747/51
f 594/744/245 627/746/50 595/748/50
f 631/747/51 600/745/246 599/749/51
f 595/748/50 627/746/50 628/750/247
f 631/747/51 599/749/51 630/751/248
f 630/751/248 599/749/51 598/752/248
f 595/748/50 628/750/247 596/753/247
f 630/751/248 598/752/248 629/754/26
f 596/753/247 628/750/247 629/754/26
f 629/754/26 598/752/248 597/755/26
f 596/753/247 629/754/26 597/755/26
f 1081/756/249 1104/757/250 1105/758/249
f 1087/759/251 1112/760/252 1088/761/252
f 1078/762/253 1091/763/254 1102/764/253
f 1084/765/255 1109/766/256 1085/767/256
f 1081/756/249 1106/768/257 1082/769/257
f 1077/770/254 1112/760/252 1091/763/254
f 1078/771/253 1103/772/258 1079/773/258
f 1085/767/256 1110/774/259 1086/775/259
f 1083/776/260 1106/768/257 1107/777/260
f 1079/778/258 1104/757/250 1080/779/250
f 1086/775/259 1111/780/251 1087/759/251
f 1083/776/260 1108/781/255 1084/765/255
f 751/782/261 729/783/262 752/784/261
f 747/785/263 750/786/264 748/787/263
f 743/788/265 746/789/266 744/790/265
f 747/791/267 1207/792/268 745/793/267
f 739/794/269 742/795/270 740/796/269
f 735/797/271 738/798/272 736/799/271
f 731/800/273 734/801/274 732/802/273
f 773/803/19 776/804/275 774/805/275
f 769/806/23 772/807/276 770/808/276
f 765/809/25 768/810/277 766/811/277
f 762/812/278 763/813/21 764/814/278
f 757/815/15 760/816/279 758/817/279
f 753/818/280 755/819/17 756/820/280
f 1071/821/281 764/822/278 1074/823/281
f 1055/824/282 772/825/276 1058/826/282
f 749/827/283 1196/828/284 1199/829/284
f 1203/830/16 772/825/16 771/831/16
f 743/832/285 1215/833/286 741/834/285
f 735/835/287 1189/836/288 733/837/287
f 740/838/289 1070/839/290 1075/840/290
f 746/841/291 1059/842/292 748/843/291
f 1192/844/16 758/845/16 1043/846/16
f 1179/847/18 1029/848/18 1030/849/18
f 1178/850/18 1030/849/18 1031/851/18
f 1185/852/293 757/815/294 1192/853/293
f 1180/854/295 755/819/296 754/855/296
f 729/856/297 1035/857/298 732/858/297
f 1031/851/299 1033/859/300 1036/860/301
f 1185/852/24 760/861/24 759/862/24
f 1186/863/24 1040/864/24 1185/865/24
f 1191/866/16 1043/846/16 1044/867/16
f 1193/868/302 773/803/303 1198/869/302
f 1187/870/304 1191/871/305 1190/872/304
f 1043/846/306 760/861/279 1040/864/306
f 736/873/307 1042/874/308 1037/875/308
f 1038/876/309 1044/867/310 1039/877/310
f 1198/878/22 774/879/22 1051/880/22
f 1199/881/22 1049/882/22 1050/883/22
f 1196/884/14 1046/885/14 1195/886/14
f 1194/887/14 1048/888/14 1193/889/14
f 1200/890/311 1194/891/312 1197/892/312
f 1051/880/313 776/893/275 1048/888/313
f 750/894/314 1045/895/315 752/896/314
f 1049/882/316 1047/897/317 1046/885/316
f 1201/898/318 1205/899/319 1208/900/318
f 1053/901/320 1057/902/321 1060/903/320
f 1204/904/16 1058/826/16 1203/905/16
f 1203/830/322 769/806/323 1206/906/322
f 1209/907/324 765/809/325 1214/908/324
f 1205/909/24 1055/824/24 1056/910/24
f 1214/911/20 766/912/20 1067/913/20
f 1213/914/20 1067/913/20 1068/915/20
f 1209/907/18 768/916/18 767/917/18
f 1210/918/18 1064/919/18 1209/920/18
f 1211/921/326 1213/922/327 1216/923/326
f 1067/913/328 768/916/277 1064/919/328
f 744/924/329 1066/925/330 1061/926/330
f 1062/927/331 1068/915/332 1063/928/332
f 1220/929/14 762/930/14 1071/821/14
f 1219/931/14 1071/821/14 1072/932/14
f 1069/933/333 1073/934/334 1076/935/333
f 1220/936/335 763/813/336 761/937/336
f 739/938/337 1217/939/338 737/940/337
f 1218/941/339 1224/942/340 1219/943/340
f 888/944/41 730/945/262 751/782/261
f 887/946/41 865/947/26 888/948/41
f 886/949/341 751/782/261 749/950/264
f 885/951/341 888/948/41 886/952/341
f 884/953/342 749/950/264 747/785/263
f 875/954/15 894/955/15 876/956/15
f 882/957/343 747/785/263 745/958/266
f 881/959/343 884/960/342 882/961/343
f 880/962/42 745/958/266 743/788/265
f 879/963/42 882/961/343 880/964/42
f 878/965/344 743/788/265 741/966/270
f 877/967/344 880/964/42 878/968/344
f 876/969/345 741/966/270 739/794/269
f 869/970/13 889/971/13 867/972/13
f 737/973/272 876/969/345 739/794/269
f 874/974/346 875/975/345 876/976/345
f 872/977/27 737/973/272 735/797/271
f 872/978/27 873/979/346 874/974/346
f 870/980/347 735/797/271 733/981/274
f 869/982/347 872/978/27 870/983/347
f 868/984/348 733/981/274 731/800/273
f 886/985/17 899/986/17 885/987/17
f 865/988/26 731/989/273 730/945/262
f 866/990/26 868/991/348 865/988/26
f 897/992/18 900/993/18 898/994/18
f 893/995/24 896/996/24 894/997/24
f 889/971/14 892/998/14 890/999/14
f 886/985/35 898/1000/35 900/1001/35
f 870/1002/21 891/1003/21 869/1004/21
f 883/1005/13 899/1006/13 897/992/13
f 878/1007/35 894/955/35 896/1008/35
f 883/1005/25 898/1000/25 884/1009/25
f 878/1007/23 895/1010/23 877/1011/23
f 877/1011/13 893/995/13 875/1012/13
f 867/972/19 890/1013/19 868/1014/19
f 868/1014/35 892/1015/35 870/1002/35
f 1177/1016/18 1031/851/18 1032/1017/18
f 1187/870/24 1039/877/24 1186/1018/24
f 1188/1019/24 1038/876/24 1187/1020/24
f 1190/1021/16 1044/867/16 1041/1022/16
f 1189/1023/16 1041/1022/16 1042/1024/16
f 1195/1025/14 1047/897/14 1194/891/14
f 1200/1026/22 1052/1027/22 1049/882/22
f 1197/1028/22 1051/880/22 1052/1027/22
f 1208/1029/24 1056/910/24 1053/901/24
f 1207/1030/24 1053/901/24 1054/1031/24
f 1201/898/16 1057/902/16 1204/1032/16
f 1202/1033/16 1060/903/16 1201/1034/16
f 1211/921/18 1063/928/18 1210/1035/18
f 1212/1036/18 1062/927/18 1211/1037/18
f 1216/1038/20 1068/915/20 1065/1039/20
f 1215/1040/20 1065/1039/20 1066/925/20
f 1218/1041/14 1072/932/14 1069/933/14
f 1217/1042/14 1069/933/14 1070/839/14
f 1031/851/299 1035/857/298 1032/1017/298
f 1034/1043/349 1030/849/300 1029/848/349
f 1038/876/309 1042/1024/308 1041/1022/350
f 1040/864/306 1044/867/310 1043/846/306
f 1046/885/316 1050/883/315 1049/882/316
f 1048/888/313 1052/1027/317 1051/880/313
f 1060/903/320 1054/1031/292 1053/901/320
f 1058/826/282 1056/910/321 1055/824/282
f 1062/927/331 1066/925/330 1065/1039/331
f 1067/913/328 1063/928/332 1068/915/332
f 1076/935/333 1070/839/290 1069/933/333
f 1074/823/281 1072/932/334 1071/821/281
f 1029/848/349 756/1044/280 1034/1043/349
f 1088/1045/41 866/990/26 887/1046/41
f 1087/1047/351 887/1046/41 885/1048/341
f 1086/1049/38 885/1048/341 883/1050/342
f 1085/1051/343 883/1050/342 881/1052/343
f 1084/1053/42 881/1052/343 879/1054/42
f 1083/1055/29 879/1054/42 877/1056/344
f 1082/1057/40 877/1056/344 875/1058/345
f 873/1059/346 1082/1057/40 875/1058/345
f 1080/1060/27 873/1059/346 871/1061/27
f 1079/773/352 871/1061/27 869/1062/347
f 1078/771/39 869/1062/347 867/1063/348
f 1077/1064/26 867/1065/348 866/990/26
f 597/1066/35 1115/1067/35 1144/1068/35
f 611/1069/35 1143/1070/35 610/1071/35
f 596/1072/35 1144/1068/35 1142/1073/35
f 610/1071/35 1141/1074/35 609/1075/35
f 595/1076/35 1142/1073/35 1140/1077/35
f 609/1075/35 1139/1078/35 608/1079/35
f 594/1080/35 1140/1077/35 1138/1081/35
f 607/1082/35 1139/1078/35 1137/1083/35
f 620/1084/35 1125/1085/35 1136/1086/35
f 593/1087/35 1138/1081/35 1135/1088/35
f 607/1082/35 1134/1089/35 606/1090/35
f 619/1091/35 1136/1086/35 1133/1092/35
f 592/1093/35 1135/1088/35 1132/1094/35
f 606/1090/35 1131/1095/35 605/1096/35
f 619/1091/35 1130/1097/35 618/1098/35
f 591/1099/35 1132/1094/35 1129/1100/35
f 605/1096/35 1128/1101/35 604/1102/35
f 618/1098/35 1127/1103/35 617/1104/35
f 590/1105/35 1129/1100/35 1126/1106/35
f 604/1102/35 1124/1107/35 603/1108/35
f 617/1104/35 1123/1109/35 616/1110/35
f 590/1105/35 1125/1085/35 589/1111/35
f 602/1112/35 1124/1107/35 1122/1113/35
f 616/1110/35 1121/1114/35 615/1115/35
f 601/1116/35 1122/1113/35 1120/1117/35
f 615/1115/35 1119/1118/35 614/1119/35
f 600/1120/35 1120/1117/35 1118/1121/35
f 614/1119/35 1117/1122/35 613/1123/35
f 599/1124/35 1118/1121/35 1116/1125/35
f 613/1123/35 1114/1126/35 612/1127/35
f 598/1128/35 1116/1125/35 1115/1067/35
f 612/1127/35 1113/1129/35 611/1069/35
f 622/1130/13 1176/1131/13 1145/1132/13
f 623/1133/13 1145/1132/13 1146/1134/13
f 623/1133/13 1147/1135/13 624/1136/13
f 624/1136/13 1148/1137/13 625/1138/13
f 625/1138/13 1149/1139/13 626/1140/13
f 626/1140/13 1150/1141/13 627/1142/13
f 627/1142/13 1151/1143/13 628/1144/13
f 628/1144/13 1152/1145/13 629/1146/13
f 629/1146/13 1153/1147/13 630/1148/13
f 630/1148/13 1154/1149/13 631/1150/13
f 631/1150/13 1155/1151/13 632/1152/13
f 632/1152/13 1156/1153/13 633/1154/13
f 633/1154/13 1157/1155/13 634/1156/13
f 634/1156/13 1158/1157/13 635/1158/13
f 635/1158/13 1159/1159/13 636/1160/13
f 636/1160/13 1160/1161/13 637/1162/13
f 637/1162/13 1161/1163/13 638/1164/13
f 638/1164/13 1162/1165/13 639/1166/13
f 639/1166/13 1163/1167/13 640/1168/13
f 641/1169/13 1163/1167/13 1164/1170/13
f 642/1171/13 1164/1170/13 1165/1172/13
f 643/1173/13 1165/1172/13 1166/1174/13
f 644/1175/13 1166/1174/13 1167/1176/13
f 645/1177/13 1167/1176/13 1168/1178/13
f 646/1179/13 1168/1178/13 1169/1180/13
f 647/1181/13 1169/1180/13 1170/1182/13
f 648/1183/13 1170/1182/13 1171/1184/13
f 649/1185/13 1171/1184/13 1172/1186/13
f 650/1187/13 1172/1186/13 1173/1188/13
f 651/1189/13 1173/1188/13 1174/1190/13
f 652/1191/13 1174/1190/13 1175/1192/13
f 621/1193/13 1175/1192/13 1176/1131/13
f 1177/1016/18 729/856/18 730/1194/18
f 732/858/20 1182/1195/20 731/1196/20
f 736/1197/24 1188/1198/24 735/835/24
f 734/1199/16 1189/1200/16 1042/1024/16
f 1180/1201/18 753/1202/18 1029/848/18
f 752/896/14 1196/828/14 751/1203/14
f 750/894/22 1199/1204/22 1050/883/22
f 748/843/16 1202/1205/16 747/791/16
f 746/841/24 1207/1206/24 1054/1031/24
f 744/924/18 1212/1207/18 743/832/18
f 742/1208/20 1215/1209/20 1066/925/20
f 738/1210/14 1217/1211/14 1070/839/14
f 740/838/22 1222/1212/22 739/938/22
f 1180/1213/295 1184/1214/353 1183/1215/295
f 1190/1216/304 1188/1019/288 1187/1020/304
f 1192/1217/293 1186/863/305 1185/865/293
f 1200/1218/311 1196/884/284 1195/886/311
f 1198/1219/302 1194/887/312 1193/889/302
f 1201/1034/318 1207/1220/268 1202/1033/268
f 1206/1221/322 1204/904/319 1203/905/322
f 1216/1222/326 1212/1036/286 1211/1037/326
f 1209/920/324 1213/1223/327 1210/918/327
f 1221/1224/339 1217/1225/338 1222/1226/338
f 1223/1227/335 1219/1228/340 1224/1229/340
f 731/1196/354 1177/1230/355 730/1231/354
f 1193/868/14 776/893/14 775/1232/14
f 1182/1233/20 1036/860/20 1181/1234/20
f 1181/1235/20 1033/859/20 1184/1236/20
f 1184/1214/20 1034/1043/20 1183/1215/20
f 1183/1237/20 756/1044/20 755/819/20
f 1206/1238/24 770/1239/24 1055/824/24
f 1182/1233/355 1178/1240/356 1177/1241/355
f 1179/1242/353 1181/1235/356 1184/1236/353
f 1222/1226/22 1076/935/22 1221/1224/22
f 1221/1243/22 1073/934/22 1224/942/22
f 1224/1229/22 1074/823/22 1223/1227/22
f 1223/1244/22 764/822/22 763/813/22
f 1081/756/249 1080/779/250 1104/757/250
f 1087/759/251 1111/780/251 1112/760/252
f 1078/762/253 1077/770/254 1091/763/254
f 1084/765/255 1108/781/255 1109/766/256
f 1081/756/249 1105/758/249 1106/768/257
f 1077/770/254 1088/761/252 1112/760/252
f 1078/771/253 1102/1245/253 1103/772/258
f 1085/767/256 1109/766/256 1110/774/259
f 1083/776/260 1082/769/257 1106/768/257
f 1079/778/258 1103/1246/258 1104/757/250
f 1086/775/259 1110/774/259 1111/780/251
f 1083/776/260 1107/777/260 1108/781/255
f 751/782/261 730/945/262 729/783/262
f 747/785/263 749/950/264 750/786/264
f 743/788/265 745/958/266 746/789/266
f 747/791/267 1202/1205/268 1207/792/268
f 739/794/269 741/966/270 742/795/270
f 735/797/271 737/973/272 738/798/272
f 731/800/273 733/981/274 734/801/274
f 773/803/19 775/1232/19 776/804/275
f 769/806/23 771/831/23 772/807/276
f 765/809/25 767/917/25 768/810/277
f 762/812/278 761/937/21 763/813/21
f 757/815/15 759/862/15 760/816/279
f 753/818/280 754/855/17 755/819/17
f 1071/821/281 762/930/278 764/822/278
f 1055/824/282 770/1239/276 772/825/276
f 749/827/283 751/1203/283 1196/828/284
f 1203/830/16 1058/826/16 772/825/16
f 743/832/285 1212/1207/286 1215/833/286
f 735/835/287 1188/1198/288 1189/836/288
f 740/838/289 738/1210/289 1070/839/290
f 746/841/291 1054/1031/292 1059/842/292
f 1192/844/16 757/1247/16 758/845/16
f 1179/847/18 1180/1248/18 1029/848/18
f 1178/850/18 1179/1249/18 1030/849/18
f 1185/852/293 759/862/294 757/815/294
f 1180/854/295 1183/1237/295 755/819/296
f 729/856/297 1032/1017/298 1035/857/298
f 1031/851/299 1030/849/300 1033/859/300
f 1185/852/24 1040/864/24 760/861/24
f 1186/863/24 1039/877/24 1040/864/24
f 1191/866/16 1192/1250/16 1043/846/16
f 1193/868/302 775/1232/303 773/803/303
f 1187/870/304 1186/1018/305 1191/871/305
f 1043/846/306 758/845/279 760/861/279
f 736/873/307 734/1251/307 1042/874/308
f 1038/876/309 1041/1022/350 1044/867/310
f 1198/878/22 773/1252/22 774/879/22
f 1199/881/22 1200/1253/22 1049/882/22
f 1196/884/14 1045/895/14 1046/885/14
f 1194/887/14 1047/897/14 1048/888/14
f 1200/890/311 1195/1025/311 1194/891/312
f 1051/880/313 774/879/275 776/893/275
f 750/894/314 1050/883/315 1045/895/315
f 1049/882/316 1052/1027/317 1047/897/317
f 1201/898/318 1204/1032/319 1205/899/319
f 1053/901/320 1056/910/321 1057/902/321
f 1204/904/16 1057/902/16 1058/826/16
f 1203/830/322 771/831/323 769/806/323
f 1209/907/324 767/917/325 765/809/325
f 1205/909/24 1206/1254/24 1055/824/24
f 1214/911/20 765/1255/20 766/912/20
f 1213/914/20 1214/1256/20 1067/913/20
f 1209/907/18 1064/919/18 768/916/18
f 1210/918/18 1063/928/18 1064/919/18
f 1211/921/326 1210/1035/327 1213/922/327
f 1067/913/328 766/912/277 768/916/277
f 744/924/329 742/1208/329 1066/925/330
f 1062/927/331 1065/1039/331 1068/915/332
f 1220/929/14 761/1257/14 762/930/14
f 1219/931/14 1220/1258/14 1071/821/14
f 1069/933/333 1072/932/334 1073/934/334
f 1220/936/335 1223/1244/335 763/813/336
f 739/938/337 1222/1212/338 1217/939/338
f 1218/941/339 1221/1243/339 1224/942/340
f 888/944/41 865/988/26 730/945/262
f 887/946/41 866/1259/26 865/947/26
f 886/949/341 888/944/41 751/782/261
f 885/951/341 887/946/41 888/948/41
f 884/953/342 886/949/341 749/950/264
f 875/954/15 893/1260/15 894/955/15
f 882/957/343 884/953/342 747/785/263
f 881/959/343 883/1261/342 884/960/342
f 880/962/42 882/957/343 745/958/266
f 879/963/42 881/959/343 882/961/343
f 878/965/344 880/962/42 743/788/265
f 877/967/344 879/963/42 880/964/42
f 876/969/345 878/965/344 741/966/270
f 869/970/13 891/1262/13 889/971/13
f 737/973/272 874/1263/346 876/969/345
f 874/974/346 873/979/346 875/975/345
f 872/977/27 874/1263/346 737/973/272
f 872/978/27 871/1264/27 873/979/346
f 870/980/347 872/977/27 735/797/271
f 869/982/347 871/1264/27 872/978/27
f 868/984/348 870/980/347 733/981/274
f 886/985/17 900/1001/17 899/986/17
f 865/988/26 868/991/348 731/989/273
f 866/990/26 867/1065/348 868/991/348
f 897/992/18 899/1006/18 900/993/18
f 893/995/24 895/1010/24 896/996/24
f 889/971/14 891/1262/14 892/998/14
f 886/985/35 884/1009/35 898/1000/35
f 870/1002/21 892/1015/21 891/1003/21
f 883/1005/13 885/1265/13 899/1006/13
f 878/1007/35 876/956/35 894/955/35
f 883/1005/25 897/992/25 898/1000/25
f 878/1007/23 896/1008/23 895/1010/23
f 877/1011/13 895/1010/13 893/995/13
f 867/972/19 889/971/19 890/1013/19
f 868/1014/35 890/1013/35 892/1015/35
f 1177/1016/18 1178/1266/18 1031/851/18
f 1187/870/24 1038/876/24 1039/877/24
f 1188/1019/24 1037/1267/24 1038/876/24
f 1190/1021/16 1191/1268/16 1044/867/16
f 1189/1023/16 1190/1269/16 1041/1022/16
f 1195/1025/14 1046/885/14 1047/897/14
f 1200/1026/22 1197/1270/22 1052/1027/22
f 1197/1028/22 1198/1271/22 1051/880/22
f 1208/1029/24 1205/1272/24 1056/910/24
f 1207/1030/24 1208/1273/24 1053/901/24
f 1201/898/16 1060/903/16 1057/902/16
f 1202/1033/16 1059/842/16 1060/903/16
f 1211/921/18 1062/927/18 1063/928/18
f 1212/1036/18 1061/926/18 1062/927/18
f 1216/1038/20 1213/1274/20 1068/915/20
f 1215/1040/20 1216/1275/20 1065/1039/20
f 1218/1041/14 1219/1276/14 1072/932/14
f 1217/1042/14 1218/1277/14 1069/933/14
f 1031/851/299 1036/860/301 1035/857/298
f 1034/1043/349 1033/859/300 1030/849/300
f 1038/876/309 1037/1267/308 1042/1024/308
f 1040/864/306 1039/877/310 1044/867/310
f 1046/885/316 1045/895/315 1050/883/315
f 1048/888/313 1047/897/317 1052/1027/317
f 1060/903/320 1059/842/292 1054/1031/292
f 1058/826/282 1057/902/321 1056/910/321
f 1062/927/331 1061/926/330 1066/925/330
f 1067/913/328 1064/919/328 1063/928/332
f 1076/935/333 1075/840/290 1070/839/290
f 1074/823/281 1073/934/334 1072/932/334
f 1029/848/349 753/1202/280 756/1044/280
f 1088/1045/41 1077/1064/26 866/990/26
f 1087/1047/351 1088/1045/41 887/1046/41
f 1086/1049/38 1087/1047/351 885/1048/341
f 1085/1051/343 1086/1049/38 883/1050/342
f 1084/1053/42 1085/1051/343 881/1052/343
f 1083/1055/29 1084/1053/42 879/1054/42
f 1082/1057/40 1083/1055/29 877/1056/344
f 873/1059/346 1081/1278/346 1082/1057/40
f 1080/1060/27 1081/1278/346 873/1059/346
f 1079/773/352 1080/1060/27 871/1061/27
f 1078/771/39 1079/773/352 869/1062/347
f 1077/1064/26 1078/1279/39 867/1065/348
f 597/1066/35 598/1128/35 1115/1067/35
f 611/1069/35 1113/1129/35 1143/1070/35
f 596/1072/35 597/1066/35 1144/1068/35
f 610/1071/35 1143/1070/35 1141/1074/35
f 595/1076/35 596/1072/35 1142/1073/35
f 609/1075/35 1141/1074/35 1139/1078/35
f 594/1080/35 595/1076/35 1140/1077/35
f 607/1082/35 608/1079/35 1139/1078/35
f 620/1084/35 589/1111/35 1125/1085/35
f 593/1087/35 594/1080/35 1138/1081/35
f 607/1082/35 1137/1083/35 1134/1089/35
f 619/1091/35 620/1084/35 1136/1086/35
f 592/1093/35 593/1087/35 1135/1088/35
f 606/1090/35 1134/1089/35 1131/1095/35
f 619/1091/35 1133/1092/35 1130/1097/35
f 591/1099/35 592/1093/35 1132/1094/35
f 605/1096/35 1131/1095/35 1128/1101/35
f 618/1098/35 1130/1097/35 1127/1103/35
f 590/1105/35 591/1099/35 1129/1100/35
f 604/1102/35 1128/1101/35 1124/1107/35
f 617/1104/35 1127/1103/35 1123/1109/35
f 590/1105/35 1126/1106/35 1125/1085/35
f 602/1112/35 603/1108/35 1124/1107/35
f 616/1110/35 1123/1109/35 1121/1114/35
f 601/1116/35 602/1112/35 1122/1113/35
f 615/1115/35 1121/1114/35 1119/1118/35
f 600/1120/35 601/1116/35 1120/1117/35
f 614/1119/35 1119/1118/35 1117/1122/35
f 599/1124/35 600/1120/35 1118/1121/35
f 613/1123/35 1117/1122/35 1114/1126/35
f 598/1128/35 599/1124/35 1116/1125/35
f 612/1127/35 1114/1126/35 1113/1129/35
f 622/1130/13 621/1193/13 1176/1131/13
f 623/1133/13 622/1130/13 1145/1132/13
f 623/1133/13 1146/1134/13 1147/1135/13
f 624/1136/13 1147/1135/13 1148/1137/13
f 625/1138/13 1148/1137/13 1149/1139/13
f 626/1140/13 1149/1139/13 1150/1141/13
f 627/1142/13 1150/1141/13 1151/1143/13
f 628/1144/13 1151/1143/13 1152/1145/13
f 629/1146/13 1152/1145/13 1153/1147/13
f 630/1148/13 1153/1147/13 1154/1149/13
f 631/1150/13 1154/1149/13 1155/1151/13
f 632/1152/13 1155/1151/13 1156/1153/13
f 633/1154/13 1156/1153/13 1157/1155/13
f 634/1156/13 1157/1155/13 1158/1157/13
f 635/1158/13 1158/1157/13 1159/1159/13
f 636/1160/13 1159/1159/13 1160/1161/13
f 637/1162/13 1160/1161/13 1161/1163/13
f 638/1164/13 1161/1163/13 1162/1165/13
f 639/1166/13 1162/1165/13 1163/1167/13
f 641/1169/13 640/1168/13 1163/1167/13
f 642/1171/13 641/1169/13 1164/1170/13
f 643/1173/13 642/1171/13 1165/1172/13
f 644/1175/13 643/1173/13 1166/1174/13
f 645/1177/13 644/1175/13 1167/1176/13
f 646/1179/13 645/1177/13 1168/1178/13
f 647/1181/13 646/1179/13 1169/1180/13
f 648/1183/13 647/1181/13 1170/1182/13
f 649/1185/13 648/1183/13 1171/1184/13
f 650/1187/13 649/1185/13 1172/1186/13
f 651/1189/13 650/1187/13 1173/1188/13
f 652/1191/13 651/1189/13 1174/1190/13
f 621/1193/13 652/1191/13 1175/1192/13
f 1177/1016/18 1032/1017/18 729/856/18
f 732/858/20 1035/857/20 1182/1195/20
f 736/1197/24 1037/1267/24 1188/1198/24
f 734/1199/16 733/1280/16 1189/1200/16
f 1180/1201/18 754/1281/18 753/1202/18
f 752/896/14 1045/895/14 1196/828/14
f 750/894/22 749/1282/22 1199/1204/22
f 748/843/16 1059/842/16 1202/1205/16
f 746/841/24 745/1283/24 1207/1206/24
f 744/924/18 1061/926/18 1212/1207/18
f 742/1208/20 741/1284/20 1215/1209/20
f 738/1210/14 737/1285/14 1217/1211/14
f 740/838/22 1075/840/22 1222/1212/22
f 1180/1213/295 1179/1286/353 1184/1214/353
f 1190/1216/304 1189/1287/288 1188/1019/288
f 1192/1217/293 1191/1288/305 1186/863/305
f 1200/1218/311 1199/1289/284 1196/884/284
f 1198/1219/302 1197/1290/312 1194/887/312
f 1201/1034/318 1208/1291/318 1207/1220/268
f 1206/1221/322 1205/1292/319 1204/904/319
f 1216/1222/326 1215/1293/286 1212/1036/286
f 1209/920/324 1214/1294/324 1213/1223/327
f 1221/1224/339 1218/1295/339 1217/1225/338
f 1223/1227/335 1220/1296/335 1219/1228/340
f 731/1196/354 1182/1195/355 1177/1230/355
f 1193/868/14 1048/888/14 776/893/14
f 1182/1233/20 1035/857/20 1036/860/20
f 1181/1235/20 1036/860/20 1033/859/20
f 1184/1214/20 1033/859/20 1034/1043/20
f 1183/1237/20 1034/1043/20 756/1044/20
f 1206/1238/24 769/1297/24 770/1239/24
f 1182/1233/355 1181/1234/356 1178/1240/356
f 1179/1242/353 1178/1298/356 1181/1235/356
f 1222/1226/22 1075/840/22 1076/935/22
f 1221/1243/22 1076/935/22 1073/934/22
f 1224/1229/22 1073/934/22 1074/823/22
f 1223/1244/22 1074/823/22 764/822/22
usemtl SpacialRoverExploreralumBlack
f 210/1299/357 213/1300/357 203/1301/357
f 203/1301/358 220/1302/358 204/1303/358
f 204/1303/359 221/1304/359 205/1305/359
f 206/1306/360 221/1304/360 222/1307/360
f 207/1308/361 222/1309/361 223/1310/361
f 32/1311/362 45/1312/363 31/1313/363
f 29/1314/364 43/1315/365 41/1316/364
f 28/1317/366 37/1318/367 27/1319/367
f 25/1320/368 35/1321/369 48/1322/368
f 25/1320/368 47/1323/362 32/1311/362
f 30/1324/365 45/1312/363 43/1315/365
f 29/1314/364 39/1325/366 28/1317/366
f 26/1326/370 37/1318/367 35/1321/369
f 47/1327/371 33/1328/372 46/1329/373
f 45/1330/374 46/1329/375 44/1331/376
f 42/1332/377 45/1330/378 44/1331/379
f 40/1333/380 43/1334/381 42/1332/382
f 38/1335/383 41/1336/384 40/1337/385
f 36/1338/386 39/1339/387 38/1335/388
f 35/1340/389 36/1338/390 34/1341/391
f 48/1342/392 34/1341/393 33/1328/394
f 212/1343/395 220/1344/395 213/1345/395
f 211/1346/396 221/1304/396 220/1344/396
f 221/1304/397 215/1347/397 222/1307/397
f 222/1348/398 216/1349/398 223/1350/398
f 223/1350/399 217/1351/399 224/1352/399
f 224/1352/400 218/1353/400 225/1354/400
f 218/1353/401 226/1355/401 225/1354/401
f 219/1356/402 213/1345/402 226/1357/402
f 209/1358/403 226/1359/403 210/1299/403
f 209/1358/404 224/1360/404 225/1361/404
f 208/1362/405 223/1310/405 224/1360/405
f 210/1299/357 226/1359/357 213/1300/357
f 203/1301/358 213/1300/358 220/1302/358
f 204/1303/359 220/1302/359 221/1304/359
f 206/1306/360 205/1305/360 221/1304/360
f 207/1308/361 206/1363/406 222/1309/361
f 32/1311/362 47/1323/362 45/1312/363
f 29/1314/364 30/1324/365 43/1315/365
f 28/1317/366 39/1325/366 37/1318/367
f 25/1320/368 26/1326/370 35/1321/369
f 25/1320/368 48/1322/368 47/1323/362
f 30/1324/365 31/1313/363 45/1312/363
f 29/1314/364 41/1316/364 39/1325/366
f 26/1326/370 27/1319/367 37/1318/367
f 47/1327/371 48/1342/407 33/1328/372
f 45/1330/374 47/1327/408 46/1329/375
f 42/1332/409 43/1334/410 45/1330/378
f 40/1333/380 41/1364/411 43/1334/381
f 38/1335/383 39/1339/412 41/1336/384
f 36/1338/413 37/1365/414 39/1339/415
f 35/1340/389 37/1365/416 36/1338/390
f 48/1342/392 35/1340/417 34/1341/393
f 212/1343/395 211/1346/395 220/1344/395
f 211/1346/396 214/1366/396 221/1304/396
f 221/1304/397 214/1366/397 215/1347/397
f 222/1348/398 215/1367/398 216/1349/398
f 223/1350/399 216/1349/399 217/1351/399
f 224/1352/400 217/1351/400 218/1353/400
f 218/1353/401 219/1368/401 226/1355/401
f 219/1356/402 212/1343/402 213/1345/402
f 209/1358/403 225/1361/403 226/1359/403
f 209/1358/404 208/1362/404 224/1360/404
f 208/1362/405 207/1308/405 223/1310/405
usemtl SpacialRoverExploreralumOrange
f 122/1369/87 51/1370/4 49/1371/35
f 121/1372/4 53/1373/227 51/1370/4
f 123/1374/227 55/1375/1 53/1373/227
f 124/1376/1 57/1377/228 55/1375/1
f 125/1378/228 59/1379/2 57/1377/228
f 126/1380/2 61/1381/27 59/1379/2
f 127/1382/27 63/1383/7 61/1381/27
f 128/1384/7 65/1385/229 63/1383/7
f 129/1386/229 67/1387/8 65/1385/229
f 130/1388/8 69/1389/230 67/1387/8
f 131/1390/230 71/1391/11 69/1389/230
f 132/1392/11 73/1393/13 71/1391/11
f 133/1394/118 75/1395/12 73/1396/13
f 134/1397/12 77/1398/231 75/1395/12
f 135/1399/89 79/1400/9 77/1398/231
f 136/1401/9 81/1402/232 79/1400/9
f 137/1403/232 83/1404/10 81/1402/232
f 138/1405/10 85/1406/38 83/1404/10
f 139/1407/38 87/1408/5 85/1406/38
f 140/1409/5 89/1410/233 87/1408/5
f 141/1411/233 91/1412/6 89/1410/233
f 142/1413/6 93/1414/234 91/1412/6
f 143/1415/121 95/1416/3 93/1414/234
f 144/1417/3 49/1371/35 95/1416/3
f 122/1369/87 121/1372/4 51/1370/4
f 121/1372/4 123/1374/227 53/1373/227
f 123/1374/227 124/1376/1 55/1375/1
f 124/1376/1 125/1378/228 57/1377/228
f 125/1378/228 126/1380/2 59/1379/2
f 126/1380/2 127/1382/27 61/1381/27
f 127/1382/27 128/1384/7 63/1383/7
f 128/1384/7 129/1386/229 65/1385/229
f 129/1386/229 130/1388/8 67/1387/8
f 130/1388/8 131/1390/230 69/1389/230
f 131/1390/230 132/1392/11 71/1391/11
f 132/1392/11 133/1418/118 73/1393/13
f 133/1394/118 134/1397/12 75/1395/12
f 134/1397/12 135/1399/89 77/1398/231
f 135/1399/89 136/1401/9 79/1400/9
f 136/1401/9 137/1403/232 81/1402/232
f 137/1403/232 138/1405/10 83/1404/10
f 138/1405/10 139/1407/38 85/1406/38
f 139/1407/38 140/1409/5 87/1408/5
f 140/1409/5 141/1411/233 89/1410/233
f 141/1411/233 142/1413/6 91/1412/6
f 142/1413/6 143/1415/121 93/1414/234
f 143/1415/121 144/1417/3 95/1416/3
f 144/1417/3 122/1369/87 49/1371/35
usemtl SpacialRoverExploreralumGrayDeep
f 413/1419/418 424/1420/419 425/1421/419
f 409/1422/35 572/1423/35 570/1424/35
f 425/1425/35 569/1426/35 571/1427/35
f 405/1428/420 409/1429/421 400/1430/421
f 402/1431/13 579/1432/13 577/1433/13
f 424/1434/13 575/1435/13 582/1436/13
f 401/1437/422 410/1438/423 408/1439/422
f 403/1440/55 411/1441/424 410/1438/55
f 402/1442/424 409/1429/421 411/1441/424
f 413/1419/418 406/1443/425 404/1444/418
f 415/1445/426 407/1446/427 406/1443/426
f 414/1447/428 405/1428/420 407/1446/427
f 416/1448/429 451/1449/429 450/1450/429
f 451/1449/430 418/1451/430 452/1452/430
f 418/1453/431 453/1454/431 452/1455/431
f 419/1456/432 454/1457/433 453/1454/433
f 420/1458/434 455/1459/434 454/1457/434
f 455/1459/435 422/1460/435 456/1461/435
f 417/1462/13 423/1463/13 421/1464/13
f 422/1460/436 457/1465/436 456/1461/436
f 423/1466/437 450/1450/437 457/1465/437
f 424/1467/438 438/1468/439 425/1469/438
f 426/1470/440 401/1437/422 408/1439/422
f 448/1471/13 424/1434/13 446/1472/13
f 447/1473/441 429/1474/442 428/1475/442
f 443/1476/35 425/1425/35 445/1477/35
f 429/1474/442 430/1478/443 428/1475/442
f 440/1479/35 588/1480/35 438/1481/35
f 439/1482/444 431/1483/445 436/1484/445
f 433/1485/439 440/1486/446 438/1468/439
f 435/1487/446 441/1488/447 440/1486/446
f 434/1489/448 439/1482/444 441/1488/448
f 434/1490/13 435/1491/13 587/1492/13
f 447/1473/441 444/1493/449 442/1494/450
f 449/1495/449 445/1496/451 444/1493/449
f 448/1497/452 443/1498/453 445/1499/452
f 443/1498/453 427/1500/440 426/1470/440
f 452/1501/35 454/1502/35 456/1503/35
f 431/1483/454 437/1504/454 436/1484/454
f 587/1492/13 424/1434/13 428/1505/13
f 449/1506/13 424/1434/13 448/1471/13
f 424/1434/13 449/1506/13 447/1507/13
f 424/1434/13 447/1507/13 428/1505/13
f 446/1472/13 424/1434/13 427/1508/13
f 444/1509/35 425/1425/35 442/1510/35
f 445/1477/35 425/1425/35 444/1509/35
f 425/1425/35 443/1476/35 426/1511/35
f 442/1510/35 425/1425/35 429/1512/35
f 432/1513/13 587/1492/13 431/1514/13
f 431/1514/13 587/1492/13 430/1515/13
f 587/1492/13 432/1513/13 434/1490/13
f 587/1492/13 435/1491/13 433/1516/13
f 588/1480/35 429/1512/35 425/1425/35
f 588/1480/35 436/1517/35 437/1518/35
f 436/1517/35 588/1480/35 439/1519/35
f 439/1519/35 588/1480/35 441/1520/35
f 441/1520/35 588/1480/35 440/1479/35
f 413/1419/418 404/1444/418 424/1420/419
f 570/1424/35 408/1521/35 410/1522/35
f 410/1522/35 411/1523/35 409/1422/35
f 409/1422/35 412/1524/35 567/1525/35
f 409/1422/35 567/1525/35 568/1526/35
f 570/1424/35 410/1522/35 409/1422/35
f 409/1422/35 568/1526/35 572/1423/35
f 564/1527/35 567/1525/35 412/1524/35
f 412/1524/35 414/1528/35 415/1529/35
f 415/1529/35 413/1530/35 425/1425/35
f 408/1521/35 570/1424/35 560/1531/35
f 408/1521/35 560/1531/35 561/1532/35
f 564/1527/35 412/1524/35 415/1529/35
f 565/1533/35 564/1527/35 415/1529/35
f 426/1511/35 408/1521/35 561/1532/35
f 426/1511/35 561/1532/35 562/1534/35
f 565/1533/35 415/1529/35 425/1425/35
f 566/1535/35 565/1533/35 425/1425/35
f 425/1425/35 426/1511/35 562/1534/35
f 425/1425/35 562/1534/35 563/1536/35
f 571/1427/35 566/1535/35 425/1425/35
f 425/1425/35 563/1536/35 569/1426/35
f 405/1428/420 412/1537/455 409/1429/421
f 585/1538/13 400/1539/13 402/1431/13
f 402/1431/13 403/1540/13 579/1432/13
f 577/1433/13 585/1538/13 402/1431/13
f 578/1541/13 579/1432/13 403/1540/13
f 424/1434/13 404/1542/13 406/1543/13
f 406/1543/13 407/1544/13 405/1545/13
f 400/1539/13 585/1538/13 584/1546/13
f 400/1539/13 584/1546/13 583/1547/13
f 406/1543/13 405/1545/13 400/1539/13
f 578/1541/13 403/1540/13 401/1548/13
f 573/1549/13 578/1541/13 401/1548/13
f 406/1543/13 400/1539/13 583/1547/13
f 406/1543/13 583/1547/13 581/1550/13
f 573/1549/13 401/1548/13 427/1508/13
f 580/1551/13 573/1549/13 427/1508/13
f 406/1543/13 581/1550/13 574/1552/13
f 424/1434/13 406/1543/13 574/1552/13
f 580/1551/13 427/1508/13 424/1434/13
f 586/1553/13 580/1551/13 424/1434/13
f 424/1434/13 574/1552/13 576/1554/13
f 424/1434/13 576/1554/13 575/1435/13
f 582/1436/13 586/1553/13 424/1434/13
f 401/1437/422 403/1440/456 410/1438/423
f 403/1440/55 402/1442/424 411/1441/424
f 402/1442/424 400/1430/421 409/1429/421
f 413/1419/418 415/1445/425 406/1443/425
f 415/1445/426 414/1447/428 407/1446/427
f 414/1447/428 412/1537/455 405/1428/420
f 416/1448/429 417/1555/429 451/1449/429
f 451/1449/430 417/1555/430 418/1451/430
f 418/1453/431 419/1456/431 453/1454/431
f 419/1456/432 420/1458/432 454/1457/433
f 420/1458/434 421/1556/434 455/1459/434
f 455/1459/435 421/1556/435 422/1460/435
f 421/1464/13 420/1557/13 419/1558/13
f 419/1558/13 418/1559/13 417/1462/13
f 417/1462/13 416/1560/13 423/1463/13
f 423/1463/13 422/1561/13 421/1464/13
f 421/1464/13 419/1558/13 417/1462/13
f 422/1460/436 423/1466/436 457/1465/436
f 423/1466/437 416/1448/457 450/1450/437
f 424/1467/438 433/1485/439 438/1468/439
f 426/1470/440 427/1500/440 401/1437/422
f 447/1473/441 442/1494/450 429/1474/442
f 429/1474/442 437/1504/443 430/1478/443
f 439/1482/444 432/1562/458 431/1483/445
f 433/1485/439 435/1487/446 440/1486/446
f 435/1487/446 434/1489/447 441/1488/447
f 434/1489/448 432/1562/458 439/1482/444
f 447/1473/441 449/1495/449 444/1493/449
f 449/1495/449 448/1563/451 445/1496/451
f 448/1497/452 446/1564/453 443/1498/453
f 443/1498/453 446/1564/453 427/1500/440
f 456/1503/35 457/1565/35 450/1566/35
f 450/1566/35 451/1567/35 452/1501/35
f 452/1501/35 453/1568/35 454/1502/35
f 454/1502/35 455/1569/35 456/1503/35
f 456/1503/35 450/1566/35 452/1501/35
f 431/1483/454 430/1478/454 437/1504/454
f 428/1505/13 430/1515/13 587/1492/13
f 587/1492/13 433/1516/13 424/1434/13
f 425/1425/35 438/1481/35 588/1480/35
f 588/1480/35 437/1518/35 429/1512/35
f 724/1570/39 795/1571/26 723/1572/26
f 752/784/261 777/1573/26 788/1574/41
f 787/1575/351 752/784/261 788/1574/41
f 748/787/263 787/1575/351 786/1576/38
f 746/789/266 786/1576/38 785/1577/343
f 744/790/265 785/1577/343 784/1578/42
f 742/795/270 784/1578/42 783/1579/29
f 740/796/269 783/1579/29 782/1580/40
f 781/1581/346 740/796/269 782/1580/40
f 780/1582/27 738/798/272 781/1581/346
f 734/801/274 780/1582/27 779/1583/352
f 732/802/273 779/1583/352 778/1584/39
f 729/783/262 778/1585/39 777/1573/26
f 717/1586/35 778/1587/35 718/1588/35
f 718/1588/35 779/1589/35 719/1590/35
f 719/1590/35 780/1591/35 720/1592/35
f 721/1593/35 780/1591/35 781/1594/35
f 721/1593/35 782/1595/35 722/1596/35
f 723/1597/35 782/1595/35 783/1598/35
f 723/1597/35 784/1599/35 724/1600/35
f 725/1601/35 784/1599/35 785/1602/35
f 725/1601/35 786/1603/35 726/1604/35
f 726/1604/35 787/1605/35 727/1606/35
f 727/1606/35 788/1607/35 728/1608/35
f 717/1586/35 788/1607/35 777/1609/35
f 792/1610/35 796/1611/35 800/1612/35
f 721/1613/351 792/1614/38 720/1615/38
f 728/1616/40 799/1617/346 727/1618/346
f 718/1619/42 789/1620/29 717/1621/29
f 725/1622/352 796/1623/39 724/1570/39
f 721/1613/351 794/1624/41 793/1625/351
f 717/1621/29 800/1626/40 728/1616/40
f 719/1627/343 790/1628/42 718/1629/42
f 726/1630/27 797/1631/352 725/1622/352
f 723/1572/26 794/1624/41 722/1632/41
f 720/1615/38 791/1633/343 719/1627/343
f 727/1618/346 798/1634/27 726/1630/27
f 1090/1635/26 1102/1636/39 1091/1637/26
f 1089/1638/39 1103/772/352 1102/1245/39
f 1092/1639/352 1104/1640/27 1103/772/352
f 1093/1641/27 1105/1642/346 1104/1640/27
f 1105/1642/346 1095/1643/40 1106/1644/40
f 1095/1643/40 1107/1645/29 1106/1644/40
f 1096/1646/29 1108/1647/42 1107/1645/29
f 1097/1648/42 1109/1649/343 1108/1647/42
f 1098/1650/343 1110/1651/38 1109/1649/343
f 1099/1652/38 1111/1653/351 1110/1651/38
f 1100/1654/13 1096/1655/13 1092/1639/13
f 1100/1656/351 1112/1657/41 1111/1653/351
f 1101/1658/41 1091/1637/26 1112/1657/41
f 724/1570/39 796/1623/39 795/1571/26
f 752/784/261 729/783/262 777/1573/26
f 787/1575/351 750/786/264 752/784/261
f 748/787/263 750/786/264 787/1575/351
f 746/789/266 748/787/263 786/1576/38
f 744/790/265 746/789/266 785/1577/343
f 742/795/270 744/790/265 784/1578/42
f 740/796/269 742/795/270 783/1579/29
f 781/1581/346 738/798/272 740/796/269
f 780/1582/27 736/799/271 738/798/272
f 734/801/274 736/799/271 780/1582/27
f 732/802/273 734/801/274 779/1583/352
f 729/783/262 732/1659/273 778/1585/39
f 717/1586/35 777/1609/35 778/1587/35
f 718/1588/35 778/1587/35 779/1589/35
f 719/1590/35 779/1589/35 780/1591/35
f 721/1593/35 720/1592/35 780/1591/35
f 721/1593/35 781/1594/35 782/1595/35
f 723/1597/35 722/1596/35 782/1595/35
f 723/1597/35 783/1598/35 784/1599/35
f 725/1601/35 724/1600/35 784/1599/35
f 725/1601/35 785/1602/35 786/1603/35
f 726/1604/35 786/1603/35 787/1605/35
f 727/1606/35 787/1605/35 788/1607/35
f 717/1586/35 728/1608/35 788/1607/35
f 800/1612/35 789/1660/35 790/1661/35
f 790/1661/35 791/1662/35 792/1610/35
f 792/1610/35 793/1663/35 794/1664/35
f 794/1664/35 795/1665/35 796/1611/35
f 796/1611/35 797/1666/35 798/1667/35
f 798/1667/35 799/1668/35 800/1612/35
f 800/1612/35 790/1661/35 792/1610/35
f 792/1610/35 794/1664/35 796/1611/35
f 796/1611/35 798/1667/35 800/1612/35
f 721/1613/351 793/1625/351 792/1614/38
f 728/1616/40 800/1626/40 799/1617/346
f 718/1619/42 790/1669/42 789/1620/29
f 725/1622/352 797/1631/352 796/1623/39
f 721/1613/351 722/1632/41 794/1624/41
f 717/1621/29 789/1620/29 800/1626/40
f 719/1627/343 791/1633/343 790/1628/42
f 726/1630/27 798/1634/27 797/1631/352
f 723/1572/26 795/1571/26 794/1624/41
f 720/1615/38 792/1614/38 791/1633/343
f 727/1618/346 799/1617/346 798/1634/27
f 1090/1635/26 1089/1670/39 1102/1636/39
f 1089/1638/39 1092/1639/352 1103/772/352
f 1092/1639/352 1093/1641/27 1104/1640/27
f 1093/1641/27 1094/1671/346 1105/1642/346
f 1105/1642/346 1094/1671/346 1095/1643/40
f 1095/1643/40 1096/1646/29 1107/1645/29
f 1096/1646/29 1097/1648/42 1108/1647/42
f 1097/1648/42 1098/1650/343 1109/1649/343
f 1098/1650/343 1099/1652/38 1110/1651/38
f 1099/1652/38 1100/1656/351 1111/1653/351
f 1092/1639/13 1089/1638/13 1090/1672/13
f 1090/1672/13 1101/1673/13 1100/1654/13
f 1100/1654/13 1099/1674/13 1098/1675/13
f 1098/1675/13 1097/1676/13 1096/1655/13
f 1096/1655/13 1095/1677/13 1094/1678/13
f 1094/1678/13 1093/1679/13 1092/1639/13
f 1092/1639/13 1090/1672/13 1100/1654/13
f 1100/1654/13 1098/1675/13 1096/1655/13
f 1096/1655/13 1094/1678/13 1092/1639/13
f 1100/1656/351 1101/1658/41 1112/1657/41
f 1101/1658/41 1090/1635/26 1091/1637/26
usemtl SpacialRoverExplorerwheels
f 1176/1680/13 684/1681/459 654/1682/460
f 1175/1683/13 683/1684/461 684/1681/459
f 1174/1685/13 682/1686/462 683/1684/461
f 1173/1687/13 681/1688/463 682/1686/462
f 1172/1689/13 680/1690/464 681/1688/463
f 1171/1691/13 679/1692/465 680/1690/464
f 1170/1693/13 678/1694/466 679/1692/465
f 1169/1695/13 677/1696/466 678/1694/466
f 1168/1697/13 676/1698/467 677/1696/466
f 1167/1699/13 675/1700/467 676/1698/467
f 1166/1701/13 674/1702/468 675/1700/467
f 1165/1703/13 673/1704/469 674/1702/468
f 1164/1705/13 672/1706/470 673/1707/469
f 1162/1708/13 672/1706/470 1163/1709/13
f 1161/1710/13 671/1711/470 1162/1708/13
f 1160/1712/13 670/1713/471 1161/1710/13
f 1159/1714/13 669/1715/471 1160/1712/13
f 1158/1716/13 668/1717/472 1159/1714/13
f 1157/1718/13 667/1719/472 1158/1716/13
f 1156/1720/13 666/1721/473 1157/1718/13
f 1155/1722/13 665/1723/473 1156/1720/13
f 1154/1724/13 664/1725/474 1155/1722/13
f 1153/1726/13 663/1727/475 1154/1724/13
f 1152/1728/13 662/1729/476 1153/1726/13
f 1151/1730/13 661/1731/477 1152/1728/13
f 1150/1732/13 660/1733/478 1151/1730/13
f 1149/1734/13 659/1735/479 1150/1732/13
f 1148/1736/13 658/1737/480 1149/1734/13
f 1147/1738/13 657/1739/480 1148/1740/13
f 1147/1738/13 655/1741/481 656/1742/481
f 1146/1743/13 653/1744/460 655/1741/481
f 1145/1745/13 654/1682/460 653/1744/460
f 1114/1746/35 707/1747/482 1113/1748/35
f 1115/1749/35 695/1750/483 694/1751/484
f 1117/1752/35 708/1753/482 1114/1746/35
f 1116/1754/35 696/1755/485 695/1750/483
f 1119/1756/35 709/1757/486 1117/1752/35
f 1118/1758/35 697/1759/487 696/1755/485
f 1121/1760/35 710/1761/486 1119/1756/35
f 1120/1762/35 698/1763/488 697/1759/487
f 1123/1764/35 711/1765/489 1121/1760/35
f 1122/1766/35 699/1767/490 698/1763/488
f 1126/1768/35 685/1769/491 1125/1770/35
f 1127/1771/35 712/1772/492 1123/1764/35
f 1124/1773/35 700/1774/490 699/1767/490
f 1129/1775/35 686/1776/491 1126/1768/35
f 1130/1777/35 713/1778/493 1127/1771/35
f 1131/1779/35 700/1774/490 1128/1780/35
f 1132/1781/35 687/1782/494 1129/1775/35
f 1133/1783/35 714/1784/495 1130/1777/35
f 1134/1785/35 701/1786/496 1131/1779/35
f 1135/1787/35 688/1788/494 1132/1781/35
f 1136/1789/35 715/1790/497 1133/1783/35
f 1137/1791/35 702/1792/498 1134/1785/35
f 1135/1793/35 690/1794/499 689/1795/499
f 1125/1770/35 716/1796/500 1136/1789/35
f 1139/1797/35 703/1798/501 1137/1791/35
f 1138/1799/35 691/1800/502 690/1794/499
f 1141/1801/35 704/1802/501 1139/1797/35
f 1140/1803/35 692/1804/503 691/1800/502
f 1143/1805/35 705/1806/504 1141/1807/35
f 1142/1808/35 693/1809/505 692/1804/503
f 1113/1748/35 706/1810/504 1143/1805/35
f 1144/1811/35 694/1751/484 693/1809/505
f 802/1812/506 711/1765/507 804/1813/508
f 806/1814/509 715/1790/510 808/1815/511
f 808/1815/512 1000/1816/513 807/1817/514
f 812/1818/515 713/1778/516 810/1819/517
f 859/1820/518 902/1821/519 1026/1822/520
f 807/1817/514 901/1823/521 683/1684/522
f 674/1702/468 911/1824/523 912/1825/523
f 858/1826/524 1025/1827/525 993/1828/524
f 715/1790/497 963/1829/526 964/1830/526
f 826/1831/527 705/1832/528 820/1833/529
f 822/1834/530 707/1747/531 816/1835/532
f 818/1836/533 709/1757/534 814/1837/535
f 806/1814/536 999/1838/537 967/1839/538
f 857/1840/525 930/1841/539 1025/1827/525
f 700/1774/540 828/1842/541 834/1843/542
f 702/1792/543 824/1844/544 830/1845/545
f 805/1846/546 904/1847/547 999/1838/537
f 676/1698/467 909/1848/548 910/1849/548
f 696/1755/549 836/1850/550 842/1851/551
f 698/1763/552 832/1852/553 838/1853/554
f 856/1854/555 1024/1855/556 855/1856/557
f 713/1778/493 961/1857/558 962/1858/558
f 804/1813/559 998/1859/560 803/1860/561
f 855/1856/557 929/1861/562 655/1741/562
f 688/1788/563 852/1862/564 858/1826/565
f 690/1794/566 848/1863/567 854/1864/568
f 692/1804/569 844/1865/570 850/1866/571
f 694/1751/572 840/1867/573 846/1868/574
f 860/1869/575 685/1769/576 862/1870/577
f 803/1860/561 905/1871/578 679/1692/579
f 864/1872/580 687/1782/581 856/1854/582
f 678/1694/466 907/1873/583 908/1874/583
f 854/1864/584 1023/1875/585 991/1876/586
f 711/1765/489 959/1877/587 960/1878/587
f 653/1744/588 855/1856/589 655/1741/588
f 863/1879/590 856/1854/582 855/1856/589
f 802/1812/591 997/1880/592 965/1881/593
f 853/1882/594 928/1883/595 1023/1875/585
f 684/1681/596 861/1884/597 654/1682/596
f 859/1820/598 862/1870/577 861/1884/597
f 845/1885/599 663/1727/600 662/1729/600
f 846/1868/574 839/1886/601 845/1885/599
f 849/1887/602 661/1731/603 660/1733/603
f 850/1866/571 843/1888/604 849/1887/602
f 853/1882/605 659/1735/606 658/1737/606
f 854/1864/568 847/1889/607 853/1882/605
f 857/1840/608 657/1739/609 656/1742/609
f 858/1826/565 851/1890/610 857/1840/608
f 801/1891/611 908/1874/612 997/1880/592
f 680/1690/464 905/1871/613 906/1892/613
f 852/1893/614 1022/1894/615 851/1895/616
f 709/1757/486 957/1896/617 958/1897/617
f 864/1872/618 933/1898/619 686/1776/620
f 851/1895/616 927/1899/621 657/1900/622
f 862/1870/623 934/1901/624 995/1902/623
f 682/1686/462 903/1903/625 904/1847/625
f 837/1904/626 667/1719/627 666/1721/627
f 838/1853/554 831/1905/628 837/1904/626
f 841/1906/629 665/1723/630 664/1725/630
f 842/1851/551 835/1907/631 841/1906/629
f 850/1866/632 1021/1908/633 989/1909/632
f 707/1747/482 955/1910/634 956/1911/634
f 860/1869/635 963/1829/636 716/1796/637
f 849/1887/638 926/1912/639 1021/1908/633
f 829/1913/640 671/1711/641 670/1713/641
f 830/1845/545 823/1914/642 829/1913/640
f 833/1915/643 669/1715/644 668/1717/644
f 834/1843/542 827/1916/645 833/1915/643
f 858/1826/524 935/1917/646 688/1788/646
f 684/1681/459 901/1823/647 902/1821/647
f 848/1863/648 1020/1918/649 847/1889/650
f 705/1806/504 953/1919/651 954/1920/651
f 676/1698/652 813/1921/653 677/1696/652
f 817/1922/654 814/1837/535 813/1921/653
f 674/1702/655 815/1923/656 675/1700/657
f 821/1924/658 816/1835/532 815/1923/656
f 672/1706/659 819/1925/660 673/1707/659
f 825/1926/661 820/1833/529 819/1925/660
f 856/1854/555 936/1927/662 992/1928/555
f 847/1889/650 925/1929/663 659/1735/664
f 854/1864/584 937/1930/665 690/1794/666
f 846/1868/667 1019/1931/668 987/1932/669
f 703/1798/501 951/1933/670 952/1934/670
f 852/1893/614 938/1935/671 990/1936/672
f 845/1885/673 924/1937/674 1019/1931/668
f 850/1866/632 939/1938/675 692/1804/676
f 844/1865/677 1018/1939/678 843/1888/679
f 702/1792/498 950/1940/680 701/1786/496
f 680/1690/681 809/1941/682 681/1688/681
f 811/1942/683 810/1819/517 809/1941/682
f 848/1863/648 940/1943/684 988/1944/648
f 843/1888/679 923/1945/685 661/1731/686
f 682/1686/687 807/1817/688 683/1684/687
f 805/1846/689 808/1815/511 807/1817/688
f 678/1694/690 803/1860/691 679/1692/690
f 801/1891/692 804/1813/508 803/1860/691
f 969/1946/693 961/1857/694 967/1839/695
f 966/1947/696 959/1877/697 970/1948/698
f 971/1949/699 957/1896/700 965/1881/701
f 972/1950/702 955/1910/703 973/1951/704
f 974/1952/705 953/1919/706 975/1953/707
f 976/1954/708 951/1933/709 977/1955/708
f 950/1940/710 979/1956/711 978/1957/712
f 948/1958/713 981/1959/714 980/1960/715
f 946/1961/716 983/1962/717 982/1963/718
f 944/1964/719 985/1965/720 984/1966/721
f 942/1967/722 987/1932/723 986/1968/724
f 940/1943/725 989/1909/726 988/1944/727
f 938/1935/728 991/1876/729 990/1936/730
f 936/1927/731 993/1828/732 992/1928/732
f 995/1902/733 933/1898/734 996/1969/735
f 968/1970/736 963/1829/737 994/1971/738
f 901/1823/739 1026/1822/740 902/1821/739
f 1000/1816/741 994/1971/738 1026/1822/740
f 931/1972/742 1028/1973/743 932/1974/742
f 1027/1975/744 996/1969/735 1028/1973/743
f 1024/1855/745 930/1841/746 929/1861/746
f 992/1928/732 1025/1827/745 1024/1855/745
f 1022/1894/747 928/1883/748 927/1899/748
f 990/1936/730 1023/1875/749 1022/1894/747
f 1020/1918/750 926/1912/751 925/1929/751
f 988/1944/727 1021/1908/752 1020/1918/750
f 1018/1939/753 924/1937/754 923/1945/754
f 986/1968/724 1019/1931/755 1018/1939/753
f 1016/1976/756 922/1977/757 921/1978/757
f 984/1966/721 1017/1979/758 1016/1976/756
f 1014/1980/759 920/1981/760 919/1982/760
f 982/1963/718 1015/1983/761 1014/1980/759
f 1012/1984/762 918/1985/763 917/1986/763
f 980/1960/715 1013/1987/764 1012/1984/762
f 1010/1988/765 916/1989/766 915/1990/766
f 978/1957/712 1011/1991/767 1010/1988/765
f 913/1992/768 1009/1993/769 914/1994/768
f 976/1954/708 1009/1993/769 1008/1995/769
f 911/1824/770 1007/1996/771 912/1825/770
f 1006/1997/772 975/1953/707 1007/1996/771
f 909/1848/773 1005/1998/774 910/1849/773
f 1004/1999/775 973/1951/704 1005/1998/774
f 907/1873/776 997/1880/777 908/1874/776
f 1003/2000/778 965/1881/701 997/1880/777
f 905/1871/779 1002/2001/780 906/1892/779
f 998/1859/781 970/1948/698 1002/2001/780
f 903/1903/782 999/1838/783 904/1847/782
f 1001/2002/784 967/1839/695 999/1838/783
f 860/1869/635 1026/1822/520 994/1971/635
f 671/1711/470 914/1994/785 672/1706/470
f 809/1941/786 903/1903/787 681/1688/788
f 861/1884/789 931/1972/790 654/1682/791
f 810/1819/792 1001/2002/793 809/1941/786
f 862/1870/623 1027/1975/794 861/1884/789
f 669/1715/471 916/1989/795 670/1713/471
f 811/1942/796 906/1892/797 1002/2001/798
f 863/1879/799 932/1974/800 1028/1973/799
f 812/1818/801 1002/2001/798 970/1948/801
f 864/1872/618 1028/1973/799 996/1969/802
f 667/1719/472 918/1985/803 668/1717/472
f 813/1921/804 907/1873/805 677/1696/806
f 814/1837/807 1003/2000/808 813/1921/804
f 665/1723/473 920/1981/809 666/1721/473
f 815/1923/810 909/1848/811 675/1700/812
f 816/1835/813 1004/1999/814 815/1923/810
f 663/1727/475 922/1977/815 664/1725/474
f 817/1922/816 910/1849/817 1005/1998/818
f 818/1836/819 1005/1998/818 973/1951/820
f 661/1731/477 924/1937/821 662/1729/476
f 819/2003/822 911/1824/823 673/1704/824
f 820/2004/825 1006/1997/826 819/2003/822
f 802/1812/591 957/1896/827 710/1761/828
f 659/1735/479 926/1912/829 660/1733/478
f 821/1924/830 912/1825/831 1007/1996/832
f 804/1813/559 960/1878/833 966/1947/834
f 822/1834/835 1007/1996/832 975/1953/836
f 806/1814/536 961/1857/837 714/1784/838
f 657/1900/480 928/1883/839 658/1737/480
f 823/1914/840 913/1992/841 671/1711/842
f 808/1815/512 964/1830/843 968/1970/844
f 824/1844/845 1008/1995/840 823/1914/840
f 810/1819/792 962/1858/846 969/1946/847
f 656/1742/481 929/1861/848 930/1841/849
f 825/1926/850 914/1994/851 1009/1993/850
f 812/1818/801 959/1877/852 712/1772/853
f 826/1831/854 1009/1993/850 977/1955/854
f 814/1837/807 958/1897/855 971/1949/856
f 653/1744/460 931/1972/857 932/1974/857
f 827/1916/858 915/1990/859 669/1715/860
f 816/1835/813 956/1911/861 972/1950/862
f 685/1769/491 933/1898/863 934/1901/863
f 828/1842/864 1010/1988/865 827/1916/858
f 818/1836/819 955/1910/866 708/1753/867
f 829/1913/868 916/1989/869 1011/1991/870
f 820/2004/825 954/1920/871 974/1952/872
f 688/1788/494 936/1927/873 687/1782/494
f 830/1845/874 1011/1991/870 979/1956/875
f 822/1834/835 953/1919/876 706/1810/877
f 831/1905/878 917/1986/879 667/1719/880
f 824/1844/845 952/1934/881 976/1954/845
f 690/1794/499 938/1935/882 689/1795/499
f 832/1852/883 1012/1984/884 831/1905/878
f 826/1831/854 951/1933/885 704/1802/886
f 833/1915/887 918/1985/888 1013/1987/889
f 828/1842/864 950/1940/890 978/1957/864
f 692/1804/503 940/1943/891 691/1800/502
f 834/1843/892 1013/1987/889 981/1959/892
f 830/1845/874 949/2005/893 702/1792/894
f 835/1907/895 919/1982/896 665/1723/897
f 832/1852/883 948/1958/898 980/1960/883
f 694/1751/484 942/1967/899 693/1809/505
f 836/1850/900 1014/1980/901 835/1907/895
f 834/1843/892 947/2006/902 700/1774/903
f 837/1904/904 920/1981/905 1015/1983/906
f 836/1850/900 946/1961/907 982/1963/908
f 696/1755/485 944/1964/909 695/1750/483
f 838/1853/910 1015/1983/906 983/1962/911
f 838/1853/910 945/2007/912 698/1763/913
f 839/1886/914 921/1978/915 663/1727/916
f 840/1867/917 944/1964/918 984/1966/917
f 698/1763/488 946/1961/919 697/1759/487
f 840/1867/917 1016/1976/920 839/1886/914
f 842/1851/921 943/2008/922 696/1755/923
f 841/1906/924 922/1977/925 1017/1979/926
f 844/1865/677 942/1967/927 986/1968/928
f 700/1774/490 948/1958/929 699/1767/490
f 842/1851/921 1017/1979/926 985/1965/930
f 846/1868/667 941/2009/931 694/1751/932
f 1176/1680/13 1175/1683/13 684/1681/459
f 1175/1683/13 1174/1685/13 683/1684/461
f 1174/1685/13 1173/1687/13 682/1686/462
f 1173/1687/13 1172/1689/13 681/1688/463
f 1172/1689/13 1171/1691/13 680/1690/464
f 1171/1691/13 1170/1693/13 679/1692/465
f 1170/1693/13 1169/1695/13 678/1694/466
f 1169/1695/13 1168/1697/13 677/1696/466
f 1168/1697/13 1167/1699/13 676/1698/467
f 1167/1699/13 1166/1701/13 675/1700/467
f 1166/1701/13 1165/1703/13 674/1702/468
f 1165/1703/13 1164/2010/13 673/1704/469
f 1164/1705/13 1163/1709/13 672/1706/470
f 1162/1708/13 671/1711/470 672/1706/470
f 1161/1710/13 670/1713/471 671/1711/470
f 1160/1712/13 669/1715/471 670/1713/471
f 1159/1714/13 668/1717/472 669/1715/471
f 1158/1716/13 667/1719/472 668/1717/472
f 1157/1718/13 666/1721/473 667/1719/472
f 1156/1720/13 665/1723/473 666/1721/473
f 1155/1722/13 664/1725/474 665/1723/473
f 1154/1724/13 663/1727/475 664/1725/474
f 1153/1726/13 662/1729/476 663/1727/475
f 1152/1728/13 661/1731/477 662/1729/476
f 1151/1730/13 660/1733/478 661/1731/477
f 1150/1732/13 659/1735/479 660/1733/478
f 1149/1734/13 658/1737/480 659/1735/479
f 1148/1736/13 657/1900/480 658/1737/480
f 1147/1738/13 656/1742/481 657/1739/480
f 1147/1738/13 1146/1743/13 655/1741/481
f 1146/1743/13 1145/1745/13 653/1744/460
f 1145/1745/13 1176/1680/13 654/1682/460
f 1114/1746/35 708/1753/482 707/1747/482
f 1115/1749/35 1116/1754/35 695/1750/483
f 1117/1752/35 709/1757/486 708/1753/482
f 1116/1754/35 1118/1758/35 696/1755/485
f 1119/1756/35 710/1761/486 709/1757/486
f 1118/1758/35 1120/1762/35 697/1759/487
f 1121/1760/35 711/1765/489 710/1761/486
f 1120/1762/35 1122/1766/35 698/1763/488
f 1123/1764/35 712/1772/492 711/1765/489
f 1122/1766/35 1124/1773/35 699/1767/490
f 1126/1768/35 686/1776/491 685/1769/491
f 1127/1771/35 713/1778/493 712/1772/492
f 1124/1773/35 1128/1780/35 700/1774/490
f 1129/1775/35 687/1782/494 686/1776/491
f 1130/1777/35 714/1784/495 713/1778/493
f 1131/1779/35 701/1786/496 700/1774/490
f 1132/1781/35 688/1788/494 687/1782/494
f 1133/1783/35 715/1790/497 714/1784/495
f 1134/1785/35 702/1792/498 701/1786/496
f 1135/1787/35 689/2011/499 688/1788/494
f 1136/1789/35 716/1796/500 715/1790/497
f 1137/1791/35 703/1798/501 702/1792/498
f 1135/1793/35 1138/1799/35 690/1794/499
f 1125/1770/35 685/1769/491 716/1796/500
f 1139/1797/35 704/1802/501 703/1798/501
f 1138/1799/35 1140/1803/35 691/1800/502
f 1141/1801/35 705/1832/504 704/1802/501
f 1140/1803/35 1142/1808/35 692/1804/503
f 1143/1805/35 706/1810/504 705/1806/504
f 1142/1808/35 1144/1811/35 693/1809/505
f 1113/1748/35 707/1747/482 706/1810/504
f 1144/1811/35 1115/1749/35 694/1751/484
f 802/1812/506 710/1761/507 711/1765/507
f 806/1814/509 714/1784/510 715/1790/510
f 808/1815/512 968/1970/844 1000/1816/513
f 812/1818/515 712/1772/516 713/1778/516
f 859/1820/518 684/1681/933 902/1821/519
f 807/1817/514 1000/1816/513 901/1823/521
f 674/1702/468 673/1704/469 911/1824/523
f 858/1826/524 857/1840/525 1025/1827/525
f 715/1790/497 716/1796/500 963/1829/526
f 826/1831/527 704/1802/528 705/1832/528
f 822/1834/530 706/1810/531 707/1747/531
f 818/1836/533 708/1753/534 709/1757/534
f 806/1814/536 805/1846/546 999/1838/537
f 857/1840/525 656/1742/539 930/1841/539
f 700/1774/540 701/1786/934 828/1842/541
f 702/1792/543 703/1798/543 824/1844/544
f 805/1846/546 682/1686/935 904/1847/547
f 676/1698/467 675/1700/467 909/1848/548
f 696/1755/549 697/1759/549 836/1850/550
f 698/1763/552 699/1767/552 832/1852/553
f 856/1854/555 992/1928/555 1024/1855/556
f 713/1778/493 714/1784/495 961/1857/558
f 804/1813/559 966/1947/834 998/1859/560
f 855/1856/557 1024/1855/556 929/1861/562
f 688/1788/563 689/2011/563 852/1862/564
f 690/1794/566 691/1800/566 848/1863/567
f 692/1804/569 693/1809/569 844/1865/570
f 694/1751/572 695/1750/572 840/1867/573
f 860/1869/575 716/1796/576 685/1769/576
f 803/1860/561 998/1859/560 905/1871/578
f 864/1872/580 686/1776/581 687/1782/581
f 678/1694/466 677/1696/466 907/1873/583
f 854/1864/584 853/1882/594 1023/1875/585
f 711/1765/489 712/1772/492 959/1877/587
f 653/1744/588 863/1879/590 855/1856/589
f 863/1879/590 864/1872/580 856/1854/582
f 802/1812/591 801/1891/611 997/1880/592
f 853/1882/594 658/1737/936 928/1883/595
f 684/1681/596 859/1820/598 861/1884/597
f 859/1820/598 860/1869/575 862/1870/577
f 845/1885/599 839/1886/601 663/1727/600
f 846/1868/574 840/1867/573 839/1886/601
f 849/1887/602 843/1888/604 661/1731/603
f 850/1866/571 844/1865/570 843/1888/604
f 853/1882/605 847/1889/607 659/1735/606
f 854/1864/568 848/1863/567 847/1889/607
f 857/1840/608 851/1890/610 657/1739/609
f 858/1826/565 852/1862/564 851/1890/610
f 801/1891/611 678/1694/937 908/1874/612
f 680/1690/464 679/1692/465 905/1871/613
f 852/1893/614 990/1936/672 1022/1894/615
f 709/1757/486 710/1761/486 957/1896/617
f 864/1872/618 996/1969/802 933/1898/619
f 851/1895/616 1022/1894/615 927/1899/621
f 862/1870/623 685/1769/938 934/1901/624
f 682/1686/462 681/1688/463 903/1903/625
f 837/1904/626 831/1905/628 667/1719/627
f 838/1853/554 832/1852/553 831/1905/628
f 841/1906/629 835/1907/631 665/1723/630
f 842/1851/551 836/1850/550 835/1907/631
f 850/1866/632 849/1887/638 1021/1908/633
f 707/1747/482 708/1753/482 955/1910/634
f 860/1869/635 994/1971/635 963/1829/636
f 849/1887/638 660/1733/939 926/1912/639
f 829/1913/640 823/1914/642 671/1711/641
f 830/1845/545 824/1844/544 823/1914/642
f 833/1915/643 827/1916/645 669/1715/644
f 834/1843/542 828/1842/541 827/1916/645
f 858/1826/524 993/1828/524 935/1917/646
f 684/1681/459 683/1684/461 901/1823/647
f 848/1863/648 988/1944/648 1020/1918/649
f 705/1806/504 706/1810/504 953/1919/651
f 676/1698/652 817/1922/654 813/1921/653
f 817/1922/654 818/1836/533 814/1837/535
f 674/1702/655 821/1924/658 815/1923/656
f 821/1924/658 822/1834/530 816/1835/532
f 672/1706/659 825/1926/661 819/1925/660
f 825/1926/661 826/1831/527 820/1833/529
f 856/1854/555 687/1782/940 936/1927/662
f 847/1889/650 1020/1918/649 925/1929/663
f 854/1864/584 991/1876/586 937/1930/665
f 846/1868/667 845/1885/673 1019/1931/668
f 703/1798/501 704/1802/501 951/1933/670
f 852/1893/614 689/1795/941 938/1935/671
f 845/1885/673 662/1729/942 924/1937/674
f 850/1866/632 989/1909/632 939/1938/675
f 844/1865/677 986/1968/928 1018/1939/678
f 702/1792/498 949/2005/680 950/1940/680
f 680/1690/681 811/1942/683 809/1941/682
f 811/1942/683 812/1818/515 810/1819/517
f 848/1863/648 691/1800/943 940/1943/684
f 843/1888/679 1018/1939/678 923/1945/685
f 682/1686/687 805/1846/689 807/1817/688
f 805/1846/689 806/1814/509 808/1815/511
f 678/1694/690 801/1891/692 803/1860/691
f 801/1891/692 802/1812/506 804/1813/508
f 969/1946/693 962/1858/694 961/1857/694
f 966/1947/696 960/1878/697 959/1877/697
f 971/1949/699 958/1897/700 957/1896/700
f 972/1950/702 956/1911/703 955/1910/703
f 974/1952/705 954/1920/706 953/1919/706
f 976/1954/708 952/1934/709 951/1933/709
f 950/1940/710 949/2005/710 979/1956/711
f 948/1958/713 947/2006/713 981/1959/714
f 946/1961/716 945/2007/716 983/1962/717
f 944/1964/719 943/2008/719 985/1965/720
f 942/1967/722 941/2009/722 987/1932/723
f 940/1943/725 939/1938/725 989/1909/726
f 938/1935/728 937/1930/728 991/1876/729
f 936/1927/731 935/1917/731 993/1828/732
f 995/1902/733 934/1901/734 933/1898/734
f 968/1970/736 964/1830/737 963/1829/737
f 901/1823/739 1000/1816/741 1026/1822/740
f 1000/1816/741 968/1970/736 994/1971/738
f 931/1972/742 1027/1975/744 1028/1973/743
f 1027/1975/744 995/1902/733 996/1969/735
f 1024/1855/745 1025/1827/745 930/1841/746
f 992/1928/732 993/1828/732 1025/1827/745
f 1022/1894/747 1023/1875/749 928/1883/748
f 990/1936/730 991/1876/729 1023/1875/749
f 1020/1918/750 1021/1908/752 926/1912/751
f 988/1944/727 989/1909/726 1021/1908/752
f 1018/1939/753 1019/1931/755 924/1937/754
f 986/1968/724 987/1932/723 1019/1931/755
f 1016/1976/756 1017/1979/758 922/1977/757
f 984/1966/721 985/1965/720 1017/1979/758
f 1014/1980/759 1015/1983/761 920/1981/760
f 982/1963/718 983/1962/717 1015/1983/761
f 1012/1984/762 1013/1987/764 918/1985/763
f 980/1960/715 981/1959/714 1013/1987/764
f 1010/1988/765 1011/1991/767 916/1989/766
f 978/1957/712 979/1956/711 1011/1991/767
f 913/1992/768 1008/1995/769 1009/1993/769
f 976/1954/708 977/1955/708 1009/1993/769
f 911/1824/770 1006/1997/772 1007/1996/771
f 1006/1997/772 974/1952/705 975/1953/707
f 909/1848/773 1004/1999/775 1005/1998/774
f 1004/1999/775 972/1950/702 973/1951/704
f 907/1873/776 1003/2000/778 997/1880/777
f 1003/2000/778 971/1949/699 965/1881/701
f 905/1871/779 998/1859/781 1002/2001/780
f 998/1859/781 966/1947/696 970/1948/698
f 903/1903/782 1001/2002/784 999/1838/783
f 1001/2002/784 969/1946/693 967/1839/695
f 860/1869/635 859/1820/518 1026/1822/520
f 671/1711/470 913/1992/944 914/1994/785
f 809/1941/786 1001/2002/793 903/1903/787
f 861/1884/789 1027/1975/794 931/1972/790
f 810/1819/792 969/1946/847 1001/2002/793
f 862/1870/623 995/1902/623 1027/1975/794
f 669/1715/471 915/1990/795 916/1989/795
f 811/1942/796 680/1690/945 906/1892/797
f 863/1879/799 653/1744/946 932/1974/800
f 812/1818/801 811/1942/796 1002/2001/798
f 864/1872/618 863/1879/799 1028/1973/799
f 667/1719/472 917/1986/803 918/1985/803
f 813/1921/804 1003/2000/808 907/1873/805
f 814/1837/807 971/1949/856 1003/2000/808
f 665/1723/473 919/1982/809 920/1981/809
f 815/1923/810 1004/1999/814 909/1848/811
f 816/1835/813 972/1950/862 1004/1999/814
f 663/1727/475 921/1978/815 922/1977/815
f 817/1922/816 676/1698/947 910/1849/817
f 818/1836/819 817/1922/816 1005/1998/818
f 661/1731/477 923/1945/821 924/1937/821
f 819/2003/822 1006/1997/826 911/1824/823
f 820/2004/825 974/1952/872 1006/1997/826
f 802/1812/591 965/1881/593 957/1896/827
f 659/1735/479 925/1929/829 926/1912/829
f 821/1924/830 674/1702/948 912/1825/831
f 804/1813/559 711/1765/949 960/1878/833
f 822/1834/835 821/1924/830 1007/1996/832
f 806/1814/536 967/1839/538 961/1857/837
f 657/1900/480 927/1899/839 928/1883/839
f 823/1914/840 1008/1995/840 913/1992/841
f 808/1815/512 715/1790/950 964/1830/843
f 824/1844/845 976/1954/845 1008/1995/840
f 810/1819/792 713/1778/951 962/1858/846
f 656/1742/481 655/1741/481 929/1861/848
f 825/1926/850 672/1706/851 914/1994/851
f 812/1818/801 970/1948/801 959/1877/852
f 826/1831/854 825/1926/850 1009/1993/850
f 814/1837/807 709/1757/952 958/1897/855
f 653/1744/460 654/1682/460 931/1972/857
f 827/1916/858 1010/1988/865 915/1990/859
f 816/1835/813 707/1747/953 956/1911/861
f 685/1769/491 686/1776/491 933/1898/863
f 828/1842/864 978/1957/864 1010/1988/865
f 818/1836/819 973/1951/820 955/1910/866
f 829/1913/868 670/1713/954 916/1989/869
f 820/2004/825 705/1806/955 954/1920/871
f 688/1788/494 935/1917/873 936/1927/873
f 830/1845/874 829/1913/868 1011/1991/870
f 822/1834/835 975/1953/836 953/1919/876
f 831/1905/878 1012/1984/884 917/1986/879
f 824/1844/845 703/1798/881 952/1934/881
f 690/1794/499 937/1930/882 938/1935/882
f 832/1852/883 980/1960/883 1012/1984/884
f 826/1831/854 977/1955/854 951/1933/885
f 833/1915/887 668/1717/956 918/1985/888
f 828/1842/864 701/1786/957 950/1940/890
f 692/1804/503 939/1938/891 940/1943/891
f 834/1843/892 833/1915/887 1013/1987/889
f 830/1845/874 979/1956/875 949/2005/893
f 835/1907/895 1014/1980/901 919/1982/896
f 832/1852/883 699/1767/958 948/1958/898
f 694/1751/484 941/2009/899 942/1967/899
f 836/1850/900 982/1963/908 1014/1980/901
f 834/1843/892 981/1959/892 947/2006/902
f 837/1904/904 666/1721/959 920/1981/905
f 836/1850/900 697/1759/960 946/1961/907
f 696/1755/485 943/2008/909 944/1964/909
f 838/1853/910 837/1904/904 1015/1983/906
f 838/1853/910 983/1962/911 945/2007/912
f 839/1886/914 1016/1976/920 921/1978/915
f 840/1867/917 695/1750/961 944/1964/918
f 698/1763/488 945/2007/919 946/1961/919
f 840/1867/917 984/1966/917 1016/1976/920
f 842/1851/921 985/1965/930 943/2008/922
f 841/1906/924 664/1725/962 922/1977/925
f 844/1865/677 693/1809/963 942/1967/927
f 700/1774/490 947/2006/929 948/1958/929
f 842/1851/921 841/1906/924 1017/1979/926
f 846/1868/667 987/1932/669 941/2009/931
