# Rover separado para OpenGL
# Punto de giro original: -3.037000 3.284000 -3.009000
mtllib RoverSeparado.mtl
o Rueda_Central_Derecha
v -1.247701 0.891652 0.709000
v -1.247701 0.891652 1.209000
v 1.152298 0.011651 0.709000
v 1.152298 0.011651 1.209000
v 1.152298 0.891652 1.209000
v 1.152298 0.891652 0.709000
v 1.858154 0.591651 0.709000
v 1.858154 0.591651 1.209000
v 1.858154 0.011651 1.209000
v 1.858154 0.011651 0.709000
v 3.318154 0.011651 1.209000
v 3.318154 0.606651 1.209000
v 3.318154 0.606651 0.709000
v 3.318154 0.011651 0.709000
v 5.418155 0.606651 1.209000
v 5.418155 0.011651 1.209000
v 5.418155 0.606651 0.709000
v 5.418155 0.011651 0.709000
v 4.768154 0.011651 1.209000
v 4.768154 0.606651 1.209000
v 5.418155 0.606651 -0.191000
v 5.218154 0.606651 -0.391000
v 5.359576 0.606651 -0.332421
v 5.218154 0.011651 -0.391000
v 5.418155 0.011651 -0.191000
v 5.359576 0.011651 -0.332421
v 4.968154 0.011651 -0.391000
v 4.826733 0.011651 -0.332421
v 4.968154 0.606651 -0.391000
v 4.826733 0.606651 -0.332421
v 4.768154 0.806652 0.709000
v 5.418155 0.806652 0.709000
v 5.359576 0.806651 -0.332421
v 5.418155 0.806651 -0.191000
v 5.218154 0.806651 -0.391000
v 4.826733 0.806651 -0.332421
v 4.968154 0.806651 -0.391000
v 4.768154 0.806651 -0.191000
v -1.247701 0.591651 0.409000
v 1.152298 0.591651 0.409000
v 1.152298 0.011651 0.409000
v -1.247701 0.182354 1.209000
v -1.076999 0.011651 1.209000
v -1.247701 0.182354 0.709000
v -1.076999 0.011651 0.709000
v -1.076999 0.011651 0.409000
v -1.247701 0.182354 0.409000
v 0.500845 0.443113 -0.200000
v 0.500845 0.443113 0.500001
v 0.575844 0.423018 -0.200000
v 0.575844 0.423018 0.500001
v 0.630748 0.368114 -0.200000
v 0.630748 0.368114 0.500001
v 0.650845 0.293113 -0.200000
v 0.650845 0.293113 0.500001
v 0.630748 0.218114 -0.200000
v 0.630748 0.218114 0.500001
v 0.575844 0.163210 -0.200000
v 0.575844 0.163210 0.500001
v 0.500845 0.143115 -0.200000
v 0.500845 0.143115 0.500001
v 0.425844 0.163210 -0.200000
v 0.425844 0.163210 0.500001
v 0.370941 0.218114 -0.200000
v 0.370941 0.218114 0.500001
v 0.350845 0.293113 -0.200000
v 0.350845 0.293113 0.500001
v 0.370941 0.368114 -0.200000
v 0.370941 0.368114 0.500001
v 0.425844 0.423018 -0.200000
v 0.425844 0.423018 0.500001
v 4.768154 0.606651 0.709000
v 4.768154 0.011651 0.709000
v 4.768154 0.011651 -0.191000
v 4.768154 0.606651 -0.191000
v 5.168154 -0.288349 0.709000
v 5.168154 -0.288349 1.209000
v 4.768154 -0.288349 0.709000
v 4.768154 -0.288349 1.209000
v 0.031430 -0.233235 -0.190459
v 0.031430 -0.233235 0.209541
v 0.403338 -0.129377 -0.190459
v 0.307293 -0.228655 -0.190459
v 0.299317 0.255617 -0.190459
v 0.398551 0.160938 -0.190459
v 0.307293 -0.228655 0.209541
v 0.403338 -0.129377 0.209541
v 0.398551 0.160938 0.209541
v 0.299317 0.255617 0.209541
v -0.251768 0.238808 -0.190459
v -0.424749 0.195191 -0.190459
v -0.251768 0.238808 0.209541
v -0.424749 0.195191 0.209541
v 1.703470 -1.666691 -0.020601
v 1.777993 -1.588487 -0.128601
v 1.725297 -1.643785 -0.096968
v 1.807804 -1.557204 -0.128601
v 1.882326 -1.479001 -0.020601
v 1.860499 -1.501906 -0.096969
v 1.777993 -1.588487 0.130599
v 1.703470 -1.666691 0.022599
v 1.725297 -1.643785 0.098966
v 1.882326 -1.479001 0.022599
v 1.807804 -1.557204 0.130599
v 1.860499 -1.501906 0.098966
v 2.515336 -1.801745 -0.479001
v 2.515336 -2.084588 -0.479001
v 2.573915 -1.943167 -0.479001
v 2.515337 -2.084588 0.481000
v 2.515336 -1.801745 0.480999
v 2.573915 -1.943167 0.480999
v 2.303204 -2.296720 -0.479000
v 2.020361 -2.296720 -0.479000
v 2.161783 -2.355300 -0.479000
v 2.020362 -2.296720 0.481000
v 2.303205 -2.296720 0.481000
v 2.161783 -2.355299 0.481000
v -0.037530 -0.242108 0.200460
v -0.016542 -0.292117 -0.395000
v 0.543595 0.279061 -0.395000
v -0.016542 -0.292117 -0.203000
v 0.543595 0.279061 -0.203000
v 2.371684 -2.426479 -0.395001
v 2.088855 -2.429239 -0.395001
v 2.282536 -2.479115 -0.395001
v 2.179013 -2.480126 -0.395001
v 2.648993 -1.858060 -0.395001
v 2.651753 -2.140889 -0.395001
v 2.701629 -1.947208 -0.395001
v 2.702640 -2.050731 -0.395001
v 2.371684 -2.426479 -0.203001
v 2.282536 -2.479115 -0.203000
v 2.651753 -2.140889 -0.203001
v 2.702640 -2.050731 -0.203001
v 2.701629 -1.947208 -0.203001
v 1.981265 -1.593214 0.481000
v 1.929237 -1.621023 0.481000
v 1.883634 -1.658448 0.481000
v 1.846209 -1.704051 0.481000
v 1.801274 -1.812533 0.481000
v 1.818399 -1.756079 0.481000
v 2.037718 -2.166397 0.481000
v 1.801274 -1.929953 0.481000
v 1.883634 -2.084037 0.481000
v 1.929237 -2.121463 0.481000
v 1.846208 -2.038434 0.481000
v 2.096428 -2.172179 0.481000
v 1.981265 -2.149273 0.481000
v 1.818399 -1.986406 0.481000
v 2.100292 -2.171799 0.481000
v 1.795491 -1.871242 0.481000
v 2.309223 -1.658448 0.481000
v 2.346648 -1.704051 0.481000
v 2.263620 -1.621023 0.481000
v 2.374458 -1.756079 0.481000
v 2.211592 -1.593213 0.481000
v 2.391583 -1.812533 0.481000
v 2.391583 -1.929953 0.481000
v 2.397365 -1.871243 0.481000
v 2.309223 -2.084037 0.481000
v 2.346648 -2.038434 0.481000
v 2.374458 -1.986406 0.481000
v 2.155138 -1.576088 0.481000
v 2.096428 -1.570306 0.481000
v 2.037718 -1.576089 0.481000
v 2.263620 -2.121463 0.481000
v 2.211592 -2.149273 0.481000
v 2.155138 -2.166397 0.481000
v 1.982521 -2.149654 -0.479000
v 1.981264 -2.149273 -0.479000
v 1.883633 -2.084037 -0.479000
v 1.846208 -2.038434 -0.479000
v 1.929237 -2.121463 -0.479000
v 2.309222 -1.658448 -0.479001
v 2.346648 -1.704051 -0.479001
v 2.263620 -1.621023 -0.479000
v 2.374457 -1.756079 -0.479001
v 2.211591 -1.593213 -0.479000
v 2.391582 -1.812533 -0.479001
v 2.155138 -1.576088 -0.479000
v 2.096428 -1.570306 -0.479000
v 1.981264 -1.593214 -0.479000
v 2.037718 -1.576089 -0.479000
v 1.883633 -1.658448 -0.479000
v 1.846208 -1.704051 -0.479000
v 1.929236 -1.621023 -0.479000
v 2.346648 -2.038434 -0.479001
v 2.309222 -2.084037 -0.479000
v 2.211592 -2.149273 -0.479000
v 2.155138 -2.166397 -0.479000
v 2.263620 -2.121463 -0.479000
v 2.037718 -2.166397 -0.479000
v 2.096428 -2.172179 -0.479000
v 1.818398 -1.986406 -0.479000
v 1.801274 -1.929953 -0.479000
v 1.795491 -1.871242 -0.479000
v 2.397365 -1.871243 -0.479001
v 2.391583 -1.929953 -0.479001
v 1.801274 -1.812533 -0.479000
v 1.818398 -1.756079 -0.479000
v 2.374457 -1.986406 -0.479001
v 2.211591 -1.593213 -0.203000
v 2.346648 -2.038434 -0.203000
v 1.929236 -1.621023 -0.203000
v 2.263620 -2.121463 -0.203000
v 1.846208 -1.704051 -0.203000
v 1.981264 -2.149273 -0.203000
v 1.818398 -1.986406 -0.203000
v 2.096428 -2.172179 -0.203000
v 2.346648 -1.704051 -0.395001
v 2.211591 -1.593213 -0.395001
v 2.096428 -1.570306 -0.395001
v 2.391582 -1.812533 -0.395001
v 2.374457 -1.986406 -0.395001
v 2.263620 -2.121463 -0.395001
v 1.846208 -1.704051 -0.395001
v 1.929236 -1.621023 -0.395001
v 1.801274 -1.812533 -0.395001
v 2.096428 -2.172179 -0.395001
v 1.981264 -2.149273 -0.395001
v 1.883633 -2.084037 -0.395001
v 1.801274 -1.929953 -0.395001
v -0.037530 -0.242108 -0.199540
v 0.410812 -0.713260 -0.395000
v 0.410813 -0.713260 -0.203000
v 0.693369 -0.494837 -0.128601
v 0.721016 -0.466674 -0.128601
v 0.644498 -0.544619 0.098967
v 0.624254 -0.565239 -0.020601
v 0.769887 -0.416892 -0.096968
v 0.721016 -0.466674 0.130599
v 0.644498 -0.544619 -0.096968
v 0.624254 -0.565239 0.022599
v 0.790130 -0.396272 0.022599
v 0.790130 -0.396272 -0.020601
v 0.693369 -0.494837 0.130599
v 0.769887 -0.416892 0.098967
v -0.391100 -0.292086 -0.395000
v -0.564859 -0.118256 -0.395000
v -0.513966 -0.241142 -0.395000
v -0.564859 0.125406 -0.395000
v -0.391154 0.294846 -0.395000
v -0.513982 0.247008 -0.395000
v -0.564859 -0.118256 -0.203000
v -0.391100 -0.292086 -0.203000
v -0.513966 -0.241142 -0.203000
v -0.391154 0.294846 -0.203000
v -0.564859 0.125406 -0.203000
v -0.513982 0.247008 -0.203000
v -0.411111 -0.144438 0.200460
v -0.313431 -0.242107 0.200460
v -0.313494 0.242230 0.200460
v -0.411143 0.145918 0.200460
v -0.313431 -0.242107 -0.199540
v -0.411111 -0.144438 -0.199540
v -0.411143 0.145918 -0.199540
v -0.313494 0.242230 -0.199540
v 0.237793 0.234571 0.200459
v 0.411475 0.193832 0.200459
v 0.237793 0.234571 -0.199541
v 0.411474 0.193832 -0.199541
v 2.037718 -1.576089 -0.203000
v 2.374457 -1.756079 -0.203000
v 2.648993 -1.858060 -0.203001
v 0.195968 -0.009436 -0.184328
v 0.126024 -0.080565 -0.139094
v 0.800457 -0.393043 -0.139094
v 0.829429 -0.363580 -0.029889
v 0.592026 -0.605002 -0.029889
v 0.620998 -0.575540 -0.139094
v 0.592026 -0.605002 0.031887
v 0.620999 -0.575540 0.141093
v 0.690943 -0.504410 0.186327
v 0.235537 0.030803 -0.184328
v 0.235538 0.030803 0.186327
v 0.305482 0.101932 0.141093
v 0.730512 -0.464172 0.186327
v 0.800457 -0.393043 0.141093
v 0.690943 -0.504410 -0.184329
v 0.730512 -0.464172 -0.184329
v 0.195968 -0.009436 0.186327
v 0.829429 -0.363580 0.031887
v 0.126024 -0.080565 0.141093
v 0.097051 -0.110027 -0.029889
v 0.097051 -0.110027 0.031887
v 0.305482 0.101932 -0.139094
v 0.334454 0.131394 -0.029889
v 0.334454 0.131394 0.031887
v 1.906851 -1.448565 -0.479000
v 2.162156 -1.448565 -0.479000
v 2.034503 -1.395689 -0.479000
v 2.162156 -1.448565 0.481000
v 1.906851 -1.448565 0.481000
v 2.034504 -1.395689 0.481000
v 1.667181 -1.943540 -0.479000
v 1.667181 -1.688235 -0.479000
v 1.614305 -1.815887 -0.479000
v 1.667181 -1.688235 0.481000
v 1.667181 -1.943540 0.481000
v 1.614306 -1.815887 0.481000
v 2.395739 -1.854737 -0.203001
v 1.795491 -1.871242 -0.203000
v 2.088855 -2.429239 -0.203000
v 2.179013 -2.480126 -0.203000
v 2.309222 -1.658448 -0.203000
v 1.883633 -2.084037 -0.203000
v -0.391127 0.001380 -0.395000
v -0.391127 0.001380 -0.203000
v -0.016542 -0.292117 0.205000
v 0.543595 0.279061 0.205000
v -0.016542 -0.292117 0.397000
v 0.543595 0.279061 0.397000
v 2.371684 -2.426479 0.205000
v 2.088855 -2.429239 0.205000
v 2.282536 -2.479115 0.205000
v 2.179014 -2.480126 0.205000
v 2.648993 -1.858060 0.204999
v 2.651753 -2.140889 0.204999
v 2.701629 -1.947208 0.204999
v 2.702640 -2.050731 0.204999
v 2.371684 -2.426479 0.397000
v 2.282536 -2.479115 0.397000
v 2.651753 -2.140889 0.397000
v 2.702640 -2.050731 0.397000
v 2.701629 -1.947208 0.397000
v 2.211591 -1.593213 0.397000
v 2.346648 -2.038434 0.397000
v 1.929237 -1.621023 0.397000
v 2.263620 -2.121463 0.397000
v 1.846209 -1.704051 0.397000
v 1.981265 -2.149273 0.397000
v 1.818399 -1.986406 0.397000
v 2.096428 -2.172179 0.397000
v 2.346648 -1.704051 0.205000
v 2.211591 -1.593213 0.205000
v 2.096428 -1.570306 0.205000
v 2.391583 -1.812533 0.205000
v 2.374457 -1.986406 0.205000
v 2.263620 -2.121463 0.205000
v 1.846209 -1.704051 0.205000
v 1.929237 -1.621023 0.205000
v 1.801274 -1.812533 0.205000
v 2.096428 -2.172179 0.205000
v 1.981265 -2.149273 0.205000
v 1.883634 -2.084037 0.205000
v 1.801274 -1.929953 0.205000
v 0.410813 -0.713260 0.205000
v 0.410813 -0.713260 0.397000
v -0.391100 -0.292086 0.205000
v -0.564858 -0.118256 0.205001
v -0.513966 -0.241142 0.205000
v -0.564858 0.125406 0.205001
v -0.391154 0.294846 0.205000
v -0.513982 0.247008 0.205000
v -0.564858 -0.118256 0.397000
v -0.391100 -0.292086 0.397000
v -0.513966 -0.241142 0.397000
v -0.391154 0.294846 0.397000
v -0.564858 0.125406 0.397000
v -0.513982 0.247008 0.397000
v 2.037718 -1.576089 0.397000
v 2.374458 -1.756079 0.397000
v 2.648993 -1.858060 0.397000
v 2.395739 -1.854737 0.397000
v 1.795491 -1.871242 0.397000
v 2.088855 -2.429239 0.397000
v 2.179014 -2.480126 0.397000
v 2.309223 -1.658448 0.397000
v 1.883634 -2.084037 0.397000
v -0.391127 0.001380 0.205000
v -0.391127 0.001380 0.397000
v 1.795893 -1.929953 -0.690999
v 1.840827 -2.038436 -0.691000
v 1.923856 -2.121463 -0.690999
v 2.032337 -2.166398 -0.691000
v 2.206211 -2.149273 -0.691000
v 2.303842 -2.084037 -0.691000
v 2.369077 -1.986407 -0.691000
v 2.391984 -1.871243 -0.691000
v 2.369077 -1.756080 -0.691000
v 2.303842 -1.658449 -0.691000
v 2.206211 -1.593214 -0.691000
v 2.091047 -1.570306 -0.691000
v 1.923856 -1.621024 -0.691000
v 1.840827 -1.704052 -0.690999
v 1.795893 -1.812533 -0.691000
v 1.795893 -1.929953 0.565001
v 1.840827 -2.038436 0.565001
v 1.975884 -2.149273 0.565001
v 2.091047 -2.172180 0.565001
v 2.206211 -2.149273 0.565001
v 2.303842 -2.084038 0.565001
v 2.386202 -1.929953 0.565001
v 2.369077 -1.756080 0.565001
v 2.303842 -1.658449 0.565001
v 2.206211 -1.593214 0.565001
v 2.032337 -1.576089 0.565001
v 1.878253 -1.658449 0.565001
v 1.795893 -1.812534 0.565001
v 1.191533 -1.871242 -1.669950
v 1.208817 -2.046730 -1.669950
v 1.260005 -2.215472 -1.669950
v 1.343129 -2.370988 -1.669950
v 1.454995 -2.507297 -1.669950
v 1.591305 -2.619163 -1.669950
v 1.746819 -2.702287 -1.669950
v 1.915562 -2.753475 -1.669950
v 2.091049 -2.770760 -1.669950
v 2.266536 -2.753475 -1.669950
v 2.435279 -2.702287 -1.669950
v 2.590793 -2.619163 -1.669950
v 2.727103 -2.507297 -1.669950
v 2.838969 -2.370988 -1.669950
v 2.922094 -2.215473 -1.669950
v 2.973281 -2.046730 -1.669950
v 2.990565 -1.871242 -1.669950
v 2.973281 -1.695756 -1.669950
v 2.922094 -1.527014 -1.669950
v 2.838969 -1.371499 -1.669950
v 2.727103 -1.235190 -1.669950
v 2.590794 -1.123322 -1.669950
v 2.435279 -1.040198 -1.669950
v 2.266536 -0.989011 -1.669950
v 2.091049 -0.971726 -1.669950
v 1.915562 -0.989011 -1.669950
v 1.746819 -1.040198 -1.669950
v 1.591305 -1.123322 -1.669950
v 1.454995 -1.235190 -1.669950
v 1.343129 -1.371499 -1.669950
v 1.260005 -1.527014 -1.669950
v 1.208817 -1.695756 -1.669950
v 1.191533 -1.871242 -0.629950
v 1.208817 -2.046729 -0.629950
v 1.260005 -2.215472 -0.629950
v 1.343129 -2.370988 -0.629950
v 1.454995 -2.507296 -0.629950
v 1.591305 -2.619163 -0.629950
v 1.746819 -2.702287 -0.629950
v 1.915562 -2.753474 -0.629950
v 2.091049 -2.770759 -0.629950
v 2.266536 -2.753475 -0.629950
v 2.435279 -2.702287 -0.629950
v 2.590793 -2.619163 -0.629950
v 2.727103 -2.507296 -0.629950
v 2.838970 -2.370988 -0.629950
v 2.922094 -2.215472 -0.629950
v 2.973281 -2.046729 -0.629950
v 2.990565 -1.871242 -0.629950
v 2.973281 -1.695756 -0.629950
v 2.922094 -1.527013 -0.629950
v 2.838969 -1.371498 -0.629950
v 2.727103 -1.235189 -0.629950
v 2.590794 -1.123322 -0.629950
v 2.435279 -1.040198 -0.629950
v 2.266536 -0.989011 -0.629950
v 2.091049 -0.971727 -0.629950
v 1.915562 -0.989011 -0.629950
v 1.746819 -1.040198 -0.629950
v 1.591305 -1.123322 -0.629950
v 1.454995 -1.235188 -0.629950
v 1.343129 -1.371498 -0.629950
v 1.260005 -1.527013 -0.629950
v 1.208817 -1.695756 -0.629950
v 1.086803 -2.072385 -0.629950
v 1.067209 -1.873450 -0.629950
v 1.144830 -2.263676 -0.629950
v 1.239061 -2.439970 -0.629950
v 1.365875 -2.594494 -0.629950
v 1.520399 -2.721308 -0.629950
v 1.696693 -2.815539 -0.629950
v 1.887983 -2.873566 -0.629950
v 2.086919 -2.893160 -0.629950
v 2.285855 -2.873566 -0.629950
v 2.477145 -2.815539 -0.629950
v 2.653439 -2.721308 -0.629950
v 2.807962 -2.594494 -0.629950
v 2.934776 -2.439970 -0.629950
v 3.029008 -2.263676 -0.629950
v 3.087035 -2.072386 -0.629950
v 3.106628 -1.873450 -0.629950
v 3.087035 -1.674515 -0.629950
v 3.029008 -1.483224 -0.629950
v 2.934776 -1.306930 -0.629950
v 2.807963 -1.152407 -0.629950
v 2.653439 -1.025593 -0.629950
v 2.477145 -0.931361 -0.629950
v 2.285855 -0.873334 -0.629950
v 2.086919 -0.853741 -0.629950
v 1.887983 -0.873334 -0.629950
v 1.696693 -0.931361 -0.629950
v 1.520399 -1.025593 -0.629950
v 1.365876 -1.152406 -0.629950
v 1.239061 -1.306930 -0.629950
v 1.144830 -1.483224 -0.629950
v 1.086803 -1.674515 -0.629950
v 1.062498 -1.871242 -1.669950
v 1.082261 -2.071903 -1.669950
v 1.140791 -2.264852 -1.669950
v 1.235840 -2.442676 -1.669950
v 1.363753 -2.598539 -1.669950
v 1.519616 -2.726453 -1.669950
v 1.697439 -2.821501 -1.669950
v 1.890389 -2.880032 -1.669950
v 2.091049 -2.899795 -1.669950
v 2.291709 -2.880032 -1.669950
v 2.484659 -2.821501 -1.669950
v 2.662482 -2.726453 -1.669950
v 2.818345 -2.598539 -1.669950
v 2.946258 -2.442676 -1.669950
v 3.041307 -2.264852 -1.669950
v 3.099837 -2.071903 -1.669950
v 3.119601 -1.871242 -1.669950
v 3.099837 -1.670582 -1.669950
v 3.041307 -1.477633 -1.669950
v 2.946258 -1.299811 -1.669950
v 2.818345 -1.143947 -1.669950
v 2.662482 -1.016033 -1.669950
v 2.484659 -0.920985 -1.669950
v 2.291710 -0.862454 -1.669950
v 2.091049 -0.842691 -1.669950
v 1.890388 -0.862454 -1.669950
v 1.697439 -0.920985 -1.669950
v 1.519616 -1.016033 -1.669950
v 1.363753 -1.143947 -1.669950
v 1.235840 -1.299811 -1.669950
v 1.140791 -1.477633 -1.669950
v 1.082261 -1.670582 -1.669950
v 2.091049 -1.774770 -1.609948
v 2.139286 -1.787696 -1.609948
v 2.174597 -1.823008 -1.609948
v 2.187522 -1.871243 -1.609948
v 2.174597 -1.919479 -1.609948
v 2.139286 -1.954791 -1.609948
v 2.091049 -1.967715 -1.609948
v 2.042813 -1.954791 -1.609948
v 2.007502 -1.919479 -1.609948
v 1.994577 -1.871243 -1.609948
v 2.007502 -1.823008 -1.609948
v 2.042813 -1.787696 -1.609948
v 2.091049 -1.671243 -1.486615
v 2.091049 -1.671243 -1.333281
v 2.191049 -1.698039 -1.333281
v 2.191049 -1.698039 -1.486615
v 2.264255 -1.771244 -1.333281
v 2.264255 -1.771244 -1.486615
v 2.291049 -1.871243 -1.333281
v 2.291049 -1.871243 -1.486615
v 2.264255 -1.971243 -1.333281
v 2.264255 -1.971243 -1.486615
v 2.191049 -2.044449 -1.333281
v 2.191049 -2.044449 -1.486615
v 2.091049 -2.071243 -1.333281
v 2.091049 -2.071243 -1.486615
v 1.991049 -2.044449 -1.333281
v 1.991049 -2.044449 -1.486615
v 1.917844 -1.971243 -1.333281
v 1.917844 -1.971243 -1.486615
v 1.891049 -1.871243 -1.333281
v 1.891049 -1.871243 -1.486615
v 1.917844 -1.771244 -1.333281
v 1.917844 -1.771244 -1.486615
v 1.991049 -1.698039 -1.333281
v 1.991049 -1.698039 -1.486615
v 2.272223 -0.995095 -0.986615
v 2.272223 -0.995095 -0.733281
v 2.372223 -1.021890 -0.733281
v 2.372223 -1.021890 -0.986615
v 2.940402 -1.590069 -0.733281
v 2.940402 -1.590069 -0.986615
v 2.967197 -1.690069 -0.733281
v 2.967197 -1.690069 -0.986615
v 2.759229 -2.466217 -0.733281
v 2.759229 -2.466217 -0.986615
v 2.686024 -2.539422 -0.733281
v 2.686024 -2.539422 -0.986615
v 1.909876 -2.747391 -0.733281
v 1.909876 -2.747391 -0.986615
v 1.809876 -2.720596 -0.733281
v 1.809876 -2.720596 -0.986615
v 1.241696 -2.152416 -0.733281
v 1.241696 -2.152416 -0.986615
v 1.214901 -2.052416 -0.733281
v 1.214901 -2.052417 -0.986615
v 1.422870 -1.276268 -0.733281
v 1.422870 -1.276269 -0.986615
v 1.496075 -1.203063 -0.733281
v 1.496075 -1.203063 -0.986615
v 2.091049 -1.671243 -1.609948
v 2.191049 -1.698039 -1.609948
v 2.264255 -1.771244 -1.609948
v 2.291049 -1.871243 -1.609948
v 2.264255 -1.971243 -1.609948
v 2.191049 -2.044449 -1.609948
v 2.091049 -2.071243 -1.609948
v 1.991049 -2.044449 -1.609948
v 1.917844 -1.971243 -1.609948
v 1.891049 -1.871243 -1.609948
v 1.917844 -1.771244 -1.609948
v 1.991049 -1.698039 -1.609948
v 2.091049 -1.774770 -1.509948
v 2.139286 -1.787696 -1.509948
v 2.174597 -1.823008 -1.509948
v 2.187522 -1.871243 -1.509948
v 2.174597 -1.919479 -1.509948
v 2.139286 -1.954791 -1.509948
v 2.091049 -1.967715 -1.509948
v 2.042813 -1.954791 -1.509948
v 2.007502 -1.919479 -1.509948
v 1.994577 -1.871243 -1.509948
v 2.007502 -1.823008 -1.509948
v 2.042813 -1.787696 -1.509948
v 1.868765 -0.769443 -0.959283
v 1.869647 -0.765454 -1.340617
v 1.657737 -0.833458 -0.959283
v 1.658011 -0.829653 -1.340617
v 1.152888 -1.247777 -0.959283
v 1.151707 -1.245167 -1.340617
v 1.048934 -1.442262 -0.959283
v 1.047453 -1.440212 -1.340617
v 1.292787 -1.077311 -0.959283
v 1.292008 -1.074209 -1.340617
v 1.463253 -0.937412 -0.959283
v 1.462967 -0.933907 -1.340617
v 2.088227 -0.747828 -0.959283
v 2.089741 -0.743777 -1.340617
v 2.518716 -0.833458 -0.959283
v 2.521471 -0.829653 -1.340617
v 2.307688 -0.769443 -0.959283
v 2.309835 -0.765454 -1.340617
v 2.883667 -1.077311 -0.959283
v 2.887474 -1.074209 -1.340617
v 2.713201 -0.937412 -0.959283
v 2.716516 -0.933907 -1.340617
v 3.127520 -1.442262 -0.959283
v 3.132029 -1.440212 -1.340617
v 3.023566 -1.247777 -0.959283
v 3.027776 -1.245167 -1.340617
v 3.213149 -1.872751 -0.959283
v 3.217906 -1.871942 -1.340617
v 3.191534 -1.653290 -0.959283
v 3.196228 -1.651849 -1.340617
v 3.127520 -2.303240 -0.959283
v 3.132029 -2.303672 -1.340617
v 3.191534 -2.092213 -0.959283
v 3.196228 -2.092036 -1.340617
v 2.883667 -2.668192 -0.959283
v 2.887474 -2.669675 -1.340617
v 3.023566 -2.497724 -0.959283
v 3.027776 -2.498716 -1.340617
v 2.518716 -2.912044 -0.959283
v 2.521471 -2.914231 -1.340617
v 2.713200 -2.808090 -0.959283
v 2.716516 -2.809977 -1.340617
v 2.088227 -2.997674 -0.959283
v 2.089741 -3.000107 -1.340617
v 2.307688 -2.976060 -0.959283
v 2.309835 -2.978429 -1.340617
v 1.657738 -2.912044 -0.959283
v 1.658011 -2.914231 -1.340617
v 1.868765 -2.976060 -0.959283
v 1.869647 -2.978429 -1.340617
v 1.292786 -2.668192 -0.959283
v 1.292008 -2.669675 -1.340617
v 1.463253 -2.808090 -0.959283
v 1.462966 -2.809977 -1.340617
v 1.048934 -2.303240 -0.959283
v 1.047453 -2.303672 -1.340617
v 1.152888 -2.497725 -0.959283
v 1.151707 -2.498716 -1.340617
v 0.984919 -1.653290 -0.959283
v 0.983254 -1.651849 -1.340617
v 0.963304 -1.872751 -0.959283
v 0.961577 -1.871942 -1.340617
v 0.984919 -2.092213 -0.959283
v 0.983254 -2.092036 -1.340617
v 2.091049 -1.671243 -0.895504
v 2.091049 -1.671243 -0.797726
v 2.191049 -1.698038 -0.797726
v 2.191049 -1.698038 -0.895504
v 2.264255 -1.771243 -0.797726
v 2.264255 -1.771243 -0.895504
v 2.291049 -1.871243 -0.797726
v 2.291049 -1.871243 -0.895504
v 2.264255 -1.971243 -0.797726
v 2.264255 -1.971243 -0.895504
v 2.191049 -2.044448 -0.797726
v 2.191049 -2.044448 -0.895504
v 2.091049 -2.071243 -0.797726
v 2.091049 -2.071243 -0.895504
v 1.991049 -2.044448 -0.797726
v 1.991049 -2.044448 -0.895504
v 1.917844 -1.971243 -0.797726
v 1.917844 -1.971243 -0.895504
v 1.891049 -1.871243 -0.797726
v 1.891049 -1.871243 -0.895504
v 1.917844 -1.771243 -0.797726
v 1.917844 -1.771243 -0.895504
v 1.991049 -1.698038 -0.797726
v 1.991049 -1.698038 -0.895504
v 2.686024 -1.203063 -0.797726
v 2.686024 -1.203063 -0.895503
v 2.759229 -1.276268 -0.797726
v 2.759229 -1.276268 -0.895503
v 2.372223 -2.720596 -0.797726
v 2.372223 -2.720596 -0.895504
v 2.272223 -2.747391 -0.797726
v 2.272223 -2.747391 -0.895504
v 1.214901 -1.690069 -0.797726
v 1.214901 -1.690069 -0.895504
v 1.241696 -1.590069 -0.797726
v 1.241696 -1.590069 -0.895504
v 1.102344 -1.465714 -0.635150
v 1.041705 -1.665612 -0.635150
v 1.333336 -1.120009 -0.635150
v 1.200815 -1.281486 -0.635150
v 1.679040 -0.889017 -0.635150
v 1.494813 -0.987489 -0.635150
v 2.086826 -0.807904 -0.635150
v 1.878939 -0.828379 -0.635150
v 2.494612 -0.889017 -0.635150
v 2.294714 -0.828379 -0.635150
v 2.840316 -1.120010 -0.635150
v 2.678840 -0.987489 -0.635150
v 3.071309 -1.465714 -0.635150
v 2.972837 -1.281486 -0.635150
v 3.152422 -1.873500 -0.635150
v 3.131947 -1.665612 -0.635150
v 3.071309 -2.281286 -0.635150
v 3.131947 -2.081387 -0.635150
v 2.840316 -2.626990 -0.635150
v 2.972837 -2.465513 -0.635150
v 2.494612 -2.857982 -0.635150
v 2.678840 -2.759512 -0.635150
v 2.086826 -2.939096 -0.635150
v 2.294714 -2.918621 -0.635150
v 1.679040 -2.857982 -0.635150
v 1.878939 -2.918621 -0.635150
v 1.333336 -2.626990 -0.635150
v 1.494813 -2.759512 -0.635150
v 1.102344 -2.281286 -0.635150
v 1.200815 -2.465513 -0.635150
v 1.021230 -1.873500 -0.635150
v 1.041705 -2.081387 -0.635150
v 1.036959 -2.080883 -1.664750
v 1.016306 -1.871194 -1.664750
v 1.197449 -2.468341 -1.664750
v 1.098123 -2.282515 -1.664750
v 1.493995 -2.764887 -1.664750
v 1.331118 -2.631217 -1.664750
v 1.881452 -2.925377 -1.664750
v 1.679820 -2.864212 -1.664750
v 2.300832 -2.925377 -1.664750
v 2.091142 -2.946029 -1.664750
v 2.688289 -2.764888 -1.664750
v 2.502464 -2.864212 -1.664750
v 2.984836 -2.468341 -1.664750
v 2.851166 -2.631217 -1.664750
v 3.145325 -2.080883 -1.664750
v 3.084161 -2.282515 -1.664750
v 3.145326 -1.661504 -1.664750
v 3.165978 -1.871194 -1.664750
v 2.984836 -1.274047 -1.664750
v 3.084161 -1.459871 -1.664750
v 2.688289 -0.977499 -1.664750
v 2.851166 -1.111169 -1.664750
v 2.300832 -0.817010 -1.664750
v 2.502464 -0.878174 -1.664750
v 1.881452 -0.817010 -1.664750
v 2.091142 -0.796357 -1.664750
v 1.493995 -0.977499 -1.664750
v 1.679820 -0.878174 -1.664750
v 1.197449 -1.274047 -1.664750
v 1.331118 -1.111169 -1.664750
v 1.036959 -1.661504 -1.664750
v 1.098123 -1.459871 -1.664750
v 1.847714 -0.654766 -1.338710
v 1.614914 -0.725384 -1.338710
v 1.057979 -1.182449 -1.338710
v 0.943300 -1.396999 -1.338710
v 1.212311 -0.994395 -1.338710
v 1.400365 -0.840063 -1.338710
v 2.089817 -0.630920 -1.338710
v 2.564720 -0.725384 -1.338710
v 2.331921 -0.654766 -1.338710
v 2.967323 -0.994395 -1.338710
v 2.779269 -0.840064 -1.338710
v 3.236334 -1.396999 -1.338710
v 3.121655 -1.182449 -1.338710
v 3.330798 -1.871901 -1.338710
v 3.306953 -1.629799 -1.338710
v 3.236334 -2.346804 -1.338710
v 3.306953 -2.114004 -1.338710
v 2.967323 -2.749407 -1.338710
v 3.121655 -2.561353 -1.338710
v 2.564720 -3.018418 -1.338710
v 2.779269 -2.903739 -1.338710
v 2.089817 -3.112883 -1.338710
v 2.331920 -3.089038 -1.338710
v 1.614914 -3.018418 -1.338710
v 1.847714 -3.089038 -1.338710
v 1.212311 -2.749407 -1.338710
v 1.400365 -2.903739 -1.338710
v 0.943300 -2.346804 -1.338710
v 1.057979 -2.561353 -1.338710
v 0.872681 -1.629799 -1.338710
v 0.848836 -1.871901 -1.338710
v 0.872681 -2.114004 -1.338710
v 1.846744 -0.659153 -0.961190
v 1.614613 -0.729570 -0.961190
v 1.059279 -1.185321 -0.961190
v 0.944929 -1.399255 -0.961190
v 1.213167 -0.997807 -0.961190
v 1.400681 -0.843919 -0.961190
v 2.088151 -0.635377 -0.961190
v 2.561690 -0.729570 -0.961190
v 2.329559 -0.659153 -0.961190
v 2.963136 -0.997807 -0.961190
v 2.775622 -0.843919 -0.961190
v 3.231373 -1.399255 -0.961190
v 3.117024 -1.185321 -0.961190
v 3.325566 -1.872791 -0.961190
v 3.301789 -1.631385 -0.961190
v 3.231373 -2.346330 -0.961190
v 3.301789 -2.114199 -0.961190
v 2.963135 -2.747776 -0.961190
v 3.117024 -2.560262 -0.961190
v 2.561689 -3.016014 -0.961190
v 2.775622 -2.901664 -0.961190
v 2.088151 -3.110207 -0.961190
v 2.329559 -3.086429 -0.961190
v 1.614613 -3.016014 -0.961190
v 1.846744 -3.086429 -0.961190
v 1.213167 -2.747776 -0.961190
v 1.400681 -2.901664 -0.961190
v 0.944929 -2.346330 -0.961190
v 1.059279 -2.560262 -0.961190
v 0.874513 -1.631385 -0.961190
v 0.850737 -1.872791 -0.961190
v 0.874513 -2.114199 -0.961190
v 2.221573 -1.184124 -1.305966
v 2.194343 -1.285747 -1.444534
v 2.168930 -1.380590 -1.528695
v 2.130269 -1.524876 -1.551556
v 2.294342 -1.312542 -1.444534
v 2.321573 -1.210919 -1.305966
v 2.230269 -1.551671 -1.551556
v 2.268930 -1.407386 -1.528695
v 2.437417 -1.832025 -1.551556
v 2.581702 -1.793364 -1.528695
v 2.676545 -1.767950 -1.444534
v 2.778168 -1.740720 -1.305966
v 2.554907 -1.693363 -1.528695
v 2.410622 -1.732024 -1.551556
v 2.751373 -1.640721 -1.305966
v 2.649750 -1.667951 -1.444534
v 1.883901 -1.590889 -1.551556
v 1.778277 -1.485265 -1.528695
v 1.708847 -1.415837 -1.444534
v 1.634453 -1.341443 -1.305966
v 1.705072 -1.558470 -1.528695
v 1.810696 -1.664094 -1.551556
v 1.561248 -1.414648 -1.305966
v 1.635642 -1.489042 -1.444534
v 1.627191 -2.049123 -1.528695
v 1.771477 -2.010462 -1.551556
v 1.430725 -2.101767 -1.305966
v 1.532349 -2.074537 -1.444534
v 1.505554 -1.974536 -1.444534
v 1.403930 -2.001766 -1.305966
v 1.744682 -1.910462 -1.551556
v 1.600397 -1.949123 -1.528695
v 1.951830 -2.190816 -1.551556
v 1.913169 -2.335101 -1.528695
v 1.887756 -2.429944 -1.444534
v 1.860526 -2.531567 -1.305966
v 2.013169 -2.361896 -1.528695
v 2.051830 -2.217611 -1.551556
v 1.960526 -2.558362 -1.305966
v 1.987756 -2.456739 -1.444534
v 2.477027 -2.184015 -1.528695
v 2.371403 -2.078392 -1.551556
v 2.620850 -2.327840 -1.305966
v 2.546457 -2.253445 -1.444534
v 2.473252 -2.326650 -1.444534
v 2.547645 -2.401045 -1.305966
v 2.298198 -2.151597 -1.551556
v 2.403822 -2.257220 -1.528695
v 2.091049 -1.671243 -0.277281
v 2.191049 -1.698038 -0.277281
v 2.264255 -1.771243 -0.277281
v 2.291049 -1.871243 -0.277281
v 2.264255 -1.971243 -0.277281
v 2.191049 -2.044448 -0.277281
v 2.091049 -2.071243 -0.277281
v 1.991049 -2.044448 -0.277281
v 1.917844 -1.971243 -0.277281
v 1.891049 -1.871243 -0.277281
v 1.917844 -1.771243 -0.277281
v 1.991049 -1.698038 -0.277281
v 2.221049 -1.646076 0.004298
v 2.091049 -1.611243 0.004298
v 2.091049 -1.611243 -0.277235
v 2.316216 -1.741243 0.004298
v 2.351049 -1.871243 0.004298
v 2.316216 -2.001243 0.004298
v 2.221049 -2.096409 0.004298
v 2.091049 -2.131243 0.004298
v 1.961049 -2.096409 0.004298
v 1.865883 -2.001243 0.004298
v 1.831049 -1.871243 0.004298
v 1.865883 -1.741243 0.004298
v 1.961049 -1.646076 0.004298
v 2.221049 -1.646076 -0.277235
v 2.316216 -1.741243 -0.277235
v 2.351049 -1.871243 -0.277235
v 2.316216 -2.001243 -0.277235
v 2.221049 -2.096409 -0.277235
v 2.091049 -2.131243 -0.277235
v 1.961049 -2.096409 -0.277235
v 1.865883 -2.001243 -0.277235
v 1.831049 -1.871243 -0.277235
v 1.865883 -1.741243 -0.277235
v 1.961049 -1.646076 -0.277235
v 2.459969 -0.980591 -1.669950
v 2.279123 -0.925732 -1.669950
v 2.279123 -2.816754 -1.669950
v 2.459969 -2.761894 -1.669950
v 2.091049 -0.907209 -1.669950
v 2.626638 -2.672807 -1.669950
v 1.902975 -0.925732 -1.669950
v 2.772724 -2.552917 -1.669950
v 1.722129 -0.980591 -1.669950
v 2.892614 -2.406831 -1.669950
v 1.555461 -1.069678 -1.669950
v 2.981700 -2.240163 -1.669950
v 1.127015 -1.871242 -1.669950
v 1.145539 -2.059316 -1.669950
v 1.409374 -1.189568 -1.669950
v 3.036559 -2.059316 -1.669950
v 1.200398 -2.240163 -1.669950
v 1.289484 -1.335654 -1.669950
v 3.055083 -1.871242 -1.669950
v 1.289484 -2.406831 -1.669950
v 1.200398 -1.502324 -1.669950
v 3.036559 -1.683170 -1.669950
v 1.409374 -2.552917 -1.669950
v 1.145539 -1.683170 -1.669950
v 2.981700 -1.502324 -1.669950
v 1.555461 -2.672807 -1.669950
v 2.892614 -1.335654 -1.669950
v 1.722129 -2.761894 -1.669950
v 2.772724 -1.189568 -1.669950
v 1.902975 -2.816754 -1.669950
v 2.626638 -1.069678 -1.669950
v 2.091049 -2.835276 -1.669950
v 1.147810 -2.059558 -0.629950
v 1.202417 -2.239575 -0.629950
v 1.291095 -2.405480 -0.629950
v 1.410435 -2.550895 -0.629950
v 1.555852 -2.670235 -0.629950
v 1.721756 -2.758913 -0.629950
v 1.901773 -2.813521 -0.629950
v 2.088984 -2.831959 -0.629950
v 2.276195 -2.813521 -0.629950
v 2.456212 -2.758913 -0.629950
v 2.622116 -2.670235 -0.629950
v 2.767533 -2.550895 -0.629950
v 2.886873 -2.405478 -0.629950
v 2.975551 -2.239575 -0.629950
v 3.030158 -2.059558 -0.629950
v 3.048597 -1.872346 -0.629950
v 3.030158 -1.685135 -0.629950
v 2.975551 -1.505119 -0.629950
v 2.886873 -1.339214 -0.629950
v 2.767533 -1.193798 -0.629950
v 2.622116 -1.074458 -0.629950
v 2.456212 -0.985780 -0.629950
v 2.276195 -0.931172 -0.629950
v 2.088984 -0.912733 -0.629950
v 1.901773 -0.931172 -0.629950
v 1.721756 -0.985780 -0.629950
v 1.555852 -1.074457 -0.629950
v 1.410436 -1.193798 -0.629950
v 1.291095 -1.339214 -0.629950
v 1.202417 -1.505118 -0.629950
v 1.147810 -1.685135 -0.629950
v 1.129371 -1.872346 -0.629950
v 2.121051 -1.559277 -1.382960
v 2.176544 -1.352174 -1.350145
v 2.186728 -1.314166 -1.316417
v 2.225814 -1.168296 -1.117520
v 2.276544 -1.378968 -1.350145
v 2.221051 -1.586071 -1.382960
v 2.325813 -1.195091 -1.117520
v 2.286728 -1.340960 -1.316417
v 2.793996 -1.736479 -1.117520
v 2.648127 -1.775564 -1.316418
v 2.610119 -1.785748 -1.350145
v 2.403016 -1.841242 -1.382960
v 2.376221 -1.741241 -1.382960
v 2.583324 -1.685749 -1.350145
v 2.621333 -1.675564 -1.316418
v 2.767201 -1.636480 -1.117520
v 1.622867 -1.329855 -1.117520
v 1.729650 -1.436639 -1.316418
v 1.757474 -1.464462 -1.350145
v 1.909084 -1.616074 -1.382960
v 1.656445 -1.509844 -1.316418
v 1.549662 -1.403060 -1.117520
v 1.835879 -1.689279 -1.382960
v 1.684269 -1.537667 -1.350145
v 1.571980 -1.956737 -1.350145
v 1.779083 -1.901244 -1.382960
v 1.388103 -2.006007 -1.117520
v 1.533971 -1.966922 -1.316418
v 1.560766 -2.066922 -1.316418
v 1.414898 -2.106008 -1.117520
v 1.805878 -2.001245 -1.382960
v 1.598775 -2.056738 -1.350145
v 1.856285 -2.547394 -1.117520
v 1.895370 -2.401527 -1.316418
v 1.905555 -2.363518 -1.350145
v 1.961048 -2.156414 -1.382960
v 1.995370 -2.428322 -1.316418
v 1.956285 -2.574189 -1.117520
v 2.061048 -2.183210 -1.382960
v 2.005555 -2.390312 -1.350145
v 2.346220 -2.053209 -1.382960
v 2.497830 -2.204818 -1.350145
v 2.525654 -2.232642 -1.316418
v 2.632437 -2.339425 -1.117520
v 2.424625 -2.278023 -1.350145
v 2.273014 -2.126414 -1.382960
v 2.559232 -2.412630 -1.117520
v 2.452449 -2.305847 -1.316418
vt 0.915487 0.899106
vt 0.892992 0.933611
vt 0.892992 0.899106
vt 0.627008 0.983904
vt 0.643537 0.961354
vt 0.643537 0.983904
vt 0.853659 0.756442
vt 0.886387 0.610523
vt 0.886387 0.756442
vt 0.627008 0.812597
vt 0.599461 0.944825
vt 0.599461 0.812597
vt 0.599461 0.983904
vt 0.993561 0.963618
vt 0.937487 0.992622
vt 0.908483 0.963618
vt 0.853659 0.802644
vt 0.886387 0.802644
vt 0.937487 0.895376
vt 0.892992 0.833419
vt 0.915487 0.833419
vt 0.993561 0.754224
vt 0.936037 0.754224
vt 0.853659 0.898209
vt 0.886387 0.898209
vt 0.827353 0.685157
vt 0.800838 0.705866
vt 0.800838 0.685157
vt 0.827352 0.653605
vt 0.685377 0.368814
vt 0.710421 0.336258
vt 0.710421 0.368814
vt 0.915487 0.768185
vt 0.936037 0.614039
vt 0.993561 0.614039
vt 0.853659 0.993119
vt 0.723619 0.653605
vt 0.736877 0.642999
vt 0.736877 0.653605
vt 0.745612 0.716520
vt 0.742506 0.695763
vt 0.753112 0.685157
vt 0.723619 0.685157
vt 0.736877 0.685157
vt 0.744994 0.653605
vt 0.753112 0.653605
vt 0.744994 0.685157
vt 0.715502 0.653605
vt 0.715502 0.685157
vt 0.707385 0.653605
vt 0.800838 0.653605
vt 0.772599 0.339192
vt 0.775533 0.358797
vt 0.765516 0.368814
vt 0.744994 0.642999
vt 0.720438 0.368814
vt 0.715502 0.642999
vt 0.753112 0.642999
vt 0.659658 0.653605
vt 0.707385 0.642999
vt 0.723619 0.642999
vt 0.800838 0.642999
vt 0.650383 0.944825
vt 0.627008 0.944825
vt 0.906023 0.756442
vt 0.682339 0.812597
vt 0.672934 0.944825
vt 0.599461 0.997205
vt 0.627008 0.997205
vt 0.643537 0.997205
vt 0.659658 0.685157
vt 0.827353 0.727077
vt 0.827353 0.705866
vt 0.784929 0.727077
vt 0.800838 0.727077
vt 0.800838 0.742986
vt 0.827353 0.742986
vt 0.915487 0.933611
vt 0.853659 0.610523
vt 0.993561 0.992622
vt 0.993561 0.895376
vt 0.685377 0.336258
vt 0.892992 0.768185
vt 0.886387 0.993119
vt 0.800838 0.719626
vt 0.753112 0.719626
vt 0.742506 0.709020
vt 0.745612 0.688263
vt 0.707385 0.685157
vt 0.720438 0.336258
vt 0.765516 0.336258
vt 0.775533 0.346275
vt 0.772599 0.365880
vt 0.659658 0.642999
vt 0.650383 0.812597
vt 0.906023 0.610523
vt 0.682339 0.935421
vt 0.784929 0.692608
vt 0.241622 0.510735
vt 0.262199 0.510897
vt 0.286090 0.562227
vt 0.489608 0.005306
vt 0.412377 0.408469
vt 0.393727 0.416523
vt 0.489280 0.541730
vt 0.476932 0.554704
vt 0.467015 0.487651
vt 0.355586 0.650679
vt 0.322106 0.581599
vt 0.355325 0.581474
vt 0.355122 0.527739
vt 0.321971 0.545776
vt 0.321904 0.527865
vt 0.355189 0.545651
vt 0.322039 0.563688
vt 0.322571 0.704539
vt 0.355721 0.686502
vt 0.355789 0.704413
vt 0.322503 0.686627
vt 0.355654 0.668590
vt 0.322435 0.668716
vt 0.359014 0.718922
vt 0.466215 0.740939
vt 0.359014 0.740939
vt 0.524386 0.718922
vt 0.496445 0.740938
vt 0.496445 0.718922
vt 0.465644 0.774585
vt 0.465073 0.808231
vt 0.597839 0.740938
vt 0.554889 0.718922
vt 0.597839 0.718922
vt 0.422129 0.652351
vt 0.465644 0.685276
vt 0.466215 0.718922
vt 0.554889 0.740938
vt 0.539637 0.718922
vt 0.539637 0.740938
vt 0.481330 0.718922
vt 0.481330 0.740938
vt 0.489863 0.632665
vt 0.457290 0.585440
vt 0.489863 0.585440
vt 0.556644 0.632665
vt 0.540452 0.585440
vt 0.556644 0.585440
vt 0.506172 0.632665
vt 0.540452 0.632665
vt 0.506172 0.585440
vt 0.545275 0.644195
vt 0.590017 0.689389
vt 0.545755 0.678472
vt 0.383404 0.632665
vt 0.362342 0.585440
vt 0.383404 0.585440
vt 0.621737 0.632665
vt 0.590017 0.528716
vt 0.621737 0.585440
vt 0.545755 0.539634
vt 0.557446 0.528264
vt 0.545275 0.573910
vt 0.557446 0.689842
vt 0.387036 0.496738
vt 0.390568 0.561476
vt 0.373158 0.557269
vt 0.360184 0.544921
vt 0.459751 0.559766
vt 0.413904 0.510586
vt 0.493487 0.524320
vt 0.289409 0.496661
vt 0.303742 0.557895
vt 0.316852 0.545313
vt 0.213057 0.493957
vt 0.216178 0.560147
vt 0.199008 0.555032
vt 0.186683 0.541999
vt 0.182530 0.524541
vt 0.480205 0.713200
vt 0.485803 0.699160
vt 0.485331 0.671223
vt 0.479258 0.657233
vt 0.465073 0.651630
vt 0.479258 0.802628
vt 0.485803 0.760701
vt 0.480205 0.746661
vt 0.485331 0.788638
vt 0.353162 0.008700
vt 0.320336 0.112629
vt 0.319944 0.008825
vt 0.353554 0.112504
vt 0.351243 0.008725
vt 0.015007 0.718923
vt 0.015007 0.740939
vt 0.182530 0.004687
vt 0.263125 0.406809
vt 0.242722 0.406644
vt 0.322372 0.007743
vt 0.069176 0.510735
vt 0.089753 0.510897
vt 0.113644 0.562227
vt 0.317162 0.005306
vt 0.239931 0.408469
vt 0.221281 0.416523
vt 0.316834 0.541730
vt 0.304486 0.554704
vt 0.294569 0.487651
vt 0.183140 0.650679
vt 0.149661 0.581599
vt 0.182879 0.581474
vt 0.182676 0.527740
vt 0.149525 0.545776
vt 0.149458 0.527865
vt 0.182744 0.545651
vt 0.149593 0.563688
vt 0.150125 0.704539
vt 0.183276 0.686502
vt 0.183343 0.704413
vt 0.150057 0.686627
vt 0.183208 0.668590
vt 0.149990 0.668716
vt 0.358473 0.718923
vt 0.465674 0.740939
vt 0.358473 0.740939
vt 0.523845 0.718922
vt 0.495904 0.740938
vt 0.495904 0.718922
vt 0.465103 0.774585
vt 0.464532 0.808231
vt 0.597298 0.740938
vt 0.554348 0.718922
vt 0.597298 0.718922
vt 0.421588 0.652351
vt 0.465103 0.685276
vt 0.465674 0.718922
vt 0.554348 0.740938
vt 0.539097 0.718922
vt 0.539097 0.740938
vt 0.480789 0.718922
vt 0.480790 0.740939
vt 0.214590 0.496738
vt 0.218122 0.561476
vt 0.200712 0.557269
vt 0.187738 0.544921
vt 0.287305 0.559766
vt 0.241458 0.510587
vt 0.321041 0.524320
vt 0.116963 0.496661
vt 0.131296 0.557895
vt 0.144407 0.545313
vt 0.040612 0.493957
vt 0.043732 0.560147
vt 0.026563 0.555032
vt 0.014238 0.541999
vt 0.010084 0.524541
vt 0.479664 0.713200
vt 0.485262 0.699160
vt 0.484790 0.671223
vt 0.478717 0.657233
vt 0.464532 0.651630
vt 0.478718 0.802628
vt 0.485262 0.760701
vt 0.479664 0.746661
vt 0.484790 0.788638
vt 0.180716 0.008700
vt 0.147890 0.112629
vt 0.147498 0.008825
vt 0.181108 0.112504
vt 0.178797 0.008725
vt 0.014467 0.718923
vt 0.014467 0.740940
vt 0.010084 0.004687
vt 0.090679 0.406809
vt 0.070276 0.406644
vt 0.149926 0.007743
vt 0.041319 0.640085
vt 0.048123 0.567897
vt 0.048068 0.640090
vt 0.091856 0.640067
vt 0.088455 0.567875
vt 0.095205 0.567872
vt 0.081814 0.640078
vt 0.034570 0.640080
vt 0.041374 0.567892
vt 0.081706 0.567885
vt 0.031332 0.567879
vt 0.074957 0.567895
vt 0.024528 0.640068
vt 0.021290 0.567867
vt 0.068316 0.640098
vt 0.075065 0.640088
vt 0.017778 0.640055
vt 0.112104 0.640045
vt 0.105247 0.567862
vt 0.111996 0.567852
vt 0.061567 0.640100
vt 0.064915 0.567905
vt 0.105355 0.640055
vt 0.011247 0.567842
vt 0.054872 0.567902
vt 0.054817 0.640095
vt 0.098605 0.640065
vt 0.118745 0.567842
vt 0.118853 0.640035
vt 0.203386 0.653880
vt 0.252675 0.674297
vt 0.216271 0.718655
vt 0.247843 0.705742
vt 0.199276 0.710525
vt 0.199276 0.657175
vt 0.375498 0.480017
vt 0.474507 0.468769
vt 0.471095 0.438735
vt 0.371238 0.460154
vt 0.459557 0.422014
vt 0.379579 0.431101
vt 0.432689 0.408165
vt 0.322368 0.650804
vt 0.355257 0.563563
vt 0.524386 0.740938
vt 0.422129 0.807510
vt 0.457290 0.632665
vt 0.362342 0.632665
vt 0.642307 0.580916
vt 0.642307 0.637190
vt 0.443938 0.507174
vt 0.203707 0.479271
vt 0.301010 0.479645
vt 0.305221 0.459500
vt 0.199888 0.459461
vt 0.204282 0.437423
vt 0.300863 0.438172
vt 0.223782 0.414267
vt 0.289721 0.421211
vt 0.203053 0.480017
vt 0.302061 0.468769
vt 0.298649 0.438735
vt 0.198792 0.460154
vt 0.287111 0.422014
vt 0.207133 0.431101
vt 0.260243 0.408165
vt 0.149922 0.650804
vt 0.182811 0.563562
vt 0.523845 0.740938
vt 0.421588 0.807510
vt 0.271492 0.507174
vt 0.031261 0.479271
vt 0.128564 0.479645
vt 0.132775 0.459500
vt 0.027442 0.459461
vt 0.031836 0.437423
vt 0.128417 0.438171
vt 0.051336 0.414267
vt 0.117276 0.421211
vt 0.011029 0.640034
vt 0.186631 0.674296
vt 0.192978 0.662422
vt 0.223036 0.649972
vt 0.235920 0.653880
vt 0.246328 0.662422
vt 0.252675 0.694331
vt 0.241545 0.710989
vt 0.229670 0.717336
vt 0.197762 0.710989
vt 0.186631 0.694331
vt 0.211151 0.650828
vt 0.224551 0.649509
vt 0.237435 0.653417
vt 0.247843 0.661959
vt 0.254190 0.673833
vt 0.254190 0.693868
vt 0.237435 0.714284
vt 0.224550 0.718192
vt 0.211151 0.716872
vt 0.190735 0.700117
vt 0.186826 0.687233
vt 0.190735 0.667583
vt 0.696945 0.724178
vt 0.703062 0.779316
vt 0.696946 0.779316
vt 0.703061 0.724178
vt 0.709178 0.779316
vt 0.709177 0.724178
vt 0.715294 0.779316
vt 0.715294 0.724178
vt 0.721410 0.779316
vt 0.721410 0.724178
vt 0.727526 0.779316
vt 0.727526 0.724178
vt 0.733642 0.779316
vt 0.733642 0.724178
vt 0.739758 0.779316
vt 0.739758 0.724178
vt 0.745874 0.779316
vt 0.745874 0.724178
vt 0.751990 0.779316
vt 0.751990 0.724178
vt 0.758106 0.779316
vt 0.758106 0.724178
vt 0.764222 0.779316
vt 0.690829 0.724178
vt 0.690830 0.779316
vt 0.705300 0.793787
vt 0.685533 0.799084
vt 0.764222 0.724178
vt 0.702242 0.782374
vt 0.705300 0.787671
vt 0.702242 0.799084
vt 0.696946 0.802142
vt 0.690830 0.802142
vt 0.682475 0.793787
vt 0.682475 0.787671
vt 0.685533 0.782375
vt 0.566835 0.188397
vt 0.972358 0.174418
vt 0.972430 0.185814
vt 0.565584 0.122015
vt 0.971579 0.102075
vt 0.971813 0.122275
vt 0.565029 0.100217
vt 0.971543 0.080541
vt 0.566762 0.177004
vt 0.972183 0.152884
vt 0.566458 0.155205
vt 0.971945 0.132683
vt 0.971603 0.069150
vt 0.565316 0.045226
vt 0.971864 0.047617
vt 0.566100 0.023436
vt 0.972308 0.027420
vt 0.972549 0.227551
vt 0.566808 0.210198
vt 0.972530 0.207349
vt 0.565899 0.133407
vt 0.566533 0.012048
vt 0.564916 0.067024
vt 0.564857 0.078417
vt 0.566527 0.232001
vt 0.972549 0.017014
vt 0.463198 0.188097
vt 0.370971 0.188097
vt 0.463198 0.172459
vt 0.463198 0.203734
vt 0.370971 0.172460
vt 0.370971 0.203734
vt 0.463198 0.156822
vt 0.463198 0.219372
vt 0.370971 0.156822
vt 0.370971 0.219372
vt 0.463198 0.235009
vt 0.370971 0.235009
vt 0.463198 0.141185
vt 0.370971 0.141185
vt 0.463198 0.250647
vt 0.370971 0.250647
vt 0.463198 0.125547
vt 0.370971 0.125547
vt 0.463198 0.109910
vt 0.463198 0.266284
vt 0.370971 0.109910
vt 0.370971 0.266284
vt 0.463198 0.281921
vt 0.463197 0.094272
vt 0.370971 0.094272
vt 0.370971 0.281921
vt 0.463198 0.078635
vt 0.370971 0.297559
vt 0.370971 0.078635
vt 0.463198 0.297559
vt 0.463197 0.062998
vt 0.370971 0.062998
vt 0.463198 0.313196
vt 0.370971 0.313196
vt 0.463198 0.328834
vt 0.463197 0.047360
vt 0.370971 0.047360
vt 0.370971 0.328834
vt 0.463198 0.344471
vt 0.370971 0.344471
vt 0.463197 0.031723
vt 0.370971 0.547757
vt 0.370971 0.532120
vt 0.463197 0.532120
vt 0.463197 0.516482
vt 0.463198 0.360108
vt 0.370971 0.516482
vt 0.370971 0.360108
vt 0.463197 0.500845
vt 0.463198 0.375746
vt 0.370971 0.375746
vt 0.370971 0.500845
vt 0.463198 0.391383
vt 0.463198 0.485208
vt 0.370971 0.391383
vt 0.370971 0.485208
vt 0.463198 0.407021
vt 0.463198 0.469570
vt 0.370971 0.407021
vt 0.370971 0.469570
vt 0.463198 0.422658
vt 0.463198 0.453933
vt 0.370971 0.453933
vt 0.370971 0.422658
vt 0.463198 0.438295
vt 0.370971 0.438295
vt 0.053261 0.802122
vt 0.035664 0.793556
vt 0.055556 0.793556
vt 0.037959 0.859227
vt 0.018438 0.857847
vt 0.024708 0.851577
vt 0.017057 0.823024
vt 0.008492 0.840620
vt 0.008492 0.820729
vt 0.074163 0.838325
vt 0.072783 0.857847
vt 0.066512 0.851576
vt 0.072783 0.803502
vt 0.066512 0.809773
vt 0.017057 0.838325
vt 0.759651 0.236742
vt 0.751085 0.219145
vt 0.759651 0.221440
vt 0.055556 0.867793
vt 0.053261 0.859227
vt 0.074163 0.823024
vt 0.082729 0.820729
vt 0.024708 0.809773
vt 0.037959 0.802122
vt 0.035664 0.867793
vt 0.082729 0.840620
vt 0.915727 0.083729
vt 0.938390 0.068427
vt 0.938390 0.083729
vt 0.915727 0.114331
vt 0.938390 0.099030
vt 0.938390 0.114331
vt 0.915727 0.144934
vt 0.938390 0.129633
vt 0.938390 0.144934
vt 0.385927 0.944544
vt 0.411633 0.913230
vt 0.411633 0.944544
vt 0.915727 0.175537
vt 0.938390 0.160235
vt 0.938390 0.175537
vt 0.915727 0.206139
vt 0.938390 0.190838
vt 0.938390 0.206139
vt 0.915727 0.236742
vt 0.938390 0.221440
vt 0.938390 0.236742
vt 0.392729 0.626002
vt 0.367023 0.587929
vt 0.392729 0.587929
vt 0.392739 0.626370
vt 0.367033 0.588297
vt 0.392739 0.588297
vt 0.392570 0.626370
vt 0.366864 0.588297
vt 0.392570 0.588297
vt 0.392065 0.586984
vt 0.366359 0.625057
vt 0.366358 0.586984
vt 0.392475 0.625222
vt 0.366769 0.587149
vt 0.392475 0.587149
vt 0.098480 0.984914
vt 0.128781 0.934861
vt 0.131181 0.983294
vt 0.324552 0.774464
vt 0.350258 0.659558
vt 0.350258 0.774464
vt 0.325226 0.775777
vt 0.350932 0.660871
vt 0.350932 0.775777
vt 0.411623 0.944176
vt 0.385917 0.912862
vt 0.411623 0.912862
vt 0.367033 0.731655
vt 0.367033 0.626370
vt 0.385758 0.944544
vt 0.411464 0.913230
vt 0.411464 0.944544
vt 0.385663 0.943396
vt 0.411369 0.912082
vt 0.411369 0.943396
vt 0.350258 0.928233
vt 0.324552 0.887298
vt 0.350258 0.887298
vt 0.325226 0.929546
vt 0.350932 0.888611
vt 0.350932 0.929546
vt 0.308861 0.730507
vt 0.324962 0.659723
vt 0.324962 0.774630
vt 0.203015 0.712239
vt 0.172547 0.742163
vt 0.169824 0.687207
vt 0.206741 0.688296
vt 0.167800 0.646359
vt 0.366769 0.730507
vt 0.392475 0.730507
vt 0.089444 0.802547
vt 0.096080 0.936481
vt 0.173330 0.559910
vt 0.134555 0.601420
vt 0.143669 0.554187
vt 0.137123 0.688827
vt 0.135099 0.647979
vt 0.350668 0.659723
vt 0.366769 0.625222
vt 0.375723 0.796911
vt 0.350668 0.774630
vt 0.375723 0.734902
vt 0.299907 0.796911
vt 0.324962 0.817830
vt 0.367023 0.731287
vt 0.392729 0.731287
vt 0.379575 0.815542
vt 0.405282 0.802674
vt 0.405282 0.815542
vt 0.352735 0.927365
vt 0.327029 0.886430
vt 0.352735 0.886430
vt 0.350668 0.849941
vt 0.350668 0.817830
vt 0.309115 0.731287
vt 0.325216 0.660503
vt 0.325216 0.775409
vt 0.282497 0.890651
vt 0.325216 0.850721
vt 0.325216 0.888243
vt 0.393641 0.890651
vt 0.350922 0.850721
vt 0.393641 0.836793
vt 0.375977 0.797691
vt 0.350922 0.775409
vt 0.375977 0.735682
vt 0.405536 0.816322
vt 0.379829 0.803453
vt 0.405536 0.803453
vt 0.350922 0.660503
vt 0.325216 0.929178
vt 0.350922 0.888243
vt 0.350922 0.929178
vt 0.350922 0.818610
vt 0.379839 0.816690
vt 0.405545 0.803821
vt 0.405545 0.816690
vt 0.325226 0.851088
vt 0.350932 0.818978
vt 0.350932 0.851088
vt 0.375987 0.798059
vt 0.375987 0.736050
vt 0.392739 0.731655
vt 0.366864 0.731655
vt 0.392570 0.731655
vt 0.300171 0.798059
vt 0.325226 0.818978
vt 0.308957 0.731655
vt 0.325057 0.660871
vt 0.325057 0.775777
vt 0.300003 0.798059
vt 0.325057 0.818978
vt 0.350764 0.660871
vt 0.366864 0.626370
vt 0.375818 0.798059
vt 0.350764 0.775777
vt 0.375818 0.736050
vt 0.379671 0.816690
vt 0.405377 0.803821
vt 0.405377 0.816690
vt 0.350764 0.929546
vt 0.325057 0.888611
vt 0.350764 0.888611
vt 0.350764 0.851089
vt 0.350764 0.818978
vt 0.308451 0.730342
vt 0.324552 0.659558
vt 0.299497 0.796746
vt 0.324552 0.817665
vt 0.324552 0.849775
vt 0.350258 0.817665
vt 0.350258 0.849775
vt 0.392065 0.730342
vt 0.392065 0.625057
vt 0.385253 0.943231
vt 0.410959 0.911917
vt 0.410959 0.943231
vt 0.404872 0.815377
vt 0.379166 0.802508
vt 0.404872 0.802508
vt 0.851024 0.083729
vt 0.915727 0.068427
vt 0.052560 0.968036
vt 0.067012 0.952734
vt 0.067012 0.968036
vt 0.851024 0.099030
vt 0.915727 0.099030
vt 0.052560 0.983337
vt 0.067012 0.983337
vt 0.851024 0.114331
vt 0.948007 0.533596
vt 0.557964 0.479113
vt 0.948007 0.479114
vt 0.851024 0.129633
vt 0.915727 0.129633
vt 0.021310 0.952709
vt 0.035762 0.937407
vt 0.035762 0.952709
vt 0.851024 0.144934
vt 0.021310 0.968010
vt 0.035762 0.968010
vt 0.851024 0.160235
vt 0.915727 0.160235
vt 0.021310 0.983311
vt 0.035762 0.983311
vt 0.851024 0.175537
vt 0.488059 0.282086
vt 0.520375 0.063579
vt 0.520375 0.282086
vt 0.915727 0.190838
vt 0.051522 0.897372
vt 0.066823 0.882920
vt 0.066823 0.897372
vt 0.851024 0.206139
vt 0.036221 0.897372
vt 0.051522 0.882920
vt 0.851024 0.221440
vt 0.915727 0.221440
vt 0.020919 0.882920
vt 0.020919 0.897372
vt 0.851024 0.236742
vt 0.589753 0.276734
vt 0.620275 0.058228
vt 0.620275 0.276734
vt 0.851024 0.068427
vt 0.915727 0.053126
vt 0.836572 0.068427
vt 0.851024 0.053126
vt 0.526915 0.058228
vt 0.494599 0.027706
vt 0.526916 0.027706
vt 0.557964 0.309259
vt 0.503482 0.366945
vt 0.503482 0.309259
vt 0.488059 0.033057
vt 0.520375 0.033058
vt 0.557437 0.058228
vt 0.589753 0.058228
vt 0.583213 0.282086
vt 0.613735 0.063579
vt 0.613735 0.282086
vt 0.526915 0.276734
vt 0.494599 0.058228
vt 0.948007 0.421428
vt 0.557964 0.421427
vt 0.557437 0.276734
vt 0.557964 0.366945
vt 0.948007 0.366945
vt 0.948007 0.309259
vt 0.550897 0.063579
vt 0.550897 0.282086
vt 0.583213 0.063579
vt 0.209319 0.591439
vt 0.163364 0.604294
vt 0.379575 0.802674
vt 0.393387 0.889871
vt 0.393387 0.836013
vt 0.296055 0.815542
vt 0.324962 0.849941
vt 0.282243 0.889871
vt 0.324962 0.887463
vt 0.379829 0.816322
vt 0.296309 0.816322
vt 0.325216 0.818610
vt 0.300161 0.797691
vt 0.296319 0.816690
vt 0.282507 0.891019
vt 0.325226 0.888611
vt 0.379839 0.803821
vt 0.393651 0.891019
vt 0.393651 0.837161
vt 0.379671 0.803821
vt 0.393483 0.891019
vt 0.393483 0.837161
vt 0.296150 0.816690
vt 0.325057 0.851089
vt 0.282338 0.891019
vt 0.295645 0.815377
vt 0.281833 0.889706
vt 0.139846 0.743783
vt 0.147088 0.889956
vt 0.759651 0.083729
vt 0.836572 0.083729
vt 0.759651 0.099030
vt 0.836572 0.099030
vt 0.759651 0.114331
vt 0.836572 0.114331
vt 0.759651 0.129633
vt 0.836572 0.129633
vt 0.759651 0.144934
vt 0.836572 0.144934
vt 0.759651 0.160235
vt 0.836572 0.160235
vt 0.759651 0.175536
vt 0.836572 0.175537
vt 0.836572 0.190838
vt 0.759651 0.206139
vt 0.836572 0.206139
vt 0.836572 0.221441
vt 0.836572 0.236742
vt 0.759651 0.068427
vt 0.836573 0.053126
vt 0.904258 0.728522
vt 0.918833 0.703896
vt 0.913384 0.731290
vt 0.674265 0.605589
vt 0.686645 0.579788
vt 0.692694 0.587160
vt 0.894285 0.752601
vt 0.902695 0.757096
vt 0.709869 0.564270
vt 0.714364 0.572680
vt 0.879805 0.774271
vt 0.887177 0.780320
vt 0.735674 0.553581
vt 0.738442 0.562707
vt 0.861377 0.792700
vt 0.867426 0.800071
vt 0.764004 0.557622
vt 0.763069 0.548132
vt 0.714364 0.807179
vt 0.735675 0.826278
vt 0.709869 0.815589
vt 0.839707 0.807179
vt 0.844202 0.815589
vt 0.791001 0.548132
vt 0.790067 0.557622
vt 0.692694 0.792700
vt 0.686645 0.800071
vt 0.815628 0.817153
vt 0.818396 0.826278
vt 0.818396 0.553581
vt 0.815628 0.562706
vt 0.666894 0.780321
vt 0.674265 0.774271
vt 0.790066 0.822237
vt 0.791001 0.831727
vt 0.844202 0.564270
vt 0.839706 0.572680
vt 0.651376 0.757096
vt 0.659786 0.752601
vt 0.764004 0.822237
vt 0.763070 0.831727
vt 0.867426 0.579788
vt 0.861377 0.587160
vt 0.640687 0.731291
vt 0.649812 0.728523
vt 0.738443 0.817153
vt 0.879805 0.605589
vt 0.887177 0.599539
vt 0.635238 0.703896
vt 0.644728 0.702961
vt 0.894285 0.627259
vt 0.902695 0.622764
vt 0.635238 0.675964
vt 0.644728 0.676899
vt 0.904258 0.651337
vt 0.913384 0.648569
vt 0.640687 0.648569
vt 0.649812 0.651337
vt 0.909343 0.676899
vt 0.918833 0.675964
vt 0.651376 0.622764
vt 0.659786 0.627259
vt 0.909343 0.702961
vt 0.666894 0.599539
vt 0.838989 0.809207
vt 0.866361 0.801933
vt 0.843243 0.817380
vt 0.814910 0.819181
vt 0.817556 0.828020
vt 0.790287 0.833444
vt 0.789349 0.824265
vt 0.762483 0.833444
vt 0.763286 0.824265
vt 0.735214 0.828020
vt 0.737725 0.819181
vt 0.709527 0.817380
vt 0.713646 0.809207
vt 0.686409 0.801933
vt 0.691976 0.794728
vt 0.666749 0.782273
vt 0.673547 0.776299
vt 0.651302 0.759155
vt 0.659068 0.754629
vt 0.640662 0.733468
vt 0.649094 0.730550
vt 0.635238 0.706199
vt 0.644010 0.704989
vt 0.635238 0.678395
vt 0.644010 0.678926
vt 0.640662 0.651126
vt 0.649094 0.653365
vt 0.651302 0.625439
vt 0.659068 0.629286
vt 0.666749 0.602321
vt 0.673547 0.607616
vt 0.686409 0.582661
vt 0.691976 0.589188
vt 0.709527 0.567214
vt 0.713646 0.574708
vt 0.735214 0.556574
vt 0.737725 0.564735
vt 0.762483 0.551150
vt 0.763286 0.559650
vt 0.789349 0.559650
vt 0.790287 0.551150
vt 0.814910 0.564735
vt 0.817556 0.556574
vt 0.838989 0.574708
vt 0.843243 0.567214
vt 0.860659 0.589188
vt 0.866361 0.582661
vt 0.879088 0.607616
vt 0.886021 0.602321
vt 0.893567 0.629287
vt 0.901468 0.625439
vt 0.903541 0.653365
vt 0.912108 0.651126
vt 0.908625 0.678927
vt 0.917532 0.678395
vt 0.908625 0.704989
vt 0.917532 0.706199
vt 0.903541 0.730551
vt 0.912108 0.733468
vt 0.893567 0.754629
vt 0.901468 0.759155
vt 0.879087 0.776299
vt 0.886021 0.782273
vt 0.860659 0.794728
vt 0.220160 0.554180
vt 0.099658 0.565221
vt 0.106630 0.529090
vt 0.350668 0.928398
vt 0.385663 0.912082
vt 0.324962 0.928398
vt 0.289967 0.912082
vt 0.195810 0.797276
vt 0.179790 0.888336
vt 0.385917 0.944176
vt 0.290221 0.912862
vt 0.385927 0.913230
vt 0.290231 0.913230
vt 0.385758 0.913230
vt 0.325057 0.929546
vt 0.290063 0.913230
vt 0.324552 0.928233
vt 0.289557 0.911916
vt 0.385253 0.911917
vt 0.077776 0.797520
vt 0.106569 0.717018
vt 0.110477 0.795900
vt 0.419094 0.836013
vt 0.401429 0.734902
vt 0.419347 0.836793
vt 0.401683 0.735682
vt 0.419357 0.891019
vt 0.401693 0.736050
vt 0.419189 0.837161
vt 0.401525 0.798059
vt 0.392977 0.835848
vt 0.418684 0.889706
vt 0.392977 0.889706
vt 0.375313 0.734737
vt 0.401019 0.796746
vt 0.375313 0.796746
vt 0.069997 0.559498
vt 0.076970 0.523366
vt 0.367023 0.626002
vt 0.081512 0.599051
vt 0.082293 0.665881
vt 0.100494 0.693560
vt 0.101305 0.709930
vt 0.122145 0.800926
vt 0.309125 0.731655
vt 0.325226 0.660871
vt 0.050395 0.666254
vt 0.049614 0.599424
vt 0.068604 0.711550
vt 0.379166 0.815377
vt 0.366359 0.730342
vt 0.751085 0.239037
vt 0.018437 0.803502
vt 0.308861 0.625222
vt 0.206923 0.791121
vt 0.207553 0.704666
vt 0.299907 0.734902
vt 0.327029 0.927365
vt 0.309116 0.626002
vt 0.282497 0.836793
vt 0.300171 0.736050
vt 0.308957 0.626370
vt 0.300002 0.736050
vt 0.308451 0.625057
vt 0.299497 0.734737
vt 0.052560 0.952734
vt 0.557964 0.533595
vt 0.021310 0.937407
vt 0.488059 0.063579
vt 0.851024 0.190838
vt 0.036221 0.882920
vt 0.494599 0.276734
vt 0.220160 0.653917
vt 0.350668 0.887463
vt 0.296055 0.802674
vt 0.282243 0.836013
vt 0.296309 0.803453
vt 0.300161 0.735682
vt 0.296319 0.803821
vt 0.282507 0.837160
vt 0.296150 0.803821
vt 0.282338 0.837161
vt 0.295645 0.802508
vt 0.281833 0.835848
vt 0.759651 0.190838
vt 0.759651 0.053126
vt 0.289967 0.943396
vt 0.202446 0.931211
vt 0.290221 0.944176
vt 0.290231 0.944544
vt 0.290063 0.944544
vt 0.289557 0.943231
vt 0.073868 0.718638
vt 0.419094 0.889871
vt 0.401429 0.796911
vt 0.419347 0.890651
vt 0.401683 0.797691
vt 0.419357 0.837161
vt 0.401693 0.798059
vt 0.419189 0.891019
vt 0.401525 0.736050
vt 0.418684 0.835848
vt 0.401019 0.734737
vt 0.309125 0.626370
vt 0.067793 0.695180
vt 0.232807 0.594563
vt 0.240762 0.603562
vt 0.232461 0.601632
vt 0.198973 0.580562
vt 0.209438 0.566528
vt 0.210555 0.575731
vt 0.197826 0.612659
vt 0.207263 0.627403
vt 0.191235 0.619333
vt 0.217574 0.576043
vt 0.210243 0.566457
vt 0.219474 0.566967
vt 0.057949 0.714444
vt 0.046703 0.646475
vt 0.058043 0.646457
vt 0.029269 0.714404
vt 0.040703 0.646467
vt 0.040609 0.714454
vt 0.018631 0.714308
vt 0.029363 0.646417
vt 0.068587 0.714377
vt 0.068682 0.646391
vt 0.096047 0.714255
vt 0.102141 0.646276
vt 0.102047 0.714263
vt 0.084706 0.714272
vt 0.074163 0.646352
vt 0.084801 0.646286
vt 0.013150 0.714255
vt 0.018725 0.646321
vt 0.113481 0.646325
vt 0.113387 0.714312
vt 0.096141 0.646268
vt 0.074068 0.714339
vt 0.046609 0.714462
vt 0.124119 0.646422
vt 0.124025 0.714408
vt 0.228709 0.581829
vt 0.241256 0.593453
vt 0.235398 0.575242
vt 0.227141 0.613906
vt 0.216500 0.627796
vt 0.215494 0.618578
vt 0.185140 0.601200
vt 0.193564 0.599979
vt 0.193817 0.592905
vt 0.185502 0.591086
vt 0.192875 0.573434
vt 0.209034 0.618303
vt 0.233155 0.621113
vt 0.211118 0.575686
vt 0.013244 0.646268
vt 0.210617 0.819606
vt 0.118606 0.996451
vt 0.118606 0.819606
vt 0.316598 0.638264
vt 0.295815 0.658845
vt 0.291751 0.641371
vt 0.062210 0.819606
vt 0.006945 0.996451
vt 0.006945 0.819605
vt 0.267978 0.641369
vt 0.273802 0.643137
vt 0.315475 0.638254
vt 0.285919 0.643221
vt 0.291742 0.641452
vt 0.243029 0.638456
vt 0.243338 0.586724
vt 0.249404 0.606719
vt 0.523274 0.996451
vt 0.495075 0.819605
vt 0.523274 0.819605
vt 0.495075 0.996451
vt 0.466877 0.819605
vt 0.090408 0.996451
vt 0.062210 0.996451
vt 0.090408 0.819606
vt 0.323961 0.819606
vt 0.261522 0.996451
vt 0.261522 0.819606
vt 0.244234 0.638171
vt 0.244241 0.586658
vt 0.249416 0.606634
vt 0.250272 0.652759
vt 0.262611 0.638499
vt 0.264856 0.658808
vt 0.254048 0.629934
vt 0.257908 0.634638
vt 0.349414 0.996451
vt 0.323961 0.996451
vt 0.349414 0.819605
vt 0.374867 0.996451
vt 0.236070 0.996451
vt 0.210617 0.996451
vt 0.236069 0.819606
vt 0.466877 0.996451
vt 0.294873 0.658884
vt 0.267968 0.641461
vt 0.273800 0.643230
vt 0.309443 0.652836
vt 0.262585 0.638580
vt 0.263919 0.658955
vt 0.249275 0.653010
vt 0.253970 0.629908
vt 0.257859 0.634689
vt 0.248790 0.573597
vt 0.267994 0.584120
vt 0.262630 0.586983
vt 0.257926 0.590834
vt 0.310013 0.573608
vt 0.308528 0.600913
vt 0.305660 0.595550
vt 0.316413 0.586632
vt 0.310337 0.618753
vt 0.310925 0.612692
vt 0.291735 0.584013
vt 0.310960 0.573486
vt 0.297807 0.568042
vt 0.262615 0.586884
vt 0.249695 0.573494
vt 0.262859 0.568042
vt 0.273803 0.582250
vt 0.267981 0.584016
vt 0.257911 0.590744
vt 0.297127 0.638494
vt 0.301533 0.634870
vt 0.310444 0.652850
vt 0.285921 0.643141
vt 0.279861 0.643735
vt 0.297106 0.638584
vt 0.301808 0.634724
vt 0.250949 0.624158
vt 0.251132 0.624484
vt 0.254062 0.595528
vt 0.251184 0.600892
vt 0.249389 0.618838
vt 0.248796 0.612795
vt 0.251180 0.624567
vt 0.254051 0.595447
vt 0.251183 0.600812
vt 0.249414 0.618744
vt 0.248819 0.612689
vt 0.374867 0.819605
vt 0.279861 0.643821
vt 0.261929 0.568160
vt 0.273814 0.582357
vt 0.296856 0.568160
vt 0.315465 0.586765
vt 0.305666 0.630021
vt 0.308532 0.624657
vt 0.279865 0.581764
vt 0.310296 0.618837
vt 0.310891 0.612784
vt 0.285917 0.582360
vt 0.291737 0.584125
vt 0.310294 0.606732
vt 0.297100 0.586992
vt 0.301801 0.590850
vt 0.297102 0.586875
vt 0.301886 0.634594
vt 0.305612 0.630063
vt 0.301807 0.590729
vt 0.305671 0.595429
vt 0.308548 0.624621
vt 0.308545 0.600796
vt 0.310320 0.606625
vt 0.285913 0.582248
vt 0.279858 0.581653
vt 0.228492 0.766132
vt 0.243272 0.773513
vt 0.228492 0.773513
vt 0.956618 0.068427
vt 0.956618 0.083729
vt 0.956618 0.099030
vt 0.956618 0.114331
vt 0.956618 0.129633
vt 0.956618 0.144934
vt 0.956618 0.160235
vt 0.956618 0.175537
vt 0.956618 0.190838
vt 0.956618 0.206139
vt 0.956618 0.221440
vt 0.956618 0.236742
vt 0.956618 0.053126
vt 0.256616 0.587695
vt 0.249486 0.570483
vt 0.260306 0.581303
vt 0.262738 0.562833
vt 0.266698 0.577613
vt 0.278039 0.562833
vt 0.274079 0.577613
vt 0.280471 0.581303
vt 0.291290 0.570483
vt 0.298941 0.583735
vt 0.284161 0.587695
vt 0.284161 0.595076
vt 0.298941 0.599036
vt 0.291290 0.612287
vt 0.280471 0.601468
vt 0.274079 0.605158
vt 0.278039 0.619938
vt 0.262738 0.619938
vt 0.266698 0.605158
vt 0.249486 0.612287
vt 0.260306 0.601468
vt 0.241836 0.599036
vt 0.256616 0.595076
vt 0.241836 0.583735
vt 0.150003 0.911632
vt 0.173858 0.918024
vt 0.156395 0.935487
vt 0.228492 0.788274
vt 0.243272 0.795655
vt 0.228492 0.795655
vt 0.228492 0.736609
vt 0.243272 0.743989
vt 0.228492 0.743989
vt 0.228492 0.721847
vt 0.243272 0.729228
vt 0.228492 0.729228
vt 0.228492 0.758751
vt 0.243272 0.766132
vt 0.243272 0.780893
vt 0.243272 0.788274
vt 0.243272 0.736609
vt 0.228492 0.803036
vt 0.243272 0.810416
vt 0.228492 0.810416
vt 0.228492 0.751370
vt 0.243272 0.758751
vt 0.228492 0.780893
vt 0.243272 0.803036
vt 0.243272 0.751370
vt 0.709475 0.020228
vt 0.751086 0.000337
vt 0.751086 0.020228
vt 0.709475 0.239037
vt 0.709475 0.219145
vt 0.751085 0.199254
vt 0.709475 0.199253
vt 0.751085 0.179362
vt 0.709475 0.159470
vt 0.751085 0.159470
vt 0.751085 0.139578
vt 0.709475 0.139578
vt 0.751085 0.119687
vt 0.709475 0.119687
vt 0.751085 0.099795
vt 0.709475 0.099795
vt 0.751085 0.079903
vt 0.709475 0.079903
vt 0.751085 0.060012
vt 0.662410 0.266209
vt 0.645184 0.201918
vt 0.709475 0.060012
vt 0.751085 0.040120
vt 0.709475 0.040120
vt 0.938390 0.053126
vt 0.150003 0.931796
vt 0.146312 0.925404
vt 0.146312 0.918024
vt 0.156395 0.907941
vt 0.163775 0.907941
vt 0.170167 0.911632
vt 0.173858 0.925404
vt 0.170167 0.931796
vt 0.163775 0.935487
vt 0.243272 0.721847
vt 0.709475 0.000336
vt 0.709475 0.179362
vt 0.699529 0.256264
vt 0.682302 0.266209
vt 0.645184 0.256264
vt 0.635238 0.239037
vt 0.635238 0.219145
vt 0.662410 0.191973
vt 0.682302 0.191973
vt 0.699529 0.201918
vt 0.049333 0.393103
vt 0.056719 0.367919
vt 0.057243 0.393467
vt 0.049014 0.367742
vt 0.058216 0.341468
vt 0.050214 0.341489
vt 0.056363 0.315434
vt 0.048549 0.315527
vt 0.056812 0.288256
vt 0.048704 0.288517
vt 0.053956 0.261559
vt 0.046032 0.261886
vt 0.053463 0.233539
vt 0.045241 0.234071
vt 0.049528 0.206077
vt 0.041484 0.206725
vt 0.047846 0.177070
vt 0.039481 0.178037
vt 0.042244 0.148682
vt 0.034042 0.149940
vt 0.038224 0.118329
vt 0.029619 0.120286
vt 0.028899 0.088586
vt 0.020130 0.091446
vt 0.018582 0.057989
vt 0.180339 0.484432
vt 0.200389 0.463003
vt 0.186607 0.488547
vt 0.199605 0.432092
vt 0.192339 0.459952
vt 0.206428 0.405494
vt 0.207244 0.434157
vt 0.209195 0.377809
vt 0.214289 0.406953
vt 0.213208 0.351192
vt 0.216807 0.378743
vt 0.214126 0.323709
vt 0.221057 0.351885
vt 0.216784 0.297118
vt 0.221776 0.324113
vt 0.216582 0.269747
vt 0.224696 0.297386
vt 0.218218 0.243158
vt 0.224315 0.269797
vt 0.216997 0.215890
vt 0.226228 0.243098
vt 0.217544 0.189326
vt 0.224825 0.215629
vt 0.215034 0.162241
vt 0.225652 0.188924
vt 0.213874 0.135800
vt 0.222937 0.161574
vt 0.208829 0.109207
vt 0.222050 0.134794
vt 0.203469 0.083531
vt 0.216702 0.107579
vt 0.191969 0.059762
vt 0.211380 0.080836
vt 0.038478 0.467473
vt 0.033685 0.493445
vt 0.026911 0.489005
vt 0.051199 0.444065
vt 0.046291 0.470494
vt 0.044019 0.442955
vt 0.053886 0.419402
vt 0.046359 0.418638
vt 0.167973 0.137966
vt 0.160215 0.105757
vt 0.169987 0.106548
vt 0.340828 0.188084
vt 0.330506 0.216454
vt 0.331876 0.187947
vt 0.169529 0.167784
vt 0.158204 0.137724
vt 0.339704 0.216743
vt 0.331817 0.245671
vt 0.168727 0.198273
vt 0.160191 0.167626
vt 0.340723 0.245998
vt 0.329767 0.274029
vt 0.170397 0.227292
vt 0.159283 0.198221
vt 0.338930 0.274543
vt 0.330324 0.303213
vt 0.169276 0.256968
vt 0.161321 0.227102
vt 0.339206 0.303762
vt 0.327577 0.331501
vt 0.165183 0.423701
vt 0.158650 0.395956
vt 0.167011 0.396460
vt 0.170358 0.285248
vt 0.160090 0.256773
vt 0.336719 0.332214
vt 0.327561 0.360707
vt 0.167260 0.449749
vt 0.156610 0.423578
vt 0.168619 0.314106
vt 0.161530 0.284878
vt 0.333693 0.389740
vt 0.336426 0.361379
vt 0.172467 0.476584
vt 0.158775 0.450670
vt 0.169061 0.341645
vt 0.159683 0.313716
vt 0.333784 0.418815
vt 0.324539 0.389054
vt 0.179868 0.501131
vt 0.164290 0.478478
vt 0.166835 0.369685
vt 0.160476 0.341108
vt 0.332774 0.447174
vt 0.324877 0.418477
vt 0.345704 0.039273
vt 0.332481 0.068820
vt 0.335382 0.037141
vt 0.158135 0.369184
vt 0.337202 0.475910
vt 0.323464 0.447492
vt 0.342453 0.069975
vt 0.329673 0.099297
vt 0.345704 0.502226
vt 0.328339 0.477886
vt 0.339303 0.099868
vt 0.331184 0.129587
vt 0.171549 0.075379
vt 0.169558 0.040345
vt 0.179868 0.044214
vt 0.340279 0.129776
vt 0.329987 0.158530
vt 0.160811 0.073588
vt 0.339275 0.158705
vt 0.122208 0.205692
vt 0.123136 0.223048
vt 0.124394 0.319278
vt 0.124473 0.335667
vt 0.094039 0.345321
vt 0.091575 0.336125
vt 0.124016 0.263348
vt 0.124518 0.280135
vt 0.090791 0.373249
vt 0.063041 0.365019
vt 0.093187 0.364097
vt 0.063050 0.344329
vt 0.025431 0.058675
vt 0.034882 0.082805
vt 0.124579 0.492912
vt 0.085944 0.477883
vt 0.120880 0.479912
vt 0.153167 0.366055
vt 0.153654 0.344209
vt 0.284971 0.491514
vt 0.338011 0.505703
vt 0.287163 0.521942
vt 0.116481 0.077424
vt 0.117514 0.099246
vt 0.119269 0.145264
vt 0.120497 0.163674
vt 0.093423 0.310040
vt 0.121824 0.309192
vt 0.080586 0.488869
vt 0.051830 0.469042
vt 0.288529 0.380899
vt 0.289873 0.363722
vt 0.284891 0.441480
vt 0.286154 0.422659
vt 0.091310 0.319398
vt 0.062713 0.312212
vt 0.044384 0.120545
vt 0.048767 0.144216
vt 0.293958 0.267009
vt 0.294468 0.250204
vt 0.291912 0.323620
vt 0.292899 0.306779
vt 0.122046 0.446629
vt 0.088026 0.455485
vt 0.086741 0.445265
vt 0.154532 0.310599
vt 0.154589 0.288215
vt 0.091636 0.235013
vt 0.088395 0.225482
vt 0.056788 0.448240
vt 0.127463 0.519765
vt 0.290543 0.092519
vt 0.289969 0.072326
vt 0.293109 0.153048
vt 0.292641 0.135540
vt 0.294368 0.210380
vt 0.294372 0.193449
vt 0.123454 0.374054
vt 0.123234 0.390341
vt 0.058784 0.236201
vt 0.121990 0.429225
vt 0.053480 0.179609
vt 0.056025 0.202191
vt 0.250092 0.064169
vt 0.286956 0.059755
vt 0.154724 0.253691
vt 0.154260 0.230697
vt 0.087978 0.427577
vt 0.088710 0.197639
vt 0.119002 0.195084
vt 0.249599 0.076052
vt 0.215524 0.076103
vt 0.090475 0.389861
vt 0.260283 0.193386
vt 0.260363 0.210602
vt 0.257423 0.136875
vt 0.258379 0.154564
vt 0.252556 0.095964
vt 0.073669 0.514976
vt 0.087042 0.207742
vt 0.060377 0.258030
vt 0.290913 0.015179
vt 0.242449 0.037870
vt 0.233582 0.024876
vt 0.153709 0.195132
vt 0.152942 0.171416
vt 0.151679 0.420572
vt 0.206209 0.055415
vt 0.198494 0.055508
vt 0.151994 0.398978
vt 0.120788 0.400249
vt 0.061882 0.291009
vt 0.259016 0.304525
vt 0.257893 0.321723
vt 0.260625 0.248994
vt 0.260078 0.266126
vt 0.259234 0.126821
vt 0.289845 0.124798
vt 0.152470 0.134410
vt 0.152454 0.109459
vt 0.226673 0.131285
vt 0.249583 0.418440
vt 0.246670 0.437584
vt 0.255515 0.360497
vt 0.253752 0.378056
vt 0.156992 0.476279
vt 0.256458 0.106076
vt 0.154813 0.069077
vt 0.160326 0.042484
vt 0.084004 0.167127
vt 0.081912 0.148324
vt 0.076492 0.104098
vt 0.072573 0.082226
vt 0.228403 0.513091
vt 0.237048 0.485294
vt 0.154006 0.454103
vt 0.119490 0.457566
vt 0.223724 0.109676
vt 0.325461 0.064592
vt 0.262623 0.183804
vt 0.291940 0.183036
vt 0.320481 0.475142
vt 0.318195 0.450976
vt 0.328964 0.039509
vt 0.286007 0.032051
vt 0.230527 0.185808
vt 0.324007 0.126238
vt 0.261221 0.164157
vt 0.319072 0.391933
vt 0.090849 0.281573
vt 0.090055 0.264429
vt 0.324113 0.102592
vt 0.288101 0.104167
vt 0.229639 0.164336
vt 0.122432 0.290433
vt 0.121263 0.233731
vt 0.121125 0.253054
vt 0.118734 0.174918
vt 0.115433 0.111831
vt 0.115812 0.133974
vt 0.114624 0.033729
vt 0.113107 0.063815
vt 0.281567 0.453098
vt 0.281768 0.477292
vt 0.284511 0.411384
vt 0.285166 0.391303
vt 0.322123 0.334359
vt 0.288321 0.353069
vt 0.288744 0.333824
vt 0.324378 0.277004
vt 0.291124 0.296305
vt 0.291055 0.277240
vt 0.325185 0.219577
vt 0.292381 0.239804
vt 0.291744 0.220726
vt 0.324675 0.161791
vt 0.290718 0.163688
vt 0.119608 0.418936
vt 0.122168 0.345666
vt 0.121138 0.364064
vt 0.061812 0.396549
vt 0.090939 0.418227
vt 0.060365 0.416966
vt 0.092547 0.399152
vt 0.262736 0.220137
vt 0.231244 0.240199
vt 0.231384 0.218722
vt 0.263338 0.239578
vt 0.262125 0.275717
vt 0.229832 0.294663
vt 0.230768 0.273137
vt 0.262067 0.295184
vt 0.259650 0.331438
vt 0.226341 0.349346
vt 0.228128 0.327705
vt 0.258942 0.351124
vt 0.255193 0.388103
vt 0.219866 0.404702
vt 0.223033 0.382717
vt 0.253669 0.408668
vt 0.213167 0.439072
vt 0.243700 0.473532
vt 0.206531 0.461756
vt 0.247497 0.448884
vt 0.072950 0.069125
vt 0.066559 0.039417
vt 0.083272 0.137458
vt 0.081278 0.114892
vt 0.087754 0.177017
vt 0.091945 0.254751
vt 0.093689 0.290894
vt 0.056664 0.025195
vt 0.119881 0.015179
vt 0.317968 0.414800
vt 0.320769 0.356954
vt 0.323472 0.299592
vt 0.324868 0.242232
vt 0.324821 0.184658
vt 0.009813 0.061933
vt 0.172648 0.504207
vn -0.000000 -0.000000 1.000000
vn 0.707100 0.707100 -0.000000
vn 0.965900 0.258800 -0.000000
vn -0.258800 0.965900 -0.000000
vn 0.258800 0.965900 -0.000000
vn -0.965900 0.258800 -0.000000
vn -0.707100 0.707100 -0.000000
vn 0.965900 -0.258800 -0.000000
vn 0.707100 -0.707100 -0.000000
vn -0.707100 -0.707100 -0.000000
vn -0.965900 -0.258800 -0.000000
vn 0.258800 -0.965900 -0.000000
vn -0.258800 -0.965900 -0.000000
vn -0.000000 1.000000 -0.000000
vn 1.000000 -0.000000 -0.000000
vn -0.000000 -1.000000 -0.000000
vn -0.000000 -0.000000 -1.000000
vn -0.000000 0.707100 -0.707100
vn -1.000000 -0.000000 -0.000000
vn 0.500000 0.866000 -0.000000
vn 0.500000 -0.866000 -0.000000
vn -0.500000 0.866000 -0.000000
vn -0.500000 -0.866000 -0.000000
vn 0.391200 0.920300 -0.000000
vn -0.010300 0.999900 -0.000000
vn -0.005100 1.000000 -0.000000
vn 0.768200 -0.640200 -0.000000
vn 0.923900 -0.000000 -0.382700
vn 0.382700 -0.000000 -0.923900
vn -0.382700 -0.000000 -0.923900
vn -0.923900 -0.000000 -0.382700
vn -0.923900 -0.382700 -0.000000
vn -0.980800 -0.195100 -0.000000
vn 0.923900 -0.382700 -0.000000
vn 0.923900 0.382700 -0.000000
vn 0.382700 0.923900 -0.000000
vn -0.382700 0.923900 -0.000000
vn -0.831500 0.555600 -0.000000
vn -0.923900 0.382700 -0.000000
vn 0.016600 -0.999900 -0.000000
vn 0.690300 0.723500 -0.000000
vn 0.718700 -0.695300 -0.000000
vn 0.999900 0.016500 -0.000000
vn -0.244500 0.969700 -0.000000
vn -0.138300 0.990400 -0.000000
vn -0.030500 0.999500 -0.000000
vn -0.684600 -0.728900 -0.000000
vn 0.799300 -0.601000 -0.000000
vn 0.616500 -0.787400 -0.000000
vn -0.609300 -0.792900 -0.000000
vn -0.249400 -0.968400 -0.000000
vn 0.009800 -1.000000 -0.000000
vn 0.508400 -0.861100 -0.000000
vn 0.792700 0.609700 -0.000000
vn 0.963400 0.268200 -0.000000
vn 1.000000 0.009800 -0.000000
vn 0.870900 -0.491500 -0.000000
vn 0.016900 0.999900 -0.000000
vn -0.176300 0.984300 -0.000000
vn -0.980400 0.196800 -0.000000
vn -0.000100 -1.000000 -0.000000
vn -0.195300 -0.980700 -0.000000
vn -0.383000 -0.923700 -0.000000
vn -0.923900 -0.382600 -0.000000
vn -0.922500 0.386000 -0.000000
vn -0.362900 0.931800 -0.000000
vn -0.702200 0.712000 -0.000000
vn -1.000000 -0.000100 -0.000000
vn 0.228400 0.973600 -0.000000
vn 0.121800 0.992600 -0.000000
vn 0.013900 0.999900 -0.000000
vn 0.121800 0.992500 -0.000000
vn 0.696600 -0.717500 -0.000000
vn -0.701900 -0.712300 -0.000000
vn -0.708500 -0.705700 -0.000000
vn 0.712400 0.701800 -0.000000
vn -0.148200 -0.988900 -0.006700
vn 0.001500 -1.000000 0.001900
vn -0.426200 -0.904600 0.006700
vn 0.339600 -0.940500 -0.004400
vn -0.046100 0.998900 -0.004200
vn 0.339600 0.940600 0.004400
vn 0.382700 -0.923900 -0.000000
vn -0.195100 0.980700 0.008700
vn 0.739000 -0.673700 0.004400
vn -0.515300 0.857000 -0.006300
vn -0.707100 0.707100 0.009100
vn 0.923300 -0.384000 -0.001900
vn -0.832300 0.554300 -0.001900
vn -0.804900 -0.593400 0.004400
vn 1.000000 0.001500 -0.001900
vn 0.980700 -0.195100 0.009100
vn -0.831500 -0.555600 -0.000000
vn -0.970700 0.240200 0.004400
vn 0.940600 0.339600 0.004400
vn -0.556800 -0.830700 -0.001900
vn -0.980800 0.195100 -0.000000
vn 0.000100 -0.000000 -1.000000
vn 0.980800 -0.195100 -0.000000
vn -0.382700 -0.923900 -0.000000
vn 0.831500 -0.555600 -0.000000
vn 0.980800 0.195100 -0.000000
vn 0.691100 0.696000 0.195000
vn 0.692600 0.698600 -0.179800
vn 0.692600 0.698600 0.179800
vn -0.141900 -0.139600 -0.980000
vn -0.292600 -0.290100 -0.911200
vn -0.148800 -0.147600 -0.977800
vn -0.660200 -0.646900 -0.381600
vn -0.701900 -0.688900 -0.180800
vn -0.666900 -0.655800 -0.353900
vn 0.691100 0.696000 -0.195000
vn 0.658200 0.663900 -0.354900
vn 0.271700 0.270900 -0.923500
vn 0.149600 0.150400 -0.977200
vn 0.291300 0.292800 -0.910700
vn -0.701900 -0.688900 0.180900
vn -0.660200 -0.646900 0.381600
vn -0.666900 -0.655800 0.353900
vn -0.292600 -0.290100 0.911200
vn -0.141900 -0.139600 0.980000
vn -0.148800 -0.147600 0.977800
vn 0.149800 0.150500 0.977200
vn 0.271700 0.270900 0.923500
vn 0.291300 0.292800 0.910700
vn 0.658200 0.663900 0.354900
vn 0.136000 0.135500 -0.981400
vn 0.136000 0.135600 0.981400
vn -0.700700 -0.686500 0.194200
vn -0.700700 -0.686500 -0.194200
vn -0.272900 -0.268400 -0.923800
vn 0.651600 0.655000 -0.382700
vn -0.701900 -0.688900 0.180700
vn -0.660300 -0.647000 0.381400
vn -0.272900 -0.268400 0.923800
vn 0.149500 0.150300 0.977300
vn 0.651600 0.655000 0.382700
vn -0.195100 -0.980800 -0.000000
vn 0.195100 -0.980800 -0.000000
vn 0.555600 -0.831500 -0.000000
vn -0.555600 -0.831500 -0.000000
vn 0.831500 0.555600 -0.000000
vn 0.555600 0.831500 -0.000000
vn -0.555600 0.831500 -0.000000
vn 0.195100 0.980800 -0.000000
vn -0.195100 0.980800 -0.000000
vn 0.000700 -0.000400 -1.000000
vn 0.000800 -0.000000 -1.000000
vn -0.000700 0.000400 -1.000000
vn -0.000400 0.000700 -1.000000
vn 0.000400 0.000700 -1.000000
vn -0.000000 0.000800 -1.000000
vn -0.000400 -0.000700 -1.000000
vn -0.000700 -0.000400 -1.000000
vn 0.000400 -0.000700 -1.000000
vn 0.000700 0.000400 -1.000000
vn -0.000800 -0.000000 -1.000000
vn -0.000000 -0.000800 -1.000000
vn -0.421000 0.907100 -0.000000
vn -0.089000 0.996000 -0.000000
vn -0.996000 0.089000 -0.000000
vn -0.907100 0.421000 -0.000000
vn -0.575100 -0.818100 -0.000000
vn -0.818100 -0.575100 -0.000000
vn -0.380500 -0.102000 0.919100
vn -0.121900 -0.032700 0.992000
vn 0.421000 -0.907100 -0.000000
vn 0.089000 -0.996000 -0.000000
vn 0.996000 -0.089000 -0.000000
vn 0.907100 -0.421000 -0.000000
vn 0.575100 0.818100 -0.000000
vn 0.818100 0.575100 -0.000000
vn -0.680600 0.680600 -0.271400
vn -0.929700 -0.249100 -0.271400
vn -0.249100 -0.929700 -0.271400
vn 0.680600 -0.680600 -0.271400
vn 0.929700 0.249100 -0.271400
vn 0.249100 0.929700 -0.271400
vn 0.583800 -0.583800 -0.564300
vn -0.797400 -0.213700 -0.564300
vn -0.278500 0.278500 0.919100
vn -0.089200 0.089200 0.992000
vn -0.102000 -0.380500 0.919100
vn -0.032700 -0.121900 0.992000
vn 0.380500 0.102000 0.919100
vn 0.121900 0.032700 0.992000
vn -0.278500 0.278500 -0.919100
vn -0.089200 0.089200 -0.992000
vn 0.380500 0.102000 -0.919100
vn 0.121900 0.032700 -0.992000
vn -0.827000 -0.221600 0.516700
vn -0.875300 -0.234500 0.422900
vn -0.221600 -0.827000 0.516700
vn -0.234500 -0.875300 0.422900
vn -0.102000 -0.380500 -0.919100
vn -0.032700 -0.121900 -0.992000
vn 0.108000 0.402900 -0.908900
vn 0.605400 -0.605400 0.516700
vn 0.640800 -0.640800 0.422900
vn -0.402900 -0.108000 0.908900
vn 0.797400 0.213700 -0.564300
vn -0.380500 -0.102000 -0.919100
vn -0.121900 -0.032700 -0.992000
vn 0.402900 0.108000 -0.908900
vn 0.294900 -0.294900 0.908900
vn 0.514600 -0.514600 0.685900
vn -0.583800 0.583800 -0.564300
vn 0.278500 -0.278500 -0.919100
vn 0.089200 -0.089200 -0.992000
vn -0.294900 0.294900 -0.908900
vn -0.514600 0.514600 -0.685900
vn 0.402900 0.108000 0.908900
vn -0.402900 -0.108000 -0.908900
vn -0.702900 -0.188300 -0.685900
vn 0.827000 0.221600 0.516700
vn 0.875300 0.234500 0.422900
vn 0.221600 0.827000 0.516700
vn 0.234500 0.875300 0.422900
vn -0.213700 -0.797400 -0.564300
vn 0.032700 0.121900 -0.992000
vn -0.108000 -0.402900 -0.908900
vn -0.188400 -0.702900 -0.685900
vn 0.294900 -0.294900 -0.908900
vn 0.514600 -0.514600 -0.685900
vn -0.605400 0.605400 0.516700
vn -0.640800 0.640800 0.422900
vn 0.278500 -0.278500 0.919100
vn 0.089200 -0.089200 0.992000
vn -0.294900 0.294900 0.908900
vn -0.514600 0.514600 0.685900
vn -0.818100 0.575100 -0.000000
vn -0.996000 -0.089000 -0.000000
vn -0.866000 -0.500000 -0.000000
vn -0.089000 -0.996000 -0.000000
vn 0.575100 -0.818100 -0.000000
vn 0.866000 -0.500000 -0.000000
vn 0.907100 0.421000 -0.000000
vn 0.421000 0.907100 -0.000000
vn 0.213700 0.797400 -0.564300
vn -0.866000 0.500000 -0.000000
vn 0.866000 0.500000 -0.000000
vn -0.188400 -0.702900 0.685900
vn 0.102000 0.380500 0.919100
vn 0.032700 0.121900 0.992000
vn -0.108000 -0.402900 0.908900
vn 0.188400 0.702900 -0.685900
vn -0.402900 -0.107900 0.908900
vn -0.702900 -0.188300 0.685900
vn 0.702900 0.188400 -0.685900
vn 0.702900 0.188400 0.685900
vn 0.402900 0.107900 0.908900
vn -0.402900 -0.107900 -0.908900
vn 0.107900 0.402900 0.908900
vn 0.188300 0.702900 0.685900
vn 0.101900 0.380500 -0.919100
vn -0.702900 -0.188400 -0.685900
vn -0.107900 -0.402900 0.908900
vn -0.188300 -0.702900 0.685900
vn -0.278600 0.278500 0.919100
vn 0.774800 -0.631900 -0.016800
vn 0.774900 -0.631900 0.016900
vn 0.774800 -0.631900 0.016800
vn 0.663400 -0.745900 -0.059000
vn 0.697700 -0.711100 -0.087000
vn 0.697000 -0.711800 -0.086800
vn 0.663400 -0.745900 0.059000
vn 0.697700 -0.711100 0.087000
vn 0.665400 -0.744000 0.061700
vn 0.724300 -0.684000 -0.086200
vn 0.723000 -0.685500 -0.086100
vn -0.661400 -0.661400 -0.353900
vn -0.695600 -0.695600 -0.180000
vn -0.661300 -0.661300 -0.353900
vn -0.661300 -0.661400 0.353900
vn -0.695600 -0.695600 0.180000
vn -0.695600 -0.695600 0.179700
vn -0.150200 -0.150200 0.977200
vn -0.292000 -0.292000 0.910700
vn -0.150100 -0.150100 -0.977200
vn -0.292000 -0.292000 -0.910700
vn -0.148600 -0.148600 -0.977700
vn 0.695600 0.695600 -0.180000
vn 0.695600 0.695600 0.179700
vn 0.695600 0.695500 0.179900
vn 0.292000 0.292000 -0.910700
vn 0.150100 0.150100 -0.977200
vn 0.148600 0.148600 0.977700
vn -0.148600 -0.148600 0.977700
vn -0.150000 -0.150000 0.977200
vn 0.695500 0.695500 0.180100
vn 0.661400 0.661400 0.353900
vn 0.661300 0.661400 -0.353900
vn 0.695600 0.695600 -0.179700
vn 0.148600 0.148600 -0.977700
vn -0.695600 -0.695600 -0.179700
vn 0.292000 0.292000 0.910700
vn 0.150100 0.150100 0.977200
vn 0.755800 -0.652300 -0.057300
vn 0.774900 -0.631900 -0.016900
vn 0.753800 -0.654300 -0.059800
vn 0.755800 -0.652300 0.057300
vn 0.723000 -0.685500 0.086100
vn 0.724300 -0.684000 0.086200
vn 0.642000 -0.766500 0.017700
vn 0.641900 -0.766600 0.017800
vn 0.641900 -0.766600 -0.017800
vn 0.642000 -0.766500 -0.017700
vn 0.665400 -0.744000 -0.061700
vn 0.697000 -0.711800 0.086800
vn 0.753800 -0.654300 0.059800
vn -0.661400 -0.661300 0.353900
vn 0.661300 0.661400 0.353900
vn -0.001400 0.001400 1.000000
vn -0.000400 -0.000000 -1.000000
vn -0.000600 -0.000000 -1.000000
vn -0.000100 -0.000100 -1.000000
vn -0.039200 0.011900 0.999200
vn -0.040700 -0.004000 0.999200
vn -0.039100 0.011900 0.999200
vn -0.031700 0.026000 0.999200
vn -0.031600 0.025900 0.999200
vn -0.019300 0.036200 0.999200
vn -0.019300 0.036100 0.999200
vn -0.004000 0.040800 0.999200
vn 0.011900 0.039300 0.999200
vn 0.026100 0.031800 0.999200
vn 0.026000 0.031700 0.999200
vn 0.036200 0.019400 0.999200
vn 0.040900 0.004000 0.999200
vn 0.039300 -0.011900 0.999200
vn 0.031700 -0.026000 0.999200
vn 0.019300 -0.036100 0.999200
vn 0.019300 -0.036200 0.999200
vn 0.004000 -0.040700 0.999200
vn 0.004000 -0.040800 0.999200
vn -0.011900 -0.039100 0.999200
vn -0.011900 -0.039200 0.999200
vn -0.025900 -0.031600 0.999200
vn -0.036000 -0.019300 0.999200
vn 0.011800 0.038800 -0.999200
vn 0.019100 -0.035800 -0.999200
vn 0.004000 -0.040500 -0.999200
vn 0.019200 -0.035900 -0.999200
vn -0.004000 0.040400 -0.999200
vn 0.031400 -0.025800 -0.999200
vn -0.019200 0.035900 -0.999200
vn 0.038800 -0.011800 -0.999200
vn -0.040500 -0.004000 -0.999200
vn -0.019100 0.035800 -0.999200
vn -0.031500 0.025800 -0.999200
vn -0.035900 -0.019200 -0.999200
vn -0.031400 0.025800 -0.999200
vn 0.040300 0.004000 -0.999200
vn -0.039000 0.011800 -0.999200
vn 0.040400 0.004000 -0.999200
vn -0.025800 -0.031500 -0.999200
vn -0.038900 0.011800 -0.999200
vn 0.035700 0.019100 -0.999200
vn -0.011800 -0.038900 -0.999200
vn -0.011800 -0.039000 -0.999200
vn 0.025700 0.031300 -0.999200
vn 0.004000 -0.040400 -0.999200
vn -0.287400 0.947600 -0.139700
vn -0.278000 0.916500 -0.287500
vn -0.287500 0.947700 -0.138900
vn -0.872900 0.466600 -0.142900
vn -0.843900 0.451100 -0.290400
vn -0.873000 0.466600 -0.142200
vn 0.383200 0.923600 0.003900
vn 0.382200 0.924100 0.003700
vn -0.628000 0.765200 -0.141400
vn -0.607300 0.740000 -0.289000
vn -0.628100 0.765300 -0.140600
vn -0.194500 -0.980900 -0.003100
vn -0.193500 -0.981100 -0.003400
vn -0.194700 -0.980900 -0.003000
vn 0.380800 0.924600 0.004200
vn 0.380600 0.924700 0.004200
vn 0.071900 0.087600 0.993600
vn 0.555600 -0.831400 0.000500
vn 0.555500 -0.831500 0.000500
vn -0.107500 0.032600 -0.993700
vn 0.765800 0.628500 -0.136000
vn 0.741100 0.608200 -0.284400
vn 0.765800 0.628500 -0.135900
vn 0.467000 0.873600 -0.136800
vn 0.451900 0.845400 -0.284900
vn 0.467000 0.873700 -0.136400
vn 0.097100 0.985600 -0.138100
vn 0.093900 0.953600 -0.286000
vn 0.097100 0.985700 -0.137400
vn -0.556100 -0.831100 -0.004400
vn -0.555100 -0.831800 -0.004200
vn 0.555300 -0.831600 0.000500
vn 0.953900 -0.094000 -0.284900
vn 0.985800 -0.097100 -0.136800
vn 0.985900 -0.097100 -0.136400
vn 0.917400 0.278300 -0.284400
vn 0.948000 0.287600 -0.136000
vn 0.948100 0.287600 -0.135900
vn -0.554900 -0.831900 -0.004300
vn 0.032900 0.108400 0.993600
vn 0.607600 -0.740400 -0.287500
vn 0.628200 -0.765400 -0.139700
vn 0.628200 -0.765500 -0.138900
vn 0.845100 -0.451700 -0.286000
vn 0.873500 -0.466900 -0.138100
vn 0.873600 -0.466900 -0.137400
vn -0.382600 0.923900 0.000500
vn -0.382700 0.923900 0.000500
vn -0.382800 0.923800 0.000500
vn -0.086800 0.071200 -0.993700
vn 0.924200 0.382000 0.005000
vn 0.923600 0.383300 0.004800
vn 0.923500 0.383500 0.004800
vn -0.382900 0.923800 0.000500
vn -0.739300 -0.606700 -0.292100
vn -0.764900 -0.627700 -0.144400
vn -0.764900 -0.627800 -0.144300
vn -0.450900 -0.843600 -0.291500
vn -0.466500 -0.872700 -0.143900
vn -0.466500 -0.872800 -0.143500
vn -0.093800 -0.952300 -0.290400
vn -0.097000 -0.985000 -0.142900
vn -0.097000 -0.985100 -0.142200
vn 0.277900 -0.916100 -0.289000
vn 0.287400 -0.947300 -0.141400
vn 0.287400 -0.947400 -0.140600
vn -0.984800 0.097000 -0.143900
vn -0.952000 0.093800 -0.291500
vn -0.984900 0.097000 -0.143500
vn 0.922900 0.385100 0.005400
vn 0.922800 0.385400 0.005400
vn -0.946900 -0.287200 -0.144400
vn -0.915200 -0.277600 -0.292100
vn -0.946900 -0.287200 -0.144300
vn -0.011100 0.112700 0.993600
vn 0.831700 -0.555300 0.002400
vn 0.831300 -0.555800 0.002300
vn 0.831700 -0.555200 0.002400
vn -0.052900 0.098900 -0.993700
vn -0.913100 -0.277000 0.299200
vn -0.945800 -0.286900 0.151900
vn -0.945900 -0.286900 0.151800
vn -0.980700 -0.195700 -0.004600
vn -0.980900 -0.194300 -0.004800
vn 0.831200 -0.555900 0.002300
vn 0.830800 -0.556600 0.002500
vn -0.949400 0.093500 0.299700
vn -0.983500 0.096900 0.152700
vn -0.983600 0.096900 0.152300
vn 0.276700 -0.912200 0.302200
vn 0.286800 -0.945400 0.154800
vn -0.096800 -0.983300 0.154000
vn -0.093500 -0.949100 0.300800
vn -0.096900 -0.983400 0.153300
vn -0.465900 -0.871600 0.152700
vn -0.449700 -0.841400 0.299700
vn -0.465900 -0.871600 0.152300
vn -0.764000 -0.627000 0.151900
vn -0.737600 -0.605300 0.299200
vn -0.764100 -0.627000 0.151800
vn -0.053300 0.099800 0.993600
vn -0.707000 0.707200 -0.001400
vn -0.706900 0.707300 -0.001400
vn -0.011000 0.111500 -0.993700
vn 0.194300 -0.980900 -0.001600
vn -0.706600 0.707600 -0.001600
vn -0.706500 0.707700 -0.001600
vn 0.000400 1.000000 0.002400
vn 0.001200 1.000000 0.002500
vn -0.087400 0.071700 0.993600
vn 0.870700 -0.465400 0.158700
vn 0.839900 -0.448900 0.305200
vn 0.870800 -0.465500 0.158000
vn 0.626500 -0.763400 0.157300
vn 0.604400 -0.736500 0.303700
vn 0.626600 -0.763500 0.156400
vn 0.980900 -0.194500 0.003900
vn 0.980700 -0.195600 0.003700
vn 0.032500 0.107200 -0.993700
vn -0.195600 -0.980700 -0.003200
vn -0.196700 -0.980500 -0.003400
vn -0.196900 -0.980400 -0.003400
vn 0.980600 -0.195800 0.003700
vn 0.944600 0.286500 0.160300
vn 0.910800 0.276300 0.306800
vn 0.944600 0.286500 0.160100
vn 0.982400 -0.096800 0.159800
vn 0.947400 -0.093300 0.306200
vn 0.982500 -0.096800 0.159300
vn 0.555800 -0.831300 0.000500
vn -0.108100 0.032800 0.993600
vn -0.924100 0.382200 -0.003200
vn -0.923700 0.383100 -0.003000
vn -0.923700 0.383200 -0.003100
vn 0.071000 0.086500 -0.993700
vn 0.093300 0.947700 0.305200
vn 0.096800 0.982600 0.158700
vn 0.096800 0.982700 0.158000
vn 0.448800 0.839600 0.306200
vn 0.465300 0.870600 0.159800
vn 0.465400 0.870700 0.159300
vn 0.735700 0.603800 0.306800
vn 0.763000 0.626200 0.160300
vn 0.763000 0.626200 0.160100
vn -0.382500 0.924000 0.000500
vn -0.923200 0.384200 -0.003400
vn -0.923200 0.384400 -0.003400
vn 0.832100 -0.554600 0.002500
vn 0.832200 -0.554400 0.002500
vn 0.980600 0.195800 0.004800
vn 0.980900 0.194500 0.004600
vn 0.980600 0.195900 0.004800
vn 0.098700 0.052800 -0.993700
vn -0.707600 0.706600 -0.001500
vn -0.707300 0.706900 -0.001500
vn 0.980900 0.194200 0.004600
vn 0.981300 0.192600 0.005100
vn 0.981200 -0.193100 0.004100
vn 0.981200 -0.192900 0.004200
vn -1.000000 -0.000700 -0.004400
vn -1.000000 0.000600 -0.004200
vn -1.000000 0.000800 -0.004300
vn 0.111400 0.011000 -0.993700
vn -0.604700 0.736900 0.302200
vn -0.626700 0.763600 0.155600
vn -1.000000 0.002300 -0.004700
vn -1.000000 0.002600 -0.004800
vn -0.841100 0.449600 0.300800
vn -0.871400 0.465800 0.154000
vn -0.871500 0.465800 0.153300
vn -0.286700 0.945000 0.157300
vn -0.286700 0.945200 0.156400
vn -0.752900 0.617900 -0.226900
vn -0.688900 0.565400 -0.453500
vn -0.753100 0.618000 -0.225600
vn -0.459300 0.859200 -0.225300
vn -0.420400 0.786600 -0.452300
vn -0.459400 0.859500 -0.223900
vn -0.095500 0.970000 -0.223600
vn -0.087500 0.888200 -0.451000
vn -0.095600 0.970300 -0.222300
vn 0.283000 0.933000 -0.222100
vn 0.259200 0.854600 -0.450000
vn 0.283100 0.933300 -0.221100
vn 0.618700 0.753900 -0.220900
vn 0.566800 0.690600 -0.449300
vn 0.618800 0.754000 -0.220400
vn 0.860200 0.459800 -0.220400
vn 0.788000 0.421200 -0.449000
vn 0.889100 0.087600 -0.449300
vn 0.970600 0.095600 -0.220900
vn 0.970700 0.095600 -0.220400
vn 0.854600 -0.259200 -0.450000
vn 0.933000 -0.283000 -0.222100
vn 0.933300 -0.283100 -0.221100
vn 0.689900 -0.566200 -0.451000
vn 0.753400 -0.618300 -0.223600
vn 0.753700 -0.618500 -0.222300
vn 0.420400 -0.786600 -0.452300
vn 0.459300 -0.859200 -0.225300
vn 0.459400 -0.859500 -0.223900
vn 0.087400 -0.886900 -0.453500
vn 0.095500 -0.969200 -0.226900
vn 0.095500 -0.969500 -0.225600
vn -0.258600 -0.852300 -0.454600
vn -0.282600 -0.931700 -0.228100
vn -0.282700 -0.931900 -0.227100
vn -0.564800 -0.688200 -0.455300
vn -0.617600 -0.752500 -0.228800
vn -0.617600 -0.752600 -0.228200
vn -0.785100 -0.419600 -0.455600
vn -0.858500 -0.458900 -0.228800
vn -0.968800 -0.095400 -0.228800
vn -0.886000 -0.087300 -0.455300
vn -0.968900 -0.095400 -0.228200
vn -0.931700 0.282600 -0.228100
vn -0.852300 0.258600 -0.454600
vn -0.931900 0.282700 -0.227100
vn -0.848600 0.257400 0.462200
vn -0.929500 0.282000 0.237700
vn -0.929700 0.282000 0.236700
vn -0.882900 -0.087000 0.461500
vn -0.966900 -0.095200 0.236600
vn -0.967100 -0.095200 0.236100
vn -0.857000 -0.458100 0.236000
vn -0.782500 -0.418300 0.461200
vn -0.616400 -0.751100 0.236600
vn -0.562800 -0.685800 0.461500
vn -0.616500 -0.751200 0.236100
vn -0.282000 -0.929500 0.237700
vn -0.257400 -0.848600 0.462200
vn -0.282000 -0.929700 0.236700
vn 0.095200 -0.966300 0.239200
vn 0.086900 -0.882000 0.463200
vn 0.095200 -0.966600 0.238000
vn 0.457500 -0.856000 0.240900
vn 0.417500 -0.781000 0.464500
vn 0.457700 -0.856200 0.239500
vn 0.749900 -0.615500 0.242400
vn 0.684100 -0.561400 0.465700
vn 0.750200 -0.615700 0.241200
vn 0.928100 -0.281500 0.243600
vn 0.846300 -0.256700 0.466700
vn 0.928300 -0.281600 0.242700
vn 0.965000 0.095000 0.244300
vn 0.879800 0.086700 0.467400
vn 0.965200 0.095100 0.243800
vn 0.779500 0.416700 0.467600
vn 0.855200 0.457100 0.244400
vn 0.560800 0.683400 0.467400
vn 0.615200 0.749600 0.244300
vn 0.615200 0.749700 0.243800
vn 0.256700 0.846300 0.466700
vn 0.281500 0.928100 0.243600
vn 0.281600 0.928300 0.242700
vn -0.086700 0.880700 0.465700
vn -0.095100 0.965500 0.242400
vn -0.095100 0.965800 0.241200
vn -0.417500 0.781000 0.464500
vn -0.457500 0.856000 0.240900
vn -0.685100 0.562200 0.463200
vn -0.750600 0.616000 0.239200
vn -0.750800 0.616200 0.238000
vn 0.100000 0.053500 0.993500
vn 0.706500 0.707700 0.004600
vn 0.705300 0.708900 0.005100
vn 0.705100 0.709100 0.005200
vn -0.000400 1.000000 0.002300
vn -0.001200 1.000000 0.002500
vn -0.001400 1.000000 0.002600
vn 0.707600 0.706600 0.004800
vn 0.706700 0.707500 0.004600
vn -0.000300 1.000000 0.002300
vn 0.112800 0.011100 0.993600
vn -0.830000 -0.557700 -0.005300
vn -0.831100 -0.556100 -0.004800
vn 0.195300 -0.980700 -0.001400
vn 0.195800 -0.980600 -0.001600
vn -0.831900 -0.554900 -0.005000
vn 0.194900 -0.980800 -0.001500
vn 0.108400 -0.032900 0.993600
vn 1.000000 0.000800 0.004300
vn 1.000000 0.002300 0.004800
vn 1.000000 0.002600 0.004800
vn 1.000000 -0.000700 0.004400
vn 1.000000 0.000600 0.004200
vn 0.087500 -0.071800 0.993600
vn 0.924500 -0.381100 0.003400
vn 0.924600 -0.381000 0.003500
vn 0.923700 -0.383100 0.003200
vn 0.924000 -0.382300 0.003000
vn 0.053300 -0.099800 0.993600
vn -0.980900 0.194400 -0.003700
vn -0.981200 0.193100 -0.004200
vn -0.980900 0.194600 -0.003700
vn -0.980700 0.195700 -0.003900
vn -0.980600 0.195700 -0.003900
vn 0.011100 -0.112500 0.993600
vn 0.707300 -0.706900 0.001400
vn 0.707700 -0.706600 0.001600
vn 0.707700 -0.706500 0.001600
vn 0.706900 -0.707300 0.001400
vn 0.707200 -0.707000 0.001400
vn -0.981300 -0.192400 -0.005100
vn -0.032800 -0.108100 0.993600
vn -0.831700 0.555200 -0.002300
vn -0.831600 0.555300 -0.002300
vn 0.924900 0.380300 0.005300
vn 0.924200 0.381900 0.005000
vn -0.831300 0.555900 -0.002400
vn -0.831200 0.555900 -0.002400
vn -0.557500 -0.830200 -0.004700
vn -0.557700 -0.830000 -0.004700
vn -0.071600 -0.087300 0.993600
vn 0.382600 -0.923900 -0.000500
vn 0.382400 -0.924000 -0.000500
vn 0.384500 0.923100 0.004100
vn 0.383300 0.923600 0.003900
vn 0.382800 -0.923800 -0.000500
vn 0.708900 0.705300 0.005100
vn 0.707700 0.706500 0.004800
vn -0.099500 -0.053200 0.993600
vn -0.099600 -0.053200 0.993600
vn -0.555600 0.831400 -0.000500
vn -0.555800 0.831300 -0.000500
vn -0.832900 -0.553400 -0.005300
vn -0.555500 0.831500 -0.000500
vn 1.000000 -0.002300 0.004700
vn -0.112400 -0.011100 0.993600
vn -0.000400 -1.000000 -0.002300
vn -0.001200 -1.000000 -0.002500
vn -0.001400 -1.000000 -0.002600
vn 0.923200 -0.384200 0.003400
vn 0.923700 -0.383200 0.003200
vn -0.111900 -0.011000 -0.993700
vn 0.000400 -1.000000 -0.002400
vn -0.000300 -1.000000 -0.002300
vn -0.980300 0.197300 -0.004100
vn -0.194800 0.980800 0.001400
vn -0.194300 0.980900 0.001600
vn -0.194900 0.980800 0.001400
vn 0.706600 -0.707600 0.001500
vn 0.706900 -0.707300 0.001500
vn -0.099200 -0.053000 -0.993700
vn -0.195300 0.980700 0.001400
vn -0.195300 0.980700 0.001500
vn -0.830800 0.556600 -0.002500
vn -0.830700 0.556700 -0.002500
vn -0.383300 -0.923600 -0.003700
vn -0.384600 -0.923100 -0.004200
vn -0.384800 -0.923000 -0.004200
vn 0.382900 -0.923800 -0.000500
vn -0.071300 -0.086900 -0.993700
vn -0.382100 -0.924100 -0.003900
vn -0.555400 0.831600 -0.000500
vn -0.555300 0.831600 -0.000500
vn 0.195700 0.980700 0.003100
vn 0.196700 0.980500 0.003400
vn 0.195500 0.980700 0.003000
vn 0.001200 -1.000000 -0.002500
vn -0.032600 -0.107500 -0.993700
vn 0.194600 0.980900 0.003200
vn -0.195800 0.980600 0.001500
vn -0.195900 0.980600 0.001600
vn -0.707700 -0.706500 -0.004600
vn -0.709100 -0.705100 -0.005200
vn -0.380800 -0.924600 -0.004100
vn 0.011000 -0.111700 -0.993700
vn -0.706600 -0.707600 -0.004800
vn -0.707500 -0.706700 -0.004600
vn 0.193500 0.981100 0.003400
vn 0.193300 0.981100 0.003400
vn 0.556200 0.831000 0.004300
vn -0.706500 -0.707700 -0.004800
vn 0.052900 -0.098900 -0.993700
vn 0.555000 0.831800 0.004400
vn 0.554900 0.831900 0.004400
vn 0.553700 0.832700 0.004700
vn -0.924200 -0.381800 -0.004800
vn -0.925000 -0.380000 -0.005400
vn -0.923600 -0.383400 -0.005000
vn -0.922900 -0.385100 -0.005300
vn 0.086600 -0.071100 -0.993700
vn -0.924100 -0.382100 -0.004800
vn 0.831000 0.556200 0.005000
vn 0.830000 0.557700 0.005300
vn 0.832000 0.554800 0.004800
vn 0.832900 0.553400 0.005400
vn 0.831800 0.555000 0.004800
vn -1.000000 -0.002300 -0.004700
vn 0.107200 -0.032500 -0.993700
vn 0.831000 0.556300 0.005000
vn 0.980300 0.197500 0.005100
vn 0.980200 0.197800 0.005100
vn -0.193300 -0.981100 -0.003400
vn -0.553400 -0.832900 -0.004800
vn -0.980200 -0.197800 -0.005200
vn 0.980300 -0.197300 0.004200
vn -0.382400 0.924000 0.000500
vn -0.707700 0.706500 -0.001600
vn 0.981300 0.192400 0.005200
vn -0.924600 0.381000 -0.003400
vn 0.100000 0.053500 0.993600
vn 0.195900 -0.980600 -0.001600
vn -0.981200 0.192900 -0.004200
vn -0.832200 0.554400 -0.002600
vn 0.384700 0.923000 0.004200
vn 1.000000 -0.002500 0.004700
vn 0.923200 -0.384400 0.003400
vn 0.706500 -0.707700 0.001600
vn -0.380600 -0.924700 -0.004100
vn 0.557700 0.830000 0.004800
vn -0.922800 -0.385300 -0.005400
vn 0.833100 0.553100 0.005400
vn -1.000000 -0.002500 -0.004700
vn 0.040800 0.004000 0.999200
vn 0.039200 -0.011900 0.999200
vn -0.036100 -0.019300 0.999200
vn 0.031400 -0.025700 -0.999200
vn 0.382000 0.924200 0.003700
vn -0.556200 -0.831000 -0.004400
vn 0.555400 -0.831600 0.000500
vn -0.553700 -0.832700 -0.004700
vn -0.383000 0.923800 0.000500
vn 0.286800 -0.945300 0.155600
vn -0.980600 -0.195900 -0.004600
vn -0.980300 -0.197500 -0.005100
vn -0.707300 0.706900 -0.001400
vn 0.194400 -0.980900 -0.001600
vn 0.980900 -0.194400 0.003900
vn 0.980400 -0.197100 0.004100
vn -0.626800 0.763700 0.154800
vn -0.924500 0.381200 -0.003400
vn -0.276600 0.911700 0.303800
vn -0.417500 0.781000 0.464400
vn -0.457700 0.856200 0.239500
vn -0.831000 -0.556300 -0.004800
vn 0.194800 -0.980800 -0.001500
vn 0.924100 -0.382100 0.003100
vn -0.981300 -0.192600 -0.005100
vn -0.832200 0.554500 -0.002500
vn 0.382700 -0.923900 -0.000500
vn -0.833100 -0.553200 -0.005300
vn -0.112300 -0.011100 0.993600
vn 0.000400 -1.000000 -0.002300
vn -0.980400 0.197000 -0.004100
vn -0.194400 0.980900 0.001600
vn -0.383200 -0.923700 -0.003700
vn -0.708900 -0.705300 -0.005100
vn 0.557500 0.830200 0.004800
vn 0.556100 0.831100 0.004200
vn -0.705300 -0.708800 -0.005100
vn 0.553500 0.832900 0.004700
vn -0.924900 -0.380300 -0.005400
vn -0.923500 -0.383500 -0.005000
vn 0.086700 -0.071100 -0.993700
vn 0.829900 0.557900 0.005300
vn 0.830700 -0.556700 0.002500
vn 0.001300 1.000000 0.002500
vn -0.829800 -0.558000 -0.005400
vn 0.925000 0.380000 0.005300
vn 0.709100 0.705100 0.005100
vn -0.099100 -0.053000 -0.993700
vn 0.196900 0.980400 0.003400
vn 0.001300 -1.000000 -0.002500
vn -0.705100 -0.709000 -0.005100
usemtl SpacialRoverExploreralumWhite
f 7/1/24 5/2/24 8/3/24
f 44/4/19 39/5/19 47/6/19
f 4/7/16 45/8/16 3/9/16
f 6/10/14 2/11/14 5/12/14
f 2/11/19 44/4/19 42/13/19
f 3/14/15 40/15/15 6/16/15
f 9/17/16 3/9/16 10/18/16
f 7/19/17 3/14/17 6/16/17
f 7/1/25 12/20/26 13/21/26
f 14/22/17 7/19/17 13/23/17
f 11/24/16 10/18/16 14/25/16
f 16/26/27 76/27/27 18/28/27
f 18/28/15 15/29/15 16/26/15
f 20/30/14 17/31/14 72/32/14
f 12/20/26 72/33/14 13/21/26
f 14/22/17 72/34/17 73/35/17
f 14/25/16 19/36/16 11/24/16
f 29/37/17 35/38/17 22/39/17
f 28/40/16 24/41/16 25/42/16
f 27/43/17 22/39/17 24/44/17
f 25/42/28 23/45/28 21/46/28
f 26/47/29 22/39/29 23/45/29
f 27/43/30 30/48/30 29/37/30
f 28/49/31 75/50/31 30/48/31
f 18/28/15 21/46/15 17/51/15
f 33/52/14 37/53/14 38/54/14
f 22/39/29 33/55/29 23/45/29
f 17/31/1 31/56/1 72/32/1
f 75/50/31 36/57/31 30/48/31
f 23/45/28 34/58/28 21/46/28
f 72/59/19 38/60/19 75/50/19
f 30/48/30 37/61/30 29/37/30
f 21/46/15 32/62/15 17/51/15
f 6/10/18 39/63/18 1/64/18
f 45/8/16 41/65/16 3/9/16
f 41/66/17 47/67/17 39/63/17
f 43/68/10 44/4/10 45/69/10
f 45/69/10 47/6/10 46/70/10
f 75/50/19 73/71/19 72/59/19
f 79/72/16 76/27/16 77/73/16
f 73/74/17 76/27/17 78/75/17
f 73/76/19 79/72/19 19/77/19
f 7/1/24 6/78/24 5/2/24
f 44/4/19 1/64/19 39/5/19
f 4/7/16 43/79/16 45/8/16
f 6/10/14 1/64/14 2/11/14
f 2/11/19 1/64/19 44/4/19
f 3/14/15 41/80/15 40/15/15
f 9/17/16 4/7/16 3/9/16
f 7/19/17 10/81/17 3/14/17
f 7/1/25 8/3/25 12/20/26
f 14/22/17 10/81/17 7/19/17
f 11/24/16 9/17/16 10/18/16
f 16/26/27 77/73/27 76/27/27
f 18/28/15 17/51/15 15/29/15
f 20/30/14 15/82/14 17/31/14
f 12/20/26 20/83/14 72/33/14
f 14/22/17 13/23/17 72/34/17
f 14/25/16 73/84/16 19/36/16
f 29/37/17 37/61/17 35/38/17
f 25/42/16 18/28/16 73/85/16
f 73/85/16 74/86/16 28/40/16
f 28/40/16 27/87/16 24/41/16
f 24/41/16 26/88/16 25/42/16
f 25/42/16 73/85/16 28/40/16
f 27/43/17 29/37/17 22/39/17
f 25/42/28 26/47/28 23/45/28
f 26/47/29 24/44/29 22/39/29
f 27/43/30 28/49/30 30/48/30
f 28/49/31 74/89/31 75/50/31
f 18/28/15 25/42/15 21/46/15
f 38/54/14 31/56/14 32/90/14
f 32/90/14 34/91/14 33/52/14
f 33/52/14 35/92/14 37/53/14
f 37/53/14 36/93/14 38/54/14
f 38/54/14 32/90/14 33/52/14
f 22/39/29 35/38/29 33/55/29
f 17/31/1 32/90/1 31/56/1
f 75/50/31 38/60/31 36/57/31
f 23/45/28 33/55/28 34/58/28
f 72/59/19 31/94/19 38/60/19
f 30/48/30 36/57/30 37/61/30
f 21/46/15 34/58/15 32/62/15
f 6/10/18 40/95/18 39/63/18
f 45/8/16 46/96/16 41/65/16
f 39/63/17 40/95/17 41/66/17
f 41/66/17 46/97/17 47/67/17
f 43/68/10 42/13/10 44/4/10
f 45/69/10 44/4/10 47/6/10
f 75/50/19 74/89/19 73/71/19
f 79/72/16 78/75/16 76/27/16
f 73/74/17 18/98/17 76/27/17
f 73/76/19 78/75/19 79/72/19
f 86/141/40 80/142/40 83/143/40
f 89/144/41 85/145/41 84/146/41
f 83/143/42 87/147/42 86/141/42
f 88/148/43 82/149/43 85/145/43
f 88/150/1 81/151/1 87/152/1
f 93/153/44 90/154/45 91/155/44
f 84/146/46 92/156/45 89/144/46
f 80/142/47 93/153/47 91/155/47
f 80/157/17 90/158/17 84/146/17
f 80/157/17 82/159/17 83/160/17
f 85/161/17 80/157/17 84/146/17
f 82/159/17 80/157/17 85/161/17
f 87/152/1 81/151/1 86/162/1
f 81/151/1 88/150/1 89/144/1
f 92/156/1 81/151/1 89/144/1
f 86/141/40 81/321/40 80/142/40
f 89/144/41 88/148/41 85/145/41
f 83/143/42 82/149/42 87/147/42
f 88/148/43 87/147/43 82/149/43
f 93/153/44 92/322/45 90/154/45
f 84/146/46 90/158/45 92/156/45
f 80/142/47 81/321/47 93/153/47
f 80/157/17 91/323/17 90/158/17
f 92/156/1 93/324/1 81/151/1
f 203/99/1 205/100/1 131/101/1
f 120/102/17 216/103/17 218/104/17
f 129/105/17 130/106/17 213/107/17
f 128/108/48 131/109/49 123/110/49
f 124/111/50 304/112/51 303/113/50
f 126/114/51 132/115/52 304/112/51
f 132/115/53 123/110/49 131/109/49
f 264/116/54 129/117/55 127/118/54
f 135/119/55 130/120/56 129/117/55
f 134/121/57 128/108/48 130/120/57
f 120/122/58 247/123/59 122/124/58
f 239/125/33 248/126/60 241/127/60
f 122/124/1 308/128/1 245/129/1
f 121/130/61 238/131/62 119/132/61
f 119/133/17 307/134/17 242/135/17
f 245/136/62 240/137/63 238/131/62
f 246/138/64 239/125/33 240/137/64
f 248/126/60 243/139/65 241/127/60
f 249/140/66 242/135/59 243/139/66
f 254/141/16 118/142/16 251/143/16
f 257/144/67 253/145/67 252/146/67
f 251/143/10 255/147/10 254/141/10
f 256/148/68 250/149/68 253/145/68
f 256/150/17 223/151/17 255/152/17
f 261/153/69 258/154/70 259/155/69
f 252/146/71 260/156/72 257/144/71
f 118/142/73 261/153/73 259/155/73
f 118/157/1 258/158/1 252/146/1
f 118/157/1 250/159/1 251/160/1
f 253/161/1 118/157/1 252/146/1
f 250/159/1 118/157/1 253/161/1
f 255/152/17 223/151/17 254/162/17
f 223/151/17 256/150/17 257/144/17
f 260/156/17 223/151/17 257/144/17
f 219/163/17 123/164/17 125/165/17
f 125/165/17 126/166/17 219/163/17
f 124/111/17 219/163/17 126/166/17
f 128/167/17 219/163/17 215/168/17
f 213/107/17 127/169/17 129/105/17
f 213/107/17 130/106/17 128/167/17
f 131/101/1 209/170/1 132/171/1
f 132/171/1 209/170/1 304/172/1
f 301/173/1 133/174/1 134/175/1
f 135/176/1 264/177/1 301/173/1
f 134/175/1 135/176/1 301/173/1
f 209/170/1 303/113/1 304/172/1
f 242/135/17 307/134/17 243/178/17
f 243/178/17 307/134/17 241/179/17
f 241/179/17 307/134/17 239/180/17
f 240/181/17 307/134/17 238/182/17
f 239/180/17 307/134/17 240/181/17
f 245/129/1 308/128/1 246/183/1
f 248/184/1 308/128/1 249/185/1
f 249/185/1 308/128/1 247/123/1
f 246/183/1 308/128/1 244/186/1
f 244/186/1 308/128/1 248/184/1
f 119/187/74 225/188/75 121/189/74
f 120/102/17 224/190/17 119/191/17
f 224/190/75 303/113/50 225/188/75
f 127/192/54 122/124/76 264/193/54
f 122/194/1 206/195/1 204/196/1
f 225/188/1 122/194/1 121/197/1
f 327/198/1 329/199/1 321/200/1
f 310/201/17 340/202/17 342/203/17
f 319/204/17 320/205/17 337/206/17
f 318/207/48 321/208/49 313/209/49
f 314/210/50 367/211/51 366/212/50
f 316/213/51 322/214/52 367/211/51
f 322/214/53 313/209/49 321/208/49
f 363/215/54 319/216/55 317/217/54
f 325/218/55 320/219/56 319/216/55
f 324/220/57 318/207/48 320/219/57
f 310/221/58 358/222/59 312/223/58
f 350/224/33 359/225/60 352/226/60
f 312/223/1 371/227/1 356/228/1
f 311/229/61 349/230/62 309/231/61
f 309/232/17 370/233/17 353/234/17
f 356/235/62 351/236/63 349/230/62
f 357/237/64 350/224/33 351/236/64
f 359/225/60 354/238/65 352/226/60
f 360/239/66 353/234/59 354/238/66
f 343/240/17 313/241/17 315/242/17
f 315/242/17 316/243/17 343/240/17
f 314/210/17 343/240/17 316/243/17
f 318/244/17 343/240/17 339/245/17
f 337/206/17 317/246/17 319/204/17
f 337/206/17 320/205/17 318/244/17
f 321/200/1 333/247/1 322/248/1
f 322/248/1 333/247/1 367/249/1
f 364/250/1 323/251/1 324/252/1
f 325/253/1 363/254/1 364/250/1
f 324/252/1 325/253/1 364/250/1
f 333/247/1 366/212/1 367/249/1
f 353/234/17 370/233/17 354/255/17
f 354/255/17 370/233/17 352/256/17
f 352/256/17 370/233/17 350/257/17
f 351/258/17 370/233/17 349/259/17
f 350/257/17 370/233/17 351/258/17
f 356/228/1 371/227/1 357/260/1
f 359/261/1 371/227/1 360/262/1
f 360/262/1 371/227/1 358/222/1
f 357/260/1 371/227/1 355/263/1
f 355/263/1 371/227/1 359/261/1
f 309/264/74 348/265/75 311/266/74
f 310/201/17 347/267/17 309/268/17
f 347/267/75 366/212/50 348/265/75
f 317/269/54 312/223/76 363/270/54
f 312/271/1 330/272/1 328/273/1
f 348/265/1 312/271/1 311/274/1
f 382/275/36 395/276/2 381/277/2
f 375/278/77 390/279/78 389/280/79
f 375/278/77 376/281/80 390/279/78
f 382/275/36 383/282/81 396/283/82
f 376/281/80 391/284/83 390/279/78
f 383/282/81 397/285/84 396/283/82
f 376/281/80 392/286/85 391/284/83
f 383/282/81 384/287/86 397/285/84
f 384/287/86 398/288/87 397/285/84
f 378/289/88 392/286/85 377/290/9
f 384/287/86 385/291/89 398/288/87
f 372/292/33 388/293/90 387/294/33
f 378/289/88 379/295/91 393/296/92
f 372/292/33 373/297/93 388/293/90
f 385/291/89 399/298/94 398/288/87
f 379/295/91 394/299/95 393/296/92
f 379/295/91 380/300/35 394/299/95
f 374/301/96 388/293/90 373/297/93
f 372/292/33 399/302/94 386/303/97
f 381/277/2 394/299/95 380/300/35
f 374/301/96 375/278/77 389/280/79
f 388/304/1 392/305/1 396/306/1
f 382/307/17 378/308/17 374/309/17
f 131/101/1 133/174/1 301/173/1
f 131/101/1 301/173/1 203/99/1
f 205/100/1 209/170/1 131/101/1
f 220/310/17 219/163/17 124/111/17
f 127/169/17 213/107/17 210/311/17
f 127/169/17 210/311/17 211/312/17
f 221/313/17 220/310/17 124/111/17
f 221/313/17 124/111/17 224/190/17
f 120/102/17 127/169/17 211/312/17
f 120/102/17 211/312/17 212/314/17
f 221/313/17 224/190/17 120/102/17
f 222/315/98 221/313/17 120/102/17
f 120/102/17 212/314/17 217/316/17
f 120/102/17 217/316/17 216/103/17
f 218/104/17 222/315/98 120/102/17
f 128/108/48 133/317/48 131/109/49
f 124/111/50 126/114/51 304/112/51
f 126/114/51 125/318/52 132/115/52
f 132/115/53 125/318/53 123/110/49
f 264/116/54 135/119/55 129/117/55
f 135/119/55 134/121/56 130/120/56
f 134/121/57 133/317/48 128/108/48
f 120/122/58 242/135/59 247/123/59
f 239/125/33 244/319/33 248/126/60
f 245/129/1 121/320/1 122/124/1
f 122/124/1 247/123/1 308/128/1
f 121/130/61 245/136/62 238/131/62
f 242/135/17 120/122/17 119/133/17
f 119/133/17 238/182/17 307/134/17
f 245/136/62 246/138/63 240/137/63
f 246/138/64 244/319/33 239/125/33
f 248/126/60 249/140/65 243/139/65
f 249/140/66 247/123/59 242/135/59
f 254/141/16 223/321/16 118/142/16
f 257/144/67 256/148/67 253/145/67
f 251/143/10 250/149/10 255/147/10
f 256/148/68 255/147/68 250/149/68
f 261/153/69 260/322/72 258/154/70
f 252/146/71 258/158/70 260/156/72
f 118/142/73 223/321/73 261/153/73
f 118/157/1 259/323/1 258/158/1
f 260/156/17 261/324/17 223/151/17
f 214/325/17 213/107/17 128/167/17
f 128/167/17 123/164/17 219/163/17
f 215/168/17 214/325/17 128/167/17
f 119/187/74 224/190/75 225/188/75
f 224/190/75 124/111/50 303/113/50
f 127/192/54 120/122/76 122/124/76
f 263/326/1 301/173/1 264/177/1
f 303/113/1 209/170/1 207/327/1
f 303/113/1 207/327/1 306/328/1
f 305/329/1 263/326/1 264/177/1
f 202/330/1 305/329/1 264/177/1
f 225/188/1 303/113/1 306/328/1
f 225/188/1 306/328/1 208/331/1
f 202/330/1 264/177/1 122/194/1
f 262/332/1 202/330/1 122/194/1
f 122/194/1 225/188/1 208/331/1
f 122/194/1 208/331/1 302/333/1
f 204/196/1 262/332/1 122/194/1
f 122/194/1 302/333/1 206/195/1
f 321/200/1 323/251/1 364/250/1
f 321/200/1 364/250/1 327/198/1
f 329/199/1 333/247/1 321/200/1
f 344/334/17 343/240/17 314/210/17
f 317/246/17 337/206/17 334/335/17
f 317/246/17 334/335/17 335/336/17
f 345/337/17 344/334/17 314/210/17
f 345/337/17 314/210/17 347/267/17
f 310/201/17 317/246/17 335/336/17
f 310/201/17 335/336/17 336/338/17
f 345/337/17 347/267/17 310/201/17
f 346/339/98 345/337/17 310/201/17
f 310/201/17 336/338/17 341/340/17
f 310/201/17 341/340/17 340/202/17
f 342/203/17 346/339/98 310/201/17
f 318/207/48 323/341/48 321/208/49
f 314/210/50 316/213/51 367/211/51
f 316/213/51 315/342/52 322/214/52
f 322/214/53 315/342/53 313/209/49
f 363/215/54 325/218/55 319/216/55
f 325/218/55 324/220/56 320/219/56
f 324/220/57 323/341/48 318/207/48
f 310/221/58 353/234/59 358/222/59
f 350/224/33 355/343/33 359/225/60
f 356/228/1 311/344/1 312/223/1
f 312/223/1 358/222/1 371/227/1
f 311/229/61 356/235/62 349/230/62
f 353/234/17 310/221/17 309/232/17
f 309/232/17 349/259/17 370/233/17
f 356/235/62 357/237/63 351/236/63
f 357/237/64 355/343/33 350/224/33
f 359/225/60 360/239/65 354/238/65
f 360/239/66 358/222/59 353/234/59
f 338/345/17 337/206/17 318/244/17
f 318/244/17 313/241/17 343/240/17
f 339/245/17 338/345/17 318/244/17
f 309/264/74 347/267/75 348/265/75
f 347/267/75 314/210/50 366/212/50
f 317/269/54 310/221/76 312/223/76
f 362/346/1 364/250/1 363/254/1
f 366/212/1 333/247/1 331/347/1
f 366/212/1 331/347/1 369/348/1
f 368/349/1 362/346/1 363/254/1
f 326/350/1 368/349/1 363/254/1
f 348/265/1 366/212/1 369/348/1
f 348/265/1 369/348/1 332/351/1
f 326/350/1 363/254/1 312/271/1
f 361/352/1 326/350/1 312/271/1
f 312/271/1 348/265/1 332/351/1
f 312/271/1 332/351/1 365/353/1
f 328/273/1 361/352/1 312/271/1
f 312/271/1 365/353/1 330/272/1
f 382/275/36 396/283/82 395/276/2
f 376/281/80 377/290/9 392/286/85
f 378/289/88 393/296/92 392/286/85
f 385/291/89 386/354/97 399/298/94
f 374/301/96 389/280/79 388/293/90
f 372/292/33 387/294/33 399/302/94
f 381/277/2 395/276/2 394/299/95
f 399/355/1 387/356/1 388/304/1
f 388/304/1 389/357/1 390/358/1
f 390/358/1 391/359/1 392/305/1
f 392/305/1 393/360/1 394/361/1
f 394/361/1 395/362/1 396/306/1
f 396/306/1 397/363/1 398/364/1
f 398/364/1 399/355/1 388/304/1
f 388/304/1 390/358/1 392/305/1
f 392/305/1 394/361/1 396/306/1
f 396/306/1 398/364/1 388/304/1
f 373/365/17 372/366/17 386/367/17
f 386/367/17 385/368/17 384/369/17
f 384/369/17 383/370/17 382/307/17
f 382/307/17 381/371/17 380/372/17
f 380/372/17 379/373/17 378/308/17
f 378/308/17 377/374/17 376/375/17
f 376/375/17 375/376/17 374/309/17
f 374/309/17 373/365/17 386/367/17
f 386/367/17 384/369/17 382/307/17
f 382/307/17 380/372/17 378/308/17
f 378/308/17 376/375/17 374/309/17
f 374/309/17 386/367/17 382/307/17
usemtl SpacialRoverExploreralumGray
f 49/377/5 50/378/5 48/379/5
f 51/380/2 52/381/2 50/378/2
f 53/382/3 54/383/3 52/381/3
f 55/384/8 56/385/8 54/383/8
f 57/386/9 58/387/9 56/385/9
f 59/388/12 60/389/12 58/387/12
f 61/390/13 62/391/13 60/389/13
f 63/392/10 64/393/10 62/391/10
f 65/394/11 66/395/11 64/393/11
f 67/396/6 68/397/6 66/395/6
f 69/398/7 70/399/7 68/397/7
f 71/400/4 48/379/4 70/401/4
f 54/402/17 62/403/17 70/401/17
f 49/377/5 51/380/5 50/378/5
f 51/380/2 53/382/2 52/381/2
f 53/382/3 55/384/3 54/383/3
f 55/384/8 57/386/8 56/385/8
f 57/386/9 59/388/9 58/387/9
f 59/388/12 61/390/12 60/389/12
f 61/390/13 63/392/13 62/391/13
f 63/392/10 65/394/10 64/393/10
f 65/394/11 67/396/11 66/395/11
f 67/396/6 69/398/6 68/397/6
f 69/398/7 71/404/7 70/399/7
f 71/400/4 49/377/4 48/379/4
f 70/401/17 48/379/17 50/405/17
f 50/405/17 52/406/17 54/402/17
f 54/402/17 56/407/17 58/408/17
f 58/408/17 60/409/17 62/403/17
f 62/403/17 64/410/17 66/411/17
f 66/411/17 68/412/17 62/403/17
f 68/412/17 70/401/17 62/403/17
f 70/401/17 50/405/17 54/402/17
f 54/402/17 58/408/17 62/403/17
f 103/413/103 235/414/104 234/415/105
f 95/416/106 232/417/107 226/418/108
f 96/419/109 229/420/110 232/417/111
f 98/421/112 230/422/113 235/414/104
f 99/423/114 227/424/115 230/422/116
f 233/425/117 102/426/118 228/427/119
f 228/427/120 100/428/121 236/429/122
f 231/430/123 105/431/124 237/432/125
f 237/432/126 103/413/103 234/415/105
f 97/433/127 226/418/108 227/424/115
f 104/434/128 236/429/122 100/428/121
f 101/435/129 229/420/110 94/436/130
f 103/413/103 98/421/112 235/414/104
f 95/416/106 96/419/131 232/417/107
f 96/419/109 94/436/130 229/420/110
f 98/421/112 99/423/132 230/422/113
f 99/423/114 97/433/127 227/424/115
f 233/425/133 101/435/129 102/426/134
f 228/427/120 102/426/135 100/428/121
f 231/430/136 104/437/128 105/431/124
f 237/432/126 105/431/137 103/413/103
f 97/433/127 95/416/106 226/418/108
f 104/434/128 231/438/136 236/429/122
f 101/435/129 233/425/133 229/420/110
f 456/439/16 424/440/16 455/441/138
f 424/440/16 456/439/16 457/442/139
f 424/440/16 423/443/138 455/441/138
f 457/442/139 425/444/139 424/440/16
f 423/443/138 454/445/100 455/441/138
f 457/442/139 458/446/83 425/444/139
f 423/443/138 422/447/100 454/445/100
f 458/446/83 426/448/83 425/444/139
f 458/446/83 459/449/140 426/448/83
f 459/449/140 427/450/140 426/448/83
f 422/447/100 453/451/141 454/445/100
f 453/451/141 422/447/100 421/452/141
f 459/449/140 460/453/9 427/450/140
f 460/453/9 428/454/9 427/450/140
f 453/451/141 421/452/141 452/455/10
f 421/452/141 420/456/10 452/455/10
f 420/456/10 451/457/93 452/455/10
f 460/453/9 461/458/101 428/454/9
f 420/456/10 419/459/93 451/457/93
f 461/458/101 429/460/101 428/454/9
f 461/458/101 462/461/34 429/460/101
f 451/457/93 419/459/93 450/462/32
f 419/459/93 418/463/32 450/462/32
f 429/460/101 462/461/34 430/464/34
f 418/463/32 449/465/33 450/462/32
f 430/464/34 462/461/34 431/466/99
f 418/463/32 417/467/33 449/465/33
f 431/466/99 462/461/34 463/468/99
f 417/467/33 448/469/19 449/465/33
f 448/469/19 417/467/33 416/470/19
f 431/466/99 463/468/99 432/471/15
f 432/471/15 400/472/15 431/466/99
f 432/471/15 433/473/102 400/472/15
f 448/469/19 416/470/19 447/474/97
f 447/474/97 416/470/19 415/475/97
f 400/472/15 433/473/102 401/476/102
f 401/476/102 433/473/102 434/477/35
f 401/476/102 434/477/35 402/478/35
f 447/474/97 415/475/97 446/479/39
f 415/480/97 414/481/39 446/482/39
f 414/481/39 445/483/38 446/482/39
f 402/478/35 434/477/35 435/484/142
f 414/481/39 413/485/38 445/483/38
f 402/478/35 435/484/142 403/486/142
f 445/483/38 413/485/38 444/487/7
f 403/486/142 435/484/142 436/488/2
f 403/486/142 436/488/2 404/489/2
f 444/487/7 413/485/38 412/490/7
f 404/489/2 436/488/2 437/491/143
f 444/487/7 412/490/7 443/492/144
f 404/489/2 437/491/143 405/493/143
f 443/492/144 412/490/7 411/494/144
f 405/493/143 437/491/143 438/495/36
f 443/492/144 411/494/144 442/496/37
f 405/493/143 438/495/36 406/497/36
f 442/496/37 411/494/144 410/498/37
f 406/497/36 438/495/36 439/499/145
f 442/496/37 410/498/37 441/500/146
f 441/500/146 410/498/37 409/501/146
f 406/497/36 439/499/145 407/502/145
f 441/500/146 409/501/146 440/503/14
f 407/502/145 439/499/145 440/503/14
f 440/503/14 409/501/146 408/504/14
f 407/502/145 440/503/14 408/504/14
f 892/505/147 915/506/148 916/507/147
f 898/508/149 923/509/150 899/510/150
f 889/511/151 902/512/152 913/513/151
f 895/514/153 920/515/154 896/516/154
f 892/505/147 917/517/155 893/518/155
f 888/519/152 923/509/150 902/512/152
f 889/520/151 914/521/156 890/522/156
f 896/516/154 921/523/157 897/524/157
f 894/525/158 917/517/155 918/526/158
f 890/527/156 915/506/148 891/528/148
f 897/524/157 922/529/149 898/508/149
f 894/525/158 919/530/153 895/514/153
f 562/531/159 540/532/160 563/533/159
f 558/534/161 561/535/162 559/536/161
f 554/537/163 557/538/164 555/539/163
f 558/540/165 1018/541/166 556/542/165
f 550/543/167 553/544/168 551/545/167
f 546/546/169 549/547/170 547/548/169
f 542/549/171 545/550/172 543/551/171
f 584/552/7 587/553/173 585/554/173
f 580/555/11 583/556/174 581/557/174
f 576/558/13 579/559/175 577/560/175
f 573/561/176 574/562/9 575/563/176
f 568/564/3 571/565/177 569/566/177
f 564/567/178 566/568/5 567/569/178
f 882/570/179 575/571/176 885/572/179
f 866/573/180 583/574/174 869/575/180
f 560/576/181 1007/577/182 1010/578/182
f 1014/579/4 583/574/4 582/580/4
f 554/581/183 1026/582/184 552/583/183
f 546/584/185 1000/585/186 544/586/185
f 551/587/187 881/588/188 886/589/188
f 557/590/189 870/591/190 559/592/189
f 1003/593/4 569/594/4 854/595/4
f 990/596/6 840/597/6 841/598/6
f 989/599/6 841/598/6 842/600/6
f 996/601/191 568/564/192 1003/602/191
f 991/603/193 566/568/194 565/604/194
f 540/605/195 846/606/196 543/607/195
f 842/600/197 844/608/246 847/609/197
f 996/601/12 571/610/12 570/611/12
f 997/612/12 851/613/12 996/614/12
f 1002/615/4 854/595/4 855/616/4
f 1004/617/198 584/552/199 1009/618/198
f 998/619/247 1002/620/248 1001/621/200
f 854/595/201 571/610/177 851/613/201
f 547/622/202 853/623/203 848/624/203
f 849/625/204 855/616/249 850/626/249
f 1009/627/10 585/628/10 862/629/10
f 1010/630/10 860/631/10 861/632/10
f 1007/633/2 857/634/2 1006/635/2
f 1005/636/2 859/637/2 1004/638/2
f 1011/639/205 1005/640/206 1008/641/206
f 862/629/207 587/642/173 859/637/207
f 561/643/208 856/644/209 563/645/208
f 860/631/210 858/646/211 857/634/210
f 1012/647/212 1016/648/250 1019/649/251
f 864/650/213 868/651/214 871/652/252
f 1015/653/4 869/575/4 1014/654/4
f 1014/579/215 580/555/216 1017/655/215
f 1020/656/217 576/558/218 1025/657/217
f 1016/658/12 866/573/12 867/659/12
f 1025/660/8 577/661/8 878/662/8
f 1024/663/8 878/662/8 879/664/8
f 1020/656/6 579/665/6 578/666/6
f 1021/667/6 875/668/6 1020/669/6
f 1022/670/253 1024/671/254 1027/672/253
f 878/662/219 579/665/175 875/668/219
f 555/673/255 877/674/220 872/675/220
f 873/676/221 879/664/222 874/677/222
f 1031/678/2 573/679/2 882/570/2
f 1030/680/2 882/570/2 883/681/2
f 880/682/223 884/683/224 887/684/223
f 1031/685/225 574/562/226 572/686/226
f 550/687/227 1028/688/228 548/689/227
f 1029/690/229 1035/691/230 1030/692/230
f 699/693/22 541/694/160 562/531/159
f 698/695/22 676/696/14 699/697/22
f 697/698/231 562/531/159 560/699/162
f 696/700/231 699/697/22 697/701/231
f 695/702/232 560/699/162 558/534/161
f 686/703/3 705/704/3 687/705/3
f 693/706/233 558/534/161 556/707/164
f 692/708/233 695/709/232 693/710/233
f 691/711/23 556/707/164 554/537/163
f 690/712/23 693/710/233 691/713/23
f 689/714/234 554/537/163 552/715/168
f 688/716/234 691/713/23 689/717/234
f 687/718/235 552/715/168 550/543/167
f 680/719/1 700/720/1 678/721/1
f 548/722/170 687/718/235 550/543/167
f 685/723/236 686/724/235 687/725/235
f 683/726/15 548/722/170 546/546/169
f 683/727/15 684/728/236 685/723/236
f 681/729/237 546/546/169 544/730/172
f 680/731/237 683/727/15 681/732/237
f 679/733/238 544/730/172 542/549/171
f 697/734/5 710/735/5 696/736/5
f 676/737/14 542/738/171 541/694/160
f 677/739/14 679/740/238 676/737/14
f 708/741/6 711/742/6 709/743/6
f 704/744/12 707/745/12 705/746/12
f 700/720/2 703/747/2 701/748/2
f 697/734/17 709/749/17 711/750/17
f 681/751/9 702/752/9 680/753/9
f 694/754/1 710/755/1 708/741/1
f 689/756/17 705/704/17 707/757/17
f 694/754/13 709/749/13 695/758/13
f 689/756/11 706/759/11 688/760/11
f 688/760/1 704/744/1 686/761/1
f 678/721/7 701/762/7 679/763/7
f 679/763/17 703/764/17 681/751/17
f 988/765/6 842/600/6 843/766/6
f 998/619/12 850/626/12 997/767/12
f 999/768/12 849/625/12 998/769/12
f 1001/770/4 855/616/4 852/771/4
f 1000/772/4 852/771/4 853/773/4
f 1006/774/2 858/646/2 1005/640/2
f 1011/775/10 863/776/10 860/631/10
f 1008/777/10 862/629/10 863/776/10
f 1019/778/12 867/659/12 864/650/12
f 1018/779/12 864/650/12 865/780/12
f 1012/647/4 868/651/4 1015/781/4
f 1013/782/4 871/652/4 1012/783/4
f 1022/670/6 874/677/6 1021/784/6
f 1023/785/6 873/676/6 1022/786/6
f 1027/787/8 879/664/8 876/788/8
f 1026/789/8 876/788/8 877/674/8
f 1029/790/2 883/681/2 880/682/2
f 1028/791/2 880/682/2 881/588/2
f 842/600/197 846/606/196 843/766/196
f 845/792/239 841/598/246 840/597/239
f 849/625/204 853/773/203 852/771/204
f 851/613/201 855/616/249 854/595/201
f 857/634/210 861/632/209 860/631/210
f 859/637/207 863/776/211 862/629/207
f 871/652/252 865/780/190 864/650/213
f 869/575/180 867/659/256 866/573/180
f 873/676/221 877/674/220 876/788/221
f 878/662/219 874/677/222 879/664/222
f 887/684/223 881/588/188 880/682/223
f 885/572/179 883/681/224 882/570/179
f 840/597/239 567/793/178 845/792/239
f 899/794/22 677/739/14 698/795/22
f 898/796/240 698/795/22 696/797/231
f 897/798/19 696/797/231 694/799/232
f 896/800/233 694/799/232 692/801/233
f 895/802/23 692/801/233 690/803/23
f 894/804/16 690/803/23 688/805/234
f 893/806/21 688/805/234 686/807/235
f 684/808/236 893/806/21 686/807/235
f 891/809/15 684/808/236 682/810/15
f 890/522/241 682/810/15 680/811/237
f 889/520/20 680/811/237 678/812/238
f 888/813/14 678/814/238 677/739/14
f 408/815/17 926/816/17 955/817/17
f 422/818/17 954/819/17 421/820/17
f 407/821/17 955/817/17 953/822/17
f 421/820/17 952/823/17 420/824/17
f 406/825/17 953/822/17 951/826/17
f 420/824/17 950/827/17 419/828/17
f 405/829/17 951/826/17 949/830/17
f 418/831/17 950/827/17 948/832/17
f 431/833/17 936/834/17 947/835/17
f 404/836/17 949/830/17 946/837/17
f 418/831/17 945/838/17 417/839/17
f 430/840/17 947/835/17 944/841/17
f 403/842/17 946/837/17 943/843/17
f 417/839/17 942/844/17 416/845/17
f 430/840/17 941/846/17 429/847/17
f 402/848/17 943/843/17 940/849/17
f 416/845/17 939/850/17 415/851/17
f 429/847/17 938/852/17 428/853/17
f 401/854/17 940/849/17 937/855/17
f 415/851/17 935/856/17 414/857/17
f 428/853/17 934/858/17 427/859/17
f 401/854/17 936/834/17 400/860/17
f 413/861/17 935/856/17 933/862/17
f 427/859/17 932/863/17 426/864/17
f 412/865/17 933/862/17 931/866/17
f 426/864/17 930/867/17 425/868/17
f 411/869/17 931/866/17 929/870/17
f 425/868/17 928/871/17 424/872/17
f 410/873/17 929/870/17 927/874/17
f 424/872/17 925/875/17 423/876/17
f 409/877/17 927/874/17 926/816/17
f 423/876/17 924/878/17 422/818/17
f 433/879/1 987/880/1 956/881/1
f 434/882/1 956/881/1 957/883/1
f 434/882/1 958/884/1 435/885/1
f 435/885/1 959/886/1 436/887/1
f 436/887/1 960/888/1 437/889/1
f 437/889/1 961/890/1 438/891/1
f 438/891/1 962/892/1 439/893/1
f 439/893/1 963/894/1 440/895/1
f 440/895/1 964/896/1 441/897/1
f 441/897/1 965/898/1 442/899/1
f 442/899/1 966/900/1 443/901/1
f 443/901/1 967/902/1 444/903/1
f 444/903/1 968/904/1 445/905/1
f 445/905/1 969/906/1 446/907/1
f 446/907/1 970/908/1 447/909/1
f 447/909/1 971/910/1 448/911/1
f 448/911/1 972/912/1 449/913/1
f 449/913/1 973/914/1 450/915/1
f 450/915/1 974/916/1 451/917/1
f 452/918/1 974/916/1 975/919/1
f 453/920/1 975/919/1 976/921/1
f 454/922/1 976/921/1 977/923/1
f 455/924/1 977/923/1 978/925/1
f 456/926/1 978/925/1 979/927/1
f 457/928/1 979/927/1 980/929/1
f 458/930/1 980/929/1 981/931/1
f 459/932/1 981/931/1 982/933/1
f 460/934/1 982/933/1 983/935/1
f 461/936/1 983/935/1 984/937/1
f 462/938/1 984/937/1 985/939/1
f 463/940/1 985/939/1 986/941/1
f 432/942/1 986/941/1 987/880/1
f 988/765/6 540/605/6 541/943/6
f 543/607/8 993/944/8 542/945/8
f 547/946/12 999/947/12 546/584/12
f 545/948/4 1000/949/4 853/773/4
f 991/950/6 564/951/6 840/597/6
f 563/645/2 1007/577/2 562/952/2
f 561/643/10 1010/953/10 861/632/10
f 559/592/4 1013/954/4 558/540/4
f 557/590/12 1018/955/12 865/780/12
f 555/673/6 1023/956/6 554/581/6
f 553/957/8 1026/958/8 877/674/8
f 549/959/2 1028/960/2 881/588/2
f 551/587/10 1033/961/10 550/687/10
f 991/962/193 995/963/242 994/964/193
f 1001/965/200 999/768/186 998/769/247
f 1003/966/191 997/612/248 996/614/191
f 1011/967/205 1007/633/182 1006/635/205
f 1009/968/198 1005/636/206 1004/638/198
f 1012/783/212 1018/969/166 1013/782/166
f 1017/970/215 1015/653/250 1014/654/215
f 1027/971/253 1023/785/184 1022/786/253
f 1020/669/217 1024/972/254 1021/667/254
f 1032/973/229 1028/974/228 1033/975/228
f 1034/976/225 1030/977/230 1035/978/230
f 542/945/243 988/979/244 541/980/243
f 1004/617/2 587/642/2 586/981/2
f 993/982/8 847/609/8 992/983/8
f 992/984/8 844/608/8 995/985/8
f 995/963/8 845/792/8 994/964/8
f 994/986/8 567/793/8 566/568/8
f 1017/987/12 581/988/12 866/573/12
f 993/982/244 989/989/257 988/990/244
f 990/991/258 992/984/245 995/985/242
f 1033/975/10 887/684/10 1032/973/10
f 1032/992/10 884/683/10 1035/691/10
f 1035/978/10 885/572/10 1034/976/10
f 1034/993/10 575/571/10 574/562/10
f 892/505/147 891/528/148 915/506/148
f 898/508/149 922/529/149 923/509/150
f 889/511/151 888/519/152 902/512/152
f 895/514/153 919/530/153 920/515/154
f 892/505/147 916/507/147 917/517/155
f 888/519/152 899/510/150 923/509/150
f 889/520/151 913/994/151 914/521/156
f 896/516/154 920/515/154 921/523/157
f 894/525/158 893/518/155 917/517/155
f 890/527/156 914/995/156 915/506/148
f 897/524/157 921/523/157 922/529/149
f 894/525/158 918/526/158 919/530/153
f 562/531/159 541/694/160 540/532/160
f 558/534/161 560/699/162 561/535/162
f 554/537/163 556/707/164 557/538/164
f 558/540/165 1013/954/166 1018/541/166
f 550/543/167 552/715/168 553/544/168
f 546/546/169 548/722/170 549/547/170
f 542/549/171 544/730/172 545/550/172
f 584/552/7 586/981/7 587/553/173
f 580/555/11 582/580/11 583/556/174
f 576/558/13 578/666/13 579/559/175
f 573/561/176 572/686/9 574/562/9
f 568/564/3 570/611/3 571/565/177
f 564/567/178 565/604/5 566/568/5
f 882/570/179 573/679/176 575/571/176
f 866/573/180 581/988/174 583/574/174
f 560/576/181 562/952/259 1007/577/182
f 1014/579/4 869/575/4 583/574/4
f 554/581/183 1023/956/184 1026/582/184
f 546/584/185 999/947/186 1000/585/186
f 551/587/187 549/959/187 881/588/188
f 557/590/189 865/780/190 870/591/190
f 1003/593/4 568/996/4 569/594/4
f 990/596/6 991/997/6 840/597/6
f 989/599/6 990/998/6 841/598/6
f 996/601/191 570/611/192 568/564/192
f 991/603/193 994/986/193 566/568/194
f 540/605/195 843/766/196 846/606/196
f 842/600/197 841/598/246 844/608/246
f 996/601/12 851/613/12 571/610/12
f 997/612/12 850/626/12 851/613/12
f 1002/615/4 1003/999/4 854/595/4
f 1004/617/198 586/981/199 584/552/199
f 998/619/247 997/767/248 1002/620/248
f 854/595/201 569/594/177 571/610/177
f 547/622/202 545/1000/202 853/623/203
f 849/625/204 852/771/204 855/616/249
f 1009/627/10 584/1001/10 585/628/10
f 1010/630/10 1011/1002/10 860/631/10
f 1007/633/2 856/644/2 857/634/2
f 1005/636/2 858/646/2 859/637/2
f 1011/639/205 1006/774/205 1005/640/206
f 862/629/207 585/628/173 587/642/173
f 561/643/208 861/632/209 856/644/209
f 860/631/210 863/776/211 858/646/211
f 1012/647/212 1015/781/250 1016/648/250
f 864/650/213 867/659/256 868/651/214
f 1015/653/4 868/651/4 869/575/4
f 1014/579/215 582/580/216 580/555/216
f 1020/656/217 578/666/218 576/558/218
f 1016/658/12 1017/1003/12 866/573/12
f 1025/660/8 576/1004/8 577/661/8
f 1024/663/8 1025/1005/8 878/662/8
f 1020/656/6 875/668/6 579/665/6
f 1021/667/6 874/677/6 875/668/6
f 1022/670/253 1021/784/254 1024/671/254
f 878/662/219 577/661/175 579/665/175
f 555/673/255 553/957/255 877/674/220
f 873/676/221 876/788/221 879/664/222
f 1031/678/2 572/1006/2 573/679/2
f 1030/680/2 1031/1007/2 882/570/2
f 880/682/223 883/681/224 884/683/224
f 1031/685/225 1034/993/225 574/562/226
f 550/687/227 1033/961/228 1028/688/228
f 1029/690/229 1032/992/229 1035/691/230
f 699/693/22 676/737/14 541/694/160
f 698/695/22 677/1008/14 676/696/14
f 697/698/231 699/693/22 562/531/159
f 696/700/231 698/695/22 699/697/22
f 695/702/232 697/698/231 560/699/162
f 686/703/3 704/1009/3 705/704/3
f 693/706/233 695/702/232 558/534/161
f 692/708/233 694/1010/232 695/709/232
f 691/711/23 693/706/233 556/707/164
f 690/712/23 692/708/233 693/710/233
f 689/714/234 691/711/23 554/537/163
f 688/716/234 690/712/23 691/713/23
f 687/718/235 689/714/234 552/715/168
f 680/719/1 702/1011/1 700/720/1
f 548/722/170 685/1012/236 687/718/235
f 685/723/236 684/728/236 686/724/235
f 683/726/15 685/1012/236 548/722/170
f 683/727/15 682/1013/15 684/728/236
f 681/729/237 683/726/15 546/546/169
f 680/731/237 682/1013/15 683/727/15
f 679/733/238 681/729/237 544/730/172
f 697/734/5 711/750/5 710/735/5
f 676/737/14 679/740/238 542/738/171
f 677/739/14 678/814/238 679/740/238
f 708/741/6 710/755/6 711/742/6
f 704/744/12 706/759/12 707/745/12
f 700/720/2 702/1011/2 703/747/2
f 697/734/17 695/758/17 709/749/17
f 681/751/9 703/764/9 702/752/9
f 694/754/1 696/1014/1 710/755/1
f 689/756/17 687/705/17 705/704/17
f 694/754/13 708/741/13 709/749/13
f 689/756/11 707/757/11 706/759/11
f 688/760/1 706/759/1 704/744/1
f 678/721/7 700/720/7 701/762/7
f 679/763/17 701/762/17 703/764/17
f 988/765/6 989/1015/6 842/600/6
f 998/619/12 849/625/12 850/626/12
f 999/768/12 848/1016/12 849/625/12
f 1001/770/4 1002/1017/4 855/616/4
f 1000/772/4 1001/1018/4 852/771/4
f 1006/774/2 857/634/2 858/646/2
f 1011/775/10 1008/1019/10 863/776/10
f 1008/777/10 1009/1020/10 862/629/10
f 1019/778/12 1016/1021/12 867/659/12
f 1018/779/12 1019/1022/12 864/650/12
f 1012/647/4 871/652/4 868/651/4
f 1013/782/4 870/591/4 871/652/4
f 1022/670/6 873/676/6 874/677/6
f 1023/785/6 872/675/6 873/676/6
f 1027/787/8 1024/1023/8 879/664/8
f 1026/789/8 1027/1024/8 876/788/8
f 1029/790/2 1030/1025/2 883/681/2
f 1028/791/2 1029/1026/2 880/682/2
f 842/600/197 847/609/197 846/606/196
f 845/792/239 844/608/246 841/598/246
f 849/625/204 848/1016/203 853/773/203
f 851/613/201 850/626/249 855/616/249
f 857/634/210 856/644/209 861/632/209
f 859/637/207 858/646/211 863/776/211
f 871/652/252 870/591/190 865/780/190
f 869/575/180 868/651/214 867/659/256
f 873/676/221 872/675/220 877/674/220
f 878/662/219 875/668/219 874/677/222
f 887/684/223 886/589/188 881/588/188
f 885/572/179 884/683/224 883/681/224
f 840/597/239 564/951/178 567/793/178
f 899/794/22 888/813/14 677/739/14
f 898/796/240 899/794/22 698/795/22
f 897/798/19 898/796/240 696/797/231
f 896/800/233 897/798/19 694/799/232
f 895/802/23 896/800/233 692/801/233
f 894/804/16 895/802/23 690/803/23
f 893/806/21 894/804/16 688/805/234
f 684/808/236 892/1027/236 893/806/21
f 891/809/15 892/1027/236 684/808/236
f 890/522/241 891/809/15 682/810/15
f 889/520/20 890/522/241 680/811/237
f 888/813/14 889/1028/20 678/814/238
f 408/815/17 409/877/17 926/816/17
f 422/818/17 924/878/17 954/819/17
f 407/821/17 408/815/17 955/817/17
f 421/820/17 954/819/17 952/823/17
f 406/825/17 407/821/17 953/822/17
f 420/824/17 952/823/17 950/827/17
f 405/829/17 406/825/17 951/826/17
f 418/831/17 419/828/17 950/827/17
f 431/833/17 400/860/17 936/834/17
f 404/836/17 405/829/17 949/830/17
f 418/831/17 948/832/17 945/838/17
f 430/840/17 431/833/17 947/835/17
f 403/842/17 404/836/17 946/837/17
f 417/839/17 945/838/17 942/844/17
f 430/840/17 944/841/17 941/846/17
f 402/848/17 403/842/17 943/843/17
f 416/845/17 942/844/17 939/850/17
f 429/847/17 941/846/17 938/852/17
f 401/854/17 402/848/17 940/849/17
f 415/851/17 939/850/17 935/856/17
f 428/853/17 938/852/17 934/858/17
f 401/854/17 937/855/17 936/834/17
f 413/861/17 414/857/17 935/856/17
f 427/859/17 934/858/17 932/863/17
f 412/865/17 413/861/17 933/862/17
f 426/864/17 932/863/17 930/867/17
f 411/869/17 412/865/17 931/866/17
f 425/868/17 930/867/17 928/871/17
f 410/873/17 411/869/17 929/870/17
f 424/872/17 928/871/17 925/875/17
f 409/877/17 410/873/17 927/874/17
f 423/876/17 925/875/17 924/878/17
f 433/879/1 432/942/1 987/880/1
f 434/882/1 433/879/1 956/881/1
f 434/882/1 957/883/1 958/884/1
f 435/885/1 958/884/1 959/886/1
f 436/887/1 959/886/1 960/888/1
f 437/889/1 960/888/1 961/890/1
f 438/891/1 961/890/1 962/892/1
f 439/893/1 962/892/1 963/894/1
f 440/895/1 963/894/1 964/896/1
f 441/897/1 964/896/1 965/898/1
f 442/899/1 965/898/1 966/900/1
f 443/901/1 966/900/1 967/902/1
f 444/903/1 967/902/1 968/904/1
f 445/905/1 968/904/1 969/906/1
f 446/907/1 969/906/1 970/908/1
f 447/909/1 970/908/1 971/910/1
f 448/911/1 971/910/1 972/912/1
f 449/913/1 972/912/1 973/914/1
f 450/915/1 973/914/1 974/916/1
f 452/918/1 451/917/1 974/916/1
f 453/920/1 452/918/1 975/919/1
f 454/922/1 453/920/1 976/921/1
f 455/924/1 454/922/1 977/923/1
f 456/926/1 455/924/1 978/925/1
f 457/928/1 456/926/1 979/927/1
f 458/930/1 457/928/1 980/929/1
f 459/932/1 458/930/1 981/931/1
f 460/934/1 459/932/1 982/933/1
f 461/936/1 460/934/1 983/935/1
f 462/938/1 461/936/1 984/937/1
f 463/940/1 462/938/1 985/939/1
f 432/942/1 463/940/1 986/941/1
f 988/765/6 843/766/6 540/605/6
f 543/607/8 846/606/8 993/944/8
f 547/946/12 848/1016/12 999/947/12
f 545/948/4 544/1029/4 1000/949/4
f 991/950/6 565/1030/6 564/951/6
f 563/645/2 856/644/2 1007/577/2
f 561/643/10 560/1031/10 1010/953/10
f 559/592/4 870/591/4 1013/954/4
f 557/590/12 556/1032/12 1018/955/12
f 555/673/6 872/675/6 1023/956/6
f 553/957/8 552/1033/8 1026/958/8
f 549/959/2 548/1034/2 1028/960/2
f 551/587/10 886/589/10 1033/961/10
f 991/962/193 990/1035/258 995/963/242
f 1001/965/200 1000/1036/186 999/768/186
f 1003/966/191 1002/1037/248 997/612/248
f 1011/967/205 1010/1038/182 1007/633/182
f 1009/968/198 1008/1039/206 1005/636/206
f 1012/783/212 1019/1040/251 1018/969/166
f 1017/970/215 1016/1041/250 1015/653/250
f 1027/971/253 1026/1042/184 1023/785/184
f 1020/669/217 1025/1043/217 1024/972/254
f 1032/973/229 1029/1044/229 1028/974/228
f 1034/976/225 1031/1045/225 1030/977/230
f 542/945/243 993/944/244 988/979/244
f 1004/617/2 859/637/2 587/642/2
f 993/982/8 846/606/8 847/609/8
f 992/984/8 847/609/8 844/608/8
f 995/963/8 844/608/8 845/792/8
f 994/986/8 845/792/8 567/793/8
f 1017/987/12 580/1046/12 581/988/12
f 993/982/244 992/983/245 989/989/257
f 990/991/258 989/1047/257 992/984/245
f 1033/975/10 886/589/10 887/684/10
f 1032/992/10 887/684/10 884/683/10
f 1035/978/10 884/683/10 885/572/10
f 1034/993/10 885/572/10 575/571/10
usemtl SpacialRoverExploreralumBlack
f 233/1048/260 269/1049/261 229/1050/262
f 237/1051/263 277/1052/264 231/1053/265
f 230/1054/266 280/1055/267 267/1056/268
f 236/1057/269 277/1058/264 273/1059/270
f 270/1060/271 284/1061/272 266/1062/273
f 272/1063/274 285/1064/275 271/1065/276
f 273/1066/277 283/1067/278 272/1063/278
f 279/1068/279 266/1062/280 265/1069/281
f 268/1070/282 288/1071/283 282/1072/284
f 267/1073/285 274/1074/286 286/1075/285
f 277/1076/287 281/1077/288 273/1066/289
f 282/1072/290 276/1078/291 278/1079/291
f 268/1070/282 286/1075/292 287/1080/293
f 280/1081/294 265/1069/281 274/1074/286
f 271/1065/276 284/1061/272 269/1082/295
f 278/1079/296 275/1083/297 277/1084/287
f 228/1085/298 271/1086/299 233/1048/260
f 228/1085/298 273/1059/270 272/1087/300
f 232/1088/301 279/1089/302 226/1090/303
f 230/1054/266 268/1091/304 235/1092/305
f 234/1093/306 268/1091/304 282/1094/307
f 237/1051/263 282/1094/307 278/1095/308
f 226/1090/303 280/1055/267 227/1096/309
f 232/1088/301 269/1049/261 270/1097/310
f 233/1048/260 271/1086/299 269/1049/261
f 237/1051/263 278/1095/308 277/1052/264
f 230/1054/266 227/1096/309 280/1055/267
f 236/1057/269 231/1098/265 277/1058/264
f 270/1060/271 269/1082/295 284/1061/272
f 272/1063/274 283/1067/311 285/1064/275
f 273/1066/289 281/1077/288 283/1067/278
f 279/1068/279 270/1060/280 266/1062/280
f 268/1070/282 287/1080/293 288/1071/283
f 267/1073/285 280/1081/294 274/1074/286
f 277/1076/287 275/1099/297 281/1077/288
f 282/1072/284 288/1071/283 276/1078/312
f 268/1070/282 267/1073/292 286/1075/292
f 280/1081/294 279/1068/279 265/1069/281
f 271/1065/276 285/1064/275 284/1061/272
f 278/1079/296 276/1078/296 275/1083/297
f 228/1085/298 272/1087/300 271/1086/299
f 228/1085/298 236/1057/269 273/1059/270
f 232/1088/301 270/1097/310 279/1089/302
f 230/1054/266 267/1056/268 268/1091/304
f 234/1093/306 235/1092/305 268/1091/304
f 237/1051/263 234/1093/306 282/1094/307
f 226/1090/303 279/1089/302 280/1055/267
f 232/1088/301 229/1050/262 269/1049/261
usemtl SpacialRoverExploreralumGrayDeep
f 299/1100/93 113/1101/141 115/1102/141
f 115/1103/1 116/1104/1 167/1105/1
f 116/1106/140 107/1107/101 109/1108/101
f 116/1104/1 162/1109/1 161/1110/1
f 106/1111/17 187/1112/17 201/1113/17
f 113/1114/17 295/1115/17 172/1116/17
f 107/1117/101 111/1118/34 109/1119/101
f 108/1120/35 110/1121/142 111/1118/35
f 116/1106/140 114/1122/83 112/1123/140
f 117/1124/100 113/1101/141 114/1122/100
f 293/1125/144 296/1126/38 298/1127/38
f 110/1128/1 292/1129/1 154/1130/1
f 111/1131/1 158/1132/1 109/1133/1
f 111/1131/1 157/1134/1 159/1135/1
f 293/1125/144 291/1136/37 289/1137/144
f 294/1138/36 290/1139/143 291/1136/36
f 299/1100/93 297/1140/32 295/1141/93
f 300/1142/39 296/1126/38 297/1140/39
f 290/1139/143 110/1121/142 106/1143/142
f 107/1144/17 189/1145/17 191/1146/17
f 107/1144/17 187/1112/17 108/1147/17
f 190/1148/17 112/1149/17 114/1150/17
f 113/1114/17 192/1151/17 193/1152/17
f 297/1153/17 200/1154/17 199/1155/17
f 297/1153/17 196/1156/17 295/1115/17
f 291/1157/17 178/1158/17 180/1159/17
f 299/1160/1 145/1161/1 144/1162/1
f 299/1160/1 141/1163/1 300/1164/1
f 141/1163/1 298/1165/1 300/1164/1
f 165/1166/1 294/1167/1 293/1168/1
f 298/1165/1 137/1169/1 136/1170/313
f 164/1171/1 294/1167/1 165/1166/1
f 299/1100/93 295/1141/93 113/1101/141
f 168/1172/1 150/1173/1 115/1103/1
f 115/1103/1 117/1174/1 116/1104/1
f 116/1104/1 166/1175/1 167/1105/1
f 167/1105/1 168/1172/1 115/1103/1
f 116/1106/140 112/1123/140 107/1107/101
f 160/1176/1 166/1175/1 116/1104/1
f 116/1104/1 109/1133/1 158/1132/1
f 116/1104/1 158/1132/1 162/1109/1
f 161/1110/1 160/1176/1 116/1104/1
f 198/1177/17 197/1178/17 106/1111/17
f 106/1111/17 108/1147/17 187/1112/17
f 201/1113/17 198/1177/17 106/1111/17
f 170/1179/314 169/1180/315 113/1114/17
f 295/1115/17 196/1156/17 195/1181/17
f 295/1115/17 195/1181/17 194/1182/17
f 173/1183/17 170/1179/314 113/1114/17
f 171/1184/17 173/1183/17 113/1114/17
f 295/1115/17 194/1182/17 172/1116/17
f 172/1116/17 171/1184/17 113/1114/17
f 107/1117/101 108/1120/34 111/1118/34
f 108/1120/35 106/1143/142 110/1121/142
f 116/1106/140 117/1124/83 114/1122/83
f 117/1124/100 115/1102/141 113/1101/141
f 293/1125/144 289/1137/144 296/1126/38
f 155/1185/1 157/1134/1 110/1128/1
f 292/1129/1 164/1171/1 163/1186/1
f 292/1129/1 163/1186/1 156/1187/1
f 153/1188/1 155/1185/1 110/1128/1
f 152/1189/1 153/1188/1 110/1128/1
f 292/1129/1 156/1187/1 154/1130/1
f 154/1130/1 152/1189/1 110/1128/1
f 159/1135/1 158/1132/1 111/1131/1
f 111/1131/1 110/1128/1 157/1134/1
f 293/1125/144 294/1138/37 291/1136/37
f 294/1138/36 292/1190/143 290/1139/143
f 299/1100/93 300/1142/32 297/1140/32
f 300/1142/39 298/1127/38 296/1126/38
f 290/1139/143 292/1190/143 110/1121/142
f 188/1191/17 187/1112/17 107/1144/17
f 107/1144/17 112/1149/17 190/1148/17
f 107/1144/17 190/1148/17 189/1145/17
f 191/1146/17 188/1191/17 107/1144/17
f 190/1148/17 114/1150/17 113/1114/17
f 113/1114/17 169/1180/315 192/1151/17
f 193/1152/17 190/1148/17 113/1114/17
f 199/1155/17 196/1156/17 297/1153/17
f 297/1153/17 296/1192/17 200/1154/17
f 185/1193/17 200/1154/17 296/1192/17
f 296/1192/17 289/1194/17 291/1157/17
f 291/1157/17 290/1195/17 106/1111/17
f 106/1111/17 197/1178/17 179/1196/17
f 106/1111/17 179/1196/17 177/1197/17
f 185/1193/17 296/1192/17 291/1157/17
f 184/1198/17 185/1193/17 291/1157/17
f 106/1111/17 177/1197/17 175/1199/17
f 106/1111/17 175/1199/17 174/1200/17
f 186/1201/17 184/1198/17 291/1157/17
f 182/1202/17 186/1201/17 291/1157/17
f 291/1157/17 106/1111/17 174/1200/17
f 291/1157/17 174/1200/17 176/1203/316
f 183/1204/17 182/1202/17 291/1157/17
f 181/1205/17 183/1204/17 291/1157/17
f 291/1157/17 176/1203/316 178/1158/17
f 180/1159/17 181/1205/17 291/1157/17
f 140/1206/1 141/1163/1 299/1160/1
f 115/1103/1 150/1173/1 147/1207/1
f 115/1103/1 147/1207/1 142/1208/1
f 151/1209/1 140/1206/1 299/1160/1
f 143/1210/1 151/1209/1 299/1160/1
f 115/1103/1 142/1208/1 148/1211/1
f 115/1103/1 148/1211/1 145/1161/1
f 149/1212/1 143/1210/1 299/1160/1
f 146/1213/1 149/1212/1 299/1160/1
f 299/1160/1 115/1103/1 145/1161/1
f 144/1162/1 146/1213/1 299/1160/1
f 165/1166/1 293/1168/1 298/1165/1
f 298/1165/1 141/1163/1 139/1214/1
f 298/1165/1 139/1214/1 138/1215/1
f 136/1170/313 165/1166/1 298/1165/1
f 298/1165/1 138/1215/1 137/1169/1
f 164/1171/1 292/1129/1 294/1167/1
f 535/1216/20 606/1217/14 534/1218/14
f 563/533/159 588/1219/14 599/1220/22
f 598/1221/240 563/533/159 599/1220/22
f 559/536/161 598/1221/240 597/1222/19
f 557/538/164 597/1222/19 596/1223/233
f 555/539/163 596/1223/233 595/1224/23
f 553/544/168 595/1224/23 594/1225/16
f 551/545/167 594/1225/16 593/1226/21
f 592/1227/236 551/545/167 593/1226/21
f 591/1228/15 549/547/170 592/1227/236
f 545/550/172 591/1228/15 590/1229/241
f 543/551/171 590/1229/241 589/1230/20
f 540/532/160 589/1231/20 588/1219/14
f 528/1232/17 589/1233/17 529/1234/17
f 529/1234/17 590/1235/17 530/1236/17
f 530/1236/17 591/1237/17 531/1238/17
f 532/1239/17 591/1237/17 592/1240/17
f 532/1239/17 593/1241/17 533/1242/17
f 534/1243/17 593/1241/17 594/1244/17
f 534/1243/17 595/1245/17 535/1246/17
f 536/1247/17 595/1245/17 596/1248/17
f 536/1247/17 597/1249/17 537/1250/17
f 537/1250/17 598/1251/17 538/1252/17
f 538/1252/17 599/1253/17 539/1254/17
f 528/1232/17 599/1253/17 588/1255/17
f 603/1256/17 607/1257/17 611/1258/17
f 532/1259/240 603/1260/19 531/1261/19
f 539/1262/21 610/1263/236 538/1264/236
f 529/1265/23 600/1266/16 528/1267/16
f 536/1268/241 607/1269/20 535/1216/20
f 532/1259/240 605/1270/22 604/1271/240
f 528/1267/16 611/1272/21 539/1262/21
f 530/1273/233 601/1274/23 529/1275/23
f 537/1276/15 608/1277/241 536/1268/241
f 534/1218/14 605/1270/22 533/1278/22
f 531/1261/19 602/1279/233 530/1273/233
f 538/1264/236 609/1280/15 537/1276/15
f 901/1281/14 913/1282/20 902/1283/14
f 900/1284/20 914/521/241 913/994/20
f 903/1285/241 915/1286/15 914/521/241
f 904/1287/15 916/1288/236 915/1286/15
f 916/1288/236 906/1289/21 917/1290/21
f 906/1289/21 918/1291/16 917/1290/21
f 907/1292/16 919/1293/23 918/1291/16
f 908/1294/23 920/1295/233 919/1293/23
f 909/1296/233 921/1297/19 920/1295/233
f 910/1298/19 922/1299/240 921/1297/19
f 911/1300/1 907/1301/1 903/1285/1
f 911/1302/240 923/1303/22 922/1299/240
f 912/1304/22 902/1283/14 923/1303/22
f 535/1216/20 607/1269/20 606/1217/14
f 563/533/159 540/532/160 588/1219/14
f 598/1221/240 561/535/162 563/533/159
f 559/536/161 561/535/162 598/1221/240
f 557/538/164 559/536/161 597/1222/19
f 555/539/163 557/538/164 596/1223/233
f 553/544/168 555/539/163 595/1224/23
f 551/545/167 553/544/168 594/1225/16
f 592/1227/236 549/547/170 551/545/167
f 591/1228/15 547/548/169 549/547/170
f 545/550/172 547/548/169 591/1228/15
f 543/551/171 545/550/172 590/1229/241
f 540/532/160 543/1305/171 589/1231/20
f 528/1232/17 588/1255/17 589/1233/17
f 529/1234/17 589/1233/17 590/1235/17
f 530/1236/17 590/1235/17 591/1237/17
f 532/1239/17 531/1238/17 591/1237/17
f 532/1239/17 592/1240/17 593/1241/17
f 534/1243/17 533/1242/17 593/1241/17
f 534/1243/17 594/1244/17 595/1245/17
f 536/1247/17 535/1246/17 595/1245/17
f 536/1247/17 596/1248/17 597/1249/17
f 537/1250/17 597/1249/17 598/1251/17
f 538/1252/17 598/1251/17 599/1253/17
f 528/1232/17 539/1254/17 599/1253/17
f 611/1258/17 600/1306/17 601/1307/17
f 601/1307/17 602/1308/17 603/1256/17
f 603/1256/17 604/1309/17 605/1310/17
f 605/1310/17 606/1311/17 607/1257/17
f 607/1257/17 608/1312/17 609/1313/17
f 609/1313/17 610/1314/17 611/1258/17
f 611/1258/17 601/1307/17 603/1256/17
f 603/1256/17 605/1310/17 607/1257/17
f 607/1257/17 609/1313/17 611/1258/17
f 532/1259/240 604/1271/240 603/1260/19
f 539/1262/21 611/1272/21 610/1263/236
f 529/1265/23 601/1315/23 600/1266/16
f 536/1268/241 608/1277/241 607/1269/20
f 532/1259/240 533/1278/22 605/1270/22
f 528/1267/16 600/1266/16 611/1272/21
f 530/1273/233 602/1279/233 601/1274/23
f 537/1276/15 609/1280/15 608/1277/241
f 534/1218/14 606/1217/14 605/1270/22
f 531/1261/19 603/1260/19 602/1279/233
f 538/1264/236 610/1263/236 609/1280/15
f 901/1281/14 900/1316/20 913/1282/20
f 900/1284/20 903/1285/241 914/521/241
f 903/1285/241 904/1287/15 915/1286/15
f 904/1287/15 905/1317/236 916/1288/236
f 916/1288/236 905/1317/236 906/1289/21
f 906/1289/21 907/1292/16 918/1291/16
f 907/1292/16 908/1294/23 919/1293/23
f 908/1294/23 909/1296/233 920/1295/233
f 909/1296/233 910/1298/19 921/1297/19
f 910/1298/19 911/1302/240 922/1299/240
f 903/1285/1 900/1284/1 901/1318/1
f 901/1318/1 912/1319/1 911/1300/1
f 911/1300/1 910/1320/1 909/1321/1
f 909/1321/1 908/1322/1 907/1301/1
f 907/1301/1 906/1323/1 905/1324/1
f 905/1324/1 904/1325/1 903/1285/1
f 903/1285/1 901/1318/1 911/1300/1
f 911/1300/1 909/1321/1 907/1301/1
f 907/1301/1 905/1324/1 903/1285/1
f 911/1302/240 912/1304/22 923/1303/22
f 912/1304/22 901/1281/14 902/1283/14
usemtl SpacialRoverExplorerwheels
f 987/1326/1 495/1327/317 465/1328/318
f 986/1329/1 494/1330/319 495/1327/317
f 985/1331/1 493/1332/320 494/1330/319
f 984/1333/1 492/1334/321 493/1332/320
f 983/1335/1 491/1336/322 492/1334/321
f 982/1337/1 490/1338/323 491/1336/322
f 981/1339/1 489/1340/324 490/1338/323
f 980/1341/1 488/1342/324 489/1340/324
f 979/1343/1 487/1344/325 488/1342/324
f 978/1345/1 486/1346/325 487/1344/325
f 977/1347/1 485/1348/326 486/1346/325
f 976/1349/1 484/1350/327 485/1348/326
f 975/1351/1 483/1352/328 484/1353/327
f 973/1354/1 483/1352/328 974/1355/1
f 972/1356/1 482/1357/328 973/1354/1
f 971/1358/1 481/1359/778 972/1356/1
f 970/1360/1 480/1361/329 971/1358/1
f 969/1362/1 479/1363/779 970/1360/1
f 968/1364/1 478/1365/330 969/1362/1
f 967/1366/1 477/1367/331 968/1364/1
f 966/1368/1 476/1369/331 967/1366/1
f 965/1370/1 475/1371/332 966/1368/1
f 964/1372/1 474/1373/333 965/1370/1
f 963/1374/1 473/1375/334 964/1372/1
f 962/1376/1 472/1377/335 963/1374/1
f 961/1378/1 471/1379/336 962/1376/1
f 960/1380/1 470/1381/337 961/1378/1
f 959/1382/1 469/1383/338 960/1380/1
f 958/1384/1 468/1385/338 959/1386/1
f 958/1384/1 466/1387/339 467/1388/780
f 957/1389/1 464/1390/318 466/1387/339
f 956/1391/1 465/1328/318 464/1390/318
f 925/1392/17 518/1393/340 924/1394/17
f 926/1395/17 506/1396/341 505/1397/342
f 928/1398/17 519/1399/340 925/1392/17
f 927/1400/17 507/1401/343 506/1396/341
f 930/1402/17 520/1403/344 928/1398/17
f 929/1404/17 508/1405/781 507/1401/343
f 932/1406/17 521/1407/344 930/1402/17
f 931/1408/17 509/1409/345 508/1405/781
f 934/1410/17 522/1411/346 932/1406/17
f 933/1412/17 510/1413/347 509/1409/345
f 937/1414/17 496/1415/348 936/1416/17
f 938/1417/17 523/1418/349 934/1410/17
f 935/1419/17 511/1420/347 510/1413/347
f 940/1421/17 497/1422/348 937/1414/17
f 941/1423/17 524/1424/350 938/1417/17
f 942/1425/17 511/1420/347 939/1426/17
f 943/1427/17 498/1428/351 940/1421/17
f 944/1429/17 525/1430/352 941/1423/17
f 945/1431/17 512/1432/353 942/1425/17
f 946/1433/17 499/1434/351 943/1427/17
f 947/1435/17 526/1436/354 944/1429/17
f 948/1437/17 513/1438/355 945/1431/17
f 946/1439/17 501/1440/356 500/1441/356
f 936/1416/17 527/1442/357 947/1435/17
f 950/1443/17 514/1444/358 948/1437/17
f 949/1445/17 502/1446/359 501/1440/356
f 952/1447/17 515/1448/358 950/1443/17
f 951/1449/17 503/1450/360 502/1446/359
f 954/1451/17 516/1452/361 952/1453/17
f 953/1454/17 504/1455/362 503/1450/360
f 924/1394/17 517/1456/361 954/1451/17
f 955/1457/17 505/1397/342 504/1455/362
f 613/1458/363 522/1411/364 615/1459/365
f 617/1460/366 526/1436/367 619/1461/368
f 619/1461/369 811/1462/370 618/1463/782
f 623/1464/371 524/1424/372 621/1465/373
f 670/1466/374 713/1467/375 837/1468/376
f 618/1463/782 712/1469/377 494/1330/378
f 485/1348/326 722/1470/379 723/1471/379
f 669/1472/380 836/1473/381 804/1474/380
f 526/1436/354 774/1475/382 775/1476/382
f 637/1477/383 516/1478/384 631/1479/385
f 633/1480/386 518/1393/387 627/1481/388
f 629/1482/389 520/1403/390 625/1483/391
f 617/1460/392 810/1484/393 778/1485/783
f 668/1486/381 741/1487/784 836/1473/381
f 511/1420/395 639/1488/396 645/1489/397
f 513/1438/398 635/1490/399 641/1491/400
f 616/1492/401 715/1493/785 810/1484/393
f 487/1344/325 720/1494/402 721/1495/402
f 507/1401/403 647/1496/404 653/1497/405
f 509/1409/406 643/1498/407 649/1499/408
f 667/1500/409 835/1501/410 666/1502/411
f 524/1424/350 772/1503/412 773/1504/412
f 615/1459/413 809/1505/414 614/1506/415
f 666/1502/411 740/1507/416 466/1387/786
f 499/1434/417 663/1508/418 669/1472/419
f 501/1440/420 659/1509/421 665/1510/422
f 503/1450/423 655/1511/424 661/1512/425
f 505/1397/426 651/1513/427 657/1514/428
f 671/1515/429 496/1415/430 673/1516/431
f 614/1506/415 716/1517/432 490/1338/433
f 675/1518/434 498/1428/435 667/1500/436
f 489/1340/324 718/1519/437 719/1520/437
f 665/1510/438 834/1521/439 802/1522/440
f 522/1411/346 770/1523/441 771/1524/441
f 464/1390/442 666/1502/443 466/1387/442
f 674/1525/444 667/1500/436 666/1502/443
f 613/1458/446 808/1526/445 776/1527/446
f 664/1528/447 739/1529/448 834/1521/439
f 495/1327/449 672/1530/450 465/1328/449
f 670/1466/451 673/1516/431 672/1530/450
f 656/1531/787 474/1373/452 473/1375/452
f 657/1514/428 650/1532/453 656/1531/787
f 660/1533/454 472/1377/455 471/1379/455
f 661/1512/425 654/1534/456 660/1533/454
f 664/1528/457 470/1381/458 469/1383/458
f 665/1510/422 658/1535/459 664/1528/457
f 668/1486/460 468/1385/461 467/1388/461
f 669/1472/419 662/1536/462 668/1486/460
f 612/1537/788 719/1520/789 808/1526/445
f 491/1336/322 716/1517/463 717/1538/463
f 663/1539/790 833/1540/464 662/1541/465
f 520/1403/344 768/1542/466 769/1543/466
f 675/1518/642 744/1544/791 497/1422/467
f 662/1541/465 738/1545/468 468/1546/469
f 673/1516/470 745/1547/471 806/1548/470
f 493/1332/320 714/1549/472 715/1493/472
f 648/1550/473 478/1365/474 477/1367/474
f 649/1499/408 642/1551/475 648/1550/473
f 652/1552/476 476/1369/477 475/1371/477
f 653/1497/405 646/1553/478 652/1552/476
f 661/1512/479 832/1554/480 800/1555/792
f 518/1393/340 766/1556/481 767/1557/481
f 671/1515/482 774/1475/483 527/1442/484
f 660/1533/485 737/1558/793 832/1554/480
f 640/1559/486 482/1357/487 481/1359/487
f 641/1491/400 634/1560/488 640/1559/486
f 644/1561/489 480/1361/490 479/1363/490
f 645/1489/397 638/1562/491 644/1561/489
f 669/1472/380 746/1563/492 499/1434/492
f 495/1327/317 712/1469/493 713/1467/493
f 659/1509/494 831/1564/495 658/1535/496
f 516/1452/361 764/1565/497 765/1566/497
f 487/1344/498 624/1567/499 488/1342/498
f 628/1568/500 625/1483/391 624/1567/499
f 485/1348/501 626/1569/502 486/1346/501
f 632/1570/503 627/1481/388 626/1569/502
f 483/1352/504 630/1571/505 484/1353/504
f 636/1572/506 631/1479/385 630/1571/505
f 667/1500/409 747/1573/507 803/1574/409
f 658/1535/496 736/1575/508 470/1381/509
f 665/1510/438 748/1576/510 501/1440/511
f 657/1514/512 830/1577/513 798/1578/514
f 514/1444/358 762/1579/515 763/1580/515
f 663/1539/790 749/1581/516 801/1582/517
f 656/1531/518 735/1583/519 830/1577/513
f 661/1512/479 750/1584/520 503/1450/521
f 655/1511/522 829/1585/523 654/1534/524
f 513/1438/355 761/1586/525 512/1432/353
f 491/1336/526 620/1587/527 492/1334/526
f 622/1588/794 621/1465/373 620/1587/527
f 659/1509/494 751/1589/795 799/1590/494
f 654/1534/524 734/1591/528 472/1377/529
f 493/1332/530 618/1463/531 494/1330/530
f 616/1492/532 619/1461/368 618/1463/531
f 489/1340/796 614/1506/533 490/1338/796
f 612/1537/534 615/1459/365 614/1506/533
f 780/1592/535 772/1503/536 778/1485/537
f 777/1593/538 770/1523/539 781/1594/540
f 782/1595/541 768/1542/542 776/1527/543
f 783/1596/544 766/1556/545 784/1597/546
f 785/1598/547 764/1565/548 786/1599/549
f 787/1600/550 762/1579/551 788/1601/550
f 761/1586/552 790/1602/553 789/1603/554
f 759/1604/555 792/1605/556 791/1606/557
f 757/1607/558 794/1608/559 793/1609/560
f 755/1610/561 796/1611/562 795/1612/563
f 753/1613/564 798/1578/565 797/1614/566
f 751/1589/567 800/1555/568 799/1590/569
f 749/1581/570 802/1522/571 801/1582/572
f 747/1573/573 804/1474/574 803/1574/574
f 806/1548/575 744/1544/576 807/1615/577
f 779/1616/578 774/1475/579 805/1617/580
f 712/1469/581 837/1468/582 713/1467/581
f 811/1462/583 805/1617/580 837/1468/582
f 742/1618/584 839/1619/585 743/1620/584
f 838/1621/586 807/1615/577 839/1619/585
f 835/1501/587 741/1487/588 740/1507/588
f 803/1574/574 836/1473/587 835/1501/587
f 833/1540/589 739/1529/590 738/1545/590
f 801/1582/572 834/1521/591 833/1540/589
f 831/1564/592 737/1558/593 736/1575/593
f 799/1590/569 832/1554/594 831/1564/592
f 829/1585/595 735/1583/596 734/1591/596
f 797/1614/566 830/1577/597 829/1585/595
f 827/1622/598 733/1623/599 732/1624/599
f 795/1612/563 828/1625/600 827/1622/598
f 825/1626/601 731/1627/602 730/1628/602
f 793/1609/560 826/1629/603 825/1626/601
f 823/1630/604 729/1631/605 728/1632/605
f 791/1606/557 824/1633/606 823/1630/604
f 821/1634/607 727/1635/608 726/1636/608
f 789/1603/554 822/1637/609 821/1634/607
f 724/1638/610 820/1639/611 725/1640/610
f 787/1600/550 820/1639/611 819/1641/611
f 722/1470/612 818/1642/613 723/1471/612
f 817/1643/614 786/1599/549 818/1642/613
f 720/1494/615 816/1644/616 721/1495/615
f 815/1645/617 784/1597/546 816/1644/616
f 718/1519/618 808/1526/619 719/1520/618
f 814/1646/620 776/1527/543 808/1526/619
f 716/1517/797 813/1647/622 717/1538/621
f 809/1505/798 781/1594/540 813/1647/622
f 714/1549/623 810/1484/624 715/1493/623
f 812/1648/625 778/1485/537 810/1484/624
f 671/1515/482 837/1468/376 805/1617/482
f 482/1357/328 725/1640/765 483/1352/328
f 620/1587/627 714/1549/628 492/1334/629
f 672/1530/630 742/1618/631 465/1328/632
f 621/1465/633 812/1648/634 620/1587/627
f 673/1516/470 838/1621/635 672/1530/630
f 480/1361/329 727/1635/636 481/1359/778
f 622/1588/799 717/1538/637 813/1647/638
f 674/1525/639 743/1620/640 839/1619/639
f 623/1464/641 813/1647/638 781/1594/641
f 675/1518/642 839/1619/639 807/1615/800
f 478/1365/330 729/1631/643 479/1363/779
f 624/1567/644 718/1519/645 488/1342/646
f 625/1483/647 814/1646/648 624/1567/644
f 476/1369/331 731/1627/649 477/1367/331
f 626/1569/801 720/1494/650 486/1346/651
f 627/1481/652 815/1645/653 626/1569/801
f 474/1373/333 733/1623/654 475/1371/332
f 628/1568/655 721/1495/656 816/1644/657
f 629/1482/658 816/1644/657 784/1597/659
f 472/1377/335 735/1583/660 473/1375/334
f 630/1649/661 722/1470/662 484/1350/663
f 631/1650/664 817/1643/665 630/1649/661
f 613/1458/446 768/1542/802 521/1407/666
f 470/1381/337 737/1558/667 471/1379/336
f 632/1570/668 723/1471/803 818/1642/669
f 615/1459/413 771/1524/670 777/1593/671
f 633/1480/672 818/1642/669 786/1599/673
f 617/1460/392 772/1503/674 525/1430/675
f 468/1546/338 739/1529/676 469/1383/338
f 634/1560/677 724/1638/678 482/1357/678
f 619/1461/369 775/1476/679 779/1616/680
f 635/1490/804 819/1641/677 634/1560/677
f 621/1465/633 773/1504/682 780/1592/683
f 467/1388/780 740/1507/684 741/1487/685
f 636/1572/686 725/1640/687 820/1639/686
f 623/1464/641 770/1523/688 523/1418/805
f 637/1477/689 820/1639/686 788/1601/689
f 625/1483/647 769/1543/690 782/1595/647
f 464/1390/318 742/1618/806 743/1620/691
f 638/1562/692 726/1636/693 480/1361/694
f 627/1481/652 767/1557/695 783/1596/696
f 496/1415/348 744/1544/697 745/1547/697
f 639/1488/807 821/1634/699 638/1562/692
f 629/1482/658 766/1556/808 519/1399/700
f 640/1559/701 727/1635/809 822/1637/703
f 631/1650/664 765/1566/704 785/1598/705
f 499/1434/351 747/1573/706 498/1428/351
f 641/1491/707 822/1637/703 790/1602/708
f 633/1480/672 764/1565/709 517/1456/710
f 642/1551/711 728/1632/712 478/1365/713
f 635/1490/804 763/1580/714 787/1600/681
f 501/1440/356 749/1581/715 500/1441/356
f 643/1498/716 823/1630/810 642/1551/711
f 637/1477/689 762/1579/717 515/1448/718
f 644/1561/719 729/1631/720 824/1633/721
f 639/1488/807 761/1586/722 789/1603/698
f 503/1450/360 751/1589/723 502/1446/359
f 645/1489/724 824/1633/721 792/1605/724
f 641/1491/707 760/1651/725 513/1438/726
f 646/1553/727 730/1628/811 476/1369/728
f 643/1498/716 759/1604/729 791/1606/716
f 505/1397/342 753/1613/730 504/1455/362
f 647/1496/731 825/1626/732 646/1553/727
f 645/1489/724 758/1652/733 511/1420/734
f 648/1550/735 731/1627/812 826/1629/813
f 647/1496/731 757/1607/814 793/1609/736
f 507/1401/343 755/1610/737 506/1396/341
f 649/1499/738 826/1629/813 794/1608/739
f 649/1499/738 756/1653/740 509/1409/815
f 650/1532/741 732/1624/816 474/1373/742
f 651/1513/743 755/1610/744 795/1612/817
f 509/1409/345 757/1607/818 508/1405/781
f 651/1513/743 827/1622/746 650/1532/741
f 653/1497/747 754/1654/748 507/1401/819
f 652/1552/749 733/1623/750 828/1625/751
f 655/1511/522 753/1613/752 797/1614/522
f 511/1420/347 759/1604/753 510/1413/347
f 653/1497/747 828/1625/751 796/1611/754
f 657/1514/512 752/1655/755 505/1397/756
f 987/1326/1 986/1329/1 495/1327/317
f 986/1329/1 985/1331/1 494/1330/319
f 985/1331/1 984/1333/1 493/1332/320
f 984/1333/1 983/1335/1 492/1334/321
f 983/1335/1 982/1337/1 491/1336/322
f 982/1337/1 981/1339/1 490/1338/323
f 981/1339/1 980/1341/1 489/1340/324
f 980/1341/1 979/1343/1 488/1342/324
f 979/1343/1 978/1345/1 487/1344/325
f 978/1345/1 977/1347/1 486/1346/325
f 977/1347/1 976/1349/1 485/1348/326
f 976/1349/1 975/1656/1 484/1350/327
f 975/1351/1 974/1355/1 483/1352/328
f 973/1354/1 482/1357/328 483/1352/328
f 972/1356/1 481/1359/778 482/1357/328
f 971/1358/1 480/1361/329 481/1359/778
f 970/1360/1 479/1363/779 480/1361/329
f 969/1362/1 478/1365/330 479/1363/779
f 968/1364/1 477/1367/331 478/1365/330
f 967/1366/1 476/1369/331 477/1367/331
f 966/1368/1 475/1371/332 476/1369/331
f 965/1370/1 474/1373/333 475/1371/332
f 964/1372/1 473/1375/334 474/1373/333
f 963/1374/1 472/1377/335 473/1375/334
f 962/1376/1 471/1379/336 472/1377/335
f 961/1378/1 470/1381/337 471/1379/336
f 960/1380/1 469/1383/338 470/1381/337
f 959/1382/1 468/1546/338 469/1383/338
f 958/1384/1 467/1388/780 468/1385/338
f 958/1384/1 957/1389/1 466/1387/339
f 957/1389/1 956/1391/1 464/1390/318
f 956/1391/1 987/1326/1 465/1328/318
f 925/1392/17 519/1399/340 518/1393/340
f 926/1395/17 927/1400/17 506/1396/341
f 928/1398/17 520/1403/344 519/1399/340
f 927/1400/17 929/1404/17 507/1401/343
f 930/1402/17 521/1407/344 520/1403/344
f 929/1404/17 931/1408/17 508/1405/781
f 932/1406/17 522/1411/346 521/1407/344
f 931/1408/17 933/1412/17 509/1409/345
f 934/1410/17 523/1418/349 522/1411/346
f 933/1412/17 935/1419/17 510/1413/347
f 937/1414/17 497/1422/348 496/1415/348
f 938/1417/17 524/1424/350 523/1418/349
f 935/1419/17 939/1426/17 511/1420/347
f 940/1421/17 498/1428/351 497/1422/348
f 941/1423/17 525/1430/352 524/1424/350
f 942/1425/17 512/1432/353 511/1420/347
f 943/1427/17 499/1434/351 498/1428/351
f 944/1429/17 526/1436/354 525/1430/352
f 945/1431/17 513/1438/355 512/1432/353
f 946/1433/17 500/1657/356 499/1434/351
f 947/1435/17 527/1442/357 526/1436/354
f 948/1437/17 514/1444/358 513/1438/355
f 946/1439/17 949/1445/17 501/1440/356
f 936/1416/17 496/1415/348 527/1442/357
f 950/1443/17 515/1448/358 514/1444/358
f 949/1445/17 951/1449/17 502/1446/359
f 952/1447/17 516/1478/361 515/1448/358
f 951/1449/17 953/1454/17 503/1450/360
f 954/1451/17 517/1456/361 516/1452/361
f 953/1454/17 955/1457/17 504/1455/362
f 924/1394/17 518/1393/340 517/1456/361
f 955/1457/17 926/1395/17 505/1397/342
f 613/1458/363 521/1407/364 522/1411/364
f 617/1460/366 525/1430/367 526/1436/367
f 619/1461/369 779/1616/680 811/1462/370
f 623/1464/371 523/1418/372 524/1424/372
f 670/1466/374 495/1327/757 713/1467/375
f 618/1463/782 811/1462/370 712/1469/377
f 485/1348/326 484/1350/327 722/1470/379
f 669/1472/380 668/1486/381 836/1473/381
f 526/1436/354 527/1442/357 774/1475/382
f 637/1477/383 515/1448/384 516/1478/384
f 633/1480/386 517/1456/387 518/1393/387
f 629/1482/389 519/1399/390 520/1403/390
f 617/1460/392 616/1492/401 810/1484/393
f 668/1486/381 467/1388/394 741/1487/784
f 511/1420/395 512/1432/395 639/1488/396
f 513/1438/398 514/1444/398 635/1490/399
f 616/1492/401 493/1332/758 715/1493/785
f 487/1344/325 486/1346/325 720/1494/402
f 507/1401/403 508/1405/403 647/1496/404
f 509/1409/406 510/1413/406 643/1498/407
f 667/1500/409 803/1574/409 835/1501/410
f 524/1424/350 525/1430/352 772/1503/412
f 615/1459/413 777/1593/671 809/1505/414
f 666/1502/411 835/1501/410 740/1507/416
f 499/1434/417 500/1657/417 663/1508/418
f 501/1440/420 502/1446/420 659/1509/421
f 503/1450/423 504/1455/423 655/1511/424
f 505/1397/426 506/1396/426 651/1513/427
f 671/1515/429 527/1442/430 496/1415/430
f 614/1506/415 809/1505/414 716/1517/432
f 675/1518/434 497/1422/435 498/1428/435
f 489/1340/324 488/1342/324 718/1519/437
f 665/1510/438 664/1528/447 834/1521/439
f 522/1411/346 523/1418/349 770/1523/441
f 464/1390/442 674/1525/444 666/1502/443
f 674/1525/444 675/1518/434 667/1500/436
f 613/1458/446 612/1537/788 808/1526/445
f 664/1528/447 469/1383/820 739/1529/448
f 495/1327/449 670/1466/451 672/1530/450
f 670/1466/451 671/1515/429 673/1516/431
f 656/1531/787 650/1532/453 474/1373/452
f 657/1514/428 651/1513/427 650/1532/453
f 660/1533/454 654/1534/456 472/1377/455
f 661/1512/425 655/1511/424 654/1534/456
f 664/1528/457 658/1535/459 470/1381/458
f 665/1510/422 659/1509/421 658/1535/459
f 668/1486/460 662/1536/462 468/1385/461
f 669/1472/419 663/1508/418 662/1536/462
f 612/1537/788 489/1340/759 719/1520/789
f 491/1336/322 490/1338/323 716/1517/463
f 663/1539/790 801/1582/517 833/1540/464
f 520/1403/344 521/1407/344 768/1542/466
f 675/1518/642 807/1615/800 744/1544/791
f 662/1541/465 833/1540/464 738/1545/468
f 673/1516/470 496/1415/821 745/1547/471
f 493/1332/320 492/1334/321 714/1549/472
f 648/1550/473 642/1551/475 478/1365/474
f 649/1499/408 643/1498/407 642/1551/475
f 652/1552/476 646/1553/478 476/1369/477
f 653/1497/405 647/1496/404 646/1553/478
f 661/1512/479 660/1533/485 832/1554/480
f 518/1393/340 519/1399/340 766/1556/481
f 671/1515/482 805/1617/482 774/1475/483
f 660/1533/485 471/1379/760 737/1558/793
f 640/1559/486 634/1560/488 482/1357/487
f 641/1491/400 635/1490/399 634/1560/488
f 644/1561/489 638/1562/491 480/1361/490
f 645/1489/397 639/1488/396 638/1562/491
f 669/1472/380 804/1474/380 746/1563/492
f 495/1327/317 494/1330/319 712/1469/493
f 659/1509/494 799/1590/494 831/1564/495
f 516/1452/361 517/1456/361 764/1565/497
f 487/1344/498 628/1568/500 624/1567/499
f 628/1568/500 629/1482/389 625/1483/391
f 485/1348/501 632/1570/503 626/1569/502
f 632/1570/503 633/1480/386 627/1481/388
f 483/1352/504 636/1572/506 630/1571/505
f 636/1572/506 637/1477/383 631/1479/385
f 667/1500/409 498/1428/761 747/1573/507
f 658/1535/496 831/1564/495 736/1575/508
f 665/1510/438 802/1522/440 748/1576/510
f 657/1514/512 656/1531/518 830/1577/513
f 514/1444/358 515/1448/358 762/1579/515
f 663/1539/790 500/1441/762 749/1581/516
f 656/1531/518 473/1375/763 735/1583/519
f 661/1512/479 800/1555/792 750/1584/520
f 655/1511/522 797/1614/522 829/1585/523
f 513/1438/355 760/1651/525 761/1586/525
f 491/1336/526 622/1588/794 620/1587/527
f 622/1588/794 623/1464/371 621/1465/373
f 659/1509/494 502/1446/764 751/1589/795
f 654/1534/524 829/1585/523 734/1591/528
f 493/1332/530 616/1492/532 618/1463/531
f 616/1492/532 617/1460/366 619/1461/368
f 489/1340/796 612/1537/534 614/1506/533
f 612/1537/534 613/1458/363 615/1459/365
f 780/1592/535 773/1504/536 772/1503/536
f 777/1593/538 771/1524/539 770/1523/539
f 782/1595/541 769/1543/542 768/1542/542
f 783/1596/544 767/1557/545 766/1556/545
f 785/1598/547 765/1566/548 764/1565/548
f 787/1600/550 763/1580/551 762/1579/551
f 761/1586/552 760/1651/552 790/1602/553
f 759/1604/555 758/1652/555 792/1605/556
f 757/1607/558 756/1653/558 794/1608/559
f 755/1610/561 754/1654/561 796/1611/562
f 753/1613/564 752/1655/564 798/1578/565
f 751/1589/567 750/1584/567 800/1555/568
f 749/1581/570 748/1576/570 802/1522/571
f 747/1573/573 746/1563/573 804/1474/574
f 806/1548/575 745/1547/576 744/1544/576
f 779/1616/578 775/1476/579 774/1475/579
f 712/1469/581 811/1462/583 837/1468/582
f 811/1462/583 779/1616/578 805/1617/580
f 742/1618/584 838/1621/586 839/1619/585
f 838/1621/586 806/1548/575 807/1615/577
f 835/1501/587 836/1473/587 741/1487/588
f 803/1574/574 804/1474/574 836/1473/587
f 833/1540/589 834/1521/591 739/1529/590
f 801/1582/572 802/1522/571 834/1521/591
f 831/1564/592 832/1554/594 737/1558/593
f 799/1590/569 800/1555/568 832/1554/594
f 829/1585/595 830/1577/597 735/1583/596
f 797/1614/566 798/1578/565 830/1577/597
f 827/1622/598 828/1625/600 733/1623/599
f 795/1612/563 796/1611/562 828/1625/600
f 825/1626/601 826/1629/603 731/1627/602
f 793/1609/560 794/1608/559 826/1629/603
f 823/1630/604 824/1633/606 729/1631/605
f 791/1606/557 792/1605/556 824/1633/606
f 821/1634/607 822/1637/609 727/1635/608
f 789/1603/554 790/1602/553 822/1637/609
f 724/1638/610 819/1641/611 820/1639/611
f 787/1600/550 788/1601/550 820/1639/611
f 722/1470/612 817/1643/614 818/1642/613
f 817/1643/614 785/1598/547 786/1599/549
f 720/1494/615 815/1645/617 816/1644/616
f 815/1645/617 783/1596/544 784/1597/546
f 718/1519/618 814/1646/620 808/1526/619
f 814/1646/620 782/1595/541 776/1527/543
f 716/1517/797 809/1505/798 813/1647/622
f 809/1505/798 777/1593/538 781/1594/540
f 714/1549/623 812/1648/625 810/1484/624
f 812/1648/625 780/1592/535 778/1485/537
f 671/1515/482 670/1466/374 837/1468/376
f 482/1357/328 724/1638/626 725/1640/765
f 620/1587/627 812/1648/634 714/1549/628
f 672/1530/630 838/1621/635 742/1618/631
f 621/1465/633 780/1592/683 812/1648/634
f 673/1516/470 806/1548/470 838/1621/635
f 480/1361/329 726/1636/636 727/1635/636
f 622/1588/799 491/1336/822 717/1538/637
f 674/1525/639 464/1390/766 743/1620/640
f 623/1464/641 622/1588/799 813/1647/638
f 675/1518/642 674/1525/639 839/1619/639
f 478/1365/330 728/1632/643 729/1631/643
f 624/1567/644 814/1646/648 718/1519/645
f 625/1483/647 782/1595/647 814/1646/648
f 476/1369/331 730/1628/649 731/1627/649
f 626/1569/801 815/1645/653 720/1494/650
f 627/1481/652 783/1596/696 815/1645/653
f 474/1373/333 732/1624/654 733/1623/654
f 628/1568/655 487/1344/767 721/1495/656
f 629/1482/658 628/1568/655 816/1644/657
f 472/1377/335 734/1591/660 735/1583/660
f 630/1649/661 817/1643/665 722/1470/662
f 631/1650/664 785/1598/705 817/1643/665
f 613/1458/446 776/1527/446 768/1542/802
f 470/1381/337 736/1575/667 737/1558/667
f 632/1570/668 485/1348/768 723/1471/803
f 615/1459/413 522/1411/823 771/1524/670
f 633/1480/672 632/1570/668 818/1642/669
f 617/1460/392 778/1485/783 772/1503/674
f 468/1546/338 738/1545/676 739/1529/676
f 634/1560/677 819/1641/677 724/1638/678
f 619/1461/369 526/1436/769 775/1476/679
f 635/1490/804 787/1600/681 819/1641/677
f 621/1465/633 524/1424/824 773/1504/682
f 467/1388/780 466/1387/339 740/1507/684
f 636/1572/686 483/1352/687 725/1640/687
f 623/1464/641 781/1594/641 770/1523/688
f 637/1477/689 636/1572/686 820/1639/686
f 625/1483/647 520/1403/770 769/1543/690
f 464/1390/318 465/1328/318 742/1618/806
f 638/1562/692 821/1634/699 726/1636/693
f 627/1481/652 518/1393/771 767/1557/695
f 496/1415/348 497/1422/348 744/1544/697
f 639/1488/807 789/1603/698 821/1634/699
f 629/1482/658 784/1597/659 766/1556/808
f 640/1559/701 481/1359/702 727/1635/809
f 631/1650/664 516/1452/772 765/1566/704
f 499/1434/351 746/1563/825 747/1573/706
f 641/1491/707 640/1559/701 822/1637/703
f 633/1480/672 786/1599/673 764/1565/709
f 642/1551/711 823/1630/810 728/1632/712
f 635/1490/804 514/1444/714 763/1580/714
f 501/1440/356 748/1576/715 749/1581/715
f 643/1498/716 791/1606/716 823/1630/810
f 637/1477/689 788/1601/689 762/1579/717
f 644/1561/719 479/1363/826 729/1631/720
f 639/1488/807 512/1432/827 761/1586/722
f 503/1450/360 750/1584/723 751/1589/723
f 645/1489/724 644/1561/719 824/1633/721
f 641/1491/707 790/1602/708 760/1651/725
f 646/1553/727 825/1626/732 730/1628/811
f 643/1498/716 510/1413/773 759/1604/729
f 505/1397/342 752/1655/730 753/1613/730
f 647/1496/731 793/1609/736 825/1626/732
f 645/1489/724 792/1605/724 758/1652/733
f 648/1550/735 477/1367/774 731/1627/812
f 647/1496/731 508/1405/828 757/1607/814
f 507/1401/343 754/1654/737 755/1610/737
f 649/1499/738 648/1550/735 826/1629/813
f 649/1499/738 794/1608/739 756/1653/740
f 650/1532/741 827/1622/746 732/1624/816
f 651/1513/743 506/1396/775 755/1610/744
f 509/1409/345 756/1653/745 757/1607/818
f 651/1513/743 795/1612/817 827/1622/746
f 653/1497/747 796/1611/754 754/1654/748
f 652/1552/749 475/1371/776 733/1623/750
f 655/1511/522 504/1455/777 753/1613/752
f 511/1420/347 758/1652/753 759/1604/753
f 653/1497/747 652/1552/749 828/1625/751
f 657/1514/512 798/1578/514 752/1655/755
